No,RegionCode,RegionName,Sport,Match_Details
1,al,"Alabama",Volleyball,"There are 60 matches for Alabama volleyball on Sat, 9/5/2026. The featured matches are by Alabama top ranked teams #1 McGill-Toolen (Mobile, AL) vs. Clearwater Central Catholic (Clearwater, FL), Blessed Trinity (Roswell, GA) @ #1 McGill-Toolen (Mobile, AL), and Shades Valley (Birmingham, AL) vs. #2 Spanish Fort (AL). The first match, Hanceville (AL) @ Brindlee Mountain (Guntersville, AL), starts at 8a. Related Content Alabama Girls Volleyball Stat LeadersAlabama Girls Volleyball PlayoffsAlabama Girls Volleyball Rankings Recent Alabama Girls Volleyball HeadlinesMaxPreps/AVCA Players of the WeekVOLLEYBALL: Preseason top 100 Alabama High School Volleyball Schedule 60 Matches 1-4 Baldwin County 4-3 Blountstown 8:30a 0-7 Hanceville 5-7 Brindlee Mountain 8a console.log('MaxPrepsAds - createMark: Element Defined - leaderboard-banner-inc1');performance && performance.mark && performance.mark('MaxPrepsAds - Element Defined: leaderboard-banner-inc1'); 6-3 (#12) Thompson 3-2 Enterprise 8a 7-9 Pelham 9-1 (#5) Briarwood Christian 8a 10-3 (#18) Buckhorn 10-3 (#4) Jasper 8a 8-3 (#20) Mountain Brook 9-4 Collierville 8:30a 2-4 Elberta 10-7 Tupelo 8:30a 4-4 Pensacola 8-4 Pleasant Valley 8:30a 12-2 Deshler 14-8 Mount Paran Christian 9:30a 3-3 Booker T. Washington 4-5 Hillcrest 8:30a 2-4 Sylacauga 9-2 (#9) Bob Jones 8:30a 3-4 Gardendale 10-10 James Clemens 8:30a 11-6 St. John Paul II 12-3 St. Pius X Catholic 10a 4-1 Springville 7-7 Donoho 9a 4-6 Colbert Heights 5-4 Haleyville 9a 4-3 Westbrook Christian 10-4 Cherokee County 9a 4-1 Fyffe 1-9 Scottsboro 9a 10-3 (#18) Buckhorn 7-9 Pelham 9a 10-3 (#4) Jasper 9-1 (#5) Briarwood Christian 9a 3-2 Enterprise 10-10 James Clemens 9:30a 8-4 Lindsay Lane Christian Academy 14-5 Ocean Springs 9:30a 3-7 Gulf Shores 9-6 Fort Payne 9:30a 2-7 Shades Valley 13-1 (#2) Spanish Fort 9:39a 0-6 Brewer 7-7 Donoho 10a 10-3 (#4) Jasper 7-9 Pelham 10a 10-4 Cherokee County 15-5 Geraldine 10a 6-4 Jacksonville 3-11 Douglas 10a 6-7 Curry 5-4 Haleyville 10a 15-1 (#1) McGill-Toolen 3-2 Clearwater Central Catholic 11a 4-1 Fyffe 7-7 Albertville 10a 1-7 Asbury 5-7 Brindlee Mountain 10a 11-3 Ezekiel Academy 1-8 Guardian Christian Athletics 10:30a 2-3 Walker Valley 9-2 (#9) Bob Jones 10:30a 0-6 Brewer 3-11 Kate Duncan Smith DAR 11a 3-11 Douglas 4-3 Westbrook Christian 11a 2-7 Cleveland 5-7 Brindlee Mountain 11a 6-1 Tuscaloosa Academy 10-10 James Clemens 11:30a 5-0 Pensacola Catholic 11-6 St. John Paul II 12p 4-5 Lynn 2-7 Sumiton Christian 12p V Varsity Opponent 7-7 Donoho 12p 4-1 Springville 3-11 Kate Duncan Smith DAR 12p 0-2 St. Bernard Prep 5-7 Brindlee Mountain 12p 10-5 Alexandria 14-8 Mount Paran Christian 1:30p 3-5 Montevallo 10-10 James Clemens 12:30p 8-3 Cullman 9-2 Woodward Academy 1:30p 22-2 Blessed Trinity 15-1 (#1) McGill-Toolen 1p 1-9 Scottsboro 7-7 Albertville 1p 4-6 Colbert Heights 6-7 Curry 1p 3-11 Douglas 10-4 Cherokee County 1p 10-2 Nolensville 9-2 (#9) Bob Jones 1:30p 14-2 (#17) Prattville 9-4 Collierville 1:30p 0-0 Mt. Carmel 11-6 St. John Paul II 2p 6-4 Jacksonville 10-4 Cherokee County 2p 7-7 Donoho 3-11 Kate Duncan Smith DAR 2p 1-8 Sylvania 3-11 Kate Duncan Smith DAR 3p 6-4 Jacksonville 4-3 Westbrook Christian 3p 0-6 Brewer TBA 8-1 Evangel Christian TBA 4-7 New Hope TBA TBA 3-5 Montevallo"
2,al,"Alabama",Volleyball,"1-4 Baldwin County 4-3 Blountstown 8:30a"
3,al,"Alabama",Volleyball,"0-7 Hanceville 5-7 Brindlee Mountain 8a"
4,al,"Alabama",Volleyball,"6-3 (#12) Thompson 3-2 Enterprise 8a"
5,al,"Alabama",Volleyball,"7-9 Pelham 9-1 (#5) Briarwood Christian 8a"
6,al,"Alabama",Volleyball,"10-3 (#18) Buckhorn 10-3 (#4) Jasper 8a"
7,al,"Alabama",Volleyball,"8-3 (#20) Mountain Brook 9-4 Collierville 8:30a"
8,al,"Alabama",Volleyball,"2-4 Elberta 10-7 Tupelo 8:30a"
9,al,"Alabama",Volleyball,"4-4 Pensacola 8-4 Pleasant Valley 8:30a"
10,al,"Alabama",Volleyball,"12-2 Deshler 14-8 Mount Paran Christian 9:30a"
11,al,"Alabama",Volleyball,"3-3 Booker T. Washington 4-5 Hillcrest 8:30a"
12,al,"Alabama",Volleyball,"2-4 Sylacauga 9-2 (#9) Bob Jones 8:30a"
13,al,"Alabama",Volleyball,"3-4 Gardendale 10-10 James Clemens 8:30a"
14,al,"Alabama",Volleyball,"11-6 St. John Paul II 12-3 St. Pius X Catholic 10a"
15,al,"Alabama",Volleyball,"4-1 Springville 7-7 Donoho 9a"
16,al,"Alabama",Volleyball,"4-6 Colbert Heights 5-4 Haleyville 9a"
17,al,"Alabama",Volleyball,"4-3 Westbrook Christian 10-4 Cherokee County 9a"
18,al,"Alabama",Volleyball,"4-1 Fyffe 1-9 Scottsboro 9a"
19,al,"Alabama",Volleyball,"10-3 (#18) Buckhorn 7-9 Pelham 9a"
20,al,"Alabama",Volleyball,"10-3 (#4) Jasper 9-1 (#5) Briarwood Christian 9a"
21,al,"Alabama",Volleyball,"3-2 Enterprise 10-10 James Clemens 9:30a"
22,al,"Alabama",Volleyball,"8-4 Lindsay Lane Christian Academy 14-5 Ocean Springs 9:30a"
23,al,"Alabama",Volleyball,"3-7 Gulf Shores 9-6 Fort Payne 9:30a"
24,al,"Alabama",Volleyball,"2-7 Shades Valley 13-1 (#2) Spanish Fort 9:39a"
25,al,"Alabama",Volleyball,"0-6 Brewer 7-7 Donoho 10a"
26,al,"Alabama",Volleyball,"10-3 (#4) Jasper 7-9 Pelham 10a"
27,al,"Alabama",Volleyball,"10-4 Cherokee County 15-5 Geraldine 10a"
28,al,"Alabama",Volleyball,"6-4 Jacksonville 3-11 Douglas 10a"
29,al,"Alabama",Volleyball,"6-7 Curry 5-4 Haleyville 10a"
30,al,"Alabama",Volleyball,"15-1 (#1) McGill-Toolen 3-2 Clearwater Central Catholic 11a"
31,al,"Alabama",Volleyball,"4-1 Fyffe 7-7 Albertville 10a"
32,al,"Alabama",Volleyball,"1-7 Asbury 5-7 Brindlee Mountain 10a"
33,al,"Alabama",Volleyball,"11-3 Ezekiel Academy 1-8 Guardian Christian Athletics 10:30a"
34,al,"Alabama",Volleyball,"2-3 Walker Valley 9-2 (#9) Bob Jones 10:30a"
35,al,"Alabama",Volleyball,"0-6 Brewer 3-11 Kate Duncan Smith DAR 11a"
36,al,"Alabama",Volleyball,"3-11 Douglas 4-3 Westbrook Christian 11a"
37,al,"Alabama",Volleyball,"2-7 Cleveland 5-7 Brindlee Mountain 11a"
38,al,"Alabama",Volleyball,"6-1 Tuscaloosa Academy 10-10 James Clemens 11:30a"
39,al,"Alabama",Volleyball,"5-0 Pensacola Catholic 11-6 St. John Paul II 12p"
40,al,"Alabama",Volleyball,"4-5 Lynn 2-7 Sumiton Christian 12p"
41,al,"Alabama",Volleyball,"V Varsity Opponent 7-7 Donoho 12p"
42,al,"Alabama",Volleyball,"4-1 Springville 3-11 Kate Duncan Smith DAR 12p"
43,al,"Alabama",Volleyball,"0-2 St. Bernard Prep 5-7 Brindlee Mountain 12p"
44,al,"Alabama",Volleyball,"10-5 Alexandria 14-8 Mount Paran Christian 1:30p"
45,al,"Alabama",Volleyball,"3-5 Montevallo 10-10 James Clemens 12:30p"
46,al,"Alabama",Volleyball,"8-3 Cullman 9-2 Woodward Academy 1:30p"
47,al,"Alabama",Volleyball,"22-2 Blessed Trinity 15-1 (#1) McGill-Toolen 1p"
48,al,"Alabama",Volleyball,"1-9 Scottsboro 7-7 Albertville 1p"
49,al,"Alabama",Volleyball,"4-6 Colbert Heights 6-7 Curry 1p"
50,al,"Alabama",Volleyball,"3-11 Douglas 10-4 Cherokee County 1p"
51,al,"Alabama",Volleyball,"10-2 Nolensville 9-2 (#9) Bob Jones 1:30p"
52,al,"Alabama",Volleyball,"14-2 (#17) Prattville 9-4 Collierville 1:30p"
53,al,"Alabama",Volleyball,"0-0 Mt. Carmel 11-6 St. John Paul II 2p"
54,al,"Alabama",Volleyball,"6-4 Jacksonville 10-4 Cherokee County 2p"
55,al,"Alabama",Volleyball,"7-7 Donoho 3-11 Kate Duncan Smith DAR 2p"
56,al,"Alabama",Volleyball,"1-8 Sylvania 3-11 Kate Duncan Smith DAR 3p"
57,al,"Alabama",Volleyball,"6-4 Jacksonville 4-3 Westbrook Christian 3p"
58,al,"Alabama",Volleyball,"0-6 Brewer TBA"
59,al,"Alabama",Volleyball,"8-1 Evangel Christian TBA"
60,al,"Alabama",Volleyball,"4-7 New Hope TBA"
61,al,"Alabama",Volleyball,"TBA 3-5 Montevallo"
62,al,"Alabama",Volleyball,"Related ScoreboardsRegions 1A Area 11A Area 101A Area 111A Area 121A Area 131A Area 141A Area 151A Area 161A Area 21A Area 3 Associations Alabama High School Athletic Association Metros BirminghamColumbus-OpelikaDothanHuntsville-Decatur (Flor)MobileMontgomery"
63,al,"Alabama",Volleyball,"Saturday, Sep. 5 11-2 Chesterton 10-0 (#17) Carroll 10a 10-0 (#25) Hamilton Southeastern 3-9 Bellmont 10a 10-0 (#25) Hamilton Southeastern 10-0 (#17) Carroll 12p 11-2 Centennial 11-0 (#1) Sierra Canyon 5:30p"
64,al,"Alabama",Volleyball,"11-2 Chesterton 10-0 (#17) Carroll 10a"
65,al,"Alabama",Volleyball,"10-0 (#25) Hamilton Southeastern 3-9 Bellmont 10a"
66,al,"Alabama",Volleyball,"10-0 (#25) Hamilton Southeastern 10-0 (#17) Carroll 12p"
67,al,"Alabama",Volleyball,"11-2 Centennial 11-0 (#1) Sierra Canyon 5:30p"
68,ak,"Alaska",Volleyball,"There are 3 matches for Alaska volleyball on Sat, 9/5/2026. The featured matches are by Alaska top ranked teams #15 Service (Anchorage, AK) @ #10 Wasilla (AK), and #17 Nome-Beltz (Nome, AK) @ Kotzebue (AK). The first match, #15 Service (Anchorage, AK) @ #10 Wasilla (AK), starts at 12:30a. Related Content Alaska Girls Volleyball Stat LeadersAlaska Girls Volleyball PlayoffsAlaska Girls Volleyball Rankings Alaska High School Volleyball Schedule 3 Matches 6-7 (#15) Service 2-2-1 (#10) Wasilla 12:30a 2-3 (#17) Nome-Beltz 0-0 Kotzebue 10a console.log('MaxPrepsAds - createMark: Element Defined - leaderboard-banner-inc1');performance && performance.mark && performance.mark('MaxPrepsAds - Element Defined: leaderboard-banner-inc1'); 0-0 Ketchikan 2-2 Juneau-Douglas 5:15p"
69,ak,"Alaska",Volleyball,"6-7 (#15) Service 2-2-1 (#10) Wasilla 12:30a"
70,ak,"Alaska",Volleyball,"2-3 (#17) Nome-Beltz 0-0 Kotzebue 10a"
71,ak,"Alaska",Volleyball,"0-0 Ketchikan 2-2 Juneau-Douglas 5:15p"
72,ak,"Alaska",Volleyball,"Related ScoreboardsConferences 2A Aurora2A Borealis2A Southeast2A Southwest3A Aurora3A Southcentral3A Southeast3A Western4A Cook Inlet4A Mid Alaska Associations Alaska School Activities Association Metros AnchorageFairbanksJuneau"
73,ak,"Alaska",Volleyball,"Saturday, Sep. 5 11-2 Chesterton 10-0 (#17) Carroll 10a 10-0 (#25) Hamilton Southeastern 3-9 Bellmont 10a 10-0 (#25) Hamilton Southeastern 10-0 (#17) Carroll 12p 11-2 Centennial 11-0 (#1) Sierra Canyon 5:30p"
74,ak,"Alaska",Volleyball,"11-2 Chesterton 10-0 (#17) Carroll 10a"
75,ak,"Alaska",Volleyball,"10-0 (#25) Hamilton Southeastern 3-9 Bellmont 10a"
76,ak,"Alaska",Volleyball,"10-0 (#25) Hamilton Southeastern 10-0 (#17) Carroll 12p"
77,ak,"Alaska",Volleyball,"11-2 Centennial 11-0 (#1) Sierra Canyon 5:30p"
78,az,"Arizona",Volleyball,"There are 14 matches for Arizona volleyball on Sat, 9/5/2026. The first match, Trivium Prep (Goodyear, AZ) vs. Carl Hayden Community (Phoenix, AZ), starts at 8a. Related Content Arizona Girls Volleyball Stat LeadersArizona Girls Volleyball PlayoffsArizona Girls Volleyball Rankings Recent Arizona Girls Volleyball HeadlinesVOLLEYBALL: Preseason top 100VOLLEYBALL: Preseason All-Americans Arizona High School Volleyball Schedule 14 Matches 1-1 Trivium Prep 0-3 Carl Hayden Community 8a 0-2 Buckeye 2-1 ALA - West Foothills 9a console.log('MaxPrepsAds - createMark: Element Defined - leaderboard-banner-inc1');performance && performance.mark && performance.mark('MaxPrepsAds - Element Defined: leaderboard-banner-inc1'); 2-0 Willow Canyon 0-3 Carl Hayden Community 10a 0-0H Heritage Academy Phoenix 2-1 ALA - West Foothills 10a 4-2 Rock Point 0-0 El Capitan 1p 1-2 San Carlos 0-2 St. Michael 2p 4-2 Rock Point 0-0 El Capitan 3p 2-2 Kingman Academy 2-0 Williams 5p TBA 0-1 Ironwood Ridge 2-1 Queen Creek TBA TBA 1-0 Valley Christian TBA 1-0 Valley Christian TBA 1-0 Valley Christian TBA 1-0 Valley Christian"
79,az,"Arizona",Volleyball,"1-1 Trivium Prep 0-3 Carl Hayden Community 8a"
80,az,"Arizona",Volleyball,"0-2 Buckeye 2-1 ALA - West Foothills 9a"
81,az,"Arizona",Volleyball,"2-0 Willow Canyon 0-3 Carl Hayden Community 10a"
82,az,"Arizona",Volleyball,"0-0H Heritage Academy Phoenix 2-1 ALA - West Foothills 10a"
83,az,"Arizona",Volleyball,"4-2 Rock Point 0-0 El Capitan 1p"
84,az,"Arizona",Volleyball,"1-2 San Carlos 0-2 St. Michael 2p"
85,az,"Arizona",Volleyball,"4-2 Rock Point 0-0 El Capitan 3p"
86,az,"Arizona",Volleyball,"2-2 Kingman Academy 2-0 Williams 5p"
87,az,"Arizona",Volleyball,"TBA 0-1 Ironwood Ridge"
88,az,"Arizona",Volleyball,"2-1 Queen Creek TBA"
89,az,"Arizona",Volleyball,"TBA 1-0 Valley Christian"
90,az,"Arizona",Volleyball,"TBA 1-0 Valley Christian"
91,az,"Arizona",Volleyball,"TBA 1-0 Valley Christian"
92,az,"Arizona",Volleyball,"TBA 1-0 Valley Christian"
93,az,"Arizona",Volleyball,"Related ScoreboardsRegions 1A - Central1A - East1A - North1A - South1A - West2A - Central2A - East2A - North2A - South2A - Valley Associations Arizona Interscholastic AssociationCanyon Athletic Association Metros PhoenixTucsonYuma"
94,az,"Arizona",Volleyball,"Saturday, Sep. 5 11-2 Chesterton 10-0 (#17) Carroll 10a 10-0 (#25) Hamilton Southeastern 3-9 Bellmont 10a 10-0 (#25) Hamilton Southeastern 10-0 (#17) Carroll 12p 11-2 Centennial 11-0 (#1) Sierra Canyon 5:30p"
95,az,"Arizona",Volleyball,"11-2 Chesterton 10-0 (#17) Carroll 10a"
96,az,"Arizona",Volleyball,"10-0 (#25) Hamilton Southeastern 3-9 Bellmont 10a"
97,az,"Arizona",Volleyball,"10-0 (#25) Hamilton Southeastern 10-0 (#17) Carroll 12p"
98,az,"Arizona",Volleyball,"11-2 Centennial 11-0 (#1) Sierra Canyon 5:30p"
99,ar,"Arkansas",Volleyball,"There are 5 matches for Arkansas volleyball on Sat, 9/5/2026. The featured matches are by Arkansas top ranked teams #23 Farmington (AR) @ #14 Shiloh Christian (Springdale, AR), and Webb City (MO) @ #14 Shiloh Christian (Springdale, AR). The first match, #23 Farmington (AR) @ #14 Shiloh Christian (Springdale, AR), starts at 9a. Related Content Arkansas Girls Volleyball Stat LeadersArkansas Girls Volleyball PlayoffsArkansas Girls Volleyball Rankings Arkansas High School Volleyball Schedule 5 Matches 5-3 (#23) Farmington 2-2 (#14) Shiloh Christian 9a 0-1 Webb City 2-2 (#14) Shiloh Christian 1p console.log('MaxPrepsAds - createMark: Element Defined - leaderboard-banner-inc1');performance && performance.mark && performance.mark('MaxPrepsAds - Element Defined: leaderboard-banner-inc1'); 0-2G Garrett Memorial Christian 2-2 American Heritage 3:15p 0-2G Garrett Memorial Christian 9-13 Tarkington 4:30p TBA 3-3-1 Little Rock HomeSchool"
100,ar,"Arkansas",Volleyball,"5-3 (#23) Farmington 2-2 (#14) Shiloh Christian 9a"
101,ar,"Arkansas",Volleyball,"0-1 Webb City 2-2 (#14) Shiloh Christian 1p"
102,ar,"Arkansas",Volleyball,"0-2G Garrett Memorial Christian 2-2 American Heritage 3:15p"
103,ar,"Arkansas",Volleyball,"0-2G Garrett Memorial Christian 9-13 Tarkington 4:30p"
104,ar,"Arkansas",Volleyball,"TBA 3-3-1 Little Rock HomeSchool"
105,ar,"Arkansas",Volleyball,"Related ScoreboardsConferences 2A 12A 22A 32A 42A 52A 62A 72A 83A 13A 2 Associations Arkansas Activities Association Metros Ft. SmithJonesboroLittle Rock"
106,ar,"Arkansas",Volleyball,"Saturday, Sep. 5 11-2 Chesterton 10-0 (#17) Carroll 10a 10-0 (#25) Hamilton Southeastern 3-9 Bellmont 10a 10-0 (#25) Hamilton Southeastern 10-0 (#17) Carroll 12p 11-2 Centennial 11-0 (#1) Sierra Canyon 5:30p"
107,ar,"Arkansas",Volleyball,"11-2 Chesterton 10-0 (#17) Carroll 10a"
108,ar,"Arkansas",Volleyball,"10-0 (#25) Hamilton Southeastern 3-9 Bellmont 10a"
109,ar,"Arkansas",Volleyball,"10-0 (#25) Hamilton Southeastern 10-0 (#17) Carroll 12p"
110,ar,"Arkansas",Volleyball,"11-2 Centennial 11-0 (#1) Sierra Canyon 5:30p"
111,ca,"California",Volleyball,"There are 108 matches for California volleyball on Sat, 9/5/2026. The featured matches are by California top ranked teams Centennial (Corona, CA) @ #1 Sierra Canyon (Chatsworth, CA). The first match, TBA @ Gahr (Cerritos, CA), starts at 8a. Related Content California Girls Volleyball Stat LeadersCalifornia Girls Volleyball PlayoffsCalifornia Girls Volleyball Rankings Recent California Girls Volleyball HeadlinesMaxPreps/AVCA Players of the WeekVOLLEYBALL: Preseason top 100 Central Coast Section9 Matches TBA 2-0 South San Francisco 8a 1-1 Marin Catholic 1-0 Archbishop Mitty 11a console.log('MaxPrepsAds - createMark: Element Defined - leaderboard-banner-inc1');performance && performance.mark && performance.mark('MaxPrepsAds - Element Defined: leaderboard-banner-inc1'); 3-0 Folsom 1-0 Archbishop Mitty 1p 0-1 Luis Valdez Leadership Academy 0-0 Eastside College Prep 1p TBA 3-0 Harbor TBA 1-0 Menlo School TBA 1-1 Hill 2-10 Morro Bay 0-0 Pacific Grove TBA 1-0 Menlo School Central Section7 Matches 7-3 Highland 2-7 Mira Monte 7:10p TBA 15-2 Redwood 3-7 Bullard TBA 2-10 Morro Bay 0-0 Pacific Grove 3-1 Clovis North TBA TBA 6-4 Sanger West TBA 7-3 Golden West Los Angeles City Section1 Match TBA 6-5 Chatsworth North Coast Section12 Matches 3-1 Clayton Valley Charter TBA 8a TBA 2-5 Analy 8a TBA 4-2 Northgate 8a 1-1 Marin Catholic 1-0 Archbishop Mitty 11a 1-1 Marin Catholic 3-0 Skyview 1p 1-0 Bishop O'Dowd TBA TBA 4-4 St. Vincent de Paul 0-0 El Cerrito TBA TBA 9-2 San Marin TBA 5-2E Eureka 4-3 Benicia TBA TBA 7-3 Saint Mary's Northern Section5 Matches TBA 3-3 Live Oak TBA 0-6 Modoc TBA 2-7 Paradise TBA 3-2 CORE Butte 13-3 Maxwell TBA Sac-Joaquin Section17 Matches TBA 5-2 Rio Americano 8a 1-1 Antelope T Tournament Opponent 8a TBA 13-2 Sutter 8a TBA 5-0 Escalon 8a 0-2 Lincoln T Tournament Opponent 8a TBA 5-2 Rio Americano 9a 3-0 Folsom 3-0 Skyview 1:30p 3-0 Folsom 1-0 Archbishop Mitty 1p 1-1 Golden Valley 2-2 American Heritage 4:30p 4-1 West Campus TBA TBA 5-3 Del Oro TBA 3-5 Davis Sr. TBA 1-6 McNair TBA 4-4 Wheatland TBA 4-4 Wheatland TBA 4-4 Wheatland TBA 10-1 Oak Ridge San Diego Section30 Matches TBA 7-1 San Marcos 8a TBA 2-4 High Tech SD 8a 2-2 Sweetwater 1-3 Mar Vista 8a TBA 0-1 Castle Park 9a TBA 3-0 Imperial 9a TBA 4-2 Kearny 9a TBA 1-6 Monte Vista 9a TBA 8-4 San Dieguito Academy 9a TBA 0-1 Castle Park 10a TBA 8-4 San Dieguito Academy 10a TBA 3-0 Imperial 11a TBA 8-1 Sage Creek TBA 5-1 Mission Hills TBA 1-1 Victory Christian Academy TBA 2-2 University City TBA 5-6 Point Loma TBA 5-6 Point Loma 1-2 Otay Ranch TBA TBA 2-2 University City TBA 2-1 El Camino TBA 5-4 Granite Hills TBA 2-4 Hilltop TBA 7-3 Foothills Christian TBA 2-4 Southwest EC TBA 2-4 Rock Academy TBA 1-3 Mar Vista TBA 1-3 Mar Vista TBA 5-7 Ramona TBA 5-7 Ramona TBA 2-1 El Camino Southern Section30 Matches TBA 11-2 Gahr 8a TBA 4-6 Los Altos 8a TBA 7-4 Norwalk 8a TBA 1-7 Woodrow Wilson 8a 10-2 Murrieta Mesa TBA 8:30a TBA 3-9 Ramona Convent 9a TBA 9-2 Arcadia 9a TBA 11-2-1 Saugus 9a TBA 4-6 Los Altos 10a TBA 9-2 Arcadia 11a TBA 11-2-1 Saugus 11a TBA 4-6 Los Altos 12p TBA 9-2 Arcadia 1p 2-3 Pioneer 6-6 Western Christian 3:15p 11-3 Rowland 6-6 Western Christian 4:30p 10-1 Lakewood 6-6 Western Christian 5:30p 11-2 Centennial 11-0 (#1) Sierra Canyon 5:30p TBA 6-1 Murrieta Valley TBA 6-6 St. Lucy's TBA 5-5 Redlands 2-7 San Juan Hills 3-6 Edison TBA 1-10 Cypress TBA 6-4 Mayfair TBA 1-3 Village Christian 8-3 Yorba Linda 3-6 Edison TBA 10-2 Sunny Hills TBA 8-5 Etiwanda TBA 11-2 Rosary Academy TBA 6-5 Corona TBA 6-1 Camarillo"
112,ca,"California",Volleyball,"TBA 2-0 South San Francisco 8a"
113,ca,"California",Volleyball,"1-1 Marin Catholic 1-0 Archbishop Mitty 11a"
114,ca,"California",Volleyball,"3-0 Folsom 1-0 Archbishop Mitty 1p"
115,ca,"California",Volleyball,"0-1 Luis Valdez Leadership Academy 0-0 Eastside College Prep 1p"
116,ca,"California",Volleyball,"TBA 3-0 Harbor"
117,ca,"California",Volleyball,"TBA 1-0 Menlo School"
118,ca,"California",Volleyball,"TBA 1-1 Hill"
119,ca,"California",Volleyball,"2-10 Morro Bay 0-0 Pacific Grove"
120,ca,"California",Volleyball,"TBA 1-0 Menlo School"
121,ca,"California",Volleyball,"7-3 Highland 2-7 Mira Monte 7:10p"
122,ca,"California",Volleyball,"TBA 15-2 Redwood"
123,ca,"California",Volleyball,"3-7 Bullard TBA"
124,ca,"California",Volleyball,"2-10 Morro Bay 0-0 Pacific Grove"
125,ca,"California",Volleyball,"3-1 Clovis North TBA"
126,ca,"California",Volleyball,"TBA 6-4 Sanger West"
127,ca,"California",Volleyball,"TBA 7-3 Golden West"
128,ca,"California",Volleyball,"TBA 6-5 Chatsworth"
129,ca,"California",Volleyball,"3-1 Clayton Valley Charter TBA 8a"
130,ca,"California",Volleyball,"TBA 2-5 Analy 8a"
131,ca,"California",Volleyball,"TBA 4-2 Northgate 8a"
132,ca,"California",Volleyball,"1-1 Marin Catholic 1-0 Archbishop Mitty 11a"
133,ca,"California",Volleyball,"1-1 Marin Catholic 3-0 Skyview 1p"
134,ca,"California",Volleyball,"1-0 Bishop O'Dowd TBA"
135,ca,"California",Volleyball,"TBA 4-4 St. Vincent de Paul"
136,ca,"California",Volleyball,"0-0 El Cerrito TBA"
137,ca,"California",Volleyball,"TBA 9-2 San Marin"
138,ca,"California",Volleyball,"TBA 5-2E Eureka"
139,ca,"California",Volleyball,"4-3 Benicia TBA"
140,ca,"California",Volleyball,"TBA 7-3 Saint Mary's"
141,ca,"California",Volleyball,"TBA 3-3 Live Oak"
142,ca,"California",Volleyball,"TBA 0-6 Modoc"
143,ca,"California",Volleyball,"TBA 2-7 Paradise"
144,ca,"California",Volleyball,"TBA 3-2 CORE Butte"
145,ca,"California",Volleyball,"13-3 Maxwell TBA"
146,ca,"California",Volleyball,"TBA 5-2 Rio Americano 8a"
147,ca,"California",Volleyball,"1-1 Antelope T Tournament Opponent 8a"
148,ca,"California",Volleyball,"TBA 13-2 Sutter 8a"
149,ca,"California",Volleyball,"TBA 5-0 Escalon 8a"
150,ca,"California",Volleyball,"0-2 Lincoln T Tournament Opponent 8a"
151,ca,"California",Volleyball,"TBA 5-2 Rio Americano 9a"
152,ca,"California",Volleyball,"3-0 Folsom 3-0 Skyview 1:30p"
153,ca,"California",Volleyball,"3-0 Folsom 1-0 Archbishop Mitty 1p"
154,ca,"California",Volleyball,"1-1 Golden Valley 2-2 American Heritage 4:30p"
155,ca,"California",Volleyball,"4-1 West Campus TBA"
156,ca,"California",Volleyball,"TBA 5-3 Del Oro"
157,ca,"California",Volleyball,"TBA 3-5 Davis Sr."
158,ca,"California",Volleyball,"TBA 1-6 McNair"
159,ca,"California",Volleyball,"TBA 4-4 Wheatland"
160,ca,"California",Volleyball,"TBA 4-4 Wheatland"
161,ca,"California",Volleyball,"TBA 4-4 Wheatland"
162,ca,"California",Volleyball,"TBA 10-1 Oak Ridge"
163,ca,"California",Volleyball,"TBA 7-1 San Marcos 8a"
164,ca,"California",Volleyball,"TBA 2-4 High Tech SD 8a"
165,ca,"California",Volleyball,"2-2 Sweetwater 1-3 Mar Vista 8a"
166,ca,"California",Volleyball,"TBA 0-1 Castle Park 9a"
167,ca,"California",Volleyball,"TBA 3-0 Imperial 9a"
168,ca,"California",Volleyball,"TBA 4-2 Kearny 9a"
169,ca,"California",Volleyball,"TBA 1-6 Monte Vista 9a"
170,ca,"California",Volleyball,"TBA 8-4 San Dieguito Academy 9a"
171,ca,"California",Volleyball,"TBA 0-1 Castle Park 10a"
172,ca,"California",Volleyball,"TBA 8-4 San Dieguito Academy 10a"
173,ca,"California",Volleyball,"TBA 3-0 Imperial 11a"
174,ca,"California",Volleyball,"TBA 8-1 Sage Creek"
175,ca,"California",Volleyball,"TBA 5-1 Mission Hills"
176,ca,"California",Volleyball,"TBA 1-1 Victory Christian Academy"
177,ca,"California",Volleyball,"TBA 2-2 University City"
178,ca,"California",Volleyball,"TBA 5-6 Point Loma"
179,ca,"California",Volleyball,"TBA 5-6 Point Loma"
180,ca,"California",Volleyball,"1-2 Otay Ranch TBA"
181,ca,"California",Volleyball,"TBA 2-2 University City"
182,ca,"California",Volleyball,"TBA 2-1 El Camino"
183,ca,"California",Volleyball,"TBA 5-4 Granite Hills"
184,ca,"California",Volleyball,"TBA 2-4 Hilltop"
185,ca,"California",Volleyball,"TBA 7-3 Foothills Christian"
186,ca,"California",Volleyball,"TBA 2-4 Southwest EC"
187,ca,"California",Volleyball,"TBA 2-4 Rock Academy"
188,ca,"California",Volleyball,"TBA 1-3 Mar Vista"
189,ca,"California",Volleyball,"TBA 1-3 Mar Vista"
190,ca,"California",Volleyball,"TBA 5-7 Ramona"
191,ca,"California",Volleyball,"TBA 5-7 Ramona"
192,ca,"California",Volleyball,"TBA 2-1 El Camino"
193,ca,"California",Volleyball,"TBA 11-2 Gahr 8a"
194,ca,"California",Volleyball,"TBA 4-6 Los Altos 8a"
195,ca,"California",Volleyball,"TBA 7-4 Norwalk 8a"
196,ca,"California",Volleyball,"TBA 1-7 Woodrow Wilson 8a"
197,ca,"California",Volleyball,"10-2 Murrieta Mesa TBA 8:30a"
198,ca,"California",Volleyball,"TBA 3-9 Ramona Convent 9a"
199,ca,"California",Volleyball,"TBA 9-2 Arcadia 9a"
200,ca,"California",Volleyball,"TBA 11-2-1 Saugus 9a"
201,ca,"California",Volleyball,"TBA 4-6 Los Altos 10a"
202,ca,"California",Volleyball,"TBA 9-2 Arcadia 11a"
203,ca,"California",Volleyball,"TBA 11-2-1 Saugus 11a"
204,ca,"California",Volleyball,"TBA 4-6 Los Altos 12p"
205,ca,"California",Volleyball,"TBA 9-2 Arcadia 1p"
206,ca,"California",Volleyball,"2-3 Pioneer 6-6 Western Christian 3:15p"
207,ca,"California",Volleyball,"11-3 Rowland 6-6 Western Christian 4:30p"
208,ca,"California",Volleyball,"10-1 Lakewood 6-6 Western Christian 5:30p"
209,ca,"California",Volleyball,"11-2 Centennial 11-0 (#1) Sierra Canyon 5:30p"
210,ca,"California",Volleyball,"TBA 6-1 Murrieta Valley"
211,ca,"California",Volleyball,"TBA 6-6 St. Lucy's"
212,ca,"California",Volleyball,"TBA 5-5 Redlands"
213,ca,"California",Volleyball,"2-7 San Juan Hills 3-6 Edison"
214,ca,"California",Volleyball,"TBA 1-10 Cypress"
215,ca,"California",Volleyball,"TBA 6-4 Mayfair"
216,ca,"California",Volleyball,"TBA 1-3 Village Christian"
217,ca,"California",Volleyball,"8-3 Yorba Linda 3-6 Edison"
218,ca,"California",Volleyball,"TBA 10-2 Sunny Hills"
219,ca,"California",Volleyball,"TBA 8-5 Etiwanda"
220,ca,"California",Volleyball,"TBA 11-2 Rosary Academy"
221,ca,"California",Volleyball,"TBA 6-5 Corona"
222,ca,"California",Volleyball,"TBA 6-1 Camarillo"
223,ca,"California",Volleyball,"Related ScoreboardsSections Central Coast SectionCentral SectionLos Angeles City SectionNorth Coast SectionNorthern SectionOakland SectionSac-Joaquin SectionSan Diego SectionSan Francisco SectionSouthern Section Associations California Interscholastic FederationCIF Central Coast SectionCIF Central SectionCIF Los Angeles City SectionCIF North Coast SectionCIF Northern SectionCIF Oakland SectionCIF Sac Joaquin SectionCIF San Diego SectionCIF San Francisco SectionCIF Southern Section Metros BakersfieldChicoEurekaFresnoLos Angeles MetroMontereyPalm SpringsSacramentoSan DiegoSan Francisco MetroSanta Barbara"
224,ca,"California",Volleyball,"Saturday, Sep. 5 11-2 Chesterton 10-0 (#17) Carroll 10a 10-0 (#25) Hamilton Southeastern 3-9 Bellmont 10a 10-0 (#25) Hamilton Southeastern 10-0 (#17) Carroll 12p 11-2 Centennial 11-0 (#1) Sierra Canyon 5:30p"
225,ca,"California",Volleyball,"11-2 Chesterton 10-0 (#17) Carroll 10a"
226,ca,"California",Volleyball,"10-0 (#25) Hamilton Southeastern 3-9 Bellmont 10a"
227,ca,"California",Volleyball,"10-0 (#25) Hamilton Southeastern 10-0 (#17) Carroll 12p"
228,ca,"California",Volleyball,"11-2 Centennial 11-0 (#1) Sierra Canyon 5:30p"
229,co,"Colorado",Volleyball,"There are 119 matches for Colorado volleyball on Sat, 9/5/2026. The featured matches are by Colorado top ranked teams #10 Plateau Valley (Collbran, CO) @ Meeker (CO), TBA vs. #11 Chaparral (Parker, CO), and TBA vs. #11 Chaparral (Parker, CO). The first match, DMLK (Denver, CO) @ Overland (Aurora, CO), starts at 8a. Related Content Colorado Girls Volleyball Stat LeadersColorado Girls Volleyball PlayoffsColorado Girls Volleyball Rankings Colorado High School Volleyball Schedule 119 Matches 0-2 DMLK 0-3 Overland 8a TBA 4-1 (#11) Chaparral 8a console.log('MaxPrepsAds - createMark: Element Defined - leaderboard-banner-inc1');performance && performance.mark && performance.mark('MaxPrepsAds - Element Defined: leaderboard-banner-inc1'); TBA 0-2 Fruita Monument 8a 2-1 Discovery Canyon 1-1 Falcon 8a 1-1 Denver North 3-0 Summit 8a 0-3 Overland 3-2 ThunderRidge 8a 0-3 Canon City 2-0 Liberty 8a 2-1 Northglenn 1-3 DSST: Elevate Northeast 8a 2-2 Widefield 1-2 Colorado Springs Christian 8a 3-1 Mesa Ridge 1-2 Manitou Springs 8a T Tournament Opponent 2-1 Discovery Canyon 8a 0-1 Pueblo South 0-0 Palmer 9a 2-0 Harrison 0-2 Vista Ridge 9a 1-3 Coronado 1-2 Pueblo County 9a 0-2 Grand Junction Central 5-0 Hayden 9a 0-3 Overland 1-3 DSST: Elevate Northeast 9a 3-2 ThunderRidge 3-0 Summit 9a 1-5 Vail Mountain 2-5 Soroco 9a TBA 0-2 Fruita Monument 9:30a 0-3 Kim/Branson 0-0 Walsh 10a 3-2 Holly 0-3 Springfield 10a 0-2 Vista Ridge 1-2 Colorado Springs Christian 10a 1-2 Manitou Springs 1-1 Falcon 10a 0-3 Canon City 3-1 Mesa Ridge 10a T Tournament Opponent 2-1 Discovery Canyon 10a 0-0 Palmer 1-2 Pueblo County 11a 1-3 Coronado 2-0 Liberty 11a TBA 0-1 Dakota Ridge 11a 0-1 SB (CO-OP) 3-2 Holly 11:30a 0-3 Canon City 0-2 Vista Ridge 12p 2-1 Discovery Canyon 1-2 Manitou Springs 12p 3-3 Telluride 3-0 Durango 12p 1-4 South Park 4-2 Crested Butte 12p 3-1 Mesa Ridge 1-2 Colorado Springs Christian 12p 2-2 Widefield 1-1 Falcon 12p 4-3 Miami-Yoder 0-1 Mountain Valley 12p 3-0 Granada 2-1 Burlington 12p T Tournament Opponent 2-1 Discovery Canyon 12:30p 0-5 Peetz 2-1 Kimball 2p 2-0 Harrison 0-0 Palmer 1p 0-4 Kalaheo 3-0 Columbine 1p 0-2 Thornton 3-0 Summit 1p 2-0 North Fork 0-4 De Beque 1p 0-1 Raton 1-3 Trinidad 1p 3-0 (#10) Plateau Valley 5-1 Meeker 1p 2-3 Wiley 0-3 Kim/Branson 1p 2-0 Liberty 1-2 Pueblo County 1p 5-1 (#25) Sanford 1-2 Buena Vista 1p 0-2 DMLK 1-3 DSST: Elevate Northeast 1p 1-1 Centauri 1-4 Pagosa Springs 1p 0-1 SB (CO-OP) 0-3 Springfield 1p 0-0 Sargent 0-0 Primero 1p 2-1 Discovery Canyon 0-2 Vista Ridge 2p 0-0 Palmer 1-1 Falcon 2p 0-4 Fleming 4-3 Caliche 2p 1-3 Coronado 1-2 Manitou Springs 2p 2-2 McClave 1-3 Idalia 2p 4-4 Bethune 4-1 Lone Star 2p 0-2P Pacific 3-0 Columbine 2:15p T Tournament Opponent 2-1 Discovery Canyon 2:30p 3-0 Columbine 12-5 Joshua 3:30p 2-0 Liberty 0-1 Pueblo South 3p 1-2 Colorado Springs Christian 1-2 Pueblo County 3p 3-1 Simla 4-1 (#19) Merino 3p 2-0 Harrison 3-1 Mesa Ridge 3p 3-2 West Grand 2-2 Caprock Academy 3p 0-2 Smoky Hill 3-0 Summit 4p 1-2 Sierra Grande 0-0 Questa 4p 2-0 Lotus School For Excellence 1-3 DSST: Elevate Northeast 4p 1-1 Grand Junction 3-1 Highlands Ranch 4:30p 0-2 Boulder 0-2 Pomona 4:30p 4-1 Platte Canyon 1-1 Grand Junction 5:30p 0-2 Boulder 1-1 Ponderosa 5:30p 0-2 Pomona 3-1 Highlands Ranch 6:30p 4-1 Platte Canyon 1-1 Ponderosa 6:30p TBA 3-1 (#18) Regis Jesuit 1-5 Vail Mountain TBA 1-5 Vail Mountain 0-1 Moffat County 2-1 Northglenn 0-3 Overland TBA 2-1 Thomas Jefferson TBA 3-1 (#18) Regis Jesuit TBA 2-1 Thomas Jefferson TBA 5-0 Hayden TBA 0-3 Canon City TBA 1-2 Cherry Creek TBA 1-2 Cherry Creek TBA 2-0 Lotus School For Excellence TBA 0-3 Canon City TBA 3-0 Palisade TBA 3-0 Palisade TBA 0-3 Canon City TBA 0-2 Smoky Hill TBA 0-3 Canon City TBA 2-0 Castle View TBA 2-0 Lotus School For Excellence TBA 0-1 Dakota Ridge TBA 1-1 Green Mountain TBA 2-0 Lutheran TBA 2-0 Lutheran TBA 1-1 Green Mountain 6-0 Rangely 5-0 Hayden TBA 4-1 (#11) Chaparral TBA 3-2 ThunderRidge 2-3 Wiley 0-0 Walsh TBA 3-2 ThunderRidge TBA 3-2 ThunderRidge TBA 2-0 Lotus School For Excellence TBA 2-1 Legend TBA 2-0 Lotus School For Excellence TBA 1-2 Denver South TBA 1-2 Denver South TBA 1-1 Rock Canyon TBA 1-1 Northfield TBA 1-1 Rock Canyon TBA 2-1 Legend TBA 0-3 Grandview TBA 0-3 Grandview TBA 2-0 Castle View TBA 1-1 Northfield"
230,co,"Colorado",Volleyball,"0-2 DMLK 0-3 Overland 8a"
231,co,"Colorado",Volleyball,"TBA 4-1 (#11) Chaparral 8a"
232,co,"Colorado",Volleyball,"TBA 0-2 Fruita Monument 8a"
233,co,"Colorado",Volleyball,"2-1 Discovery Canyon 1-1 Falcon 8a"
234,co,"Colorado",Volleyball,"1-1 Denver North 3-0 Summit 8a"
235,co,"Colorado",Volleyball,"0-3 Overland 3-2 ThunderRidge 8a"
236,co,"Colorado",Volleyball,"0-3 Canon City 2-0 Liberty 8a"
237,co,"Colorado",Volleyball,"2-1 Northglenn 1-3 DSST: Elevate Northeast 8a"
238,co,"Colorado",Volleyball,"2-2 Widefield 1-2 Colorado Springs Christian 8a"
239,co,"Colorado",Volleyball,"3-1 Mesa Ridge 1-2 Manitou Springs 8a"
240,co,"Colorado",Volleyball,"T Tournament Opponent 2-1 Discovery Canyon 8a"
241,co,"Colorado",Volleyball,"0-1 Pueblo South 0-0 Palmer 9a"
242,co,"Colorado",Volleyball,"2-0 Harrison 0-2 Vista Ridge 9a"
243,co,"Colorado",Volleyball,"1-3 Coronado 1-2 Pueblo County 9a"
244,co,"Colorado",Volleyball,"0-2 Grand Junction Central 5-0 Hayden 9a"
245,co,"Colorado",Volleyball,"0-3 Overland 1-3 DSST: Elevate Northeast 9a"
246,co,"Colorado",Volleyball,"3-2 ThunderRidge 3-0 Summit 9a"
247,co,"Colorado",Volleyball,"1-5 Vail Mountain 2-5 Soroco 9a"
248,co,"Colorado",Volleyball,"TBA 0-2 Fruita Monument 9:30a"
249,co,"Colorado",Volleyball,"0-3 Kim/Branson 0-0 Walsh 10a"
250,co,"Colorado",Volleyball,"3-2 Holly 0-3 Springfield 10a"
251,co,"Colorado",Volleyball,"0-2 Vista Ridge 1-2 Colorado Springs Christian 10a"
252,co,"Colorado",Volleyball,"1-2 Manitou Springs 1-1 Falcon 10a"
253,co,"Colorado",Volleyball,"0-3 Canon City 3-1 Mesa Ridge 10a"
254,co,"Colorado",Volleyball,"T Tournament Opponent 2-1 Discovery Canyon 10a"
255,co,"Colorado",Volleyball,"0-0 Palmer 1-2 Pueblo County 11a"
256,co,"Colorado",Volleyball,"1-3 Coronado 2-0 Liberty 11a"
257,co,"Colorado",Volleyball,"TBA 0-1 Dakota Ridge 11a"
258,co,"Colorado",Volleyball,"0-1 SB (CO-OP) 3-2 Holly 11:30a"
259,co,"Colorado",Volleyball,"0-3 Canon City 0-2 Vista Ridge 12p"
260,co,"Colorado",Volleyball,"2-1 Discovery Canyon 1-2 Manitou Springs 12p"
261,co,"Colorado",Volleyball,"3-3 Telluride 3-0 Durango 12p"
262,co,"Colorado",Volleyball,"1-4 South Park 4-2 Crested Butte 12p"
263,co,"Colorado",Volleyball,"3-1 Mesa Ridge 1-2 Colorado Springs Christian 12p"
264,co,"Colorado",Volleyball,"2-2 Widefield 1-1 Falcon 12p"
265,co,"Colorado",Volleyball,"4-3 Miami-Yoder 0-1 Mountain Valley 12p"
266,co,"Colorado",Volleyball,"3-0 Granada 2-1 Burlington 12p"
267,co,"Colorado",Volleyball,"T Tournament Opponent 2-1 Discovery Canyon 12:30p"
268,co,"Colorado",Volleyball,"0-5 Peetz 2-1 Kimball 2p"
269,co,"Colorado",Volleyball,"2-0 Harrison 0-0 Palmer 1p"
270,co,"Colorado",Volleyball,"0-4 Kalaheo 3-0 Columbine 1p"
271,co,"Colorado",Volleyball,"0-2 Thornton 3-0 Summit 1p"
272,co,"Colorado",Volleyball,"2-0 North Fork 0-4 De Beque 1p"
273,co,"Colorado",Volleyball,"0-1 Raton 1-3 Trinidad 1p"
274,co,"Colorado",Volleyball,"3-0 (#10) Plateau Valley 5-1 Meeker 1p"
275,co,"Colorado",Volleyball,"2-3 Wiley 0-3 Kim/Branson 1p"
276,co,"Colorado",Volleyball,"2-0 Liberty 1-2 Pueblo County 1p"
277,co,"Colorado",Volleyball,"5-1 (#25) Sanford 1-2 Buena Vista 1p"
278,co,"Colorado",Volleyball,"0-2 DMLK 1-3 DSST: Elevate Northeast 1p"
279,co,"Colorado",Volleyball,"1-1 Centauri 1-4 Pagosa Springs 1p"
280,co,"Colorado",Volleyball,"0-1 SB (CO-OP) 0-3 Springfield 1p"
281,co,"Colorado",Volleyball,"0-0 Sargent 0-0 Primero 1p"
282,co,"Colorado",Volleyball,"2-1 Discovery Canyon 0-2 Vista Ridge 2p"
283,co,"Colorado",Volleyball,"0-0 Palmer 1-1 Falcon 2p"
284,co,"Colorado",Volleyball,"0-4 Fleming 4-3 Caliche 2p"
285,co,"Colorado",Volleyball,"1-3 Coronado 1-2 Manitou Springs 2p"
286,co,"Colorado",Volleyball,"2-2 McClave 1-3 Idalia 2p"
287,co,"Colorado",Volleyball,"4-4 Bethune 4-1 Lone Star 2p"
288,co,"Colorado",Volleyball,"0-2P Pacific 3-0 Columbine 2:15p"
289,co,"Colorado",Volleyball,"T Tournament Opponent 2-1 Discovery Canyon 2:30p"
290,co,"Colorado",Volleyball,"3-0 Columbine 12-5 Joshua 3:30p"
291,co,"Colorado",Volleyball,"2-0 Liberty 0-1 Pueblo South 3p"
292,co,"Colorado",Volleyball,"1-2 Colorado Springs Christian 1-2 Pueblo County 3p"
293,co,"Colorado",Volleyball,"3-1 Simla 4-1 (#19) Merino 3p"
294,co,"Colorado",Volleyball,"2-0 Harrison 3-1 Mesa Ridge 3p"
295,co,"Colorado",Volleyball,"3-2 West Grand 2-2 Caprock Academy 3p"
296,co,"Colorado",Volleyball,"0-2 Smoky Hill 3-0 Summit 4p"
297,co,"Colorado",Volleyball,"1-2 Sierra Grande 0-0 Questa 4p"
298,co,"Colorado",Volleyball,"2-0 Lotus School For Excellence 1-3 DSST: Elevate Northeast 4p"
299,co,"Colorado",Volleyball,"1-1 Grand Junction 3-1 Highlands Ranch 4:30p"
300,co,"Colorado",Volleyball,"0-2 Boulder 0-2 Pomona 4:30p"
301,co,"Colorado",Volleyball,"4-1 Platte Canyon 1-1 Grand Junction 5:30p"
302,co,"Colorado",Volleyball,"0-2 Boulder 1-1 Ponderosa 5:30p"
303,co,"Colorado",Volleyball,"0-2 Pomona 3-1 Highlands Ranch 6:30p"
304,co,"Colorado",Volleyball,"4-1 Platte Canyon 1-1 Ponderosa 6:30p"
305,co,"Colorado",Volleyball,"TBA 3-1 (#18) Regis Jesuit"
306,co,"Colorado",Volleyball,"1-5 Vail Mountain TBA"
307,co,"Colorado",Volleyball,"1-5 Vail Mountain 0-1 Moffat County"
308,co,"Colorado",Volleyball,"2-1 Northglenn 0-3 Overland"
309,co,"Colorado",Volleyball,"TBA 2-1 Thomas Jefferson"
310,co,"Colorado",Volleyball,"TBA 3-1 (#18) Regis Jesuit"
311,co,"Colorado",Volleyball,"TBA 2-1 Thomas Jefferson"
312,co,"Colorado",Volleyball,"TBA 5-0 Hayden"
313,co,"Colorado",Volleyball,"TBA 0-3 Canon City"
314,co,"Colorado",Volleyball,"TBA 1-2 Cherry Creek"
315,co,"Colorado",Volleyball,"TBA 1-2 Cherry Creek"
316,co,"Colorado",Volleyball,"TBA 2-0 Lotus School For Excellence"
317,co,"Colorado",Volleyball,"TBA 0-3 Canon City"
318,co,"Colorado",Volleyball,"TBA 3-0 Palisade"
319,co,"Colorado",Volleyball,"TBA 3-0 Palisade"
320,co,"Colorado",Volleyball,"TBA 0-3 Canon City"
321,co,"Colorado",Volleyball,"TBA 0-2 Smoky Hill"
322,co,"Colorado",Volleyball,"TBA 0-3 Canon City"
323,co,"Colorado",Volleyball,"TBA 2-0 Castle View"
324,co,"Colorado",Volleyball,"TBA 2-0 Lotus School For Excellence"
325,co,"Colorado",Volleyball,"TBA 0-1 Dakota Ridge"
326,co,"Colorado",Volleyball,"TBA 1-1 Green Mountain"
327,co,"Colorado",Volleyball,"TBA 2-0 Lutheran"
328,co,"Colorado",Volleyball,"TBA 2-0 Lutheran"
329,co,"Colorado",Volleyball,"TBA 1-1 Green Mountain"
330,co,"Colorado",Volleyball,"6-0 Rangely 5-0 Hayden"
331,co,"Colorado",Volleyball,"TBA 4-1 (#11) Chaparral"
332,co,"Colorado",Volleyball,"TBA 3-2 ThunderRidge"
333,co,"Colorado",Volleyball,"2-3 Wiley 0-0 Walsh"
334,co,"Colorado",Volleyball,"TBA 3-2 ThunderRidge"
335,co,"Colorado",Volleyball,"TBA 3-2 ThunderRidge"
336,co,"Colorado",Volleyball,"TBA 2-0 Lotus School For Excellence"
337,co,"Colorado",Volleyball,"TBA 2-1 Legend"
338,co,"Colorado",Volleyball,"TBA 2-0 Lotus School For Excellence"
339,co,"Colorado",Volleyball,"TBA 1-2 Denver South"
340,co,"Colorado",Volleyball,"TBA 1-2 Denver South"
341,co,"Colorado",Volleyball,"TBA 1-1 Rock Canyon"
342,co,"Colorado",Volleyball,"TBA 1-1 Northfield"
343,co,"Colorado",Volleyball,"TBA 1-1 Rock Canyon"
344,co,"Colorado",Volleyball,"TBA 2-1 Legend"
345,co,"Colorado",Volleyball,"TBA 0-3 Grandview"
346,co,"Colorado",Volleyball,"TBA 0-3 Grandview"
347,co,"Colorado",Volleyball,"TBA 2-0 Castle View"
348,co,"Colorado",Volleyball,"TBA 1-1 Northfield"
349,co,"Colorado",Volleyball,"Related ScoreboardsLeagues 1A Arkansas Valley1A Black Forest1A Fishers Peak1A High Plains1A North Central1A Southern Peaks1A YWKC2A Black Forest2A Santa Fe2A Southern Peaks Associations Colorado High School Activities Association Metros DenverGrand JunctionSouthern Colorado"
350,co,"Colorado",Volleyball,"Saturday, Sep. 5 11-2 Chesterton 10-0 (#17) Carroll 10a 10-0 (#25) Hamilton Southeastern 3-9 Bellmont 10a 10-0 (#25) Hamilton Southeastern 10-0 (#17) Carroll 12p 11-2 Centennial 11-0 (#1) Sierra Canyon 5:30p"
351,co,"Colorado",Volleyball,"11-2 Chesterton 10-0 (#17) Carroll 10a"
352,co,"Colorado",Volleyball,"10-0 (#25) Hamilton Southeastern 3-9 Bellmont 10a"
353,co,"Colorado",Volleyball,"10-0 (#25) Hamilton Southeastern 10-0 (#17) Carroll 12p"
354,co,"Colorado",Volleyball,"11-2 Centennial 11-0 (#1) Sierra Canyon 5:30p"
355,ct,"Connecticut",Volleyball,"There are 2 matches for Connecticut volleyball on Sat, 9/5/2026. The first match, Chariho (Wood River Junction, RI) @ Fitch (Groton, CT), starts at 9a. Related Content Connecticut Girls Volleyball Stat LeadersConnecticut Girls Volleyball PlayoffsConnecticut Girls Volleyball Rankings Connecticut High School Volleyball Schedule 2 Matches 0-2 Chariho 0-0 Fitch 9a 0-0 Naugatuck 0-0 Wilton 9a console.log('MaxPrepsAds - createMark: Element Defined - leaderboard-banner-inc1');performance && performance.mark && performance.mark('MaxPrepsAds - Element Defined: leaderboard-banner-inc1');"
356,ct,"Connecticut",Volleyball,"0-2 Chariho 0-0 Fitch 9a"
357,ct,"Connecticut",Volleyball,"0-0 Naugatuck 0-0 Wilton 9a"
358,ct,"Connecticut",Volleyball,"Related ScoreboardsLeagues BerkshireCapital Region Central Connecticut - CentralCentral Connecticut - NorthCentral Connecticut - SouthConnecticut TechnicalConstitution State - CentralConstitution State - EastConstitution State - WestEastern Connecticut - Large Associations Connecticut High School Coaches AssociationConnecticut Interscholastic Athletic Conference Metros Hartford & New Haven"
359,ct,"Connecticut",Volleyball,"Saturday, Sep. 5 11-2 Chesterton 10-0 (#17) Carroll 10a 10-0 (#25) Hamilton Southeastern 3-9 Bellmont 10a 10-0 (#25) Hamilton Southeastern 10-0 (#17) Carroll 12p 11-2 Centennial 11-0 (#1) Sierra Canyon 5:30p"
360,ct,"Connecticut",Volleyball,"11-2 Chesterton 10-0 (#17) Carroll 10a"
361,ct,"Connecticut",Volleyball,"10-0 (#25) Hamilton Southeastern 3-9 Bellmont 10a"
362,ct,"Connecticut",Volleyball,"10-0 (#25) Hamilton Southeastern 10-0 (#17) Carroll 12p"
363,ct,"Connecticut",Volleyball,"11-2 Centennial 11-0 (#1) Sierra Canyon 5:30p"
364,de,"Delaware",Volleyball,"There are 3 matches for Delaware volleyball today. The first match, Holly Grove Christian (Westover, MD) @ Mardela (Mardela Springs, MD), starts at 4p. Related Content Delaware Girls Volleyball Stat LeadersDelaware Girls Volleyball PlayoffsDelaware Girls Volleyball Rankings Today's Delaware High School Volleyball Live Scoreboard 3 Matches 0-0 Holly Grove Christian 0-0 Mardela 4p 0-2 Nandua 0-0S Salisbury Christian 4p console.log('MaxPrepsAds - createMark: Element Defined - leaderboard-banner-inc1');performance && performance.mark && performance.mark('MaxPrepsAds - Element Defined: leaderboard-banner-inc1'); 0-0 Princeton Day 0-0H Hightstown 5:15p"
365,de,"Delaware",Volleyball,"0-0 Holly Grove Christian 0-0 Mardela 4p"
366,de,"Delaware",Volleyball,"0-2 Nandua 0-0S Salisbury Christian 4p"
367,de,"Delaware",Volleyball,"0-0 Princeton Day 0-0H Hightstown 5:15p"
368,de,"Delaware",Volleyball,"Related ScoreboardsLeagues Blue Hen - Flight ABlue Hen - Flight BCatholicDelaware Valley Christian NorthDelaware Valley Christian SouthDiamond StateESIACHenlopen NorthHenlopen SouthIndependent - DISC Associations Delaware Association of Athletic Directors"
369,de,"Delaware",Volleyball,"Saturday, Sep. 5 11-2 Chesterton 10-0 (#17) Carroll 10a 10-0 (#25) Hamilton Southeastern 3-9 Bellmont 10a 10-0 (#25) Hamilton Southeastern 10-0 (#17) Carroll 12p 11-2 Centennial 11-0 (#1) Sierra Canyon 5:30p"
370,de,"Delaware",Volleyball,"11-2 Chesterton 10-0 (#17) Carroll 10a"
371,de,"Delaware",Volleyball,"10-0 (#25) Hamilton Southeastern 3-9 Bellmont 10a"
372,de,"Delaware",Volleyball,"10-0 (#25) Hamilton Southeastern 10-0 (#17) Carroll 12p"
373,de,"Delaware",Volleyball,"11-2 Centennial 11-0 (#1) Sierra Canyon 5:30p"
374,fl,"Florida",Volleyball,"There are 99 matches for Florida volleyball on Sat, 9/5/2026. The featured matches are by Florida top ranked teams TBA vs. #3 Oviedo (FL), TBA vs. #3 Oviedo (FL), and TBA vs. #3 Oviedo (FL). The first match, TBA vs. Mater Lakes Academy (Miami, FL), starts at 8a. Related Content Florida Girls Volleyball Stat LeadersFlorida Girls Volleyball PlayoffsFlorida Girls Volleyball Rankings Recent Florida Girls Volleyball HeadlinesMaxPreps/AVCA Players of the WeekVOLLEYBALL: Preseason top 100 Florida High School Volleyball Schedule 99 Matches TBA 3-2 Mater Lakes Academy 8a 4-0 Sarasota 3-2 Bradenton Christian 8a console.log('MaxPrepsAds - createMark: Element Defined - leaderboard-banner-inc1');performance && performance.mark && performance.mark('MaxPrepsAds - Element Defined: leaderboard-banner-inc1'); 1-3 Sarasota Christian 6-1 DeSoto County 8a 6-2 Coral Shores TBA 8a 1-4 Baldwin County 4-3 Blountstown 8:30a 9-2 Trinity Prep 2-3 Pace 8:30a 3-0 Northside Christian 0-0 IMG Academy White 9a 13-5 Colleyville Heritage 5-0 Viera 9a 1-2 Springstead 0-5 Sickles 9a 2-3 Parrish Community 4-1 (#11) Indian Rocks Christian 9a 2-1 Manatee TBA 9a 2-1 Crystal River 4-2 East Lake 9a TBA 4-2 East Lake 9a 0-0 Cardinal Spellman 1-2 Geneva 9a 5-3 Union 3-1 Legacy Charter 9a 2-2 Crestview 1-1 Highlands Christian 9a 4-1 Saint Stephen's Episcopal TBA 9a 2-1 Tampa Catholic 0-3 Cardinal Mooney 9a TBA 3-2 Bradenton Christian 9a 2-1 Saint Andrew's 1-2 West Boca Raton 9a 3-3 Booker T. Washington 4-5 Hillcrest 8:30a 4-4 Pensacola 8-4 Pleasant Valley 8:30a 4-0 Lecanto 2-3 River Ridge 10a 2-2 Paul Laurence Dunbar 2-2 Crestview 10:15a 1-1 Highlands Christian 7-9 King's Ridge Christian 10:15a 5-0 Viera 1-2 Geneva 10:15a 12-9 North Cobb 3-1 Legacy Charter 10:15a 0-0 Sports Leadership & Management 2-3 St. John Paul II Academy 10:15a 1-2 Florida Atlantic University 0-2 Calvary Christian Academy 10:15a 15-1 McGill-Toolen 3-2 Clearwater Central Catholic 11a 1-1 Tampa Prep 3-1 St. Thomas Aquinas 11a 5-0 (#8) Pensacola Catholic 1-0 Archbishop Hannan 10a 1-7 Horeb Christian 2-2 Basilica 11a 2-1 Manatee TBA 11a 0-0 Cardinal Spellman 3-1 Legacy Charter 11:30a TBA 6-1 DeSoto County 11:30a 13-5 Colleyville Heritage 1-2 Geneva 11:30a 2-2 Crestview 1-0 Ursuline 11:30a 1-1 Highlands Christian 2-2 Paul Laurence Dunbar 11:30a 8-12 Roswell 1-2 Geneva 12:45p 5-0 (#8) Pensacola Catholic 11-6 St. John Paul II 12p 2-1 Manatee TBA 1p 12-3 St. Pius X Catholic 3-2 Clearwater Central Catholic 2p 5-0 (#8) Pensacola Catholic 22-2 Blessed Trinity 2p TBA 6-1 DeSoto County 2:30p TBA 2-2 Jensen Beach 3p 0-0 Mt. Carmel 3-2 Clearwater Central Catholic 3p 4-0 Seminole Ridge 0-4 Oberlin 3:15p 0-2G Garrett Memorial Christian 2-2 American Heritage 3:15p TBA 2-4 Mater Academy Charter 4p 1-1 Golden Valley 2-2 American Heritage 4:30p TBA 2-4 Mater Academy Charter 5:30p 4-0 Seminole Ridge 2-2 American Heritage 5:45p 8-12 Roswell 5-0 Viera 11:30p TBA 3-2 Dreyfoos School of the Arts TBA 2-2 DME Academy TBA 2-2 DME Academy TBA 1-2 Springstead TBA 3-1 SCPAS TBA 0-5 Sickles TBA 0-5 Sickles TBA 1-2 West Boca Raton TBA 3-1 Boca Raton Christian TBA 1-2 West Boca Raton TBA 5-0 (#3) Oviedo TBA 5-0 (#3) Oviedo TBA 5-0 (#3) Oviedo TBA 5-0 (#3) Oviedo TBA 3-1 Boca Raton Christian TBA 3-1 SCPAS TBA 1-3 Sarasota Christian TBA 4-2 East Lake TBA 3-0 Ransom Everglades TBA 2-0 Archbishop McCarthy TBA 3-2 Satellite TBA 2-0 Archbishop McCarthy TBA 1-1 CSSH TBA 1-1 CSSH TBA 3-0 (#6) Coral Gables TBA 3-2 Satellite TBA 2-2 Jensen Beach TBA 5-1 North Broward Prep 0-0 IMG Academy White TBA 0-0 IMG Academy White TBA TBA 2-1 Saint Andrew's 0-0 IMG Academy White TBA TBA 4-4 Pensacola TBA 3-0 (#13) Coral Springs Charter TBA 3-1 Divine Savior Academy TBA 3-1 Divine Savior Academy TBA 3-2 Niceville TBA 3-1 Riviera Prep TBA 3-1 Riviera Prep TBA 5-0 Palmetto TBA 2-0 Archbishop McCarthy 0-0 IMG Academy Black TBA TBA 3-0 Ransom Everglades TBA 4-4 Pensacola 3-0 (#20) Westminster Christian TBA"
375,fl,"Florida",Volleyball,"TBA 3-2 Mater Lakes Academy 8a"
376,fl,"Florida",Volleyball,"4-0 Sarasota 3-2 Bradenton Christian 8a"
377,fl,"Florida",Volleyball,"1-3 Sarasota Christian 6-1 DeSoto County 8a"
378,fl,"Florida",Volleyball,"6-2 Coral Shores TBA 8a"
379,fl,"Florida",Volleyball,"1-4 Baldwin County 4-3 Blountstown 8:30a"
380,fl,"Florida",Volleyball,"9-2 Trinity Prep 2-3 Pace 8:30a"
381,fl,"Florida",Volleyball,"3-0 Northside Christian 0-0 IMG Academy White 9a"
382,fl,"Florida",Volleyball,"13-5 Colleyville Heritage 5-0 Viera 9a"
383,fl,"Florida",Volleyball,"1-2 Springstead 0-5 Sickles 9a"
384,fl,"Florida",Volleyball,"2-3 Parrish Community 4-1 (#11) Indian Rocks Christian 9a"
385,fl,"Florida",Volleyball,"2-1 Manatee TBA 9a"
386,fl,"Florida",Volleyball,"2-1 Crystal River 4-2 East Lake 9a"
387,fl,"Florida",Volleyball,"TBA 4-2 East Lake 9a"
388,fl,"Florida",Volleyball,"0-0 Cardinal Spellman 1-2 Geneva 9a"
389,fl,"Florida",Volleyball,"5-3 Union 3-1 Legacy Charter 9a"
390,fl,"Florida",Volleyball,"2-2 Crestview 1-1 Highlands Christian 9a"
391,fl,"Florida",Volleyball,"4-1 Saint Stephen's Episcopal TBA 9a"
392,fl,"Florida",Volleyball,"2-1 Tampa Catholic 0-3 Cardinal Mooney 9a"
393,fl,"Florida",Volleyball,"TBA 3-2 Bradenton Christian 9a"
394,fl,"Florida",Volleyball,"2-1 Saint Andrew's 1-2 West Boca Raton 9a"
395,fl,"Florida",Volleyball,"3-3 Booker T. Washington 4-5 Hillcrest 8:30a"
396,fl,"Florida",Volleyball,"4-4 Pensacola 8-4 Pleasant Valley 8:30a"
397,fl,"Florida",Volleyball,"4-0 Lecanto 2-3 River Ridge 10a"
398,fl,"Florida",Volleyball,"2-2 Paul Laurence Dunbar 2-2 Crestview 10:15a"
399,fl,"Florida",Volleyball,"1-1 Highlands Christian 7-9 King's Ridge Christian 10:15a"
400,fl,"Florida",Volleyball,"5-0 Viera 1-2 Geneva 10:15a"
401,fl,"Florida",Volleyball,"12-9 North Cobb 3-1 Legacy Charter 10:15a"
402,fl,"Florida",Volleyball,"0-0 Sports Leadership & Management 2-3 St. John Paul II Academy 10:15a"
403,fl,"Florida",Volleyball,"1-2 Florida Atlantic University 0-2 Calvary Christian Academy 10:15a"
404,fl,"Florida",Volleyball,"15-1 McGill-Toolen 3-2 Clearwater Central Catholic 11a"
405,fl,"Florida",Volleyball,"1-1 Tampa Prep 3-1 St. Thomas Aquinas 11a"
406,fl,"Florida",Volleyball,"5-0 (#8) Pensacola Catholic 1-0 Archbishop Hannan 10a"
407,fl,"Florida",Volleyball,"1-7 Horeb Christian 2-2 Basilica 11a"
408,fl,"Florida",Volleyball,"2-1 Manatee TBA 11a"
409,fl,"Florida",Volleyball,"0-0 Cardinal Spellman 3-1 Legacy Charter 11:30a"
410,fl,"Florida",Volleyball,"TBA 6-1 DeSoto County 11:30a"
411,fl,"Florida",Volleyball,"13-5 Colleyville Heritage 1-2 Geneva 11:30a"
412,fl,"Florida",Volleyball,"2-2 Crestview 1-0 Ursuline 11:30a"
413,fl,"Florida",Volleyball,"1-1 Highlands Christian 2-2 Paul Laurence Dunbar 11:30a"
414,fl,"Florida",Volleyball,"8-12 Roswell 1-2 Geneva 12:45p"
415,fl,"Florida",Volleyball,"5-0 (#8) Pensacola Catholic 11-6 St. John Paul II 12p"
416,fl,"Florida",Volleyball,"2-1 Manatee TBA 1p"
417,fl,"Florida",Volleyball,"12-3 St. Pius X Catholic 3-2 Clearwater Central Catholic 2p"
418,fl,"Florida",Volleyball,"5-0 (#8) Pensacola Catholic 22-2 Blessed Trinity 2p"
419,fl,"Florida",Volleyball,"TBA 6-1 DeSoto County 2:30p"
420,fl,"Florida",Volleyball,"TBA 2-2 Jensen Beach 3p"
421,fl,"Florida",Volleyball,"0-0 Mt. Carmel 3-2 Clearwater Central Catholic 3p"
422,fl,"Florida",Volleyball,"4-0 Seminole Ridge 0-4 Oberlin 3:15p"
423,fl,"Florida",Volleyball,"0-2G Garrett Memorial Christian 2-2 American Heritage 3:15p"
424,fl,"Florida",Volleyball,"TBA 2-4 Mater Academy Charter 4p"
425,fl,"Florida",Volleyball,"1-1 Golden Valley 2-2 American Heritage 4:30p"
426,fl,"Florida",Volleyball,"TBA 2-4 Mater Academy Charter 5:30p"
427,fl,"Florida",Volleyball,"4-0 Seminole Ridge 2-2 American Heritage 5:45p"
428,fl,"Florida",Volleyball,"8-12 Roswell 5-0 Viera 11:30p"
429,fl,"Florida",Volleyball,"TBA 3-2 Dreyfoos School of the Arts"
430,fl,"Florida",Volleyball,"TBA 2-2 DME Academy"
431,fl,"Florida",Volleyball,"TBA 2-2 DME Academy"
432,fl,"Florida",Volleyball,"TBA 1-2 Springstead"
433,fl,"Florida",Volleyball,"TBA 3-1 SCPAS"
434,fl,"Florida",Volleyball,"TBA 0-5 Sickles"
435,fl,"Florida",Volleyball,"TBA 0-5 Sickles"
436,fl,"Florida",Volleyball,"TBA 1-2 West Boca Raton"
437,fl,"Florida",Volleyball,"TBA 3-1 Boca Raton Christian"
438,fl,"Florida",Volleyball,"TBA 1-2 West Boca Raton"
439,fl,"Florida",Volleyball,"TBA 5-0 (#3) Oviedo"
440,fl,"Florida",Volleyball,"TBA 5-0 (#3) Oviedo"
441,fl,"Florida",Volleyball,"TBA 5-0 (#3) Oviedo"
442,fl,"Florida",Volleyball,"TBA 5-0 (#3) Oviedo"
443,fl,"Florida",Volleyball,"TBA 3-1 Boca Raton Christian"
444,fl,"Florida",Volleyball,"TBA 3-1 SCPAS"
445,fl,"Florida",Volleyball,"TBA 1-3 Sarasota Christian"
446,fl,"Florida",Volleyball,"TBA 4-2 East Lake"
447,fl,"Florida",Volleyball,"TBA 3-0 Ransom Everglades"
448,fl,"Florida",Volleyball,"TBA 2-0 Archbishop McCarthy"
449,fl,"Florida",Volleyball,"TBA 3-2 Satellite"
450,fl,"Florida",Volleyball,"TBA 2-0 Archbishop McCarthy"
451,fl,"Florida",Volleyball,"TBA 1-1 CSSH"
452,fl,"Florida",Volleyball,"TBA 1-1 CSSH"
453,fl,"Florida",Volleyball,"TBA 3-0 (#6) Coral Gables"
454,fl,"Florida",Volleyball,"TBA 3-2 Satellite"
455,fl,"Florida",Volleyball,"TBA 2-2 Jensen Beach"
456,fl,"Florida",Volleyball,"TBA 5-1 North Broward Prep"
457,fl,"Florida",Volleyball,"0-0 IMG Academy White TBA"
458,fl,"Florida",Volleyball,"0-0 IMG Academy White TBA"
459,fl,"Florida",Volleyball,"TBA 2-1 Saint Andrew's"
460,fl,"Florida",Volleyball,"0-0 IMG Academy White TBA"
461,fl,"Florida",Volleyball,"TBA 4-4 Pensacola"
462,fl,"Florida",Volleyball,"TBA 3-0 (#13) Coral Springs Charter"
463,fl,"Florida",Volleyball,"TBA 3-1 Divine Savior Academy"
464,fl,"Florida",Volleyball,"TBA 3-1 Divine Savior Academy"
465,fl,"Florida",Volleyball,"TBA 3-2 Niceville"
466,fl,"Florida",Volleyball,"TBA 3-1 Riviera Prep"
467,fl,"Florida",Volleyball,"TBA 3-1 Riviera Prep"
468,fl,"Florida",Volleyball,"TBA 5-0 Palmetto"
469,fl,"Florida",Volleyball,"TBA 2-0 Archbishop McCarthy"
470,fl,"Florida",Volleyball,"0-0 IMG Academy Black TBA"
471,fl,"Florida",Volleyball,"TBA 3-0 Ransom Everglades"
472,fl,"Florida",Volleyball,"TBA 4-4 Pensacola"
473,fl,"Florida",Volleyball,"3-0 (#20) Westminster Christian TBA"
474,fl,"Florida",Volleyball,"Related ScoreboardsDistricts 1A District 11A District 101A District 111A District 121A District 131A District 141A District 151A District 161A District 21A District 3 Associations Florida High School Athletic AssociationSunshine State Athletic Association Metros Ft. MyersGainesvilleJacksonvilleMiamiOrlandoPanama CityTallahasseeTampaWest Palm Beach"
475,fl,"Florida",Volleyball,"Saturday, Sep. 5 11-2 Chesterton 10-0 (#17) Carroll 10a 10-0 (#25) Hamilton Southeastern 3-9 Bellmont 10a 10-0 (#25) Hamilton Southeastern 10-0 (#17) Carroll 12p 11-2 Centennial 11-0 (#1) Sierra Canyon 5:30p"
476,fl,"Florida",Volleyball,"11-2 Chesterton 10-0 (#17) Carroll 10a"
477,fl,"Florida",Volleyball,"10-0 (#25) Hamilton Southeastern 3-9 Bellmont 10a"
478,fl,"Florida",Volleyball,"10-0 (#25) Hamilton Southeastern 10-0 (#17) Carroll 12p"
479,fl,"Florida",Volleyball,"11-2 Centennial 11-0 (#1) Sierra Canyon 5:30p"
480,ga,"Georgia",Volleyball,"There are 23 matches for Georgia volleyball on Sat, 9/5/2026. The featured matches are by Georgia top ranked teams Mt. Carmel (New Orleans, LA) vs. #2 Blessed Trinity (Roswell, GA), #2 Blessed Trinity (Roswell, GA) @ McGill-Toolen (Mobile, AL), and Pensacola Catholic (Pensacola, FL) vs. #2 Blessed Trinity (Roswell, GA). The first match, Trinity Prep (Loganville, GA) vs. Pace (FL), starts at 8:30a. Related Content Georgia Girls Volleyball Stat LeadersGeorgia Girls Volleyball PlayoffsGeorgia Girls Volleyball Rankings Recent Georgia Girls Volleyball HeadlinesVOLLEYBALL: Preseason top 100VOLLEYBALL: Preseason All-Americans Georgia High School Volleyball Schedule 23 Matches 9-2 Trinity Prep 2-3 Pace 8:30a 19-4 Central Heights 7-9 King's Ridge Christian 9a console.log('MaxPrepsAds - createMark: Element Defined - leaderboard-banner-inc1');performance && performance.mark && performance.mark('MaxPrepsAds - Element Defined: leaderboard-banner-inc1'); 8-12 Roswell 12-9 North Cobb 9a 16-4 North Hall 1-0 Ursuline 9a T Tournament Opponent 9-2 (#5) Woodward Academy 9:30a 12-2 Deshler 14-8 Mount Paran Christian 9:30a 11-6 St. John Paul II 12-3 (#17) St. Pius X Catholic 10a 1-1 Highlands Christian 7-9 King's Ridge Christian 10:15a 19-4 Central Heights 16-4 North Hall 10:15a 12-9 North Cobb 3-1 Legacy Charter 10:15a 0-0 Mt. Carmel 22-2 (#2) Blessed Trinity 11a 5-3 Union 12-9 North Cobb 11:30a 7-5 Siegel 14-8 Mount Paran Christian 11:30a 16-4 North Hall 7-9 King's Ridge Christian 11:30a 6-4 Oakland 9-2 (#5) Woodward Academy 11:30a 8-12 Roswell 1-2 Geneva 12:45p 1-0 Archbishop Hannan 12-3 (#17) St. Pius X Catholic 1p 8-3 Cullman 9-2 (#5) Woodward Academy 1:30p 10-5 Alexandria 14-8 Mount Paran Christian 1:30p 22-2 (#2) Blessed Trinity 15-1 McGill-Toolen 1p 5-0 Pensacola Catholic 22-2 (#2) Blessed Trinity 2p 12-3 (#17) St. Pius X Catholic 3-2 Clearwater Central Catholic 2p 8-12 Roswell 5-0 Viera 11:30p"
481,ga,"Georgia",Volleyball,"9-2 Trinity Prep 2-3 Pace 8:30a"
482,ga,"Georgia",Volleyball,"19-4 Central Heights 7-9 King's Ridge Christian 9a"
483,ga,"Georgia",Volleyball,"8-12 Roswell 12-9 North Cobb 9a"
484,ga,"Georgia",Volleyball,"16-4 North Hall 1-0 Ursuline 9a"
485,ga,"Georgia",Volleyball,"T Tournament Opponent 9-2 (#5) Woodward Academy 9:30a"
486,ga,"Georgia",Volleyball,"12-2 Deshler 14-8 Mount Paran Christian 9:30a"
487,ga,"Georgia",Volleyball,"11-6 St. John Paul II 12-3 (#17) St. Pius X Catholic 10a"
488,ga,"Georgia",Volleyball,"1-1 Highlands Christian 7-9 King's Ridge Christian 10:15a"
489,ga,"Georgia",Volleyball,"19-4 Central Heights 16-4 North Hall 10:15a"
490,ga,"Georgia",Volleyball,"12-9 North Cobb 3-1 Legacy Charter 10:15a"
491,ga,"Georgia",Volleyball,"0-0 Mt. Carmel 22-2 (#2) Blessed Trinity 11a"
492,ga,"Georgia",Volleyball,"5-3 Union 12-9 North Cobb 11:30a"
493,ga,"Georgia",Volleyball,"7-5 Siegel 14-8 Mount Paran Christian 11:30a"
494,ga,"Georgia",Volleyball,"16-4 North Hall 7-9 King's Ridge Christian 11:30a"
495,ga,"Georgia",Volleyball,"6-4 Oakland 9-2 (#5) Woodward Academy 11:30a"
496,ga,"Georgia",Volleyball,"8-12 Roswell 1-2 Geneva 12:45p"
497,ga,"Georgia",Volleyball,"1-0 Archbishop Hannan 12-3 (#17) St. Pius X Catholic 1p"
498,ga,"Georgia",Volleyball,"8-3 Cullman 9-2 (#5) Woodward Academy 1:30p"
499,ga,"Georgia",Volleyball,"10-5 Alexandria 14-8 Mount Paran Christian 1:30p"
500,ga,"Georgia",Volleyball,"22-2 (#2) Blessed Trinity 15-1 McGill-Toolen 1p"
501,ga,"Georgia",Volleyball,"5-0 Pensacola Catholic 22-2 (#2) Blessed Trinity 2p"
502,ga,"Georgia",Volleyball,"12-3 (#17) St. Pius X Catholic 3-2 Clearwater Central Catholic 2p"
503,ga,"Georgia",Volleyball,"8-12 Roswell 5-0 Viera 11:30p"
504,ga,"Georgia",Volleyball,"Related ScoreboardsRegions 1A Region 11A Region 21A Region 31A Region 41A Region 51A Region 61A Region 71A Region 82A Region 12A Region 2 Associations Georgia Association of Private & Parochial SchoolsGeorgia High School AssociationGeorgia Independent Athletic AssociationGeorgia Volleyball Coaches Association Metros Albany, GaAtlantaAugustaMaconSavannah"
505,ga,"Georgia",Volleyball,"Saturday, Sep. 5 11-2 Chesterton 10-0 (#17) Carroll 10a 10-0 (#25) Hamilton Southeastern 3-9 Bellmont 10a 10-0 (#25) Hamilton Southeastern 10-0 (#17) Carroll 12p 11-2 Centennial 11-0 (#1) Sierra Canyon 5:30p"
506,ga,"Georgia",Volleyball,"11-2 Chesterton 10-0 (#17) Carroll 10a"
507,ga,"Georgia",Volleyball,"10-0 (#25) Hamilton Southeastern 3-9 Bellmont 10a"
508,ga,"Georgia",Volleyball,"10-0 (#25) Hamilton Southeastern 10-0 (#17) Carroll 12p"
509,ga,"Georgia",Volleyball,"11-2 Centennial 11-0 (#1) Sierra Canyon 5:30p"
510,hi,"Hawaii",Volleyball,"There are 6 matches for Hawaii volleyball on Sat, 9/5/2026. The featured matches are by Hawaii top ranked teams #10 Molokai (Hoolehua, HI) @ #4 Seabury (Makawao, HI), #16 Kalaheo (Kailua, HI) vs. Columbine (Littleton, CO), and #19 Kapolei (HI) vs. Joshua (TX). The first match, Roosevelt (Honolulu, HI) vs. Joshua (TX), starts at 9a. Related Content Hawaii Girls Volleyball Stat LeadersHawaii Girls Volleyball PlayoffsHawaii Girls Volleyball Rankings Recent Hawaii Girls Volleyball HeadlinesVOLLEYBALL: Preseason All-AmericansVOLLEYBALL: Preseason MaxPreps Top 25 Hawaii High School Volleyball Schedule 6 Matches 0-0 Roosevelt 12-5 Joshua 9a 1-4 (#19) Kapolei 12-5 Joshua 10:15a console.log('MaxPrepsAds - createMark: Element Defined - leaderboard-banner-inc1');performance && performance.mark && performance.mark('MaxPrepsAds - Element Defined: leaderboard-banner-inc1'); 2-0L Lanai 1-4 (#25) Maui Prep 9a 0-4 (#16) Kalaheo 3-0 Columbine 1p 3-2M (#10) Molokai 3-2 (#4) Seabury 10a TBA 4-3 Kamehameha Kapalama 7p"
511,hi,"Hawaii",Volleyball,"0-0 Roosevelt 12-5 Joshua 9a"
512,hi,"Hawaii",Volleyball,"1-4 (#19) Kapolei 12-5 Joshua 10:15a"
513,hi,"Hawaii",Volleyball,"2-0L Lanai 1-4 (#25) Maui Prep 9a"
514,hi,"Hawaii",Volleyball,"0-4 (#16) Kalaheo 3-0 Columbine 1p"
515,hi,"Hawaii",Volleyball,"3-2M (#10) Molokai 3-2 (#4) Seabury 10a"
516,hi,"Hawaii",Volleyball,"TBA 4-3 Kamehameha Kapalama 7p"
517,hi,"Hawaii",Volleyball,"Related ScoreboardsLeagues Big Island IInterscholastic LeagueKauaiMauiOahu EastOahu West Associations Hawaii High School Athletic Association Metros Honolulu"
518,hi,"Hawaii",Volleyball,"Saturday, Sep. 5 11-2 Chesterton 10-0 (#17) Carroll 10a 10-0 (#25) Hamilton Southeastern 3-9 Bellmont 10a 10-0 (#25) Hamilton Southeastern 10-0 (#17) Carroll 12p 11-2 Centennial 11-0 (#1) Sierra Canyon 5:30p"
519,hi,"Hawaii",Volleyball,"11-2 Chesterton 10-0 (#17) Carroll 10a"
520,hi,"Hawaii",Volleyball,"10-0 (#25) Hamilton Southeastern 3-9 Bellmont 10a"
521,hi,"Hawaii",Volleyball,"10-0 (#25) Hamilton Southeastern 10-0 (#17) Carroll 12p"
522,hi,"Hawaii",Volleyball,"11-2 Centennial 11-0 (#1) Sierra Canyon 5:30p"
523,id,"Idaho",Volleyball,"There are 20 matches for Idaho volleyball on Sat, 9/5/2026. The featured matches are by Idaho top ranked teams #4 Bear Lake (Montpelier, ID) vs. Green River (WY), East (Cheyenne, WY) @ #4 Bear Lake (Montpelier, ID), and #17 Preston (ID) @ Jerome (ID). The first match, Hillcrest (Idaho Falls, ID) @ Evanston (WY), starts at 12a. Related Content Idaho Girls Volleyball Stat LeadersIdaho Girls Volleyball PlayoffsIdaho Girls Volleyball Rankings Recent Idaho Girls Volleyball HeadlinesVOLLEYBALL: Top 10 senior liberos Idaho High School Volleyball Schedule 20 Matches 5-2 Hillcrest 5-1 Evanston 12a 3-1 Canyon Ridge 2-6 Jerome 8a console.log('MaxPrepsAds - createMark: Element Defined - leaderboard-banner-inc1');performance && performance.mark && performance.mark('MaxPrepsAds - Element Defined: leaderboard-banner-inc1'); 2-2 Timberlake 2-6 Jerome 8a 0-1 Raft River 2-6 Jerome 8a 3-4 Homedale 2-6 Jerome 9a 5-0-1 Burns 5-6 (#25) Horseshoe Bend 10a 3-0 (#4) Bear Lake 4-1 Green River 10a 5-3 (#17) Preston 2-6 Jerome 10a 5-0 Kelly Walsh 1-1 Bonneville 10a 5-2 Hillcrest 5-0 Kelly Walsh 10a 4-0I Imbler 5-6 (#25) Horseshoe Bend 11a 2-3 Rock Springs 1-1 Bonneville 12p 2-7 New Plymouth 5-6 (#25) Horseshoe Bend 1p 1-1 Marin Catholic 3-0 Skyview 1p 3-0 Folsom 3-0 Skyview 1:30p 5-2 Hillcrest 3-2 Central 2p 1-4 Star Valley 1-1 Bonneville 2p 5-1 East 3-0 (#4) Bear Lake 5p TBA 1-2D Dietrich 5-4 Grace TBA"
524,id,"Idaho",Volleyball,"5-2 Hillcrest 5-1 Evanston 12a"
525,id,"Idaho",Volleyball,"3-1 Canyon Ridge 2-6 Jerome 8a"
526,id,"Idaho",Volleyball,"2-2 Timberlake 2-6 Jerome 8a"
527,id,"Idaho",Volleyball,"0-1 Raft River 2-6 Jerome 8a"
528,id,"Idaho",Volleyball,"3-4 Homedale 2-6 Jerome 9a"
529,id,"Idaho",Volleyball,"5-0-1 Burns 5-6 (#25) Horseshoe Bend 10a"
530,id,"Idaho",Volleyball,"3-0 (#4) Bear Lake 4-1 Green River 10a"
531,id,"Idaho",Volleyball,"5-3 (#17) Preston 2-6 Jerome 10a"
532,id,"Idaho",Volleyball,"5-0 Kelly Walsh 1-1 Bonneville 10a"
533,id,"Idaho",Volleyball,"5-2 Hillcrest 5-0 Kelly Walsh 10a"
534,id,"Idaho",Volleyball,"4-0I Imbler 5-6 (#25) Horseshoe Bend 11a"
535,id,"Idaho",Volleyball,"2-3 Rock Springs 1-1 Bonneville 12p"
536,id,"Idaho",Volleyball,"2-7 New Plymouth 5-6 (#25) Horseshoe Bend 1p"
537,id,"Idaho",Volleyball,"1-1 Marin Catholic 3-0 Skyview 1p"
538,id,"Idaho",Volleyball,"3-0 Folsom 3-0 Skyview 1:30p"
539,id,"Idaho",Volleyball,"5-2 Hillcrest 3-2 Central 2p"
540,id,"Idaho",Volleyball,"1-4 Star Valley 1-1 Bonneville 2p"
541,id,"Idaho",Volleyball,"5-1 East 3-0 (#4) Bear Lake 5p"
542,id,"Idaho",Volleyball,"TBA 1-2D Dietrich"
543,id,"Idaho",Volleyball,"5-4 Grace TBA"
544,id,"Idaho",Volleyball,"Related ScoreboardsConferences 1A Long Pin1A North Star1A Rocky Mountain1A Sawtooth1A Whitepine2A High Desert2A Scenic Idaho2A Snake River 2A Western Idaho2A Whitepine Associations Idaho High School Activities Association Metros BoiseIdaho FallsTwin Falls"
545,id,"Idaho",Volleyball,"Saturday, Sep. 5 11-2 Chesterton 10-0 (#17) Carroll 10a 10-0 (#25) Hamilton Southeastern 3-9 Bellmont 10a 10-0 (#25) Hamilton Southeastern 10-0 (#17) Carroll 12p 11-2 Centennial 11-0 (#1) Sierra Canyon 5:30p"
546,id,"Idaho",Volleyball,"11-2 Chesterton 10-0 (#17) Carroll 10a"
547,id,"Idaho",Volleyball,"10-0 (#25) Hamilton Southeastern 3-9 Bellmont 10a"
548,id,"Idaho",Volleyball,"10-0 (#25) Hamilton Southeastern 10-0 (#17) Carroll 12p"
549,id,"Idaho",Volleyball,"11-2 Centennial 11-0 (#1) Sierra Canyon 5:30p"
550,il,"Illinois",Volleyball,"There are 279 matches for Illinois volleyball on Sat, 9/5/2026. The featured matches are by Illinois top ranked teams Vernon Hills (IL) vs. #6 Libertyville (IL), Elgin (IL) vs. #6 Libertyville (IL), and Grayslake North (Grayslake, IL) vs. #6 Libertyville (IL). The first match, Lemont (IL) vs. Rockford Christian (Rockford, IL), starts at 12:15a. Related Content Illinois Girls Volleyball Stat LeadersIllinois Girls Volleyball PlayoffsIllinois Girls Volleyball Rankings Recent Illinois Girls Volleyball HeadlinesVOLLEYBALL: Preseason top 100VOLLEYBALL: Preseason All-Americans Illinois High School Volleyball Schedule 279 Matches 3-4 Lemont 1-1 Rockford Christian 12:15a 2-1 Schaumburg Christian 0-4 Hiawatha 8a console.log('MaxPrepsAds - createMark: Element Defined - leaderboard-banner-inc1');performance && performance.mark && performance.mark('MaxPrepsAds - Element Defined: leaderboard-banner-inc1'); 3-0 Newark TBA 8a TBA 3-4 Buffalo Grove 8a TBA 2-3 Grayslake Central 8a 0-2 North Greene 0-0G Griggsville-Perry 8a 2-2 Hoopeston 0-1 Blue Ridge 8a 1-2 Illinois Lutheran 6-0 (#21) Manteno 8a 3-1 Plainfield South TBA 8a 1-3 Yorkville Christian 0-2 Rochelle 8a 3-4 Lemont 1-1 South Elgin 8a 2-0 Vernon Hills 7-0 (#6) Libertyville 8a 3-2E Earlville 5-1 Ottawa 8a TBA 1-1R Rosary 8a 1-2 Peotone 5-1 Ottawa 8a 0-1 Grayslake North 6-1 (#18) Carmel 8a 0-5 Rockford East 0-2 Rock Falls 8a 0-4 Heritage 0-3 Altamont 8a 1-2 Vandalia TBA 8a TBA 2-2B Bureau Valley 8a 1-2 Greenville 0-3 Altamont 8:30a 0-0C Cerro Gordo 4-0 Nokomis 8:30a TBA 4-3 Trinity 8:30a TBA 5-0 Chicago University 9a 1-4 Meridian 4-1 Paris 9a 2-1 Chester 2-1 Highland 9a 5-2 DePaul College Prep 2-4 Lane Tech 9a 2-0 Christian Heritage Academy TBA 9a 4-4 Mundelein 2-1 Hampshire 9a 3-4 Fenton 1-2 Woodstock North 9a 0-1 Mooseheart 0-4 Hiawatha 9a TBA 5-2 Lake Zurich 9a 2-4 Neoga 1-1 Mattoon 9a 2-1 Harlem 2-0 Conant 9a 2-2 Cowden-Herrick/Beecher City 4-1 Sullivan 9a 2-2 Crete-Monee 3-3 Oak Forest 9a 1-3 Yorkville Christian 1-2 McHenry 9a 2-0 Vernon Hills 6-1 (#18) Carmel 9a TBA 3-4 Buffalo Grove 9a 0-3 Jacobs 0-3 Cary-Grove 9a 1-4 Warren Township 0-3 Jacobs 9a 0-2-1 Stillman Valley 1-0 Lena-Winslow 9a TBA 2-0 Conant 9a 1-4 Elgin 7-0 (#6) Libertyville 9a 0-3 Evergreen Park 1-4 Richards 9a TBA 5-2 (#22) Montini Catholic 9a TBA 2-1 Fenwick 9a 0-3 Cary-Grove 2-1 Belvidere North 9a 1-2 Aurora East 5-3 Oak Lawn 9a 1-2 Johnston City 2-4 Carbondale 9a 5-1 Glenbard West 1-6 Grant Community 9a 3-0 Newark 0-6-2 Sherrard 9a N NVTO 1-1 Edwards County 9a 3-2C Clifton Central 0-1 Grace Christian Academy 9a 3-4 Princeton 7-1 LaSalle-Peru 9a 1-2 Rockford Auburn 3-5 Evanston 9a 2-1 Schaumburg Christian 1-2 North Shore Country Day 9a 5-0 (#13) Morton 1-1 O'Fallon 9a 0-4 Anna-Jonesboro 2-4 Carbondale 9a TBA 2-3 Grayslake Central 9a 2-0 Vernon Hills 2-3 Grayslake Central 9a 5-2 Columbia 1-0 Edwardsville 9a 1-4-1 Glenbard North TBA 9a 3-0 Zion-Benton 6-2 Lakes 9a 1-4 Richland County 2-2 Tolono Unity 9a 2-1 Willows Academy 2-1 Schaumburg Christian 9a TBA 1-4 Richland County 9a TBA 2-2 Delavan 9a 0-3 Marian Central Catholic 3-3 Barrington 9a 7-1 Durand 2-1 Eastland 9a 1-1 Mt. Pulaski 5-3 LeRoy 9a 2-1 Breese Central 3-0 Lafayette 9a 0-0 Plainfield Central 5-1 Thornton Fractional South 9a 7-1 (#15) Chicago Christian TBA 9a 4-3 Springfield 2-1 Centralia 9a TBA 5-3 Maine South 9a 4-1 Fairfield 2-1 Hutsonville/Palestine 9a 4-1 Niles West 1-1 Rockford Christian 9:15a 2-4 Kaneland 1-1 South Elgin 9:15a 0-2 North Greene 0-3P Pleasant Hill 9:45a TBA 4-3 Trinity 9:45a 1-4 Meridian 2-3 Maroa-Forsyth 10a 0-0H Hamilton 5-2 DePaul College Prep 10a TBA 5-0 Chicago University 10a 4-4 Mundelein 2-4 Lane Tech 10a 4-2 Batavia 0-3 Jacobs 10a TBA 5-2 Lake Zurich 10a 3-1 St. Elmo/Brownstown 4-4 Wayne City 10a 3-5 Evanston 1-5 Wauconda 10a 4-3 Warrensburg-Latham 4-1 Sullivan 10a 0-1 Grace Christian Academy 6-0 (#21) Manteno 10a 3-3 Marian Catholic 2-2 Thornton Fractional North 10a 1-1 Watseka 0-6-2 Sherrard 10a 2-1 Genoa-Kingston 8-0 (#9) Stockton 10a TBA 5-1 Thornton Fractional South 10a 1-3 Harrisburg 0-0 Sikeston 10a 5-1 South Knox 4-2 Lawrenceville 10a 3-4 Mt. Carmel 1-3 Hinsdale South 10a 8-0 (#9) Stockton 2-1 Genoa-Kingston 10a TBA 5-2 (#22) Montini Catholic 10a 1-3 Cristo Rey St. Martin 0-4 Hiawatha 10a 4-1 Niles West 2-4 Kaneland 10a 4-2 Mt. Vernon 1-2 Taylorville 10a 2-2 Hamilton County 3-2 DuQuoin 10a 3-1 Boylan Catholic 1-6 Grant Community 10a 3-4 Morrison 3-4 Princeton 10a 0-3 Cary-Grove 0-3 Marian Central Catholic 10a 0-1 St. Clair 2-5 Herrin 10a 1-1 Marshall 3-4 Oblong 10a 1-2 Antioch 1-2 Woodstock North 10a 1-0 New Trier 2-1 Hampshire 10a 1-2 West Carroll 3-1 Dakota 10a 2-3 Newman Central Catholic 0-2 Rock Falls 10a 1-2L Lowpoint-Washburn 0-1 Blue Ridge 10a N Non Varsity Opponent 1-2 Arcola 10a TBA 1-0 Naperville North 10a 2-1 Hutsonville/Palestine 0-1 Mt. Zion 10a 1-4 Harvard 3-4 Fenton 10a 2-1 Belvidere North 3-3 Barrington 10a 6-1 (#18) Carmel 2-3 Grayslake Central 10a 3-0 ALAH (CO-OP) 2-2 Tolono Unity 10a TBA 5-3 Maine South 10a TBA 3-3 Oak Forest 10a 1-2 Lincoln 2-0 Rock Island 10:10a 1-2 Greenville 4-0 Nokomis 10:10a 0-4 Decatur Eisenhower 2-1 Freeburg 10:10a 0-1 Grayslake North 7-0 (#6) Libertyville 10:15a 1-3 Yorkville Christian TBA 10:20a 2-4 Kaneland 1-1 Rockford Christian 10:30a 3-4 Lemont 4-1 Niles West 10:30a 8-1 Northpoint Christian 7-1 Red Bud 10:45a 2-2B Bureau Valley 7-1 LaSalle-Peru 11a 0-4 Anna-Jonesboro 2-1 Highland 11a 2-4 Hinckley-Big Rock 5-1-2 St. Bede 11a 4-1 Fairfield 0-1 Mt. Zion 11a 5-1 Thornton Fractional South TBA 11a 0-3 Marian Central Catholic 2-1 Belvidere North 11a 0-3 Cary-Grove 3-3 Barrington 11a 2-3 Maroa-Forsyth 4-1 Paris 11a 1-1 Cobden 3-1 St. Elmo/Brownstown 11a 1-2 Arcola 1-1 Edwards County 11a 1-4 Harvard 1-2 Woodstock North 11a 0-5 Crystal Lake Central 1-6 Grant Community 11a 3-5 Evanston 3-4 Woodstock 11a 2-2 Normal West 5-2 Benet Academy 11a 3-2C Clifton Central 1-2 Illinois Lutheran 11a 1-0 St. Anthony 1-3 Hinsdale South 11a 3-1 Bloomington Central Catholic 3-2 Sacred Heart-Griffin 11a 2-1 Willows Academy 0-4 Hiawatha 11a 0-2 Marion 3-2 DuQuoin 11a 2-5 Prospect 0-3 Jacobs 11a TBA 3-3 Oak Forest 11a 1-2 Antioch 3-4 Fenton 11:30a 0-0G Griggsville-Perry 0-0 WC (CO-OP) 11:30a 0-0 Jackson 2-5 Herrin 11:30a 0-2 Christ Our Rock Lutheran 4-0 Nokomis 11:50a 1-4 Elgin 6-1 (#18) Carmel 12p 3-4 Morrison 7-1 LaSalle-Peru 12p 1-2 Illinois Lutheran 0-1 Grace Christian Academy 12p 4-3 Springfield 4-2 Mt. Vernon 12p 7-0 (#6) Libertyville 2-3 Grayslake Central 12p 4-2 Carterville 2-1 Chester 12p 2-2 Hamilton County 5-2 Benton 12p 3-4 Riverdale 0-2 Rock Falls 12p TBA 1-0 Naperville North 12p TBA 2-3 Grayslake Central 12p 2-3 Paxton-Buckley-Loda 2-0 Illinois Valley Central 12p 2-1 Casey-Westfield 0-1 Blue Ridge 12p 3-1 Bloomington Central Catholic 6-2 Quincy Notre Dame 12p 1-3 Harrisburg 1-2 Johnston City 12p 0-4 Grant Park 0-6-2 Sherrard 12p 4-2 Lawrenceville 3-4 Oblong 12p 4-4 Wayne City 1-1 Cobden 12p 4-1 Niles West 1-1 South Elgin 12:15p 5-1-2 Oakville 7-1 Red Bud 12:15p 1-1 Rockford Christian 3-4 Lemont 12:15p TBA 2-1 Genoa-Kingston 12:15p TBA 1-2 Arcola 12:30p TBA 3-3 Barrington 12:45p TBA 0-3 Jacobs 1p TBA 2-3 Grayslake Central 1p 6-1 (#18) Carmel 7-0 (#6) Libertyville 1p 3-2C Clifton Central 6-0 (#21) Manteno 1p 1-3 Harrisburg 2-4 Carbondale 1p 2-2B Bureau Valley 3-4 Princeton 1p TBA 1-2 Woodstock North 1p 3-4 Marquette Catholic 5-1 Carrollton 1p TBA 2-3 Maroa-Forsyth 1p 4-2 Carterville 2-1 Highland 1p 4-3 Springfield 1-2 Taylorville 1p 2-2 Hamilton County 0-2 Marion 1p 6-2 Quincy Notre Dame 3-2 Sacred Heart-Griffin 1p 3-5 Evanston TBA 1p 6-6 Gibson County 2-5 Herrin 1:15p 0-3P Pleasant Hill 1-0S South County 1:15p 1-1 Rockford Christian 1-1 South Elgin 1:30p TBA 2-1 Genoa-Kingston 1:30p 2-4 Kaneland 3-4 Lemont 1:30p TBA 3-3 Barrington 1:45p TBA 1-2 Woodstock North 2p 1-2 Johnston City 0-0 Sikeston 2p 3-2 DuQuoin 5-2 Benton 2p TBA 0-3 Jacobs 2p 0-4 Anna-Jonesboro 2-1 Chester 2p TBA 0-1 Blue Ridge 2p 3-5 Evanston TBA 2p 5-1 South Knox 3-4 Oblong 2p 7-1 Red Bud 0-0 Jackson 2p 1-1 Marshall 4-2 Lawrenceville 2p 2-5 Herrin 5-1-2 Oakville 2:45p 0-0T Triopia/Virginia 0-0 WC (CO-OP) 3p TBA 3-2 DuQuoin 3p TBA 1-2 Arcola 3:30p 8-5 Dyer County 7-1 Red Bud 3:30p TBA 1-2 Arcola 4:30p 0-0T Triopia/Virginia 1-0S South County 4:45p 3-2 Freeport 5-1 Ottawa 9:50p TBA 2-3 Grayslake Central 10p 4-1 Fairfield TBA TBA 4-2 Carterville TBA 2-1 Eastland TBA 0-3 Marian Central Catholic TBA 0-3 Marian Central Catholic 0-2 Rochelle 3-2 Freeport TBA 1-0 Trinity Oaks Christian Academy TBA 1-3 Maine West TBA 0-2 Schaumburg TBA 1-0 Trinity Oaks Christian Academy TBA 1-0 Trinity Oaks Christian Academy TBA 4-4 Nashville TBA 1-5 Payton College Prep TBA 7-1 LaSalle-Peru TBA 7-1 LaSalle-Peru TBA 1-5 Payton College Prep TBA 6-2 Lakes TBA 3-1 Dakota TBA 3-1 Dakota TBA 0-2 Schaumburg TBA 1-3 Maine West TBA 1-0 Trinity Oaks Christian Academy 1-2 Calvary Christian Academy TBA TBA 3-3 Normal Community TBA 5-2 Resurrection TBA 2-0 Lake Park TBA 2-0 Lake Park TBA 1-1 Edwards County TBA 1-1 Edwards County TBA 1-3 Woodlands Academy TBA 4-3 Springfield TBA 1-1 Oak Park-River Forest TBA 1-1 Oak Park-River Forest TBA 1-1 Oak Park-River Forest TBA 0-2 Mendon Unity TBA 1-2 Peotone TBA 4-4 St. Laurence TBA 0-3 Altamont TBA 1-0 Lena-Winslow TBA 3-4 Aurora Christian TBA 3-1 Barry Western 3-3 De La Salle TBA TBA 5-3 Oak Lawn TBA 3-3 Normal Community TBA 4-1 Paris 1-2 McHenry TBA TBA 1-2 West Carroll TBA 1-0 Lena-Winslow TBA 1-2 Calvary Christian Academy TBA 1-2 Calvary Christian Academy TBA 3-3 Normal Community 1-2 Calvary Christian Academy TBA TBA 2-1 Erie-Prophetstown TBA 1-3 Cristo Rey St. Martin TBA 1-3 Cristo Rey St. Martin TBA 1-3 Cristo Rey St. Martin TBA 1-3 Cristo Rey St. Martin TBA 2-1 Pearl City TBA 5-3 Oak Lawn 3-0 ALAH (CO-OP) TBA TBA 1-1 Edwards County"
551,il,"Illinois",Volleyball,"3-4 Lemont 1-1 Rockford Christian 12:15a"
552,il,"Illinois",Volleyball,"2-1 Schaumburg Christian 0-4 Hiawatha 8a"
553,il,"Illinois",Volleyball,"3-0 Newark TBA 8a"
554,il,"Illinois",Volleyball,"TBA 3-4 Buffalo Grove 8a"
555,il,"Illinois",Volleyball,"TBA 2-3 Grayslake Central 8a"
556,il,"Illinois",Volleyball,"0-2 North Greene 0-0G Griggsville-Perry 8a"
557,il,"Illinois",Volleyball,"2-2 Hoopeston 0-1 Blue Ridge 8a"
558,il,"Illinois",Volleyball,"1-2 Illinois Lutheran 6-0 (#21) Manteno 8a"
559,il,"Illinois",Volleyball,"3-1 Plainfield South TBA 8a"
560,il,"Illinois",Volleyball,"1-3 Yorkville Christian 0-2 Rochelle 8a"
561,il,"Illinois",Volleyball,"3-4 Lemont 1-1 South Elgin 8a"
562,il,"Illinois",Volleyball,"2-0 Vernon Hills 7-0 (#6) Libertyville 8a"
563,il,"Illinois",Volleyball,"3-2E Earlville 5-1 Ottawa 8a"
564,il,"Illinois",Volleyball,"TBA 1-1R Rosary 8a"
565,il,"Illinois",Volleyball,"1-2 Peotone 5-1 Ottawa 8a"
566,il,"Illinois",Volleyball,"0-1 Grayslake North 6-1 (#18) Carmel 8a"
567,il,"Illinois",Volleyball,"0-5 Rockford East 0-2 Rock Falls 8a"
568,il,"Illinois",Volleyball,"0-4 Heritage 0-3 Altamont 8a"
569,il,"Illinois",Volleyball,"1-2 Vandalia TBA 8a"
570,il,"Illinois",Volleyball,"TBA 2-2B Bureau Valley 8a"
571,il,"Illinois",Volleyball,"1-2 Greenville 0-3 Altamont 8:30a"
572,il,"Illinois",Volleyball,"0-0C Cerro Gordo 4-0 Nokomis 8:30a"
573,il,"Illinois",Volleyball,"TBA 4-3 Trinity 8:30a"
574,il,"Illinois",Volleyball,"TBA 5-0 Chicago University 9a"
575,il,"Illinois",Volleyball,"1-4 Meridian 4-1 Paris 9a"
576,il,"Illinois",Volleyball,"2-1 Chester 2-1 Highland 9a"
577,il,"Illinois",Volleyball,"5-2 DePaul College Prep 2-4 Lane Tech 9a"
578,il,"Illinois",Volleyball,"2-0 Christian Heritage Academy TBA 9a"
579,il,"Illinois",Volleyball,"4-4 Mundelein 2-1 Hampshire 9a"
580,il,"Illinois",Volleyball,"3-4 Fenton 1-2 Woodstock North 9a"
581,il,"Illinois",Volleyball,"0-1 Mooseheart 0-4 Hiawatha 9a"
582,il,"Illinois",Volleyball,"TBA 5-2 Lake Zurich 9a"
583,il,"Illinois",Volleyball,"2-4 Neoga 1-1 Mattoon 9a"
584,il,"Illinois",Volleyball,"2-1 Harlem 2-0 Conant 9a"
585,il,"Illinois",Volleyball,"2-2 Cowden-Herrick/Beecher City 4-1 Sullivan 9a"
586,il,"Illinois",Volleyball,"2-2 Crete-Monee 3-3 Oak Forest 9a"
587,il,"Illinois",Volleyball,"1-3 Yorkville Christian 1-2 McHenry 9a"
588,il,"Illinois",Volleyball,"2-0 Vernon Hills 6-1 (#18) Carmel 9a"
589,il,"Illinois",Volleyball,"TBA 3-4 Buffalo Grove 9a"
590,il,"Illinois",Volleyball,"0-3 Jacobs 0-3 Cary-Grove 9a"
591,il,"Illinois",Volleyball,"1-4 Warren Township 0-3 Jacobs 9a"
592,il,"Illinois",Volleyball,"0-2-1 Stillman Valley 1-0 Lena-Winslow 9a"
593,il,"Illinois",Volleyball,"TBA 2-0 Conant 9a"
594,il,"Illinois",Volleyball,"1-4 Elgin 7-0 (#6) Libertyville 9a"
595,il,"Illinois",Volleyball,"0-3 Evergreen Park 1-4 Richards 9a"
596,il,"Illinois",Volleyball,"TBA 5-2 (#22) Montini Catholic 9a"
597,il,"Illinois",Volleyball,"TBA 2-1 Fenwick 9a"
598,il,"Illinois",Volleyball,"0-3 Cary-Grove 2-1 Belvidere North 9a"
599,il,"Illinois",Volleyball,"1-2 Aurora East 5-3 Oak Lawn 9a"
600,il,"Illinois",Volleyball,"1-2 Johnston City 2-4 Carbondale 9a"
601,il,"Illinois",Volleyball,"5-1 Glenbard West 1-6 Grant Community 9a"
602,il,"Illinois",Volleyball,"3-0 Newark 0-6-2 Sherrard 9a"
603,il,"Illinois",Volleyball,"N NVTO 1-1 Edwards County 9a"
604,il,"Illinois",Volleyball,"3-2C Clifton Central 0-1 Grace Christian Academy 9a"
605,il,"Illinois",Volleyball,"3-4 Princeton 7-1 LaSalle-Peru 9a"
606,il,"Illinois",Volleyball,"1-2 Rockford Auburn 3-5 Evanston 9a"
607,il,"Illinois",Volleyball,"2-1 Schaumburg Christian 1-2 North Shore Country Day 9a"
608,il,"Illinois",Volleyball,"5-0 (#13) Morton 1-1 O'Fallon 9a"
609,il,"Illinois",Volleyball,"0-4 Anna-Jonesboro 2-4 Carbondale 9a"
610,il,"Illinois",Volleyball,"TBA 2-3 Grayslake Central 9a"
611,il,"Illinois",Volleyball,"2-0 Vernon Hills 2-3 Grayslake Central 9a"
612,il,"Illinois",Volleyball,"5-2 Columbia 1-0 Edwardsville 9a"
613,il,"Illinois",Volleyball,"1-4-1 Glenbard North TBA 9a"
614,il,"Illinois",Volleyball,"3-0 Zion-Benton 6-2 Lakes 9a"
615,il,"Illinois",Volleyball,"1-4 Richland County 2-2 Tolono Unity 9a"
616,il,"Illinois",Volleyball,"2-1 Willows Academy 2-1 Schaumburg Christian 9a"
617,il,"Illinois",Volleyball,"TBA 1-4 Richland County 9a"
618,il,"Illinois",Volleyball,"TBA 2-2 Delavan 9a"
619,il,"Illinois",Volleyball,"0-3 Marian Central Catholic 3-3 Barrington 9a"
620,il,"Illinois",Volleyball,"7-1 Durand 2-1 Eastland 9a"
621,il,"Illinois",Volleyball,"1-1 Mt. Pulaski 5-3 LeRoy 9a"
622,il,"Illinois",Volleyball,"2-1 Breese Central 3-0 Lafayette 9a"
623,il,"Illinois",Volleyball,"0-0 Plainfield Central 5-1 Thornton Fractional South 9a"
624,il,"Illinois",Volleyball,"7-1 (#15) Chicago Christian TBA 9a"
625,il,"Illinois",Volleyball,"4-3 Springfield 2-1 Centralia 9a"
626,il,"Illinois",Volleyball,"TBA 5-3 Maine South 9a"
627,il,"Illinois",Volleyball,"4-1 Fairfield 2-1 Hutsonville/Palestine 9a"
628,il,"Illinois",Volleyball,"4-1 Niles West 1-1 Rockford Christian 9:15a"
629,il,"Illinois",Volleyball,"2-4 Kaneland 1-1 South Elgin 9:15a"
630,il,"Illinois",Volleyball,"0-2 North Greene 0-3P Pleasant Hill 9:45a"
631,il,"Illinois",Volleyball,"TBA 4-3 Trinity 9:45a"
632,il,"Illinois",Volleyball,"1-4 Meridian 2-3 Maroa-Forsyth 10a"
633,il,"Illinois",Volleyball,"0-0H Hamilton 5-2 DePaul College Prep 10a"
634,il,"Illinois",Volleyball,"TBA 5-0 Chicago University 10a"
635,il,"Illinois",Volleyball,"4-4 Mundelein 2-4 Lane Tech 10a"
636,il,"Illinois",Volleyball,"4-2 Batavia 0-3 Jacobs 10a"
637,il,"Illinois",Volleyball,"TBA 5-2 Lake Zurich 10a"
638,il,"Illinois",Volleyball,"3-1 St. Elmo/Brownstown 4-4 Wayne City 10a"
639,il,"Illinois",Volleyball,"3-5 Evanston 1-5 Wauconda 10a"
640,il,"Illinois",Volleyball,"4-3 Warrensburg-Latham 4-1 Sullivan 10a"
641,il,"Illinois",Volleyball,"0-1 Grace Christian Academy 6-0 (#21) Manteno 10a"
642,il,"Illinois",Volleyball,"3-3 Marian Catholic 2-2 Thornton Fractional North 10a"
643,il,"Illinois",Volleyball,"1-1 Watseka 0-6-2 Sherrard 10a"
644,il,"Illinois",Volleyball,"2-1 Genoa-Kingston 8-0 (#9) Stockton 10a"
645,il,"Illinois",Volleyball,"TBA 5-1 Thornton Fractional South 10a"
646,il,"Illinois",Volleyball,"1-3 Harrisburg 0-0 Sikeston 10a"
647,il,"Illinois",Volleyball,"5-1 South Knox 4-2 Lawrenceville 10a"
648,il,"Illinois",Volleyball,"3-4 Mt. Carmel 1-3 Hinsdale South 10a"
649,il,"Illinois",Volleyball,"8-0 (#9) Stockton 2-1 Genoa-Kingston 10a"
650,il,"Illinois",Volleyball,"TBA 5-2 (#22) Montini Catholic 10a"
651,il,"Illinois",Volleyball,"1-3 Cristo Rey St. Martin 0-4 Hiawatha 10a"
652,il,"Illinois",Volleyball,"4-1 Niles West 2-4 Kaneland 10a"
653,il,"Illinois",Volleyball,"4-2 Mt. Vernon 1-2 Taylorville 10a"
654,il,"Illinois",Volleyball,"2-2 Hamilton County 3-2 DuQuoin 10a"
655,il,"Illinois",Volleyball,"3-1 Boylan Catholic 1-6 Grant Community 10a"
656,il,"Illinois",Volleyball,"3-4 Morrison 3-4 Princeton 10a"
657,il,"Illinois",Volleyball,"0-3 Cary-Grove 0-3 Marian Central Catholic 10a"
658,il,"Illinois",Volleyball,"0-1 St. Clair 2-5 Herrin 10a"
659,il,"Illinois",Volleyball,"1-1 Marshall 3-4 Oblong 10a"
660,il,"Illinois",Volleyball,"1-2 Antioch 1-2 Woodstock North 10a"
661,il,"Illinois",Volleyball,"1-0 New Trier 2-1 Hampshire 10a"
662,il,"Illinois",Volleyball,"1-2 West Carroll 3-1 Dakota 10a"
663,il,"Illinois",Volleyball,"2-3 Newman Central Catholic 0-2 Rock Falls 10a"
664,il,"Illinois",Volleyball,"1-2L Lowpoint-Washburn 0-1 Blue Ridge 10a"
665,il,"Illinois",Volleyball,"N Non Varsity Opponent 1-2 Arcola 10a"
666,il,"Illinois",Volleyball,"TBA 1-0 Naperville North 10a"
667,il,"Illinois",Volleyball,"2-1 Hutsonville/Palestine 0-1 Mt. Zion 10a"
668,il,"Illinois",Volleyball,"1-4 Harvard 3-4 Fenton 10a"
669,il,"Illinois",Volleyball,"2-1 Belvidere North 3-3 Barrington 10a"
670,il,"Illinois",Volleyball,"6-1 (#18) Carmel 2-3 Grayslake Central 10a"
671,il,"Illinois",Volleyball,"3-0 ALAH (CO-OP) 2-2 Tolono Unity 10a"
672,il,"Illinois",Volleyball,"TBA 5-3 Maine South 10a"
673,il,"Illinois",Volleyball,"TBA 3-3 Oak Forest 10a"
674,il,"Illinois",Volleyball,"1-2 Lincoln 2-0 Rock Island 10:10a"
675,il,"Illinois",Volleyball,"1-2 Greenville 4-0 Nokomis 10:10a"
676,il,"Illinois",Volleyball,"0-4 Decatur Eisenhower 2-1 Freeburg 10:10a"
677,il,"Illinois",Volleyball,"0-1 Grayslake North 7-0 (#6) Libertyville 10:15a"
678,il,"Illinois",Volleyball,"1-3 Yorkville Christian TBA 10:20a"
679,il,"Illinois",Volleyball,"2-4 Kaneland 1-1 Rockford Christian 10:30a"
680,il,"Illinois",Volleyball,"3-4 Lemont 4-1 Niles West 10:30a"
681,il,"Illinois",Volleyball,"8-1 Northpoint Christian 7-1 Red Bud 10:45a"
682,il,"Illinois",Volleyball,"2-2B Bureau Valley 7-1 LaSalle-Peru 11a"
683,il,"Illinois",Volleyball,"0-4 Anna-Jonesboro 2-1 Highland 11a"
684,il,"Illinois",Volleyball,"2-4 Hinckley-Big Rock 5-1-2 St. Bede 11a"
685,il,"Illinois",Volleyball,"4-1 Fairfield 0-1 Mt. Zion 11a"
686,il,"Illinois",Volleyball,"5-1 Thornton Fractional South TBA 11a"
687,il,"Illinois",Volleyball,"0-3 Marian Central Catholic 2-1 Belvidere North 11a"
688,il,"Illinois",Volleyball,"0-3 Cary-Grove 3-3 Barrington 11a"
689,il,"Illinois",Volleyball,"2-3 Maroa-Forsyth 4-1 Paris 11a"
690,il,"Illinois",Volleyball,"1-1 Cobden 3-1 St. Elmo/Brownstown 11a"
691,il,"Illinois",Volleyball,"1-2 Arcola 1-1 Edwards County 11a"
692,il,"Illinois",Volleyball,"1-4 Harvard 1-2 Woodstock North 11a"
693,il,"Illinois",Volleyball,"0-5 Crystal Lake Central 1-6 Grant Community 11a"
694,il,"Illinois",Volleyball,"3-5 Evanston 3-4 Woodstock 11a"
695,il,"Illinois",Volleyball,"2-2 Normal West 5-2 Benet Academy 11a"
696,il,"Illinois",Volleyball,"3-2C Clifton Central 1-2 Illinois Lutheran 11a"
697,il,"Illinois",Volleyball,"1-0 St. Anthony 1-3 Hinsdale South 11a"
698,il,"Illinois",Volleyball,"3-1 Bloomington Central Catholic 3-2 Sacred Heart-Griffin 11a"
699,il,"Illinois",Volleyball,"2-1 Willows Academy 0-4 Hiawatha 11a"
700,il,"Illinois",Volleyball,"0-2 Marion 3-2 DuQuoin 11a"
701,il,"Illinois",Volleyball,"2-5 Prospect 0-3 Jacobs 11a"
702,il,"Illinois",Volleyball,"TBA 3-3 Oak Forest 11a"
703,il,"Illinois",Volleyball,"1-2 Antioch 3-4 Fenton 11:30a"
704,il,"Illinois",Volleyball,"0-0G Griggsville-Perry 0-0 WC (CO-OP) 11:30a"
705,il,"Illinois",Volleyball,"0-0 Jackson 2-5 Herrin 11:30a"
706,il,"Illinois",Volleyball,"0-2 Christ Our Rock Lutheran 4-0 Nokomis 11:50a"
707,il,"Illinois",Volleyball,"1-4 Elgin 6-1 (#18) Carmel 12p"
708,il,"Illinois",Volleyball,"3-4 Morrison 7-1 LaSalle-Peru 12p"
709,il,"Illinois",Volleyball,"1-2 Illinois Lutheran 0-1 Grace Christian Academy 12p"
710,il,"Illinois",Volleyball,"4-3 Springfield 4-2 Mt. Vernon 12p"
711,il,"Illinois",Volleyball,"7-0 (#6) Libertyville 2-3 Grayslake Central 12p"
712,il,"Illinois",Volleyball,"4-2 Carterville 2-1 Chester 12p"
713,il,"Illinois",Volleyball,"2-2 Hamilton County 5-2 Benton 12p"
714,il,"Illinois",Volleyball,"3-4 Riverdale 0-2 Rock Falls 12p"
715,il,"Illinois",Volleyball,"TBA 1-0 Naperville North 12p"
716,il,"Illinois",Volleyball,"TBA 2-3 Grayslake Central 12p"
717,il,"Illinois",Volleyball,"2-3 Paxton-Buckley-Loda 2-0 Illinois Valley Central 12p"
718,il,"Illinois",Volleyball,"2-1 Casey-Westfield 0-1 Blue Ridge 12p"
719,il,"Illinois",Volleyball,"3-1 Bloomington Central Catholic 6-2 Quincy Notre Dame 12p"
720,il,"Illinois",Volleyball,"1-3 Harrisburg 1-2 Johnston City 12p"
721,il,"Illinois",Volleyball,"0-4 Grant Park 0-6-2 Sherrard 12p"
722,il,"Illinois",Volleyball,"4-2 Lawrenceville 3-4 Oblong 12p"
723,il,"Illinois",Volleyball,"4-4 Wayne City 1-1 Cobden 12p"
724,il,"Illinois",Volleyball,"4-1 Niles West 1-1 South Elgin 12:15p"
725,il,"Illinois",Volleyball,"5-1-2 Oakville 7-1 Red Bud 12:15p"
726,il,"Illinois",Volleyball,"1-1 Rockford Christian 3-4 Lemont 12:15p"
727,il,"Illinois",Volleyball,"TBA 2-1 Genoa-Kingston 12:15p"
728,il,"Illinois",Volleyball,"TBA 1-2 Arcola 12:30p"
729,il,"Illinois",Volleyball,"TBA 3-3 Barrington 12:45p"
730,il,"Illinois",Volleyball,"TBA 0-3 Jacobs 1p"
731,il,"Illinois",Volleyball,"TBA 2-3 Grayslake Central 1p"
732,il,"Illinois",Volleyball,"6-1 (#18) Carmel 7-0 (#6) Libertyville 1p"
733,il,"Illinois",Volleyball,"3-2C Clifton Central 6-0 (#21) Manteno 1p"
734,il,"Illinois",Volleyball,"1-3 Harrisburg 2-4 Carbondale 1p"
735,il,"Illinois",Volleyball,"2-2B Bureau Valley 3-4 Princeton 1p"
736,il,"Illinois",Volleyball,"TBA 1-2 Woodstock North 1p"
737,il,"Illinois",Volleyball,"3-4 Marquette Catholic 5-1 Carrollton 1p"
738,il,"Illinois",Volleyball,"TBA 2-3 Maroa-Forsyth 1p"
739,il,"Illinois",Volleyball,"4-2 Carterville 2-1 Highland 1p"
740,il,"Illinois",Volleyball,"4-3 Springfield 1-2 Taylorville 1p"
741,il,"Illinois",Volleyball,"2-2 Hamilton County 0-2 Marion 1p"
742,il,"Illinois",Volleyball,"6-2 Quincy Notre Dame 3-2 Sacred Heart-Griffin 1p"
743,il,"Illinois",Volleyball,"3-5 Evanston TBA 1p"
744,il,"Illinois",Volleyball,"6-6 Gibson County 2-5 Herrin 1:15p"
745,il,"Illinois",Volleyball,"0-3P Pleasant Hill 1-0S South County 1:15p"
746,il,"Illinois",Volleyball,"1-1 Rockford Christian 1-1 South Elgin 1:30p"
747,il,"Illinois",Volleyball,"TBA 2-1 Genoa-Kingston 1:30p"
748,il,"Illinois",Volleyball,"2-4 Kaneland 3-4 Lemont 1:30p"
749,il,"Illinois",Volleyball,"TBA 3-3 Barrington 1:45p"
750,il,"Illinois",Volleyball,"TBA 1-2 Woodstock North 2p"
751,il,"Illinois",Volleyball,"1-2 Johnston City 0-0 Sikeston 2p"
752,il,"Illinois",Volleyball,"3-2 DuQuoin 5-2 Benton 2p"
753,il,"Illinois",Volleyball,"TBA 0-3 Jacobs 2p"
754,il,"Illinois",Volleyball,"0-4 Anna-Jonesboro 2-1 Chester 2p"
755,il,"Illinois",Volleyball,"TBA 0-1 Blue Ridge 2p"
756,il,"Illinois",Volleyball,"3-5 Evanston TBA 2p"
757,il,"Illinois",Volleyball,"5-1 South Knox 3-4 Oblong 2p"
758,il,"Illinois",Volleyball,"7-1 Red Bud 0-0 Jackson 2p"
759,il,"Illinois",Volleyball,"1-1 Marshall 4-2 Lawrenceville 2p"
760,il,"Illinois",Volleyball,"2-5 Herrin 5-1-2 Oakville 2:45p"
761,il,"Illinois",Volleyball,"0-0T Triopia/Virginia 0-0 WC (CO-OP) 3p"
762,il,"Illinois",Volleyball,"TBA 3-2 DuQuoin 3p"
763,il,"Illinois",Volleyball,"TBA 1-2 Arcola 3:30p"
764,il,"Illinois",Volleyball,"8-5 Dyer County 7-1 Red Bud 3:30p"
765,il,"Illinois",Volleyball,"TBA 1-2 Arcola 4:30p"
766,il,"Illinois",Volleyball,"0-0T Triopia/Virginia 1-0S South County 4:45p"
767,il,"Illinois",Volleyball,"3-2 Freeport 5-1 Ottawa 9:50p"
768,il,"Illinois",Volleyball,"TBA 2-3 Grayslake Central 10p"
769,il,"Illinois",Volleyball,"4-1 Fairfield TBA"
770,il,"Illinois",Volleyball,"TBA 4-2 Carterville"
771,il,"Illinois",Volleyball,"TBA 2-1 Eastland"
772,il,"Illinois",Volleyball,"TBA 0-3 Marian Central Catholic"
773,il,"Illinois",Volleyball,"TBA 0-3 Marian Central Catholic"
774,il,"Illinois",Volleyball,"0-2 Rochelle 3-2 Freeport"
775,il,"Illinois",Volleyball,"TBA 1-0 Trinity Oaks Christian Academy"
776,il,"Illinois",Volleyball,"TBA 1-3 Maine West"
777,il,"Illinois",Volleyball,"TBA 0-2 Schaumburg"
778,il,"Illinois",Volleyball,"TBA 1-0 Trinity Oaks Christian Academy"
779,il,"Illinois",Volleyball,"TBA 1-0 Trinity Oaks Christian Academy"
780,il,"Illinois",Volleyball,"TBA 4-4 Nashville"
781,il,"Illinois",Volleyball,"TBA 1-5 Payton College Prep"
782,il,"Illinois",Volleyball,"TBA 7-1 LaSalle-Peru"
783,il,"Illinois",Volleyball,"TBA 7-1 LaSalle-Peru"
784,il,"Illinois",Volleyball,"TBA 1-5 Payton College Prep"
785,il,"Illinois",Volleyball,"TBA 6-2 Lakes"
786,il,"Illinois",Volleyball,"TBA 3-1 Dakota"
787,il,"Illinois",Volleyball,"TBA 3-1 Dakota"
788,il,"Illinois",Volleyball,"TBA 0-2 Schaumburg"
789,il,"Illinois",Volleyball,"TBA 1-3 Maine West"
790,il,"Illinois",Volleyball,"TBA 1-0 Trinity Oaks Christian Academy"
791,il,"Illinois",Volleyball,"1-2 Calvary Christian Academy TBA"
792,il,"Illinois",Volleyball,"TBA 3-3 Normal Community"
793,il,"Illinois",Volleyball,"TBA 5-2 Resurrection"
794,il,"Illinois",Volleyball,"TBA 2-0 Lake Park"
795,il,"Illinois",Volleyball,"TBA 2-0 Lake Park"
796,il,"Illinois",Volleyball,"TBA 1-1 Edwards County"
797,il,"Illinois",Volleyball,"TBA 1-1 Edwards County"
798,il,"Illinois",Volleyball,"TBA 1-3 Woodlands Academy"
799,il,"Illinois",Volleyball,"TBA 4-3 Springfield"
800,il,"Illinois",Volleyball,"TBA 1-1 Oak Park-River Forest"
801,il,"Illinois",Volleyball,"TBA 1-1 Oak Park-River Forest"
802,il,"Illinois",Volleyball,"TBA 1-1 Oak Park-River Forest"
803,il,"Illinois",Volleyball,"TBA 0-2 Mendon Unity"
804,il,"Illinois",Volleyball,"TBA 1-2 Peotone"
805,il,"Illinois",Volleyball,"TBA 4-4 St. Laurence"
806,il,"Illinois",Volleyball,"TBA 0-3 Altamont"
807,il,"Illinois",Volleyball,"TBA 1-0 Lena-Winslow"
808,il,"Illinois",Volleyball,"TBA 3-4 Aurora Christian"
809,il,"Illinois",Volleyball,"TBA 3-1 Barry Western"
810,il,"Illinois",Volleyball,"3-3 De La Salle TBA"
811,il,"Illinois",Volleyball,"TBA 5-3 Oak Lawn"
812,il,"Illinois",Volleyball,"TBA 3-3 Normal Community"
813,il,"Illinois",Volleyball,"TBA 4-1 Paris"
814,il,"Illinois",Volleyball,"1-2 McHenry TBA"
815,il,"Illinois",Volleyball,"TBA 1-2 West Carroll"
816,il,"Illinois",Volleyball,"TBA 1-0 Lena-Winslow"
817,il,"Illinois",Volleyball,"TBA 1-2 Calvary Christian Academy"
818,il,"Illinois",Volleyball,"TBA 1-2 Calvary Christian Academy"
819,il,"Illinois",Volleyball,"TBA 3-3 Normal Community"
820,il,"Illinois",Volleyball,"1-2 Calvary Christian Academy TBA"
821,il,"Illinois",Volleyball,"TBA 2-1 Erie-Prophetstown"
822,il,"Illinois",Volleyball,"TBA 1-3 Cristo Rey St. Martin"
823,il,"Illinois",Volleyball,"TBA 1-3 Cristo Rey St. Martin"
824,il,"Illinois",Volleyball,"TBA 1-3 Cristo Rey St. Martin"
825,il,"Illinois",Volleyball,"TBA 1-3 Cristo Rey St. Martin"
826,il,"Illinois",Volleyball,"TBA 2-1 Pearl City"
827,il,"Illinois",Volleyball,"TBA 5-3 Oak Lawn"
828,il,"Illinois",Volleyball,"3-0 ALAH (CO-OP) TBA"
829,il,"Illinois",Volleyball,"TBA 1-1 Edwards County"
830,il,"Illinois",Volleyball,"Related ScoreboardsConferences ApolloBig NorthernBig TwelveBlack Diamond EastBlack Diamond WestCahokia (Illinois Division)Cahokia (Kaskaskia Division)Cahokia (Mississippi Division) Central IllinoisCentral State Eight Associations Chicago Public SchoolsIllinois High School AssociationIllinois Volleyball Coaches Association Metros Champaign-SpringfieldChicagoDavenportPaducahPeoriaQuincyRockford"
831,il,"Illinois",Volleyball,"Saturday, Sep. 5 11-2 Chesterton 10-0 (#17) Carroll 10a 10-0 (#25) Hamilton Southeastern 3-9 Bellmont 10a 10-0 (#25) Hamilton Southeastern 10-0 (#17) Carroll 12p 11-2 Centennial 11-0 (#1) Sierra Canyon 5:30p"
832,il,"Illinois",Volleyball,"11-2 Chesterton 10-0 (#17) Carroll 10a"
833,il,"Illinois",Volleyball,"10-0 (#25) Hamilton Southeastern 3-9 Bellmont 10a"
834,il,"Illinois",Volleyball,"10-0 (#25) Hamilton Southeastern 10-0 (#17) Carroll 12p"
835,il,"Illinois",Volleyball,"11-2 Centennial 11-0 (#1) Sierra Canyon 5:30p"
836,in,"Indiana",Volleyball,"There are 93 matches for Indiana volleyball on Sat, 9/5/2026. The featured matches are by Indiana top ranked teams #8 Chesterton (IN) @ #1 Carroll (Fort Wayne, IN), #2 Hamilton Southeastern (Fishers, IN) @ #1 Carroll (Fort Wayne, IN), and #2 Hamilton Southeastern (Fishers, IN) vs. Bellmont (Decatur, IN). The first match, Vincennes Lincoln (Vincennes, IN) @ Terre Haute North Vigo (Terre Haute, IN), starts at 9a. Related Content Indiana Girls Volleyball Stat LeadersIndiana Girls Volleyball PlayoffsIndiana Girls Volleyball Rankings Recent Indiana Girls Volleyball HeadlinesMaxPreps/AVCA Players of the WeekVOLLEYBALL: Preseason top 100 Indiana High School Volleyball Schedule 93 Matches 12-1 Vincennes Lincoln 4-8 Terre Haute North Vigo 9a 6-1 Tecumseh 3-5 Evansville Mater Dei 9a console.log('MaxPrepsAds - createMark: Element Defined - leaderboard-banner-inc1');performance && performance.mark && performance.mark('MaxPrepsAds - Element Defined: leaderboard-banner-inc1'); 3-5 Brownstown Central 6-1 Silver Creek 9a 8-3 Borden 8-0 Shoals 9a 6-3 Northfield 3-4 Lewis Cass 9a 5-5 Greenfield-Central 4-5 Blackford 9a 2-3 Loogootee 2-5 Corydon Central 9a 7-3 South Putnam 2-5 Decatur Central 9a 8-5 Huntington North 9-3 Fort Wayne Blackhawk Christian 9a TBA 5-3 Sheridan 9a 1-4 Tipton 1-4 Wes-Del 9a 4-4 Seymour 8-2 Barr-Reeve 9a 2-7 Western TBA 9a 3-5 Seeger 4-4 Clinton Prairie 9a 4-5 Eastside 5-2 Garrett 9a 5-1 Hagerstown 1-4 Wes-Del 9a 5-6 Columbus East 10-3 (#9) Providence 9a 0-5 Pike Central 6-1 Tell City 9a 3-2C Clifton Central 0-1 Grace Christian Academy 9a 11-2 (#8) Chesterton 10-0 (#1) Carroll 10a 6-5 Martinsville 1-5 Rushville 10a 5-3 (#17) Roncalli 6-1 Silver Creek 10a 2-5 Decatur Central 12-1 Vincennes Lincoln 10a 10-4 Twin Lakes 5-7 Peru 10a 6-2 Batesville 5-3 Shelbyville 10a 1-4 Tipton 5-1 Hagerstown 10a 1-4 Connersville 1-5 Rushville 10a 3-1 Portage 3-4 Munster 10a 8-5 Huntington North 6-3 Northfield 10a 6-2 Mississinewa 1-4 Wes-Del 10a 5-3 Westview 7-8 East Noble 10a 1-4 New Haven 5-2 Garrett 10a 8-1 Indianapolis Lutheran 3-5 Evansville Mater Dei 10a 4-5 Blackford 2-7 Marion 10a 2-5 Centerville 1-5 Rushville 10a 5-3 Heritage Hills 7-3 Christian Academy 10a 0-7 University 2-0 Anderson Prep Academy 10a 10-0 (#2) Hamilton Southeastern 3-9 Bellmont 10a 2-3 Loogootee 8-0 Shoals 10:10a 4-4 Knox 6-4 Wheeler 10:30a 2-3 Cloverdale 3-5 Pleasant View Christian 10:30a 0-1 Grace Christian Academy 6-0 Manteno 10a 5-1 South Knox 4-2 Lawrenceville 10a 7-5 Manchester 5-2 Garrett 11a 12-2 Hanover Central 7-2 Morgan Township 11a 5-5 Calvary Christian V Varsity Opponent 11a 8-1 Jasper 10-3 (#9) Providence 11a 0-3 Seton Catholic 0-7 University 11a 2-6 Jennings County 2-6 Franklin County 11a 2-4 Avon 2-5 Decatur Central 11a 7-3 South Putnam 4-8 Terre Haute North Vigo 11a 8-5 Huntington North 3-4 Lewis Cass 11a 5-3 Heritage Hills 8-2 Barr-Reeve 11a 5-2-1 Greencastle 7-1 Frankfort 11a 2-5 Corydon Central 8-0 Shoals 11:20a 2-3 Loogootee 8-3 Borden 11:20a 3-5 Mt. Vernon 6-1 Tell City 11:30a 2-5 Indianapolis Shortridge 3-8 Greenwood 11:30a 2-7 Western 4-5 Blackford 12p 5-4 Elkhart Christian Academy 2-8 Argos 12p 4-4 Seymour 7-3 Christian Academy 12p 10-0 (#2) Hamilton Southeastern 10-0 (#1) Carroll 12p 6-2 Mississinewa 5-1 Hagerstown 12p 11-2 (#8) Chesterton 3-9 Bellmont 12p 1-2 Illinois Lutheran 0-1 Grace Christian Academy 12p 2-4 Avon 12-1 Vincennes Lincoln 1p 0-3 South Bend Career Academy 3-3 Fort Wayne Canterbury 1p 2-5 Decatur Central 4-8 Terre Haute North Vigo 1p 4-3 Edgewood 3-5 Evansville Mater Dei 1p 8-2 Barr-Reeve 7-3 Christian Academy 1p 5-5 Greenfield-Central 2-7 Marion 1p 3-6 Brown County 3-5 Pleasant View Christian 1:30p 2-4 Avon 4-8 Terre Haute North Vigo 2p 2-7 Western 2-7 Marion 2p 7-3 South Putnam 12-1 Vincennes Lincoln 2p 6-2 Mississinewa 1-4 Tipton 2p 5-3 Heritage Hills 4-4 Seymour 2p 5-1 South Knox 3-4 Oblong 2p TBA 7-3 Christian Academy 3p 1-3 Cannelton 0-0C Christian Academy of Madison 3p TBA 1-4 Tipton 3p 3-5 Pleasant View Christian 6-3 Lighthouse Christian Academy 4:30p 0-6 Lafayette Jefferson 4-4 Clinton Prairie 7p 5-7 Linton-Stockton 2-4 Bloomington North 11p 0-3 Seton Catholic 2-0 Anderson Prep Academy 11:30p TBA 5-3 Cathedral TBA 5-3 Cathedral 5-6 Columbus East 8-1 Jasper TBA 5-2 (#15) Center Grove TBA 8-2 Barr-Reeve 5-3 (#17) Roncalli TBA TBA 5-3 Cathedral TBA 5-3 Cathedral"
837,in,"Indiana",Volleyball,"12-1 Vincennes Lincoln 4-8 Terre Haute North Vigo 9a"
838,in,"Indiana",Volleyball,"6-1 Tecumseh 3-5 Evansville Mater Dei 9a"
839,in,"Indiana",Volleyball,"3-5 Brownstown Central 6-1 Silver Creek 9a"
840,in,"Indiana",Volleyball,"8-3 Borden 8-0 Shoals 9a"
841,in,"Indiana",Volleyball,"6-3 Northfield 3-4 Lewis Cass 9a"
842,in,"Indiana",Volleyball,"5-5 Greenfield-Central 4-5 Blackford 9a"
843,in,"Indiana",Volleyball,"2-3 Loogootee 2-5 Corydon Central 9a"
844,in,"Indiana",Volleyball,"7-3 South Putnam 2-5 Decatur Central 9a"
845,in,"Indiana",Volleyball,"8-5 Huntington North 9-3 Fort Wayne Blackhawk Christian 9a"
846,in,"Indiana",Volleyball,"TBA 5-3 Sheridan 9a"
847,in,"Indiana",Volleyball,"1-4 Tipton 1-4 Wes-Del 9a"
848,in,"Indiana",Volleyball,"4-4 Seymour 8-2 Barr-Reeve 9a"
849,in,"Indiana",Volleyball,"2-7 Western TBA 9a"
850,in,"Indiana",Volleyball,"3-5 Seeger 4-4 Clinton Prairie 9a"
851,in,"Indiana",Volleyball,"4-5 Eastside 5-2 Garrett 9a"
852,in,"Indiana",Volleyball,"5-1 Hagerstown 1-4 Wes-Del 9a"
853,in,"Indiana",Volleyball,"5-6 Columbus East 10-3 (#9) Providence 9a"
854,in,"Indiana",Volleyball,"0-5 Pike Central 6-1 Tell City 9a"
855,in,"Indiana",Volleyball,"3-2C Clifton Central 0-1 Grace Christian Academy 9a"
856,in,"Indiana",Volleyball,"11-2 (#8) Chesterton 10-0 (#1) Carroll 10a"
857,in,"Indiana",Volleyball,"6-5 Martinsville 1-5 Rushville 10a"
858,in,"Indiana",Volleyball,"5-3 (#17) Roncalli 6-1 Silver Creek 10a"
859,in,"Indiana",Volleyball,"2-5 Decatur Central 12-1 Vincennes Lincoln 10a"
860,in,"Indiana",Volleyball,"10-4 Twin Lakes 5-7 Peru 10a"
861,in,"Indiana",Volleyball,"6-2 Batesville 5-3 Shelbyville 10a"
862,in,"Indiana",Volleyball,"1-4 Tipton 5-1 Hagerstown 10a"
863,in,"Indiana",Volleyball,"1-4 Connersville 1-5 Rushville 10a"
864,in,"Indiana",Volleyball,"3-1 Portage 3-4 Munster 10a"
865,in,"Indiana",Volleyball,"8-5 Huntington North 6-3 Northfield 10a"
866,in,"Indiana",Volleyball,"6-2 Mississinewa 1-4 Wes-Del 10a"
867,in,"Indiana",Volleyball,"5-3 Westview 7-8 East Noble 10a"
868,in,"Indiana",Volleyball,"1-4 New Haven 5-2 Garrett 10a"
869,in,"Indiana",Volleyball,"8-1 Indianapolis Lutheran 3-5 Evansville Mater Dei 10a"
870,in,"Indiana",Volleyball,"4-5 Blackford 2-7 Marion 10a"
871,in,"Indiana",Volleyball,"2-5 Centerville 1-5 Rushville 10a"
872,in,"Indiana",Volleyball,"5-3 Heritage Hills 7-3 Christian Academy 10a"
873,in,"Indiana",Volleyball,"0-7 University 2-0 Anderson Prep Academy 10a"
874,in,"Indiana",Volleyball,"10-0 (#2) Hamilton Southeastern 3-9 Bellmont 10a"
875,in,"Indiana",Volleyball,"2-3 Loogootee 8-0 Shoals 10:10a"
876,in,"Indiana",Volleyball,"4-4 Knox 6-4 Wheeler 10:30a"
877,in,"Indiana",Volleyball,"2-3 Cloverdale 3-5 Pleasant View Christian 10:30a"
878,in,"Indiana",Volleyball,"0-1 Grace Christian Academy 6-0 Manteno 10a"
879,in,"Indiana",Volleyball,"5-1 South Knox 4-2 Lawrenceville 10a"
880,in,"Indiana",Volleyball,"7-5 Manchester 5-2 Garrett 11a"
881,in,"Indiana",Volleyball,"12-2 Hanover Central 7-2 Morgan Township 11a"
882,in,"Indiana",Volleyball,"5-5 Calvary Christian V Varsity Opponent 11a"
883,in,"Indiana",Volleyball,"8-1 Jasper 10-3 (#9) Providence 11a"
884,in,"Indiana",Volleyball,"0-3 Seton Catholic 0-7 University 11a"
885,in,"Indiana",Volleyball,"2-6 Jennings County 2-6 Franklin County 11a"
886,in,"Indiana",Volleyball,"2-4 Avon 2-5 Decatur Central 11a"
887,in,"Indiana",Volleyball,"7-3 South Putnam 4-8 Terre Haute North Vigo 11a"
888,in,"Indiana",Volleyball,"8-5 Huntington North 3-4 Lewis Cass 11a"
889,in,"Indiana",Volleyball,"5-3 Heritage Hills 8-2 Barr-Reeve 11a"
890,in,"Indiana",Volleyball,"5-2-1 Greencastle 7-1 Frankfort 11a"
891,in,"Indiana",Volleyball,"2-5 Corydon Central 8-0 Shoals 11:20a"
892,in,"Indiana",Volleyball,"2-3 Loogootee 8-3 Borden 11:20a"
893,in,"Indiana",Volleyball,"3-5 Mt. Vernon 6-1 Tell City 11:30a"
894,in,"Indiana",Volleyball,"2-5 Indianapolis Shortridge 3-8 Greenwood 11:30a"
895,in,"Indiana",Volleyball,"2-7 Western 4-5 Blackford 12p"
896,in,"Indiana",Volleyball,"5-4 Elkhart Christian Academy 2-8 Argos 12p"
897,in,"Indiana",Volleyball,"4-4 Seymour 7-3 Christian Academy 12p"
898,in,"Indiana",Volleyball,"10-0 (#2) Hamilton Southeastern 10-0 (#1) Carroll 12p"
899,in,"Indiana",Volleyball,"6-2 Mississinewa 5-1 Hagerstown 12p"
900,in,"Indiana",Volleyball,"11-2 (#8) Chesterton 3-9 Bellmont 12p"
901,in,"Indiana",Volleyball,"1-2 Illinois Lutheran 0-1 Grace Christian Academy 12p"
902,in,"Indiana",Volleyball,"2-4 Avon 12-1 Vincennes Lincoln 1p"
903,in,"Indiana",Volleyball,"0-3 South Bend Career Academy 3-3 Fort Wayne Canterbury 1p"
904,in,"Indiana",Volleyball,"2-5 Decatur Central 4-8 Terre Haute North Vigo 1p"
905,in,"Indiana",Volleyball,"4-3 Edgewood 3-5 Evansville Mater Dei 1p"
906,in,"Indiana",Volleyball,"8-2 Barr-Reeve 7-3 Christian Academy 1p"
907,in,"Indiana",Volleyball,"5-5 Greenfield-Central 2-7 Marion 1p"
908,in,"Indiana",Volleyball,"3-6 Brown County 3-5 Pleasant View Christian 1:30p"
909,in,"Indiana",Volleyball,"2-4 Avon 4-8 Terre Haute North Vigo 2p"
910,in,"Indiana",Volleyball,"2-7 Western 2-7 Marion 2p"
911,in,"Indiana",Volleyball,"7-3 South Putnam 12-1 Vincennes Lincoln 2p"
912,in,"Indiana",Volleyball,"6-2 Mississinewa 1-4 Tipton 2p"
913,in,"Indiana",Volleyball,"5-3 Heritage Hills 4-4 Seymour 2p"
914,in,"Indiana",Volleyball,"5-1 South Knox 3-4 Oblong 2p"
915,in,"Indiana",Volleyball,"TBA 7-3 Christian Academy 3p"
916,in,"Indiana",Volleyball,"1-3 Cannelton 0-0C Christian Academy of Madison 3p"
917,in,"Indiana",Volleyball,"TBA 1-4 Tipton 3p"
918,in,"Indiana",Volleyball,"3-5 Pleasant View Christian 6-3 Lighthouse Christian Academy 4:30p"
919,in,"Indiana",Volleyball,"0-6 Lafayette Jefferson 4-4 Clinton Prairie 7p"
920,in,"Indiana",Volleyball,"5-7 Linton-Stockton 2-4 Bloomington North 11p"
921,in,"Indiana",Volleyball,"0-3 Seton Catholic 2-0 Anderson Prep Academy 11:30p"
922,in,"Indiana",Volleyball,"TBA 5-3 Cathedral"
923,in,"Indiana",Volleyball,"TBA 5-3 Cathedral"
924,in,"Indiana",Volleyball,"5-6 Columbus East 8-1 Jasper"
925,in,"Indiana",Volleyball,"TBA 5-2 (#15) Center Grove"
926,in,"Indiana",Volleyball,"TBA 8-2 Barr-Reeve"
927,in,"Indiana",Volleyball,"5-3 (#17) Roncalli TBA"
928,in,"Indiana",Volleyball,"TBA 5-3 Cathedral"
929,in,"Indiana",Volleyball,"TBA 5-3 Cathedral"
930,in,"Indiana",Volleyball,"Related ScoreboardsConferences Allen CountyBig EightBlue ChipCentral IndianaCentral Indiana ChristianCircle CityDunelandEastern CrossroadsEastern IndianaGreat Lakes Associations Indiana High School Athletic AssociationIndiana High School Volleyball Coaches Association Metros EvansvilleFt. WayneIndianapolisLafayetteSouth BendTerre Haute"
931,in,"Indiana",Volleyball,"Saturday, Sep. 5 11-2 Chesterton 10-0 (#17) Carroll 10a 10-0 (#25) Hamilton Southeastern 3-9 Bellmont 10a 10-0 (#25) Hamilton Southeastern 10-0 (#17) Carroll 12p 11-2 Centennial 11-0 (#1) Sierra Canyon 5:30p"
932,in,"Indiana",Volleyball,"11-2 Chesterton 10-0 (#17) Carroll 10a"
933,in,"Indiana",Volleyball,"10-0 (#25) Hamilton Southeastern 3-9 Bellmont 10a"
934,in,"Indiana",Volleyball,"10-0 (#25) Hamilton Southeastern 10-0 (#17) Carroll 12p"
935,in,"Indiana",Volleyball,"11-2 Centennial 11-0 (#1) Sierra Canyon 5:30p"
936,ia,"Iowa",Volleyball,"There are 69 matches for Iowa volleyball on Sat, 9/5/2026. The featured matches are by Iowa top ranked teams Kennedy (Cedar Rapids, IA) @ #24 Davenport North (Davenport, IA), #24 Davenport North (Davenport, IA) @ Johnston (IA), and Oskaloosa (IA) @ #24 Davenport North (Davenport, IA). The first match, Lincoln (Des Moines, IA) @ Lamoni (IA), starts at 8a. Related Content Iowa Girls Volleyball Stat LeadersIowa Girls Volleyball PlayoffsIowa Girls Volleyball Rankings Iowa High School Volleyball Schedule 69 Matches 0-0 Lincoln 1-0L Lamoni 8a 0-0 Chariton 1-0L Lamoni 8:30a console.log('MaxPrepsAds - createMark: Element Defined - leaderboard-banner-inc1');performance && performance.mark && performance.mark('MaxPrepsAds - Element Defined: leaderboard-banner-inc1'); 0-0 Lincoln 0-0 Chariton 8:30a 1-0 Mount Ayr 0-0 Chariton 8:30a 0-0 Lincoln 0-0M Melcher-Dallas 8:30a 1-0 Mount Ayr 0-0C Central Decatur 8:30a 0-0 Chariton 0-0M Melcher-Dallas 8:30a TBA 0-6 Jefferson 8:30a 1-0 Mount Ayr 0-0S Southeast Warren 8:30a 0-0 Iowa Falls-Alden 0-0M Montezuma 9a 0-0 Vinton-Shellsburg 0-2 Davis County 9a 0-0B BCLUW 0-0 South Tama County 9a 0-2 Kennedy 0-4 (#24) Davenport North 9a 0-0 Vinton-Shellsburg 0-0 West Delaware 9a 0-2 Davis County 0-0 West Delaware 9a 0-2 Davis County 0-0J Janesville 9a 0-0 Vinton-Shellsburg 0-0I Iowa Valley 9a 0-0 Solon 1-1 Dubuque Senior 9a 0-0 Vinton-Shellsburg 0-0J Janesville 9a 1-1 Davenport Central 0-0 Xavier 9a 0-0 Vinton-Shellsburg 0-0 Jefferson 9a 0-0J Janesville 0-0 Jefferson 9a 0-0 Jefferson 0-2 Davis County 9a 0-0 Westwood 0-0G Galva-Holstein 9a 0-0 Jefferson 0-0 West Delaware 9:50a 0-0B BCLUW 0-0 Belle Plaine 9:50a 0-0 South Tama County 0-0 Benton 9:50a 0-4 (#24) Davenport North 1-0 Johnston 10a 0-0J Janesville 0-0 West Delaware 10a 0-1 Washington 1-1 Dubuque Senior 10a 0-0 Solon 0-0 Xavier 10a 0-0 Benton 0-0M Montezuma 10:40a 0-0 Iowa Falls-Alden 0-0 Belle Plaine 10:40a 0-1 Washington 0-0 Xavier 11a 2-0 Oskaloosa 0-4 (#24) Davenport North 11a 1-0L Lamoni 0-0M Melcher-Dallas 11a 0-2 Kennedy 1-0 Johnston 11a 0-0 Solon 1-1 Davenport Central 11a 0-0 Iowa Falls-Alden 0-0B BCLUW 11:30a 0-0M Montezuma 0-0 South Tama County 11:30a 0-0 Vinton-Shellsburg 0-0 Jefferson 11:30a 0-0I Iowa Valley 0-0 West Delaware 12p 2-0 Oskaloosa 1-0 Johnston 12p 1-1 Davenport Central 1-1 Dubuque Senior 12p 0-0J Janesville 0-0I Iowa Valley 12p 0-0 Solon 0-1 Washington 12p 0-0B BCLUW 0-0 Benton 12:20p 0-0 South Tama County 0-0 Belle Plaine 12:20p 0-1 Washington 1-1 Davenport Central 1p 2-0 Oskaloosa 0-2 Kennedy 1p 0-0 Xavier 1-1 Dubuque Senior 1p 0-0I Iowa Valley 0-0 Jefferson 1:30p 0-0 Belle Plaine 0-0M Montezuma 1:30p 0-0 Vinton-Shellsburg 0-0 West Delaware 1:30p 0-0 Iowa Falls-Alden 0-0 Benton 1:30p 0-0 Vinton-Shellsburg 0-0J Janesville 2p 0-2 Kennedy 0-0 Xavier 2p 2-0 Oskaloosa 0-1 Washington 2p 0-4 (#24) Davenport North 1-1 Davenport Central 2p 0-0 Iowa Falls-Alden 0-0 South Tama County 2:20p 0-0B BCLUW 0-0M Montezuma 2:20p 0-0 Benton 0-0 Belle Plaine 3:10p 0-0 Solon 1-0 Johnston 3:30p 0-0P Pocahontas 0-4 Perry 1-0 Spencer 0-4 Perry 0-0 South Hamilton 0-4 Perry 0-0 Audubon 0-4 Perry 0-4 Perry 0-0 South Central Calhoun 0-0 Northwest Webster 0-4 Perry"
937,ia,"Iowa",Volleyball,"0-0 Lincoln 1-0L Lamoni 8a"
938,ia,"Iowa",Volleyball,"0-0 Chariton 1-0L Lamoni 8:30a"
939,ia,"Iowa",Volleyball,"0-0 Lincoln 0-0 Chariton 8:30a"
940,ia,"Iowa",Volleyball,"1-0 Mount Ayr 0-0 Chariton 8:30a"
941,ia,"Iowa",Volleyball,"0-0 Lincoln 0-0M Melcher-Dallas 8:30a"
942,ia,"Iowa",Volleyball,"1-0 Mount Ayr 0-0C Central Decatur 8:30a"
943,ia,"Iowa",Volleyball,"0-0 Chariton 0-0M Melcher-Dallas 8:30a"
944,ia,"Iowa",Volleyball,"TBA 0-6 Jefferson 8:30a"
945,ia,"Iowa",Volleyball,"1-0 Mount Ayr 0-0S Southeast Warren 8:30a"
946,ia,"Iowa",Volleyball,"0-0 Iowa Falls-Alden 0-0M Montezuma 9a"
947,ia,"Iowa",Volleyball,"0-0 Vinton-Shellsburg 0-2 Davis County 9a"
948,ia,"Iowa",Volleyball,"0-0B BCLUW 0-0 South Tama County 9a"
949,ia,"Iowa",Volleyball,"0-2 Kennedy 0-4 (#24) Davenport North 9a"
950,ia,"Iowa",Volleyball,"0-0 Vinton-Shellsburg 0-0 West Delaware 9a"
951,ia,"Iowa",Volleyball,"0-2 Davis County 0-0 West Delaware 9a"
952,ia,"Iowa",Volleyball,"0-2 Davis County 0-0J Janesville 9a"
953,ia,"Iowa",Volleyball,"0-0 Vinton-Shellsburg 0-0I Iowa Valley 9a"
954,ia,"Iowa",Volleyball,"0-0 Solon 1-1 Dubuque Senior 9a"
955,ia,"Iowa",Volleyball,"0-0 Vinton-Shellsburg 0-0J Janesville 9a"
956,ia,"Iowa",Volleyball,"1-1 Davenport Central 0-0 Xavier 9a"
957,ia,"Iowa",Volleyball,"0-0 Vinton-Shellsburg 0-0 Jefferson 9a"
958,ia,"Iowa",Volleyball,"0-0J Janesville 0-0 Jefferson 9a"
959,ia,"Iowa",Volleyball,"0-0 Jefferson 0-2 Davis County 9a"
960,ia,"Iowa",Volleyball,"0-0 Westwood 0-0G Galva-Holstein 9a"
961,ia,"Iowa",Volleyball,"0-0 Jefferson 0-0 West Delaware 9:50a"
962,ia,"Iowa",Volleyball,"0-0B BCLUW 0-0 Belle Plaine 9:50a"
963,ia,"Iowa",Volleyball,"0-0 South Tama County 0-0 Benton 9:50a"
964,ia,"Iowa",Volleyball,"0-4 (#24) Davenport North 1-0 Johnston 10a"
965,ia,"Iowa",Volleyball,"0-0J Janesville 0-0 West Delaware 10a"
966,ia,"Iowa",Volleyball,"0-1 Washington 1-1 Dubuque Senior 10a"
967,ia,"Iowa",Volleyball,"0-0 Solon 0-0 Xavier 10a"
968,ia,"Iowa",Volleyball,"0-0 Benton 0-0M Montezuma 10:40a"
969,ia,"Iowa",Volleyball,"0-0 Iowa Falls-Alden 0-0 Belle Plaine 10:40a"
970,ia,"Iowa",Volleyball,"0-1 Washington 0-0 Xavier 11a"
971,ia,"Iowa",Volleyball,"2-0 Oskaloosa 0-4 (#24) Davenport North 11a"
972,ia,"Iowa",Volleyball,"1-0L Lamoni 0-0M Melcher-Dallas 11a"
973,ia,"Iowa",Volleyball,"0-2 Kennedy 1-0 Johnston 11a"
974,ia,"Iowa",Volleyball,"0-0 Solon 1-1 Davenport Central 11a"
975,ia,"Iowa",Volleyball,"0-0 Iowa Falls-Alden 0-0B BCLUW 11:30a"
976,ia,"Iowa",Volleyball,"0-0M Montezuma 0-0 South Tama County 11:30a"
977,ia,"Iowa",Volleyball,"0-0 Vinton-Shellsburg 0-0 Jefferson 11:30a"
978,ia,"Iowa",Volleyball,"0-0I Iowa Valley 0-0 West Delaware 12p"
979,ia,"Iowa",Volleyball,"2-0 Oskaloosa 1-0 Johnston 12p"
980,ia,"Iowa",Volleyball,"1-1 Davenport Central 1-1 Dubuque Senior 12p"
981,ia,"Iowa",Volleyball,"0-0J Janesville 0-0I Iowa Valley 12p"
982,ia,"Iowa",Volleyball,"0-0 Solon 0-1 Washington 12p"
983,ia,"Iowa",Volleyball,"0-0B BCLUW 0-0 Benton 12:20p"
984,ia,"Iowa",Volleyball,"0-0 South Tama County 0-0 Belle Plaine 12:20p"
985,ia,"Iowa",Volleyball,"0-1 Washington 1-1 Davenport Central 1p"
986,ia,"Iowa",Volleyball,"2-0 Oskaloosa 0-2 Kennedy 1p"
987,ia,"Iowa",Volleyball,"0-0 Xavier 1-1 Dubuque Senior 1p"
988,ia,"Iowa",Volleyball,"0-0I Iowa Valley 0-0 Jefferson 1:30p"
989,ia,"Iowa",Volleyball,"0-0 Belle Plaine 0-0M Montezuma 1:30p"
990,ia,"Iowa",Volleyball,"0-0 Vinton-Shellsburg 0-0 West Delaware 1:30p"
991,ia,"Iowa",Volleyball,"0-0 Iowa Falls-Alden 0-0 Benton 1:30p"
992,ia,"Iowa",Volleyball,"0-0 Vinton-Shellsburg 0-0J Janesville 2p"
993,ia,"Iowa",Volleyball,"0-2 Kennedy 0-0 Xavier 2p"
994,ia,"Iowa",Volleyball,"2-0 Oskaloosa 0-1 Washington 2p"
995,ia,"Iowa",Volleyball,"0-4 (#24) Davenport North 1-1 Davenport Central 2p"
996,ia,"Iowa",Volleyball,"0-0 Iowa Falls-Alden 0-0 South Tama County 2:20p"
997,ia,"Iowa",Volleyball,"0-0B BCLUW 0-0M Montezuma 2:20p"
998,ia,"Iowa",Volleyball,"0-0 Benton 0-0 Belle Plaine 3:10p"
999,ia,"Iowa",Volleyball,"0-0 Solon 1-0 Johnston 3:30p"
1000,ia,"Iowa",Volleyball,"0-0P Pocahontas 0-4 Perry"
1001,ia,"Iowa",Volleyball,"1-0 Spencer 0-4 Perry"
1002,ia,"Iowa",Volleyball,"0-0 South Hamilton 0-4 Perry"
1003,ia,"Iowa",Volleyball,"0-0 Audubon 0-4 Perry"
1004,ia,"Iowa",Volleyball,"0-4 Perry 0-0 South Central Calhoun"
1005,ia,"Iowa",Volleyball,"0-0 Northwest Webster 0-4 Perry"
1006,ia,"Iowa",Volleyball,"Related ScoreboardsConferences BluegrassCIMLCornerHawkeye TenHeart of IowaIndependentIowa Alliance - NorthIowa Alliance - SouthIowa Star SouthLakes Associations Iowa Girls High School Athletic UnionIowa High School Athletic Association Metros Cedar RapidsDes MoinesSioux City"
1007,ia,"Iowa",Volleyball,"Saturday, Sep. 5 11-2 Chesterton 10-0 (#17) Carroll 10a 10-0 (#25) Hamilton Southeastern 3-9 Bellmont 10a 10-0 (#25) Hamilton Southeastern 10-0 (#17) Carroll 12p 11-2 Centennial 11-0 (#1) Sierra Canyon 5:30p"
1008,ia,"Iowa",Volleyball,"11-2 Chesterton 10-0 (#17) Carroll 10a"
1009,ia,"Iowa",Volleyball,"10-0 (#25) Hamilton Southeastern 3-9 Bellmont 10a"
1010,ia,"Iowa",Volleyball,"10-0 (#25) Hamilton Southeastern 10-0 (#17) Carroll 12p"
1011,ia,"Iowa",Volleyball,"11-2 Centennial 11-0 (#1) Sierra Canyon 5:30p"
1012,ks,"Kansas",Volleyball,"There are 37 matches for Kansas volleyball on Sat, 9/5/2026. The featured matches are by Kansas top ranked teams Olathe South (Olathe, KS) vs. #9 Maize South (Wichita, KS), #9 Maize South (Wichita, KS) @ St. James Academy (Lenexa, KS), and Olathe Northwest (Olathe, KS) vs. #9 Maize South (Wichita, KS). The first match, Marion (KS) vs. Pretty Prairie (KS), starts at 8a. Related Content Kansas Girls Volleyball Stat LeadersKansas Girls Volleyball PlayoffsKansas Girls Volleyball Rankings Recent Kansas Girls Volleyball HeadlinesVOLLEYBALL: Preseason top 100VOLLEYBALL: Preseason All-Americans Kansas High School Volleyball Schedule 37 Matches 0-2 Marion 1-1 Pretty Prairie 8a 0-2 Pleasant Ridge 1-0 Jefferson West 8a console.log('MaxPrepsAds - createMark: Element Defined - leaderboard-banner-inc1');performance && performance.mark && performance.mark('MaxPrepsAds - Element Defined: leaderboard-banner-inc1'); 1-1 Olathe Northwest 1-0 Basehor-Linwood 8a 1-1 Olathe South 7-0 (#9) Maize South 8a 2-2 Sterling 0-1 Skyline 8a 1-0 Ashland 1-1 Pretty Prairie 9a 0-0F Fellowship Baptist Academy 0-0 Elkhart 9a TBA 0-2 Pawnee Heights 9a 1-0 Kiowa County 1-4 Bucklin 9a 5-2 Skutt Catholic 0-1 Saint Thomas Aquinas 9a TBA 0-0 Cunningham 9a TBA 0-2 Marion 9a TBA 1-0 Basehor-Linwood 9:15a 7-0 (#9) Maize South 2-0 St. James Academy 9:15a 2-2 Sterling 3-0 Ingalls 10a 5-0 South Gray 1-1 Pretty Prairie 10a 1-7 St. Marys 1-0 Jefferson West 10a 0-0 Rolla 0-0 Elkhart 10a 1-1 Olathe Northwest 7-0 (#9) Maize South 10:30a 2-0 St. James Academy 1-0 Basehor-Linwood 10:30a 0-0 Cunningham 1-4 Bucklin 11a 0-1 St. Teresa's Academy 0-1 Saint Thomas Aquinas 11a 0-0Y Yarbrough/Felt 0-0 Elkhart 11a TBA 0-2 Marion 11a 2-2 Sterling 1-1 Central Christian 12p 1-1 Horton 1-0 Jefferson West 12p 3-0 Medicine Lodge 1-4 Bucklin 12p 1-1 Olathe South 1-0 Basehor-Linwood 12:15p TBA 0-2 Marion 1p TBA 1-4 Bucklin 1:02p 7-0 (#9) Maize South 1-0 Basehor-Linwood 1:30p 0-1 Lee's Summit 7-0 (#9) Maize South 1:30p TBA 1-4 Bucklin 2p TBA 1-4 Bucklin 3p TBA 0-2 Marion 3p 0-0 Christ Prep Academy 6-1-1 Center Place 4p 5-2-1 (#25) Overland Christian TBA"
1013,ks,"Kansas",Volleyball,"0-2 Marion 1-1 Pretty Prairie 8a"
1014,ks,"Kansas",Volleyball,"0-2 Pleasant Ridge 1-0 Jefferson West 8a"
1015,ks,"Kansas",Volleyball,"1-1 Olathe Northwest 1-0 Basehor-Linwood 8a"
1016,ks,"Kansas",Volleyball,"1-1 Olathe South 7-0 (#9) Maize South 8a"
1017,ks,"Kansas",Volleyball,"2-2 Sterling 0-1 Skyline 8a"
1018,ks,"Kansas",Volleyball,"1-0 Ashland 1-1 Pretty Prairie 9a"
1019,ks,"Kansas",Volleyball,"0-0F Fellowship Baptist Academy 0-0 Elkhart 9a"
1020,ks,"Kansas",Volleyball,"TBA 0-2 Pawnee Heights 9a"
1021,ks,"Kansas",Volleyball,"1-0 Kiowa County 1-4 Bucklin 9a"
1022,ks,"Kansas",Volleyball,"5-2 Skutt Catholic 0-1 Saint Thomas Aquinas 9a"
1023,ks,"Kansas",Volleyball,"TBA 0-0 Cunningham 9a"
1024,ks,"Kansas",Volleyball,"TBA 0-2 Marion 9a"
1025,ks,"Kansas",Volleyball,"TBA 1-0 Basehor-Linwood 9:15a"
1026,ks,"Kansas",Volleyball,"7-0 (#9) Maize South 2-0 St. James Academy 9:15a"
1027,ks,"Kansas",Volleyball,"2-2 Sterling 3-0 Ingalls 10a"
1028,ks,"Kansas",Volleyball,"5-0 South Gray 1-1 Pretty Prairie 10a"
1029,ks,"Kansas",Volleyball,"1-7 St. Marys 1-0 Jefferson West 10a"
1030,ks,"Kansas",Volleyball,"0-0 Rolla 0-0 Elkhart 10a"
1031,ks,"Kansas",Volleyball,"1-1 Olathe Northwest 7-0 (#9) Maize South 10:30a"
1032,ks,"Kansas",Volleyball,"2-0 St. James Academy 1-0 Basehor-Linwood 10:30a"
1033,ks,"Kansas",Volleyball,"0-0 Cunningham 1-4 Bucklin 11a"
1034,ks,"Kansas",Volleyball,"0-1 St. Teresa's Academy 0-1 Saint Thomas Aquinas 11a"
1035,ks,"Kansas",Volleyball,"0-0Y Yarbrough/Felt 0-0 Elkhart 11a"
1036,ks,"Kansas",Volleyball,"TBA 0-2 Marion 11a"
1037,ks,"Kansas",Volleyball,"2-2 Sterling 1-1 Central Christian 12p"
1038,ks,"Kansas",Volleyball,"1-1 Horton 1-0 Jefferson West 12p"
1039,ks,"Kansas",Volleyball,"3-0 Medicine Lodge 1-4 Bucklin 12p"
1040,ks,"Kansas",Volleyball,"1-1 Olathe South 1-0 Basehor-Linwood 12:15p"
1041,ks,"Kansas",Volleyball,"TBA 0-2 Marion 1p"
1042,ks,"Kansas",Volleyball,"TBA 1-4 Bucklin 1:02p"
1043,ks,"Kansas",Volleyball,"7-0 (#9) Maize South 1-0 Basehor-Linwood 1:30p"
1044,ks,"Kansas",Volleyball,"0-1 Lee's Summit 7-0 (#9) Maize South 1:30p"
1045,ks,"Kansas",Volleyball,"TBA 1-4 Bucklin 2p"
1046,ks,"Kansas",Volleyball,"TBA 1-4 Bucklin 3p"
1047,ks,"Kansas",Volleyball,"TBA 0-2 Marion 3p"
1048,ks,"Kansas",Volleyball,"0-0 Christ Prep Academy 6-1-1 Center Place 4p"
1049,ks,"Kansas",Volleyball,"5-2-1 (#25) Overland Christian TBA"
1050,ks,"Kansas",Volleyball,"Related ScoreboardsDistricts Approved SchoolArk Valley-Chisholm Trail Division IArk Valley-Chisholm Trail Division IIArk Valley-Chisholm Trail Division IIIArk Valley-Chisholm Trail Division IVBig EastCentennialCentral KansasCentral PlainsCentral Prairie Associations Kansas State High School Activities AssociationKansas Volleyball Coach Association Metros JoplinTopekaWichita"
1051,ks,"Kansas",Volleyball,"Saturday, Sep. 5 11-2 Chesterton 10-0 (#17) Carroll 10a 10-0 (#25) Hamilton Southeastern 3-9 Bellmont 10a 10-0 (#25) Hamilton Southeastern 10-0 (#17) Carroll 12p 11-2 Centennial 11-0 (#1) Sierra Canyon 5:30p"
1052,ks,"Kansas",Volleyball,"11-2 Chesterton 10-0 (#17) Carroll 10a"
1053,ks,"Kansas",Volleyball,"10-0 (#25) Hamilton Southeastern 3-9 Bellmont 10a"
1054,ks,"Kansas",Volleyball,"10-0 (#25) Hamilton Southeastern 10-0 (#17) Carroll 12p"
1055,ks,"Kansas",Volleyball,"11-2 Centennial 11-0 (#1) Sierra Canyon 5:30p"
1056,ky,"Kentucky",Volleyball,"There are 70 matches for Kentucky volleyball on Sat, 9/5/2026. The featured matches are by Kentucky top ranked teams #3 Apollo (Owensboro, KY) @ #4 Bowling Green (KY), #3 Apollo (Owensboro, KY) @ Powell County (Stanton, KY), and #3 Apollo (Owensboro, KY) @ #21 Great Crossing (Georgetown, KY). The first match, Powell County (Stanton, KY) @ Lexington Catholic (Lexington, KY), starts at 12:01a. Related Content Kentucky Girls Volleyball Stat LeadersKentucky Girls Volleyball PlayoffsKentucky Girls Volleyball Rankings Recent Kentucky Girls Volleyball HeadlinesVOLLEYBALL: Preseason top 100VOLLEYBALL: Preseason All-Americans Kentucky High School Volleyball Schedule 70 Matches 2-3 Powell County 5-2 Lexington Catholic 12:01a 5-5 Henry Clay 6-4 Central Hardin 8a console.log('MaxPrepsAds - createMark: Element Defined - leaderboard-banner-inc1');performance && performance.mark && performance.mark('MaxPrepsAds - Element Defined: leaderboard-banner-inc1'); 2-3 Powell County 6-4 Central Hardin 8a 6-5 Adair County 7-3-2 South Warren 8a 5-5 Henry Clay 7-3-2 South Warren 9a 3-3 Newport Central Catholic 1-2 Simon Kenton 9a 1-1 McCracken County 6-1 (#17) Elizabethtown 9a 2-5 Cloverport 5-5 Trinity 9a 0-0 Oneonta 2-2 Paul Laurence Dunbar 9a 7-4-1 Somerset 1-3-1 Dixie Heights 9a 3-6 Boone County 2-2 Campbell County 9a 2-3 Powell County 7-3-2 South Warren 9a 2-2 Paul Laurence Dunbar 2-2 Crestview 10:15a 3-0-1 Eminence 2-5 Gallatin County 10a 3-8 Harlan County 4-1 (#13) Whitley County 10a 2-2 Conner 5-2 (#14) Montgomery County 10a 3-2 Holy Cross 4-0 (#18) Ballard 10a 4-2 Madison Central 2-4 Scott 10a 5-4 Walton-Verona 1-5 Henry County 10a 6-9-1 Edmonson County 3-8-1 McLean County 10a 1-3 Sayre 1-3 Lexington Christian 10a 4-3 Spencer County 1-2 Franklin County 10:30a 12-1 (#4) Bowling Green 5-5 Henry Clay 11a 6-5 Knox Central 7-4-2 Clay County 11a 3-4 Lawrence County 8-4 Pikeville 11a 2-3 Powell County 6-5 Adair County 11a 1-3 Cornerstone Christian Academy 4-3-1 Williamstown 11a 3-4 Owen County 3-1 Trimble County 11a 5-5 Henry Clay 6-5 Adair County 11a 6-4 Central Hardin 7-3-2 South Warren 11a 2-5 Frankfort 2-3 Berea 11:30a 1-1 Highlands Christian 2-2 Paul Laurence Dunbar 11:30a 5-2 Lexington Catholic 3-4 Boyle County 12p 8-1 Wayne County 7-3-2 South Warren 12p 3-3-2 Greenwood 6-1 (#17) Elizabethtown 12p 1-7 Butler County 3-2 Foundation Christian Academy 12p 8-4 Pikeville 7-2-1 Betsy Layne 12:15p 3-3-2 Greenwood 1-1 McCracken County 1p 0-0H Holy Family 3-2 Greenup County 1p 12-0 (#3) Apollo 12-1 (#4) Bowling Green 1p 4-7 Pike County Central 3-4 Lawrence County 1:30p 7-2 (#16) West Jessamine 6-1 (#17) Elizabethtown 2p 7-2 (#16) West Jessamine 6-5 Adair County 2p 12-0 (#3) Apollo 2-3 Powell County 2p 1-1 McCracken County 5-2 Lexington Catholic 2p 5-3-1 Letcher County Central 7-2-1 Betsy Layne 2:45p 4-1 (#21) Great Crossing 12-1 (#4) Bowling Green 3p 7-2 (#16) West Jessamine 3-3-2 Greenwood 3p 2-3 Powell County 12-1 (#4) Bowling Green 4p 4-7 Pike County Central 5-3-1 Letcher County Central 4:15p 12-0 (#3) Apollo 4-1 (#21) Great Crossing 5p 7-2 (#16) West Jessamine 1-1 McCracken County 5p 3-3-2 Greenwood 6-5 Adair County 5p 4-1 (#21) Great Crossing 2-3 Powell County 6p 4-1 (#21) Great Crossing 5-5 Henry Clay 6p 2-3 Powell County 1-1 McCracken County 6p 8-1 Wayne County 6-5 Adair County 9p 6-4 Central Hardin 8-1 Wayne County 6-5 Adair County 4-3 Male 6-4 Central Hardin 3-4 Boyle County 3-4 Boyle County 4-1 (#21) Great Crossing 5-2 Lexington Catholic 6-1 (#17) Elizabethtown 6-4 Central Hardin 4-1 (#21) Great Crossing 5-5 Trinity 0-4 Owensboro Catholic 4-3 Male 7-2 (#16) West Jessamine 12-0 (#3) Apollo 6-1 (#17) Elizabethtown 8-1 Wayne County 4-1 (#21) Great Crossing 8-1 Wayne County 3-4 Boyle County 2-3 Powell County 6-1 (#17) Elizabethtown 5-5 Henry Clay 12-0 (#3) Apollo"
1057,ky,"Kentucky",Volleyball,"2-3 Powell County 5-2 Lexington Catholic 12:01a"
1058,ky,"Kentucky",Volleyball,"5-5 Henry Clay 6-4 Central Hardin 8a"
1059,ky,"Kentucky",Volleyball,"2-3 Powell County 6-4 Central Hardin 8a"
1060,ky,"Kentucky",Volleyball,"6-5 Adair County 7-3-2 South Warren 8a"
1061,ky,"Kentucky",Volleyball,"5-5 Henry Clay 7-3-2 South Warren 9a"
1062,ky,"Kentucky",Volleyball,"3-3 Newport Central Catholic 1-2 Simon Kenton 9a"
1063,ky,"Kentucky",Volleyball,"1-1 McCracken County 6-1 (#17) Elizabethtown 9a"
1064,ky,"Kentucky",Volleyball,"2-5 Cloverport 5-5 Trinity 9a"
1065,ky,"Kentucky",Volleyball,"0-0 Oneonta 2-2 Paul Laurence Dunbar 9a"
1066,ky,"Kentucky",Volleyball,"7-4-1 Somerset 1-3-1 Dixie Heights 9a"
1067,ky,"Kentucky",Volleyball,"3-6 Boone County 2-2 Campbell County 9a"
1068,ky,"Kentucky",Volleyball,"2-3 Powell County 7-3-2 South Warren 9a"
1069,ky,"Kentucky",Volleyball,"2-2 Paul Laurence Dunbar 2-2 Crestview 10:15a"
1070,ky,"Kentucky",Volleyball,"3-0-1 Eminence 2-5 Gallatin County 10a"
1071,ky,"Kentucky",Volleyball,"3-8 Harlan County 4-1 (#13) Whitley County 10a"
1072,ky,"Kentucky",Volleyball,"2-2 Conner 5-2 (#14) Montgomery County 10a"
1073,ky,"Kentucky",Volleyball,"3-2 Holy Cross 4-0 (#18) Ballard 10a"
1074,ky,"Kentucky",Volleyball,"4-2 Madison Central 2-4 Scott 10a"
1075,ky,"Kentucky",Volleyball,"5-4 Walton-Verona 1-5 Henry County 10a"
1076,ky,"Kentucky",Volleyball,"6-9-1 Edmonson County 3-8-1 McLean County 10a"
1077,ky,"Kentucky",Volleyball,"1-3 Sayre 1-3 Lexington Christian 10a"
1078,ky,"Kentucky",Volleyball,"4-3 Spencer County 1-2 Franklin County 10:30a"
1079,ky,"Kentucky",Volleyball,"12-1 (#4) Bowling Green 5-5 Henry Clay 11a"
1080,ky,"Kentucky",Volleyball,"6-5 Knox Central 7-4-2 Clay County 11a"
1081,ky,"Kentucky",Volleyball,"3-4 Lawrence County 8-4 Pikeville 11a"
1082,ky,"Kentucky",Volleyball,"2-3 Powell County 6-5 Adair County 11a"
1083,ky,"Kentucky",Volleyball,"1-3 Cornerstone Christian Academy 4-3-1 Williamstown 11a"
1084,ky,"Kentucky",Volleyball,"3-4 Owen County 3-1 Trimble County 11a"
1085,ky,"Kentucky",Volleyball,"5-5 Henry Clay 6-5 Adair County 11a"
1086,ky,"Kentucky",Volleyball,"6-4 Central Hardin 7-3-2 South Warren 11a"
1087,ky,"Kentucky",Volleyball,"2-5 Frankfort 2-3 Berea 11:30a"
1088,ky,"Kentucky",Volleyball,"1-1 Highlands Christian 2-2 Paul Laurence Dunbar 11:30a"
1089,ky,"Kentucky",Volleyball,"5-2 Lexington Catholic 3-4 Boyle County 12p"
1090,ky,"Kentucky",Volleyball,"8-1 Wayne County 7-3-2 South Warren 12p"
1091,ky,"Kentucky",Volleyball,"3-3-2 Greenwood 6-1 (#17) Elizabethtown 12p"
1092,ky,"Kentucky",Volleyball,"1-7 Butler County 3-2 Foundation Christian Academy 12p"
1093,ky,"Kentucky",Volleyball,"8-4 Pikeville 7-2-1 Betsy Layne 12:15p"
1094,ky,"Kentucky",Volleyball,"3-3-2 Greenwood 1-1 McCracken County 1p"
1095,ky,"Kentucky",Volleyball,"0-0H Holy Family 3-2 Greenup County 1p"
1096,ky,"Kentucky",Volleyball,"12-0 (#3) Apollo 12-1 (#4) Bowling Green 1p"
1097,ky,"Kentucky",Volleyball,"4-7 Pike County Central 3-4 Lawrence County 1:30p"
1098,ky,"Kentucky",Volleyball,"7-2 (#16) West Jessamine 6-1 (#17) Elizabethtown 2p"
1099,ky,"Kentucky",Volleyball,"7-2 (#16) West Jessamine 6-5 Adair County 2p"
1100,ky,"Kentucky",Volleyball,"12-0 (#3) Apollo 2-3 Powell County 2p"
1101,ky,"Kentucky",Volleyball,"1-1 McCracken County 5-2 Lexington Catholic 2p"
1102,ky,"Kentucky",Volleyball,"5-3-1 Letcher County Central 7-2-1 Betsy Layne 2:45p"
1103,ky,"Kentucky",Volleyball,"4-1 (#21) Great Crossing 12-1 (#4) Bowling Green 3p"
1104,ky,"Kentucky",Volleyball,"7-2 (#16) West Jessamine 3-3-2 Greenwood 3p"
1105,ky,"Kentucky",Volleyball,"2-3 Powell County 12-1 (#4) Bowling Green 4p"
1106,ky,"Kentucky",Volleyball,"4-7 Pike County Central 5-3-1 Letcher County Central 4:15p"
1107,ky,"Kentucky",Volleyball,"12-0 (#3) Apollo 4-1 (#21) Great Crossing 5p"
1108,ky,"Kentucky",Volleyball,"7-2 (#16) West Jessamine 1-1 McCracken County 5p"
1109,ky,"Kentucky",Volleyball,"3-3-2 Greenwood 6-5 Adair County 5p"
1110,ky,"Kentucky",Volleyball,"4-1 (#21) Great Crossing 2-3 Powell County 6p"
1111,ky,"Kentucky",Volleyball,"4-1 (#21) Great Crossing 5-5 Henry Clay 6p"
1112,ky,"Kentucky",Volleyball,"2-3 Powell County 1-1 McCracken County 6p"
1113,ky,"Kentucky",Volleyball,"8-1 Wayne County 6-5 Adair County 9p"
1114,ky,"Kentucky",Volleyball,"6-4 Central Hardin 8-1 Wayne County"
1115,ky,"Kentucky",Volleyball,"6-5 Adair County 4-3 Male"
1116,ky,"Kentucky",Volleyball,"6-4 Central Hardin 3-4 Boyle County"
1117,ky,"Kentucky",Volleyball,"3-4 Boyle County 4-1 (#21) Great Crossing"
1118,ky,"Kentucky",Volleyball,"5-2 Lexington Catholic 6-1 (#17) Elizabethtown"
1119,ky,"Kentucky",Volleyball,"6-4 Central Hardin 4-1 (#21) Great Crossing"
1120,ky,"Kentucky",Volleyball,"5-5 Trinity 0-4 Owensboro Catholic"
1121,ky,"Kentucky",Volleyball,"4-3 Male 7-2 (#16) West Jessamine"
1122,ky,"Kentucky",Volleyball,"12-0 (#3) Apollo 6-1 (#17) Elizabethtown"
1123,ky,"Kentucky",Volleyball,"8-1 Wayne County 4-1 (#21) Great Crossing"
1124,ky,"Kentucky",Volleyball,"8-1 Wayne County 3-4 Boyle County"
1125,ky,"Kentucky",Volleyball,"2-3 Powell County 6-1 (#17) Elizabethtown"
1126,ky,"Kentucky",Volleyball,"5-5 Henry Clay 12-0 (#3) Apollo"
1127,ky,"Kentucky",Volleyball,"Related ScoreboardsDistricts District 1District 10District 11District 12District 13District 14District 15District 16District 17District 18 Associations Kentucky High School Athletic Association Metros Bowling GreenLexingtonLouisville"
1128,ky,"Kentucky",Volleyball,"Saturday, Sep. 5 11-2 Chesterton 10-0 (#17) Carroll 10a 10-0 (#25) Hamilton Southeastern 3-9 Bellmont 10a 10-0 (#25) Hamilton Southeastern 10-0 (#17) Carroll 12p 11-2 Centennial 11-0 (#1) Sierra Canyon 5:30p"
1129,ky,"Kentucky",Volleyball,"11-2 Chesterton 10-0 (#17) Carroll 10a"
1130,ky,"Kentucky",Volleyball,"10-0 (#25) Hamilton Southeastern 3-9 Bellmont 10a"
1131,ky,"Kentucky",Volleyball,"10-0 (#25) Hamilton Southeastern 10-0 (#17) Carroll 12p"
1132,ky,"Kentucky",Volleyball,"11-2 Centennial 11-0 (#1) Sierra Canyon 5:30p"
1133,la,"Louisiana",Volleyball,"There are 30 matches for Louisiana volleyball on Sat, 9/5/2026. The featured matches are by Louisiana top ranked teams #2 Airline (Bossier City, LA) vs. Catholic - N.I. (New Iberia, LA). The first match, Elton (LA) @ Welsh (LA), starts at 8:30a. Related Content Louisiana Girls Volleyball Stat LeadersLouisiana Girls Volleyball PlayoffsLouisiana Girls Volleyball Rankings Recent Louisiana Girls Volleyball HeadlinesVOLLEYBALL: Preseason top 100 Louisiana High School Volleyball Schedule 30 Matches 0-1 Elton 0-0 Welsh 8:30a 0-1 Crowley 1-0 Jennings 8:30a console.log('MaxPrepsAds - createMark: Element Defined - leaderboard-banner-inc1');performance && performance.mark && performance.mark('MaxPrepsAds - Element Defined: leaderboard-banner-inc1'); 0-0 Byrd 1-0 Catholic - N.I. 9a 0-1 Neville 0-1 Central Catholic 9:30a 0-0 Mt. Carmel 22-2 Blessed Trinity 11a 5-0 Pensacola Catholic 1-0 Archbishop Hannan 10a 0-1 Vinton 0-0 Welsh 10:30a 0-0 DeQuincy 1-0 Jennings 10:30a 1-0 Marksville 0-0 Sulphur 11a 1-2 Ascension Classical 0-1 Brighton 11a 1-0 Ascension Christian 0-1 Brighton 11a 1-0 Calvary Baptist Academy 1-0 Catholic - N.I. 11a 0-1 Neville 0-1 North Central 11:30a 1-0 Archbishop Hannan 12-3 St. Pius X Catholic 1p 0-1 West Feliciana 0-0 Sulphur 12p 2-0 J.S. Clark 0-0 Abramson Sci Academy 12p 0-1 Elton 0-1 Vinton 12:30p 0-0 DeQuincy 0-1 Crowley 12:30p TBA 0-1 Brighton 1p 2-1 (#2) Airline 1-0 Catholic - N.I. 1p 2-0 Zachary 1-0 Slidell 1p 0-1 North Central 0-1 Central Catholic 1:30p 1-0 Riverside Academy 1-0 Slidell 2p 0-0 Mt. Carmel 3-2 Clearwater Central Catholic 3p 1-0 Brusly 0-0 Sulphur 2p 0-0 Mt. Carmel 11-6 St. John Paul II 2p 1-1 Benton 1-0 Catholic - N.I. 3p 0-1 Destrehan 0-0 A.J. Ellender 4p 0-1 Neville 0-1 North Central 11p 0-1 Highland Baptist Christian TBA"
1134,la,"Louisiana",Volleyball,"0-1 Elton 0-0 Welsh 8:30a"
1135,la,"Louisiana",Volleyball,"0-1 Crowley 1-0 Jennings 8:30a"
1136,la,"Louisiana",Volleyball,"0-0 Byrd 1-0 Catholic - N.I. 9a"
1137,la,"Louisiana",Volleyball,"0-1 Neville 0-1 Central Catholic 9:30a"
1138,la,"Louisiana",Volleyball,"0-0 Mt. Carmel 22-2 Blessed Trinity 11a"
1139,la,"Louisiana",Volleyball,"5-0 Pensacola Catholic 1-0 Archbishop Hannan 10a"
1140,la,"Louisiana",Volleyball,"0-1 Vinton 0-0 Welsh 10:30a"
1141,la,"Louisiana",Volleyball,"0-0 DeQuincy 1-0 Jennings 10:30a"
1142,la,"Louisiana",Volleyball,"1-0 Marksville 0-0 Sulphur 11a"
1143,la,"Louisiana",Volleyball,"1-2 Ascension Classical 0-1 Brighton 11a"
1144,la,"Louisiana",Volleyball,"1-0 Ascension Christian 0-1 Brighton 11a"
1145,la,"Louisiana",Volleyball,"1-0 Calvary Baptist Academy 1-0 Catholic - N.I. 11a"
1146,la,"Louisiana",Volleyball,"0-1 Neville 0-1 North Central 11:30a"
1147,la,"Louisiana",Volleyball,"1-0 Archbishop Hannan 12-3 St. Pius X Catholic 1p"
1148,la,"Louisiana",Volleyball,"0-1 West Feliciana 0-0 Sulphur 12p"
1149,la,"Louisiana",Volleyball,"2-0 J.S. Clark 0-0 Abramson Sci Academy 12p"
1150,la,"Louisiana",Volleyball,"0-1 Elton 0-1 Vinton 12:30p"
1151,la,"Louisiana",Volleyball,"0-0 DeQuincy 0-1 Crowley 12:30p"
1152,la,"Louisiana",Volleyball,"TBA 0-1 Brighton 1p"
1153,la,"Louisiana",Volleyball,"2-1 (#2) Airline 1-0 Catholic - N.I. 1p"
1154,la,"Louisiana",Volleyball,"2-0 Zachary 1-0 Slidell 1p"
1155,la,"Louisiana",Volleyball,"0-1 North Central 0-1 Central Catholic 1:30p"
1156,la,"Louisiana",Volleyball,"1-0 Riverside Academy 1-0 Slidell 2p"
1157,la,"Louisiana",Volleyball,"0-0 Mt. Carmel 3-2 Clearwater Central Catholic 3p"
1158,la,"Louisiana",Volleyball,"1-0 Brusly 0-0 Sulphur 2p"
1159,la,"Louisiana",Volleyball,"0-0 Mt. Carmel 11-6 St. John Paul II 2p"
1160,la,"Louisiana",Volleyball,"1-1 Benton 1-0 Catholic - N.I. 3p"
1161,la,"Louisiana",Volleyball,"0-1 Destrehan 0-0 A.J. Ellender 4p"
1162,la,"Louisiana",Volleyball,"0-1 Neville 0-1 North Central 11p"
1163,la,"Louisiana",Volleyball,"0-1 Highland Baptist Christian TBA"
1164,la,"Louisiana",Volleyball,"Related ScoreboardsDistricts ACELDistrict Division I District 1Division I District 2Division I District 3Division I District 4Division I District 5Division I District 6Division I District 7Division I District 8 Associations Louisiana High School Athletic Association Metros AlexandriaBaton RougeLafayette, LaLake CharlesMonroeNew OrleansShreveport"
1165,la,"Louisiana",Volleyball,"Saturday, Sep. 5 11-2 Chesterton 10-0 (#17) Carroll 10a 10-0 (#25) Hamilton Southeastern 3-9 Bellmont 10a 10-0 (#25) Hamilton Southeastern 10-0 (#17) Carroll 12p 11-2 Centennial 11-0 (#1) Sierra Canyon 5:30p"
1166,la,"Louisiana",Volleyball,"11-2 Chesterton 10-0 (#17) Carroll 10a"
1167,la,"Louisiana",Volleyball,"10-0 (#25) Hamilton Southeastern 3-9 Bellmont 10a"
1168,la,"Louisiana",Volleyball,"10-0 (#25) Hamilton Southeastern 10-0 (#17) Carroll 12p"
1169,la,"Louisiana",Volleyball,"11-2 Centennial 11-0 (#1) Sierra Canyon 5:30p"
1170,me,"Maine",Volleyball,"There are 12 matches for Maine volleyball on Sat, 9/5/2026. The first match, Cony (Augusta, ME) @ Brunswick (ME), starts at 11:30a. Related Content Maine Girls Volleyball Stat LeadersMaine Girls Volleyball PlayoffsMaine Girls Volleyball Rankings Maine High School Volleyball Schedule 12 Matches 0-0 Cony 1-0 Brunswick 11:30a 0-0 Medomak Valley 0-0 Gray-New Gloucester 12:30p console.log('MaxPrepsAds - createMark: Element Defined - leaderboard-banner-inc1');performance && performance.mark && performance.mark('MaxPrepsAds - Element Defined: leaderboard-banner-inc1'); 0-0 Mt. Ararat 0-0 Nokomis 12:30p 0-0 Cape Elizabeth 0-0 Camden Hills 12:30p 1-0 George Stevens Academy 0-0 Calais 1p 0-0 Orono 0-0 Lake Region 1:30p 1-0 Bucksport 0-0 Wiscasset 1:30p 0-0 Lee Academy 0-1 Sumner 1:30p 0-0 Lewiston 1-2 Brewer 2p 0-0 Hampden 1-0 Edward Little 2p 0-0 Woodland 0-0 Jonesport-Beals 2:30p 0-0 Gardiner 0-0 Ellsworth 4p"
1171,me,"Maine",Volleyball,"0-0 Cony 1-0 Brunswick 11:30a"
1172,me,"Maine",Volleyball,"0-0 Medomak Valley 0-0 Gray-New Gloucester 12:30p"
1173,me,"Maine",Volleyball,"0-0 Mt. Ararat 0-0 Nokomis 12:30p"
1174,me,"Maine",Volleyball,"0-0 Cape Elizabeth 0-0 Camden Hills 12:30p"
1175,me,"Maine",Volleyball,"1-0 George Stevens Academy 0-0 Calais 1p"
1176,me,"Maine",Volleyball,"0-0 Orono 0-0 Lake Region 1:30p"
1177,me,"Maine",Volleyball,"1-0 Bucksport 0-0 Wiscasset 1:30p"
1178,me,"Maine",Volleyball,"0-0 Lee Academy 0-1 Sumner 1:30p"
1179,me,"Maine",Volleyball,"0-0 Lewiston 1-2 Brewer 2p"
1180,me,"Maine",Volleyball,"0-0 Hampden 1-0 Edward Little 2p"
1181,me,"Maine",Volleyball,"0-0 Woodland 0-0 Jonesport-Beals 2:30p"
1182,me,"Maine",Volleyball,"0-0 Gardiner 0-0 Ellsworth 4p"
1183,me,"Maine",Volleyball,"Related ScoreboardsRegions Class AClass BClass C Associations Maine Principals' Association Metros BangorPortland-AuburnPresque Isle"
1184,me,"Maine",Volleyball,"Saturday, Sep. 5 11-2 Chesterton 10-0 (#17) Carroll 10a 10-0 (#25) Hamilton Southeastern 3-9 Bellmont 10a 10-0 (#25) Hamilton Southeastern 10-0 (#17) Carroll 12p 11-2 Centennial 11-0 (#1) Sierra Canyon 5:30p"
1185,me,"Maine",Volleyball,"11-2 Chesterton 10-0 (#17) Carroll 10a"
1186,me,"Maine",Volleyball,"10-0 (#25) Hamilton Southeastern 3-9 Bellmont 10a"
1187,me,"Maine",Volleyball,"10-0 (#25) Hamilton Southeastern 10-0 (#17) Carroll 12p"
1188,me,"Maine",Volleyball,"11-2 Centennial 11-0 (#1) Sierra Canyon 5:30p"
1189,md,"Maryland",Volleyball,"There are 6 matches for Maryland volleyball on Sat, 9/5/2026. The first match, Heritage Academy (Hagerstown, MD) @ Linganore (Frederick, MD), starts at 8a. Related Content Maryland Girls Volleyball Stat LeadersMaryland Girls Volleyball PlayoffsMaryland Girls Volleyball Rankings Recent Maryland Girls Volleyball HeadlinesVOLLEYBALL: Preseason top 100 Maryland High School Volleyball Schedule 6 Matches 2-0 Heritage Academy 0-0 Linganore 8a 1-0 Charles J. Colgan 0-0 Bishop O'Connell 10:30a console.log('MaxPrepsAds - createMark: Element Defined - leaderboard-banner-inc1');performance && performance.mark && performance.mark('MaxPrepsAds - Element Defined: leaderboard-banner-inc1'); 0-0 Saint James 0-0 Mercersburg Academy 2p 0-0 Linganore 0-0 Governor Thomas Johnson 0-0 Linganore 0-0 Mt. Hebron TBA 1-0 Glenelg Country"
1190,md,"Maryland",Volleyball,"2-0 Heritage Academy 0-0 Linganore 8a"
1191,md,"Maryland",Volleyball,"1-0 Charles J. Colgan 0-0 Bishop O'Connell 10:30a"
1192,md,"Maryland",Volleyball,"0-0 Saint James 0-0 Mercersburg Academy 2p"
1193,md,"Maryland",Volleyball,"0-0 Linganore 0-0 Governor Thomas Johnson"
1194,md,"Maryland",Volleyball,"0-0 Linganore 0-0 Mt. Hebron"
1195,md,"Maryland",Volleyball,"TBA 1-0 Glenelg Country"
1196,md,"Maryland",Volleyball,"Related ScoreboardsRegions ABCSAAnne Arundel CountyAppalachian MountainBaltimore City Division IBaltimore City Division IIBaltimore County 2A/1ABaltimore County 3A/2ABaltimore County 4A/3ABayside - NorthBayside - South Associations Maryland Public Secondary Schools Athletic Association Metros BaltimoreSalisburyWashington DC Metro"
1197,md,"Maryland",Volleyball,"Saturday, Sep. 5 11-2 Chesterton 10-0 (#17) Carroll 10a 10-0 (#25) Hamilton Southeastern 3-9 Bellmont 10a 10-0 (#25) Hamilton Southeastern 10-0 (#17) Carroll 12p 11-2 Centennial 11-0 (#1) Sierra Canyon 5:30p"
1198,md,"Maryland",Volleyball,"11-2 Chesterton 10-0 (#17) Carroll 10a"
1199,md,"Maryland",Volleyball,"10-0 (#25) Hamilton Southeastern 3-9 Bellmont 10a"
1200,md,"Maryland",Volleyball,"10-0 (#25) Hamilton Southeastern 10-0 (#17) Carroll 12p"
1201,md,"Maryland",Volleyball,"11-2 Centennial 11-0 (#1) Sierra Canyon 5:30p"
1202,ma,"Massachusetts",Volleyball,"There are 5 matches for Massachusetts volleyball on Sat, 9/5/2026. The first match, Bridgewater-Raynham (Bridgewater, MA) @ New Bedford (MA), starts at 8a. Related Content Massachusetts Girls Volleyball Stat LeadersMassachusetts Girls Volleyball PlayoffsMassachusetts Girls Volleyball Rankings Massachusetts High School Volleyball Schedule 5 Matches 0-0 Bridgewater-Raynham 0-0 New Bedford 8a 0-0 Dartmouth 0-0 New Bedford 9a console.log('MaxPrepsAds - createMark: Element Defined - leaderboard-banner-inc1');performance && performance.mark && performance.mark('MaxPrepsAds - Element Defined: leaderboard-banner-inc1'); 0-0 New Mission 0-0 Ursuline Academy 1p 0-0 Chicopee Comp 0-0 West Springfield 1:30p 0-0 Old Rochester Regional TBA"
1203,ma,"Massachusetts",Volleyball,"0-0 Bridgewater-Raynham 0-0 New Bedford 8a"
1204,ma,"Massachusetts",Volleyball,"0-0 Dartmouth 0-0 New Bedford 9a"
1205,ma,"Massachusetts",Volleyball,"0-0 New Mission 0-0 Ursuline Academy 1p"
1206,ma,"Massachusetts",Volleyball,"0-0 Chicopee Comp 0-0 West Springfield 1:30p"
1207,ma,"Massachusetts",Volleyball,"0-0 Old Rochester Regional TBA"
1208,ma,"Massachusetts",Volleyball,"Related ScoreboardsLeagues Atlantic CoastBay State - CareyBay State - HergetBerkshire County - NorthBerkshire County - SouthBoston City - NorthBoston City - SouthCape and Islands- AtlanticCape and Islands- LighthouseCape Ann Associations Massachusetts Interscholastic Athletic Association Inc. Metros BostonSpringfield-Holyoke"
1209,ma,"Massachusetts",Volleyball,"Saturday, Sep. 5 11-2 Chesterton 10-0 (#17) Carroll 10a 10-0 (#25) Hamilton Southeastern 3-9 Bellmont 10a 10-0 (#25) Hamilton Southeastern 10-0 (#17) Carroll 12p 11-2 Centennial 11-0 (#1) Sierra Canyon 5:30p"
1210,ma,"Massachusetts",Volleyball,"11-2 Chesterton 10-0 (#17) Carroll 10a"
1211,ma,"Massachusetts",Volleyball,"10-0 (#25) Hamilton Southeastern 3-9 Bellmont 10a"
1212,ma,"Massachusetts",Volleyball,"10-0 (#25) Hamilton Southeastern 10-0 (#17) Carroll 12p"
1213,ma,"Massachusetts",Volleyball,"11-2 Centennial 11-0 (#1) Sierra Canyon 5:30p"
1214,mi,"Michigan",Volleyball,"There is 1 match for Michigan volleyball on Sat, 9/5/2026. Related Content Michigan Girls Volleyball Stat LeadersMichigan Girls Volleyball PlayoffsMichigan Girls Volleyball Rankings Recent Michigan Girls Volleyball HeadlinesVOLLEYBALL: Preseason top 100VOLLEYBALL: Preseason All-Americans Michigan High School Volleyball Schedule 1 Match 2-1 Hurley 1-0 Washburn 9a console.log('MaxPrepsAds - createMark: Element Defined - leaderboard-banner-inc1');performance && performance.mark && performance.mark('MaxPrepsAds - Element Defined: leaderboard-banner-inc1');"
1215,mi,"Michigan",Volleyball,"2-1 Hurley 1-0 Washburn 9a"
1216,mi,"Michigan",Volleyball,"Related ScoreboardsLeagues AllianceBCS - RedBCS - WhiteBig 8Big NorthBig ThumbBlue Water AreaCapital Area - BlueCapital Area - RedCapital Area - White Associations Michigan High School State Association Metros AlpenaDetroitFlintGrand RapidsLansingMarquetteTraverse City"
1217,mi,"Michigan",Volleyball,"Saturday, Sep. 5 11-2 Chesterton 10-0 (#17) Carroll 10a 10-0 (#25) Hamilton Southeastern 3-9 Bellmont 10a 10-0 (#25) Hamilton Southeastern 10-0 (#17) Carroll 12p 11-2 Centennial 11-0 (#1) Sierra Canyon 5:30p"
1218,mi,"Michigan",Volleyball,"11-2 Chesterton 10-0 (#17) Carroll 10a"
1219,mi,"Michigan",Volleyball,"10-0 (#25) Hamilton Southeastern 3-9 Bellmont 10a"
1220,mi,"Michigan",Volleyball,"10-0 (#25) Hamilton Southeastern 10-0 (#17) Carroll 12p"
1221,mi,"Michigan",Volleyball,"11-2 Centennial 11-0 (#1) Sierra Canyon 5:30p"
1222,mn,"Minnesota",Volleyball,"There are 23 matches for Minnesota volleyball today. The featured matches are by Minnesota top ranked teams #3 Chisago Lakes Area (Lindstrom, MN) @ Hill-Murray (Maplewood, MN), Rogers (MN) @ #4 Totino-Grace (Fridley, MN), and #8 Washburn (Minneapolis, MN) @ North Community (Minneapolis, MN). The first match, #3 Chisago Lakes Area (Lindstrom, MN) @ Hill-Murray (Maplewood, MN), starts at 6:30p. Related Content Minnesota Girls Volleyball Stat LeadersMinnesota Girls Volleyball PlayoffsMinnesota Girls Volleyball Rankings Today's Minnesota High School Volleyball Live Scoreboard 23 Matches 5-1 (#3) Chisago Lakes Area 2-2 Hill-Murray 6:30p 3-3 Highland Park 0-2 Mahtomedi 6:30p console.log('MaxPrepsAds - createMark: Element Defined - leaderboard-banner-inc1');performance && performance.mark && performance.mark('MaxPrepsAds - Element Defined: leaderboard-banner-inc1'); 1-1 Robbinsdale Cooper 0-0 St. Anthony Village 6:30p 0-0 Park 2-0 North 6:30p 1-0 Apple Valley 1-0 Two Rivers 6:30p 1-1 Stillwater 1-1 Centennial 7p 0-1 Edison 0-2H Harding 7p 0-0 Roseville 0-1 Champlin Park 7p 2-0 Rogers 4-1 (#4) Totino-Grace 7p 1-0 St. Louis Park 1-0 Robbinsdale Armstrong 7p 1-1 Moose Lake/Willow River 1-1 Two Harbors 7p 1-0 Benilde-St. Margaret's 2-0 Southwest Christian 7p 1-0 Irondale 0-2 Tartan 7p 4-2 South St. Paul 0-3 Minneapolis South 7p 1-0 Fridley 0-1V Visitation 7p 0-0 Columbia Heights 1-0 Kennedy 7p 0-1B Brooklyn Center 0-2 Richfield 7p 1-2-1 (#8) Washburn 0-0 North Community 7p 1-0 East Ridge 0-0 Wayzata 7p 1-2-1 (#8) Washburn 0-1M Minneapolis North 7p 1-0 Mounds View 0-0 Spring Lake Park 7p 0-2 Mayo 5-2 Farmington 7p 1-0 Sebeka 0-0B Browerville/Eagle Valley 7p"
1223,mn,"Minnesota",Volleyball,"5-1 (#3) Chisago Lakes Area 2-2 Hill-Murray 6:30p"
1224,mn,"Minnesota",Volleyball,"3-3 Highland Park 0-2 Mahtomedi 6:30p"
1225,mn,"Minnesota",Volleyball,"1-1 Robbinsdale Cooper 0-0 St. Anthony Village 6:30p"
1226,mn,"Minnesota",Volleyball,"0-0 Park 2-0 North 6:30p"
1227,mn,"Minnesota",Volleyball,"1-0 Apple Valley 1-0 Two Rivers 6:30p"
1228,mn,"Minnesota",Volleyball,"1-1 Stillwater 1-1 Centennial 7p"
1229,mn,"Minnesota",Volleyball,"0-1 Edison 0-2H Harding 7p"
1230,mn,"Minnesota",Volleyball,"0-0 Roseville 0-1 Champlin Park 7p"
1231,mn,"Minnesota",Volleyball,"2-0 Rogers 4-1 (#4) Totino-Grace 7p"
1232,mn,"Minnesota",Volleyball,"1-0 St. Louis Park 1-0 Robbinsdale Armstrong 7p"
1233,mn,"Minnesota",Volleyball,"1-1 Moose Lake/Willow River 1-1 Two Harbors 7p"
1234,mn,"Minnesota",Volleyball,"1-0 Benilde-St. Margaret's 2-0 Southwest Christian 7p"
1235,mn,"Minnesota",Volleyball,"1-0 Irondale 0-2 Tartan 7p"
1236,mn,"Minnesota",Volleyball,"4-2 South St. Paul 0-3 Minneapolis South 7p"
1237,mn,"Minnesota",Volleyball,"1-0 Fridley 0-1V Visitation 7p"
1238,mn,"Minnesota",Volleyball,"0-0 Columbia Heights 1-0 Kennedy 7p"
1239,mn,"Minnesota",Volleyball,"0-1B Brooklyn Center 0-2 Richfield 7p"
1240,mn,"Minnesota",Volleyball,"1-2-1 (#8) Washburn 0-0 North Community 7p"
1241,mn,"Minnesota",Volleyball,"1-0 East Ridge 0-0 Wayzata 7p"
1242,mn,"Minnesota",Volleyball,"1-2-1 (#8) Washburn 0-1M Minneapolis North 7p"
1243,mn,"Minnesota",Volleyball,"1-0 Mounds View 0-0 Spring Lake Park 7p"
1244,mn,"Minnesota",Volleyball,"0-2 Mayo 5-2 Farmington 7p"
1245,mn,"Minnesota",Volleyball,"1-0 Sebeka 0-0B Browerville/Eagle Valley 7p"
1246,mn,"Minnesota",Volleyball,"Related ScoreboardsConferences ArrowheadBig 9Big South - EastBig South - WestCamdenCentral LakesCentral MinnesotaChristian Athletic ConferenceClassic SuburbanEastern Associations Minnesota State High School League Metros DuluthMankatoMinneapolisRochester-Mason"
1247,mn,"Minnesota",Volleyball,"Saturday, Sep. 5 11-2 Chesterton 10-0 (#17) Carroll 10a 10-0 (#25) Hamilton Southeastern 3-9 Bellmont 10a 10-0 (#25) Hamilton Southeastern 10-0 (#17) Carroll 12p 11-2 Centennial 11-0 (#1) Sierra Canyon 5:30p"
1248,mn,"Minnesota",Volleyball,"11-2 Chesterton 10-0 (#17) Carroll 10a"
1249,mn,"Minnesota",Volleyball,"10-0 (#25) Hamilton Southeastern 3-9 Bellmont 10a"
1250,mn,"Minnesota",Volleyball,"10-0 (#25) Hamilton Southeastern 10-0 (#17) Carroll 12p"
1251,mn,"Minnesota",Volleyball,"11-2 Centennial 11-0 (#1) Sierra Canyon 5:30p"
1252,ms,"Mississippi",Volleyball,"There are 7 matches for Mississippi volleyball on Sat, 9/5/2026. The featured matches are by Mississippi top ranked teams Lindsay Lane Christian Academy (Athens, AL) vs. #13 Ocean Springs (MS), and Elberta (AL) vs. #20 Tupelo (MS). The first match, Elberta (AL) vs. #20 Tupelo (MS), starts at 8:30a. Related Content Mississippi Girls Volleyball Stat LeadersMississippi Girls Volleyball PlayoffsMississippi Girls Volleyball Rankings Recent Mississippi Girls Volleyball HeadlinesVOLLEYBALL: Preseason All-Americans Mississippi High School Volleyball Schedule 7 Matches 2-4 Elberta 10-7 (#20) Tupelo 8:30a 8-4 Lindsay Lane Christian Academy 14-5 (#13) Ocean Springs 9:30a console.log('MaxPrepsAds - createMark: Element Defined - leaderboard-banner-inc1');performance && performance.mark && performance.mark('MaxPrepsAds - Element Defined: leaderboard-banner-inc1'); 0-4 Noxubee County 4-6 Heidelberg 10a 12-5 Jackson HomeSchool V Varsity Opponent 1p 1-0 Woodlawn Prep 0-5 Pine Belt 3:30p 12-5 Jackson HomeSchool 6-5 Coastal Mississippi Homeschool 4p V Varsity Opponent 6-5 Coastal Mississippi Homeschool 5p"
1253,ms,"Mississippi",Volleyball,"2-4 Elberta 10-7 (#20) Tupelo 8:30a"
1254,ms,"Mississippi",Volleyball,"8-4 Lindsay Lane Christian Academy 14-5 (#13) Ocean Springs 9:30a"
1255,ms,"Mississippi",Volleyball,"0-4 Noxubee County 4-6 Heidelberg 10a"
1256,ms,"Mississippi",Volleyball,"12-5 Jackson HomeSchool V Varsity Opponent 1p"
1257,ms,"Mississippi",Volleyball,"1-0 Woodlawn Prep 0-5 Pine Belt 3:30p"
1258,ms,"Mississippi",Volleyball,"12-5 Jackson HomeSchool 6-5 Coastal Mississippi Homeschool 4p"
1259,ms,"Mississippi",Volleyball,"V Varsity Opponent 6-5 Coastal Mississippi Homeschool 5p"
1260,ms,"Mississippi",Volleyball,"Related ScoreboardsDistricts Class 1A Region 1Class 1A Region 2Class 1A Region 3Class 1A Region 4Class 1A Region 5Class 1A Region 6Class 1A Region 7Class 1A Region 8Class 2A Region 1Class 2A Region 2 Associations Mississippi High School Activities Association Metros BiloxiColumbus-TupeloGreenwoodHattiesburgJacksonMeridian"
1261,ms,"Mississippi",Volleyball,"Saturday, Sep. 5 11-2 Chesterton 10-0 (#17) Carroll 10a 10-0 (#25) Hamilton Southeastern 3-9 Bellmont 10a 10-0 (#25) Hamilton Southeastern 10-0 (#17) Carroll 12p 11-2 Centennial 11-0 (#1) Sierra Canyon 5:30p"
1262,ms,"Mississippi",Volleyball,"11-2 Chesterton 10-0 (#17) Carroll 10a"
1263,ms,"Mississippi",Volleyball,"10-0 (#25) Hamilton Southeastern 3-9 Bellmont 10a"
1264,ms,"Mississippi",Volleyball,"10-0 (#25) Hamilton Southeastern 10-0 (#17) Carroll 12p"
1265,ms,"Mississippi",Volleyball,"11-2 Centennial 11-0 (#1) Sierra Canyon 5:30p"
1266,mo,"Missouri",Volleyball,"There are 53 matches for Missouri volleyball on Sat, 9/5/2026. The featured matches are by Missouri top ranked teams TBA vs. #3 Plaza Heights Christian Academy (Blue Springs, MO), TBA vs. #3 Plaza Heights Christian Academy (Blue Springs, MO), and TBA vs. #3 Plaza Heights Christian Academy (Blue Springs, MO). The first match, Raytown South (Raytown, MO) vs. Chrisman (Independence, MO), starts at 8a. Related Content Missouri Girls Volleyball Stat LeadersMissouri Girls Volleyball PlayoffsMissouri Girls Volleyball Rankings Missouri High School Volleyball Schedule 53 Matches 0-1 Raytown South 2-0 Chrisman 8a 0-1G Golden City TBA 8a console.log('MaxPrepsAds - createMark: Element Defined - leaderboard-banner-inc1');performance && performance.mark && performance.mark('MaxPrepsAds - Element Defined: leaderboard-banner-inc1'); 1-1 Staley 1-2 Park Hill South 9a 0-1E Exeter 1-0 Lockwood 9a 2-1 Breese Central 3-0 Lafayette 9a 1-2 Park Hill South 4-2 Liberty North 9a 4-2 Liberty North 2-1 Park Hill 9a 1-1 Everton 0-0 Galena 9a V Varsity Opponent 6-1-1 (#5) Center Place 9:15a 0-0 Kauffman 2-0 Chrisman 9:30a 6-6 Gibson County 5-1-2 (#7) Oakville 10a 0-1 St. Clair 2-5 Herrin 10a 1-3 Harrisburg 0-0 Sikeston 10a 5-2 Skutt Catholic 0-1 St. Teresa's Academy 10a 0-0 Northeast Vernon County 0-0 Galena 10:30a 1-1 Staley 2-1 Park Hill 10:30a 0-1G Golden City 1-0 Lockwood 10:30a T Tournament Opponent 0-0 Jackson 10:45a 0-1 The Daniel Academy 6-1-1 (#5) Center Place 10:45a 0-1 St. Teresa's Academy 0-1 Saint Thomas Aquinas 11a 0-1E Exeter 0-0 Southwest 11:15a 0-0 Jackson 2-5 Herrin 11:30a 0-1 Van Horn 2-0 Chrisman 12p 5-1-2 (#7) Oakville 7-1 Red Bud 12:15p 1-0 Verona 0-0 Galena 12:45p 0-0 Southwest 1-0 Lockwood 1p 0-1 Webb City 2-2 Shiloh Christian 1p 0-1 St. Clair 5-1-2 (#7) Oakville 1:15p 0-1 Lee's Summit 7-0 Maize South 1:30p 1-2 Outreach Christian 6-1-1 (#5) Center Place 1:45p TBA 2-0 Chrisman 2p 1-2 Johnston City 0-0 Sikeston 2p 7-1 Red Bud 0-0 Jackson 2p 0-1G Golden City 0-0 Southwest 2:30p 2-5 Herrin 5-1-2 (#7) Oakville 2:45p 0-2M McAuley Catholic 0-0 Galena 3p 0-0G Gloria Deo Academy 1-0 Lockwood 3p TBA 2-0 Chrisman 3p T Tournament Opponent 0-0 Jackson 3:30p 0-0 Christ Prep Academy 6-1-1 (#5) Center Place 4p 1-4-2 Heartland 6-1-1 (#5) Center Place 6:15p 0-0G Gloria Deo Academy 0-0 Southwest 9:45p 0-2 Timberland 1-1 Washington 1-1 Washington 1-0 St. Louis Christian Academy 5-2-1 Overland Christian TBA TBA 7-0-1 (#3) PHCA TBA 7-0-1 (#3) PHCA 1-1 Washington 0-4-3 Lutheran South 1-1 St. Francis Borgia 0-1 Liberty 4-2 Holt 1-1 St. Francis Borgia TBA 7-0-1 (#3) PHCA TBA 7-0-1 (#3) PHCA TBA 7-0-1 (#3) PHCA"
1267,mo,"Missouri",Volleyball,"0-1 Raytown South 2-0 Chrisman 8a"
1268,mo,"Missouri",Volleyball,"0-1G Golden City TBA 8a"
1269,mo,"Missouri",Volleyball,"1-1 Staley 1-2 Park Hill South 9a"
1270,mo,"Missouri",Volleyball,"0-1E Exeter 1-0 Lockwood 9a"
1271,mo,"Missouri",Volleyball,"2-1 Breese Central 3-0 Lafayette 9a"
1272,mo,"Missouri",Volleyball,"1-2 Park Hill South 4-2 Liberty North 9a"
1273,mo,"Missouri",Volleyball,"4-2 Liberty North 2-1 Park Hill 9a"
1274,mo,"Missouri",Volleyball,"1-1 Everton 0-0 Galena 9a"
1275,mo,"Missouri",Volleyball,"V Varsity Opponent 6-1-1 (#5) Center Place 9:15a"
1276,mo,"Missouri",Volleyball,"0-0 Kauffman 2-0 Chrisman 9:30a"
1277,mo,"Missouri",Volleyball,"6-6 Gibson County 5-1-2 (#7) Oakville 10a"
1278,mo,"Missouri",Volleyball,"0-1 St. Clair 2-5 Herrin 10a"
1279,mo,"Missouri",Volleyball,"1-3 Harrisburg 0-0 Sikeston 10a"
1280,mo,"Missouri",Volleyball,"5-2 Skutt Catholic 0-1 St. Teresa's Academy 10a"
1281,mo,"Missouri",Volleyball,"0-0 Northeast Vernon County 0-0 Galena 10:30a"
1282,mo,"Missouri",Volleyball,"1-1 Staley 2-1 Park Hill 10:30a"
1283,mo,"Missouri",Volleyball,"0-1G Golden City 1-0 Lockwood 10:30a"
1284,mo,"Missouri",Volleyball,"T Tournament Opponent 0-0 Jackson 10:45a"
1285,mo,"Missouri",Volleyball,"0-1 The Daniel Academy 6-1-1 (#5) Center Place 10:45a"
1286,mo,"Missouri",Volleyball,"0-1 St. Teresa's Academy 0-1 Saint Thomas Aquinas 11a"
1287,mo,"Missouri",Volleyball,"0-1E Exeter 0-0 Southwest 11:15a"
1288,mo,"Missouri",Volleyball,"0-0 Jackson 2-5 Herrin 11:30a"
1289,mo,"Missouri",Volleyball,"0-1 Van Horn 2-0 Chrisman 12p"
1290,mo,"Missouri",Volleyball,"5-1-2 (#7) Oakville 7-1 Red Bud 12:15p"
1291,mo,"Missouri",Volleyball,"1-0 Verona 0-0 Galena 12:45p"
1292,mo,"Missouri",Volleyball,"0-0 Southwest 1-0 Lockwood 1p"
1293,mo,"Missouri",Volleyball,"0-1 Webb City 2-2 Shiloh Christian 1p"
1294,mo,"Missouri",Volleyball,"0-1 St. Clair 5-1-2 (#7) Oakville 1:15p"
1295,mo,"Missouri",Volleyball,"0-1 Lee's Summit 7-0 Maize South 1:30p"
1296,mo,"Missouri",Volleyball,"1-2 Outreach Christian 6-1-1 (#5) Center Place 1:45p"
1297,mo,"Missouri",Volleyball,"TBA 2-0 Chrisman 2p"
1298,mo,"Missouri",Volleyball,"1-2 Johnston City 0-0 Sikeston 2p"
1299,mo,"Missouri",Volleyball,"7-1 Red Bud 0-0 Jackson 2p"
1300,mo,"Missouri",Volleyball,"0-1G Golden City 0-0 Southwest 2:30p"
1301,mo,"Missouri",Volleyball,"2-5 Herrin 5-1-2 (#7) Oakville 2:45p"
1302,mo,"Missouri",Volleyball,"0-2M McAuley Catholic 0-0 Galena 3p"
1303,mo,"Missouri",Volleyball,"0-0G Gloria Deo Academy 1-0 Lockwood 3p"
1304,mo,"Missouri",Volleyball,"TBA 2-0 Chrisman 3p"
1305,mo,"Missouri",Volleyball,"T Tournament Opponent 0-0 Jackson 3:30p"
1306,mo,"Missouri",Volleyball,"0-0 Christ Prep Academy 6-1-1 (#5) Center Place 4p"
1307,mo,"Missouri",Volleyball,"1-4-2 Heartland 6-1-1 (#5) Center Place 6:15p"
1308,mo,"Missouri",Volleyball,"0-0G Gloria Deo Academy 0-0 Southwest 9:45p"
1309,mo,"Missouri",Volleyball,"0-2 Timberland 1-1 Washington"
1310,mo,"Missouri",Volleyball,"1-1 Washington 1-0 St. Louis Christian Academy"
1311,mo,"Missouri",Volleyball,"5-2-1 Overland Christian TBA"
1312,mo,"Missouri",Volleyball,"TBA 7-0-1 (#3) PHCA"
1313,mo,"Missouri",Volleyball,"TBA 7-0-1 (#3) PHCA"
1314,mo,"Missouri",Volleyball,"1-1 Washington 0-4-3 Lutheran South"
1315,mo,"Missouri",Volleyball,"1-1 St. Francis Borgia 0-1 Liberty"
1316,mo,"Missouri",Volleyball,"4-2 Holt 1-1 St. Francis Borgia"
1317,mo,"Missouri",Volleyball,"TBA 7-0-1 (#3) PHCA"
1318,mo,"Missouri",Volleyball,"TBA 7-0-1 (#3) PHCA"
1319,mo,"Missouri",Volleyball,"TBA 7-0-1 (#3) PHCA"
1320,mo,"Missouri",Volleyball,"Related ScoreboardsDistricts Black RiverCentral MissouriCentral OzarksClass 1 District 1Class 1 District 10Class 1 District 11Class 1 District 12Class 1 District 13Class 1 District 14Class 1 District 15 Associations Missouri 8-Man Football Coaches AssociationMissouri High School Volleyball Coaches AssociationMissouri State High School Activities Association Metros Columbia-Jefferson CityKansas CityOttumwaSpringfieldSt. JosephSt. Louis"
1321,mo,"Missouri",Volleyball,"Saturday, Sep. 5 11-2 Chesterton 10-0 (#17) Carroll 10a 10-0 (#25) Hamilton Southeastern 3-9 Bellmont 10a 10-0 (#25) Hamilton Southeastern 10-0 (#17) Carroll 12p 11-2 Centennial 11-0 (#1) Sierra Canyon 5:30p"
1322,mo,"Missouri",Volleyball,"11-2 Chesterton 10-0 (#17) Carroll 10a"
1323,mo,"Missouri",Volleyball,"10-0 (#25) Hamilton Southeastern 3-9 Bellmont 10a"
1324,mo,"Missouri",Volleyball,"10-0 (#25) Hamilton Southeastern 10-0 (#17) Carroll 12p"
1325,mo,"Missouri",Volleyball,"11-2 Centennial 11-0 (#1) Sierra Canyon 5:30p"
1326,mt,"Montana",Volleyball,"There are 48 matches for Montana volleyball on Sat, 9/5/2026. The featured matches are by Montana top ranked teams Bigfork (MT) vs. #3 Fergus (Lewistown, MT), and Gardiner (MT) @ #4 Ennis (MT). The first match, Powder River County (Broadus, MT) @ Carter County (Ekalaka, MT), starts at 5a. Related Content Montana Girls Volleyball Stat LeadersMontana Girls Volleyball PlayoffsMontana Girls Volleyball Rankings Montana High School Volleyball Schedule 48 Matches 0-0 Powder River County 0-0C Carter County 5a 0-0-1 Stevensville 0-2P Park 8:45a console.log('MaxPrepsAds - createMark: Element Defined - leaderboard-banner-inc1');performance && performance.mark && performance.mark('MaxPrepsAds - Element Defined: leaderboard-banner-inc1'); 1-5 Havre 0-0 Dawson County 9a 2-0 Billings West 0-2 Sentinel 10a 2-2 Skyview 0-2 Big Sky 10a 0-0-1 Stevensville 2-0 East Helena 10:15a 1-0 Corvallis 1-0 Billings Central Catholic 10:15a 1-0 Billings Central Catholic 2-0 Hamilton 11a 0-0 MVCA 0-1P Petra Academy 11:30a 0-1 Lockwood 1-0 Beaverhead County 11:45a 0-0 Bigfork 2-4F (#3) Fergus 12p 0-1 Lockwood 0-0-1 Stevensville 12:30p 1-0 Sweet Grass County 0-1 Joliet 12:45p 0-2 Sentinel 1-1 Billings Senior 12:55p 0-1M Malta 0-1G Glasgow 1p 2-0 Billings West 0-2 Big Sky 1p 1-4-2 Libby 1-0 Columbia Falls 1p 2-2 Skyview 0-2 Hellgate 1p 1-0 Beaverhead County 1-0 Laurel 1:15p 0-2P Park 1-0 Corvallis 1:15p 1-0 Gallatin 0-3 Flathead 1:30p 2-0 Russell 0-3 Capital 2p 2-1 Helena 1-1 Great Falls 2p 0-1 Colstrip 0-0B Baker 2p 2-0 East Helena 2-0 Hamilton 2p 1-0 Valley Christian 0-0 Seeley-Swan 2:30p 2-0 Bozeman 0-3 Flathead 2:30p 1-0 Gallatin 1-1 Glacier 2:30p 0-0 Lone Peak 0-0 Jefferson 2:30p 1-0 Valley Christian 0-0 Seeley-Swan 2:30p 0-0 Arlee 0-0 Troy 3p 0-0 Lincoln County 0-0 Darby 3p 0-0G Granite 1-0 Hot Springs 4p 1-4-2 Libby 1-0 Columbia Falls 4p 0-1 Whitehall 9-1 Broadwater 4p 0-0 Rocky Boy 1-0 Choteau 4:30p 1-0 Gallatin 1-1 Glacier 5p 2-0 Bozeman 1-1 Glacier 5:30p 1-0 Gallatin 0-3 Flathead 5:30p 0-0 Geraldine 1-0 Belt 5:31p 0-0 Roberts 0-0P Plenty Coups 6p 0-0 Drummond 0-1 Victor 6p 0-0T Two Eagle River 0-0 Charlo 6p 0-1G Grass Range/Winnett 0-0 Broadview/Lavina 6:30p 0-0 Forsyth 0-0B Bridger 6:30p 1-0 Savage 0-1T Terry 6:30p 1-0 Belt 0-0D DSGG (CO-OP) 7p 1-0G Gardiner 0-3-2 (#4) Ennis 8p"
1327,mt,"Montana",Volleyball,"0-0 Powder River County 0-0C Carter County 5a"
1328,mt,"Montana",Volleyball,"0-0-1 Stevensville 0-2P Park 8:45a"
1329,mt,"Montana",Volleyball,"1-5 Havre 0-0 Dawson County 9a"
1330,mt,"Montana",Volleyball,"2-0 Billings West 0-2 Sentinel 10a"
1331,mt,"Montana",Volleyball,"2-2 Skyview 0-2 Big Sky 10a"
1332,mt,"Montana",Volleyball,"0-0-1 Stevensville 2-0 East Helena 10:15a"
1333,mt,"Montana",Volleyball,"1-0 Corvallis 1-0 Billings Central Catholic 10:15a"
1334,mt,"Montana",Volleyball,"1-0 Billings Central Catholic 2-0 Hamilton 11a"
1335,mt,"Montana",Volleyball,"0-0 MVCA 0-1P Petra Academy 11:30a"
1336,mt,"Montana",Volleyball,"0-1 Lockwood 1-0 Beaverhead County 11:45a"
1337,mt,"Montana",Volleyball,"0-0 Bigfork 2-4F (#3) Fergus 12p"
1338,mt,"Montana",Volleyball,"0-1 Lockwood 0-0-1 Stevensville 12:30p"
1339,mt,"Montana",Volleyball,"1-0 Sweet Grass County 0-1 Joliet 12:45p"
1340,mt,"Montana",Volleyball,"0-2 Sentinel 1-1 Billings Senior 12:55p"
1341,mt,"Montana",Volleyball,"0-1M Malta 0-1G Glasgow 1p"
1342,mt,"Montana",Volleyball,"2-0 Billings West 0-2 Big Sky 1p"
1343,mt,"Montana",Volleyball,"1-4-2 Libby 1-0 Columbia Falls 1p"
1344,mt,"Montana",Volleyball,"2-2 Skyview 0-2 Hellgate 1p"
1345,mt,"Montana",Volleyball,"1-0 Beaverhead County 1-0 Laurel 1:15p"
1346,mt,"Montana",Volleyball,"0-2P Park 1-0 Corvallis 1:15p"
1347,mt,"Montana",Volleyball,"1-0 Gallatin 0-3 Flathead 1:30p"
1348,mt,"Montana",Volleyball,"2-0 Russell 0-3 Capital 2p"
1349,mt,"Montana",Volleyball,"2-1 Helena 1-1 Great Falls 2p"
1350,mt,"Montana",Volleyball,"0-1 Colstrip 0-0B Baker 2p"
1351,mt,"Montana",Volleyball,"2-0 East Helena 2-0 Hamilton 2p"
1352,mt,"Montana",Volleyball,"1-0 Valley Christian 0-0 Seeley-Swan 2:30p"
1353,mt,"Montana",Volleyball,"2-0 Bozeman 0-3 Flathead 2:30p"
1354,mt,"Montana",Volleyball,"1-0 Gallatin 1-1 Glacier 2:30p"
1355,mt,"Montana",Volleyball,"0-0 Lone Peak 0-0 Jefferson 2:30p"
1356,mt,"Montana",Volleyball,"1-0 Valley Christian 0-0 Seeley-Swan 2:30p"
1357,mt,"Montana",Volleyball,"0-0 Arlee 0-0 Troy 3p"
1358,mt,"Montana",Volleyball,"0-0 Lincoln County 0-0 Darby 3p"
1359,mt,"Montana",Volleyball,"0-0G Granite 1-0 Hot Springs 4p"
1360,mt,"Montana",Volleyball,"1-4-2 Libby 1-0 Columbia Falls 4p"
1361,mt,"Montana",Volleyball,"0-1 Whitehall 9-1 Broadwater 4p"
1362,mt,"Montana",Volleyball,"0-0 Rocky Boy 1-0 Choteau 4:30p"
1363,mt,"Montana",Volleyball,"1-0 Gallatin 1-1 Glacier 5p"
1364,mt,"Montana",Volleyball,"2-0 Bozeman 1-1 Glacier 5:30p"
1365,mt,"Montana",Volleyball,"1-0 Gallatin 0-3 Flathead 5:30p"
1366,mt,"Montana",Volleyball,"0-0 Geraldine 1-0 Belt 5:31p"
1367,mt,"Montana",Volleyball,"0-0 Roberts 0-0P Plenty Coups 6p"
1368,mt,"Montana",Volleyball,"0-0 Drummond 0-1 Victor 6p"
1369,mt,"Montana",Volleyball,"0-0T Two Eagle River 0-0 Charlo 6p"
1370,mt,"Montana",Volleyball,"0-1G Grass Range/Winnett 0-0 Broadview/Lavina 6:30p"
1371,mt,"Montana",Volleyball,"0-0 Forsyth 0-0B Bridger 6:30p"
1372,mt,"Montana",Volleyball,"1-0 Savage 0-1T Terry 6:30p"
1373,mt,"Montana",Volleyball,"1-0 Belt 0-0D DSGG (CO-OP) 7p"
1374,mt,"Montana",Volleyball,"1-0G Gardiner 0-3-2 (#4) Ennis 8p"
1375,mt,"Montana",Volleyball,"Related ScoreboardsRegions A NortheastA NorthwestA SoutheastA SouthwestAA EasternAA WesternB District 1B District 2B District 3B District 4 Associations Montana High School Association Metros BillingsButteGlendiveGreat FallsHelenaMissoula"
1376,mt,"Montana",Volleyball,"Saturday, Sep. 5 11-2 Chesterton 10-0 (#17) Carroll 10a 10-0 (#25) Hamilton Southeastern 3-9 Bellmont 10a 10-0 (#25) Hamilton Southeastern 10-0 (#17) Carroll 12p 11-2 Centennial 11-0 (#1) Sierra Canyon 5:30p"
1377,mt,"Montana",Volleyball,"11-2 Chesterton 10-0 (#17) Carroll 10a"
1378,mt,"Montana",Volleyball,"10-0 (#25) Hamilton Southeastern 3-9 Bellmont 10a"
1379,mt,"Montana",Volleyball,"10-0 (#25) Hamilton Southeastern 10-0 (#17) Carroll 12p"
1380,mt,"Montana",Volleyball,"11-2 Centennial 11-0 (#1) Sierra Canyon 5:30p"
1381,ne,"Nebraska",Volleyball,"There are 36 matches for Nebraska volleyball on Sat, 9/5/2026. The featured matches are by Nebraska top ranked teams #8 Pius X (Lincoln, NE) @ Papillion-LaVista (Papillion, NE), Pierce (NE) vs. #10 Bishop Neumann (Wahoo, NE), and #22 Skutt Catholic (Omaha, NE) @ Saint Thomas Aquinas (Overland Park, KS). The first match, Duchesne (Omaha, NE) @ TBA, starts at 8a. Related Content Nebraska Girls Volleyball Stat LeadersNebraska Girls Volleyball PlayoffsNebraska Girls Volleyball Rankings Recent Nebraska Girls Volleyball HeadlinesVOLLEYBALL: Preseason top 100VOLLEYBALL: Preseason All-Americans Nebraska High School Volleyball Schedule 36 Matches 1-1 Duchesne TBA 8a 2-1 Cedar Catholic 0-2 Lakeview 9a console.log('MaxPrepsAds - createMark: Element Defined - leaderboard-banner-inc1');performance && performance.mark && performance.mark('MaxPrepsAds - Element Defined: leaderboard-banner-inc1'); 1-1 Duchesne TBA 9a 5-2 (#22) Skutt Catholic 0-1 Saint Thomas Aquinas 9a 2-0 Gross Catholic 1-1 Burke 9a 0-0 North Central 3-2 Hartington-Newcastle 9a 1-2 Deshler 0-1 Freeman 9a 0-1 Syracuse 1-1 Douglas County West 9a 1-1 Superior 2-4 Beatrice 9a 1-0 Pierce 5-0 (#10) Bishop Neumann 10a 5-2 (#22) Skutt Catholic 0-1 St. Teresa's Academy 10a 0-6 Omaha North 3-3 Blair 10a 2-0 Diller-Odell 3-0 Elmwood-Murdock 10a 0-2 Madison 1-2 Winnebago 10a 0-2 Omaha Nation 3-2 Hartington-Newcastle 10a 0-6 Omaha North 1-1 Burke 10:15a 1-5 Lincoln Northwest 2-4 Beatrice 10:15a 4-0 (#8) Pius X 0-1 Papillion-LaVista 10:30a 0-2 Ashland-Greenwood 1-1 Douglas County West 11a 1-1 Duchesne TBA 11a 2-0 Gross Catholic 3-3 Blair 11a 3-0 Elmwood-Murdock 0-1 Freeman 11a TBA 2-0 Lincoln North Star 11a 1-1 Burke 3-3 Blair 11:30a 1-1 Duchesne 2-4 Beatrice 11:45a TBA 3-0 Elmwood-Murdock 12p 6-2 St. Mary's 3-2 Hartington-Newcastle 12p 1-2 Winnebago 3-0 Cedar Bluffs 12p 0-5 Peetz 2-1 Kimball 2p 1-2 Aurora 2-4 Beatrice 3p 0-2 Ashland-Greenwood 0-1 Syracuse 1-1 Nebraska Lutheran 1-0 Archangels Catholic 6-1 Fairbury TBA TBA 1-2 Weeping Water 0-2 Madison 3-0 Cedar Bluffs TBA 1-1 Auburn"
1382,ne,"Nebraska",Volleyball,"1-1 Duchesne TBA 8a"
1383,ne,"Nebraska",Volleyball,"2-1 Cedar Catholic 0-2 Lakeview 9a"
1384,ne,"Nebraska",Volleyball,"1-1 Duchesne TBA 9a"
1385,ne,"Nebraska",Volleyball,"5-2 (#22) Skutt Catholic 0-1 Saint Thomas Aquinas 9a"
1386,ne,"Nebraska",Volleyball,"2-0 Gross Catholic 1-1 Burke 9a"
1387,ne,"Nebraska",Volleyball,"0-0 North Central 3-2 Hartington-Newcastle 9a"
1388,ne,"Nebraska",Volleyball,"1-2 Deshler 0-1 Freeman 9a"
1389,ne,"Nebraska",Volleyball,"0-1 Syracuse 1-1 Douglas County West 9a"
1390,ne,"Nebraska",Volleyball,"1-1 Superior 2-4 Beatrice 9a"
1391,ne,"Nebraska",Volleyball,"1-0 Pierce 5-0 (#10) Bishop Neumann 10a"
1392,ne,"Nebraska",Volleyball,"5-2 (#22) Skutt Catholic 0-1 St. Teresa's Academy 10a"
1393,ne,"Nebraska",Volleyball,"0-6 Omaha North 3-3 Blair 10a"
1394,ne,"Nebraska",Volleyball,"2-0 Diller-Odell 3-0 Elmwood-Murdock 10a"
1395,ne,"Nebraska",Volleyball,"0-2 Madison 1-2 Winnebago 10a"
1396,ne,"Nebraska",Volleyball,"0-2 Omaha Nation 3-2 Hartington-Newcastle 10a"
1397,ne,"Nebraska",Volleyball,"0-6 Omaha North 1-1 Burke 10:15a"
1398,ne,"Nebraska",Volleyball,"1-5 Lincoln Northwest 2-4 Beatrice 10:15a"
1399,ne,"Nebraska",Volleyball,"4-0 (#8) Pius X 0-1 Papillion-LaVista 10:30a"
1400,ne,"Nebraska",Volleyball,"0-2 Ashland-Greenwood 1-1 Douglas County West 11a"
1401,ne,"Nebraska",Volleyball,"1-1 Duchesne TBA 11a"
1402,ne,"Nebraska",Volleyball,"2-0 Gross Catholic 3-3 Blair 11a"
1403,ne,"Nebraska",Volleyball,"3-0 Elmwood-Murdock 0-1 Freeman 11a"
1404,ne,"Nebraska",Volleyball,"TBA 2-0 Lincoln North Star 11a"
1405,ne,"Nebraska",Volleyball,"1-1 Burke 3-3 Blair 11:30a"
1406,ne,"Nebraska",Volleyball,"1-1 Duchesne 2-4 Beatrice 11:45a"
1407,ne,"Nebraska",Volleyball,"TBA 3-0 Elmwood-Murdock 12p"
1408,ne,"Nebraska",Volleyball,"6-2 St. Mary's 3-2 Hartington-Newcastle 12p"
1409,ne,"Nebraska",Volleyball,"1-2 Winnebago 3-0 Cedar Bluffs 12p"
1410,ne,"Nebraska",Volleyball,"0-5 Peetz 2-1 Kimball 2p"
1411,ne,"Nebraska",Volleyball,"1-2 Aurora 2-4 Beatrice 3p"
1412,ne,"Nebraska",Volleyball,"0-2 Ashland-Greenwood 0-1 Syracuse"
1413,ne,"Nebraska",Volleyball,"1-1 Nebraska Lutheran 1-0 Archangels Catholic"
1414,ne,"Nebraska",Volleyball,"6-1 Fairbury TBA"
1415,ne,"Nebraska",Volleyball,"TBA 1-2 Weeping Water"
1416,ne,"Nebraska",Volleyball,"0-2 Madison 3-0 Cedar Bluffs"
1417,ne,"Nebraska",Volleyball,"TBA 1-1 Auburn"
1418,ne,"Nebraska",Volleyball,"Related ScoreboardsDistricts A District B District 1B District 2B District 3B District 4B District 5B District 6B District 7B District 8C1 District 1 Associations Nebraska School Activities Association Metros Lincoln & HastingsNorth PlatteOmaha"
1419,ne,"Nebraska",Volleyball,"Saturday, Sep. 5 11-2 Chesterton 10-0 (#17) Carroll 10a 10-0 (#25) Hamilton Southeastern 3-9 Bellmont 10a 10-0 (#25) Hamilton Southeastern 10-0 (#17) Carroll 12p 11-2 Centennial 11-0 (#1) Sierra Canyon 5:30p"
1420,ne,"Nebraska",Volleyball,"11-2 Chesterton 10-0 (#17) Carroll 10a"
1421,ne,"Nebraska",Volleyball,"10-0 (#25) Hamilton Southeastern 3-9 Bellmont 10a"
1422,ne,"Nebraska",Volleyball,"10-0 (#25) Hamilton Southeastern 10-0 (#17) Carroll 12p"
1423,ne,"Nebraska",Volleyball,"11-2 Centennial 11-0 (#1) Sierra Canyon 5:30p"
1424,nv,"Nevada",Volleyball,"There are 22 matches for Nevada volleyball on Sat, 9/5/2026. The featured matches are by Nevada top ranked teams TBA vs. #4 Centennial (Las Vegas, NV), Somerset Academy Losee (North Las Vegas, NV) vs. #9 Fernley (NV), and #10 Arbor View (Las Vegas, NV) vs. #15 Shadow Ridge (Las Vegas, NV). The first match, Cristo Rey St. Viator (North Las Vegas, NV) vs. Indian Springs (NV), starts at 7:30a. Related Content Nevada Girls Volleyball Stat LeadersNevada Girls Volleyball PlayoffsNevada Girls Volleyball Rankings Nevada High School Volleyball Schedule 22 Matches 4-2 (#17) Liberty 4-2 Skyridge 8a 1-2 Cristo Rey St. Viator 1-4 Indian Springs 7:30a console.log('MaxPrepsAds - createMark: Element Defined - leaderboard-banner-inc1');performance && performance.mark && performance.mark('MaxPrepsAds - Element Defined: leaderboard-banner-inc1'); 6-4 (#10) Arbor View 7-3 (#15) Shadow Ridge 8a 0-0 Somerset Academy Losee 8-2 (#9) Fernley 9a 1-1 Founders Classical Academy 1-2 Desert Pines 10a 0-5 Virginia City 0-0 Excel Christian 11a 4-7 Pershing County 1-8 Silver Stage 11a 1-6 Oasis Academy 10-4 Yerington 12p 6-4 West Wendover 2-4 CASR 12p 3-5-1 Elko 1-0 Truckee 12p 5-9-1 Battle Mountain 8-0 (#11) North Tahoe 12p 0-5 Tonopah 8-5-1 Lund 1p 2-4 Spring Creek 2-3 Debbie Smith CTE Academy 6p TBA 6-6 Southeast Career Tech TBA 1-8 Valley TBA 7-3 (#4) Centennial TBA 2-8 Chaparral TBA 5-5 Spanish Springs TBA 2-0 The Meadows School 2-0 Pinecrest Academy Cadence TBA TBA 1-8 Valley TBA 6-6 Southeast Career Tech"
1425,nv,"Nevada",Volleyball,"4-2 (#17) Liberty 4-2 Skyridge 8a"
1426,nv,"Nevada",Volleyball,"1-2 Cristo Rey St. Viator 1-4 Indian Springs 7:30a"
1427,nv,"Nevada",Volleyball,"6-4 (#10) Arbor View 7-3 (#15) Shadow Ridge 8a"
1428,nv,"Nevada",Volleyball,"0-0 Somerset Academy Losee 8-2 (#9) Fernley 9a"
1429,nv,"Nevada",Volleyball,"1-1 Founders Classical Academy 1-2 Desert Pines 10a"
1430,nv,"Nevada",Volleyball,"0-5 Virginia City 0-0 Excel Christian 11a"
1431,nv,"Nevada",Volleyball,"4-7 Pershing County 1-8 Silver Stage 11a"
1432,nv,"Nevada",Volleyball,"1-6 Oasis Academy 10-4 Yerington 12p"
1433,nv,"Nevada",Volleyball,"6-4 West Wendover 2-4 CASR 12p"
1434,nv,"Nevada",Volleyball,"3-5-1 Elko 1-0 Truckee 12p"
1435,nv,"Nevada",Volleyball,"5-9-1 Battle Mountain 8-0 (#11) North Tahoe 12p"
1436,nv,"Nevada",Volleyball,"0-5 Tonopah 8-5-1 Lund 1p"
1437,nv,"Nevada",Volleyball,"2-4 Spring Creek 2-3 Debbie Smith CTE Academy 6p"
1438,nv,"Nevada",Volleyball,"TBA 6-6 Southeast Career Tech"
1439,nv,"Nevada",Volleyball,"TBA 1-8 Valley"
1440,nv,"Nevada",Volleyball,"TBA 7-3 (#4) Centennial"
1441,nv,"Nevada",Volleyball,"TBA 2-8 Chaparral"
1442,nv,"Nevada",Volleyball,"TBA 5-5 Spanish Springs"
1443,nv,"Nevada",Volleyball,"TBA 2-0 The Meadows School"
1444,nv,"Nevada",Volleyball,"2-0 Pinecrest Academy Cadence TBA"
1445,nv,"Nevada",Volleyball,"TBA 1-8 Valley"
1446,nv,"Nevada",Volleyball,"TBA 6-6 Southeast Career Tech"
1447,nv,"Nevada",Volleyball,"Related ScoreboardsLeagues 1A Central1A Eastern1A South1A Western2A Northern2A Southern3A Northern - East3A Northern - West3A Southern 4A Southern - Desert Associations Nevada Interscholastic Activities Association Metros Las VegasReno"
1448,nv,"Nevada",Volleyball,"Saturday, Sep. 5 11-2 Chesterton 10-0 (#17) Carroll 10a 10-0 (#25) Hamilton Southeastern 3-9 Bellmont 10a 10-0 (#25) Hamilton Southeastern 10-0 (#17) Carroll 12p 11-2 Centennial 11-0 (#1) Sierra Canyon 5:30p"
1449,nv,"Nevada",Volleyball,"11-2 Chesterton 10-0 (#17) Carroll 10a"
1450,nv,"Nevada",Volleyball,"10-0 (#25) Hamilton Southeastern 3-9 Bellmont 10a"
1451,nv,"Nevada",Volleyball,"10-0 (#25) Hamilton Southeastern 10-0 (#17) Carroll 12p"
1452,nv,"Nevada",Volleyball,"11-2 Centennial 11-0 (#1) Sierra Canyon 5:30p"
1453,nh,"New Hampshire",Volleyball,"There are 20 matches for New Hampshire volleyball today. The first match, Merrimack (NH) @ Pinkerton (Derry, NH), starts at 5:15p. Related Content New Hampshire Girls Volleyball Stat LeadersNew Hampshire Girls Volleyball PlayoffsNew Hampshire Girls Volleyball Rankings Today's New Hampshire High School Volleyball Live Scoreboard 20 Matches 0-0 Merrimack 0-0 Pinkerton 5:15p 0-0 Kearsarge 1-1 Inter-Lakes 5:15p console.log('MaxPrepsAds - createMark: Element Defined - leaderboard-banner-inc1');performance && performance.mark && performance.mark('MaxPrepsAds - Element Defined: leaderboard-banner-inc1'); 0-1 Souhegan 0-0 Manchester Central 5:30p 0-0 Mascoma 0-0 Conant 6p 0-0 Plymouth 0-0 Oyster River 6p 0-0 Belmont 0-0 Nute 6:15p 0-0 Laconia 0-0 Hollis-Brookline 6:15p 0-0 Raymond 0-0 Prospect Mountain 6:15p 0-0 Coe-Brown Academy 0-0 Hanover 6:15p 0-0 Hillsboro-Deering 0-0 Farmington 6:15p 0-0 Dover 0-0 Goffstown 6:15p 0-1 Winnisquam 0-0 Newfound Regional 6:15p 0-0 Concord 0-0 Timberlane 6:15p 0-0 Nashua South 0-0 Exeter 6:30p 0-0 Nashua North 0-0 Bishop Guertin 6:30p 0-0 Spaulding 0-0 Salem 6:30p 0-0 Manchester Memorial 1-0 Bedford 6:30p 0-0 Windham 0-0 Portsmouth 6:30p 0-0 Winnacunnet 0-0 Alvirne 6:30p 0-0 Londonderry 0-0 Keene 7p"
1454,nh,"New Hampshire",Volleyball,"0-0 Merrimack 0-0 Pinkerton 5:15p"
1455,nh,"New Hampshire",Volleyball,"0-0 Kearsarge 1-1 Inter-Lakes 5:15p"
1456,nh,"New Hampshire",Volleyball,"0-1 Souhegan 0-0 Manchester Central 5:30p"
1457,nh,"New Hampshire",Volleyball,"0-0 Mascoma 0-0 Conant 6p"
1458,nh,"New Hampshire",Volleyball,"0-0 Plymouth 0-0 Oyster River 6p"
1459,nh,"New Hampshire",Volleyball,"0-0 Belmont 0-0 Nute 6:15p"
1460,nh,"New Hampshire",Volleyball,"0-0 Laconia 0-0 Hollis-Brookline 6:15p"
1461,nh,"New Hampshire",Volleyball,"0-0 Raymond 0-0 Prospect Mountain 6:15p"
1462,nh,"New Hampshire",Volleyball,"0-0 Coe-Brown Academy 0-0 Hanover 6:15p"
1463,nh,"New Hampshire",Volleyball,"0-0 Hillsboro-Deering 0-0 Farmington 6:15p"
1464,nh,"New Hampshire",Volleyball,"0-0 Dover 0-0 Goffstown 6:15p"
1465,nh,"New Hampshire",Volleyball,"0-1 Winnisquam 0-0 Newfound Regional 6:15p"
1466,nh,"New Hampshire",Volleyball,"0-0 Concord 0-0 Timberlane 6:15p"
1467,nh,"New Hampshire",Volleyball,"0-0 Nashua South 0-0 Exeter 6:30p"
1468,nh,"New Hampshire",Volleyball,"0-0 Nashua North 0-0 Bishop Guertin 6:30p"
1469,nh,"New Hampshire",Volleyball,"0-0 Spaulding 0-0 Salem 6:30p"
1470,nh,"New Hampshire",Volleyball,"0-0 Manchester Memorial 1-0 Bedford 6:30p"
1471,nh,"New Hampshire",Volleyball,"0-0 Windham 0-0 Portsmouth 6:30p"
1472,nh,"New Hampshire",Volleyball,"0-0 Winnacunnet 0-0 Alvirne 6:30p"
1473,nh,"New Hampshire",Volleyball,"0-0 Londonderry 0-0 Keene 7p"
1474,nh,"New Hampshire",Volleyball,"Related ScoreboardsLeagues Division IDivision IIDivision III Associations New Hampshire Interscholastic Athletic Association"
1475,nh,"New Hampshire",Volleyball,"Saturday, Sep. 5 11-2 Chesterton 10-0 (#17) Carroll 10a 10-0 (#25) Hamilton Southeastern 3-9 Bellmont 10a 10-0 (#25) Hamilton Southeastern 10-0 (#17) Carroll 12p 11-2 Centennial 11-0 (#1) Sierra Canyon 5:30p"
1476,nh,"New Hampshire",Volleyball,"11-2 Chesterton 10-0 (#17) Carroll 10a"
1477,nh,"New Hampshire",Volleyball,"10-0 (#25) Hamilton Southeastern 3-9 Bellmont 10a"
1478,nh,"New Hampshire",Volleyball,"10-0 (#25) Hamilton Southeastern 10-0 (#17) Carroll 12p"
1479,nh,"New Hampshire",Volleyball,"11-2 Centennial 11-0 (#1) Sierra Canyon 5:30p"
1480,nj,"New Jersey",Volleyball,"There are 6 matches for New Jersey volleyball on Sat, 9/5/2026. The featured matches are by New Jersey top ranked teams #1 Dumont (NJ) @ Hackensack (NJ). The first match, #1 Dumont (NJ) @ Hackensack (NJ), starts at 8a. Related Content New Jersey Girls Volleyball Stat LeadersNew Jersey Girls Volleyball PlayoffsNew Jersey Girls Volleyball Rankings New Jersey High School Volleyball Schedule 6 Matches 4-0D (#1) Dumont 0-0 Hackensack 8a 0-0 Hackensack 0-0 Dickinson 8a console.log('MaxPrepsAds - createMark: Element Defined - leaderboard-banner-inc1');performance && performance.mark && performance.mark('MaxPrepsAds - Element Defined: leaderboard-banner-inc1'); 1-0 Old Bridge 0-0 Bridgewater-Raritan 9a 1-0 Old Bridge 1-1 Jefferson Township 10:30a 0-2 St. Thomas Aquinas 0-0 Perth Amboy 11:30a 1-1 Jefferson Township 0-0 Bridgewater-Raritan 12p"
1481,nj,"New Jersey",Volleyball,"4-0D (#1) Dumont 0-0 Hackensack 8a"
1482,nj,"New Jersey",Volleyball,"0-0 Hackensack 0-0 Dickinson 8a"
1483,nj,"New Jersey",Volleyball,"1-0 Old Bridge 0-0 Bridgewater-Raritan 9a"
1484,nj,"New Jersey",Volleyball,"1-0 Old Bridge 1-1 Jefferson Township 10:30a"
1485,nj,"New Jersey",Volleyball,"0-2 St. Thomas Aquinas 0-0 Perth Amboy 11:30a"
1486,nj,"New Jersey",Volleyball,"1-1 Jefferson Township 0-0 Bridgewater-Raritan 12p"
1487,nj,"New Jersey",Volleyball,"Related ScoreboardsLeagues Big North - FreedomBig North - NationalBig North - PatriotBig North - UnitedBig North - VCape/AtlanticColonial ValleyFreelanceGreater Middlesex - RedGreater Middlesex - White Associations New Jersey State Interscholastic Athletic Association"
1488,nj,"New Jersey",Volleyball,"Saturday, Sep. 5 11-2 Chesterton 10-0 (#17) Carroll 10a 10-0 (#25) Hamilton Southeastern 3-9 Bellmont 10a 10-0 (#25) Hamilton Southeastern 10-0 (#17) Carroll 12p 11-2 Centennial 11-0 (#1) Sierra Canyon 5:30p"
1489,nj,"New Jersey",Volleyball,"11-2 Chesterton 10-0 (#17) Carroll 10a"
1490,nj,"New Jersey",Volleyball,"10-0 (#25) Hamilton Southeastern 3-9 Bellmont 10a"
1491,nj,"New Jersey",Volleyball,"10-0 (#25) Hamilton Southeastern 10-0 (#17) Carroll 12p"
1492,nj,"New Jersey",Volleyball,"11-2 Centennial 11-0 (#1) Sierra Canyon 5:30p"
1493,nm,"New Mexico",Volleyball,"There are 34 matches for New Mexico volleyball on Sat, 9/5/2026. The featured matches are by New Mexico top ranked teams TBA vs. #2 Melrose (NM), TBA vs. #2 Melrose (NM), and TBA vs. #3 Las Cruces (NM). The first match, Raton (NM) @ Trinidad (CO), starts at 1p. Related Content New Mexico Girls Volleyball Stat LeadersNew Mexico Girls Volleyball PlayoffsNew Mexico Girls Volleyball Rankings New Mexico High School Volleyball Schedule 34 Matches 0-1 Raton 1-3 Trinidad 1p 2-3 Atrisco Heritage Academy 3-2 Valencia 1p console.log('MaxPrepsAds - createMark: Element Defined - leaderboard-banner-inc1');performance && performance.mark && performance.mark('MaxPrepsAds - Element Defined: leaderboard-banner-inc1'); 3-3 Ruidoso 1-1 Cottonwood Classical Prep 1:15p 0-3 Coronado 1-1 Jemez Valley 2p 0-4 Gallup 0-4 Santa Fe 2p 0-2 Reserve 2-1 Carrizozo 2p 1-2 Sierra Grande 0-0 Questa 4p 0-2 Espanola Valley 2-2 (#10) Hope Christian 6p TBA 5-0 (#2) Melrose TBA 5-0 (#2) Melrose TBA 1-2 Bosque TBA 1-2 Bosque TBA 5-1 (#9) Mayfield TBA 0-0 Mesa Vista TBA 2-1 (#17) Portales 1-1 Rio Rancho TBA TBA 0-0 Mesa Vista TBA 2-1 (#17) Portales 3-4 Kirtland Central TBA TBA 1-1 New Mexico Military Institute TBA 3-2 (#14) Moriarty TBA 3-2 (#14) Moriarty 2-1 Escalante TBA 3-1 Pojoaque Valley TBA TBA 2-0Q Quemado TBA 2-0Q Quemado TBA 6-1 (#3) Las Cruces TBA 4-1 Hot Springs TBA 3-2 (#16) Fort Sumner/House TBA 4-1 Hot Springs TBA 3-0 Oak Grove Classical Academy TBA 3-0 Oak Grove Classical Academy TBA 2-2 Bloomfield TBA 1-2 Alamogordo"
1494,nm,"New Mexico",Volleyball,"0-1 Raton 1-3 Trinidad 1p"
1495,nm,"New Mexico",Volleyball,"2-3 Atrisco Heritage Academy 3-2 Valencia 1p"
1496,nm,"New Mexico",Volleyball,"3-3 Ruidoso 1-1 Cottonwood Classical Prep 1:15p"
1497,nm,"New Mexico",Volleyball,"0-3 Coronado 1-1 Jemez Valley 2p"
1498,nm,"New Mexico",Volleyball,"0-4 Gallup 0-4 Santa Fe 2p"
1499,nm,"New Mexico",Volleyball,"0-2 Reserve 2-1 Carrizozo 2p"
1500,nm,"New Mexico",Volleyball,"1-2 Sierra Grande 0-0 Questa 4p"
1501,nm,"New Mexico",Volleyball,"0-2 Espanola Valley 2-2 (#10) Hope Christian 6p"
1502,nm,"New Mexico",Volleyball,"TBA 5-0 (#2) Melrose"
1503,nm,"New Mexico",Volleyball,"TBA 5-0 (#2) Melrose"
1504,nm,"New Mexico",Volleyball,"TBA 1-2 Bosque"
1505,nm,"New Mexico",Volleyball,"TBA 1-2 Bosque"
1506,nm,"New Mexico",Volleyball,"TBA 5-1 (#9) Mayfield"
1507,nm,"New Mexico",Volleyball,"TBA 0-0 Mesa Vista"
1508,nm,"New Mexico",Volleyball,"TBA 2-1 (#17) Portales"
1509,nm,"New Mexico",Volleyball,"1-1 Rio Rancho TBA"
1510,nm,"New Mexico",Volleyball,"TBA 0-0 Mesa Vista"
1511,nm,"New Mexico",Volleyball,"TBA 2-1 (#17) Portales"
1512,nm,"New Mexico",Volleyball,"3-4 Kirtland Central TBA"
1513,nm,"New Mexico",Volleyball,"TBA 1-1 New Mexico Military Institute"
1514,nm,"New Mexico",Volleyball,"TBA 3-2 (#14) Moriarty"
1515,nm,"New Mexico",Volleyball,"TBA 3-2 (#14) Moriarty"
1516,nm,"New Mexico",Volleyball,"2-1 Escalante TBA"
1517,nm,"New Mexico",Volleyball,"3-1 Pojoaque Valley TBA"
1518,nm,"New Mexico",Volleyball,"TBA 2-0Q Quemado"
1519,nm,"New Mexico",Volleyball,"TBA 2-0Q Quemado"
1520,nm,"New Mexico",Volleyball,"TBA 6-1 (#3) Las Cruces"
1521,nm,"New Mexico",Volleyball,"TBA 4-1 Hot Springs"
1522,nm,"New Mexico",Volleyball,"TBA 3-2 (#16) Fort Sumner/House"
1523,nm,"New Mexico",Volleyball,"TBA 4-1 Hot Springs"
1524,nm,"New Mexico",Volleyball,"TBA 3-0 Oak Grove Classical Academy"
1525,nm,"New Mexico",Volleyball,"TBA 3-0 Oak Grove Classical Academy"
1526,nm,"New Mexico",Volleyball,"TBA 2-2 Bloomfield"
1527,nm,"New Mexico",Volleyball,"TBA 1-2 Alamogordo"
1528,nm,"New Mexico",Volleyball,"Related ScoreboardsDistricts 1A District 11A District 21A District 31A District 41A District 51A District 61A District 72A District 12A District 22A District 3 Associations New Mexico Activities AssociationNew Mexico High School Coaches Association Metros Albuquerque"
1529,nm,"New Mexico",Volleyball,"Saturday, Sep. 5 11-2 Chesterton 10-0 (#17) Carroll 10a 10-0 (#25) Hamilton Southeastern 3-9 Bellmont 10a 10-0 (#25) Hamilton Southeastern 10-0 (#17) Carroll 12p 11-2 Centennial 11-0 (#1) Sierra Canyon 5:30p"
1530,nm,"New Mexico",Volleyball,"11-2 Chesterton 10-0 (#17) Carroll 10a"
1531,nm,"New Mexico",Volleyball,"10-0 (#25) Hamilton Southeastern 3-9 Bellmont 10a"
1532,nm,"New Mexico",Volleyball,"10-0 (#25) Hamilton Southeastern 10-0 (#17) Carroll 12p"
1533,nm,"New Mexico",Volleyball,"11-2 Centennial 11-0 (#1) Sierra Canyon 5:30p"
1534,ny,"New York",Volleyball,"There are 32 matches for New York volleyball on Sat, 9/5/2026. The first match, Jamestown (NY) @ Falconer (NY), starts at 7a. Related Content New York Girls Volleyball Stat LeadersNew York Girls Volleyball PlayoffsNew York Girls Volleyball Rankings Catholic3 Matches 0-0 Cardinal Spellman 1-2 Geneva 9a 0-0 Cardinal Spellman 3-1 Legacy Charter 11:30a console.log('MaxPrepsAds - createMark: Element Defined - leaderboard-banner-inc1');performance && performance.mark && performance.mark('MaxPrepsAds - Element Defined: leaderboard-banner-inc1'); 0-0 Kellenberg Memorial 0-0 Wantagh 7p Section 16 Matches 0-0 John Jay 0-0 Wallkill 8a 0-0 Ketcham 0-0 Wallkill 8a 16-4 North Hall 1-0 Ursuline 9a 0-0 Oneonta 1-0 Ursuline 10:15a 2-2 Crestview 1-0 Ursuline 11:30a 0-0 Ketcham 0-0 Mount Academy 12:30p Section 25 Matches 0-0 Queensbury 0-0 Ballston Spa 8a 0-0 La Salle Institute 0-0 Hudson Falls 9a 0-0 Averill Park 0-0 Hudson Falls 9a 0-0 Averill Park 0-0 La Salle Institute 10a 0-0 Loudonville Christian 0-0 Grace Christian 1:30p Section 37 Matches 0-0 Baldwinsville 0-0 Penfield 8a 0-0 Marcellus 0-0 Penfield 8:30a 0-0 Whitney Point 0-0 Cazenovia 10a 0-0 Newfield 0-0 Cazenovia 10a 0-0 Windsor Central 0-0 Westhill 12:30p 0-0 Lansing 0-0 Skaneateles 3p 0-0 Dryden 0-0 Homer 5:30p Section 47 Matches 0-0 Whitney Point 0-0 Cazenovia 10a 0-0 Newfield 0-0 Cazenovia 10a 0-0 Oneonta 2-2 Paul Laurence Dunbar 9a 0-0 Oneonta 1-0 Ursuline 10:15a 0-0 Windsor Central 0-0 Westhill 12:30p 0-0 Lansing 0-0 Skaneateles 3p 0-0 Dryden 0-0 Homer 5:30p Section 53 Matches 0-0 Baldwinsville 0-0 Penfield 8a 0-0 Marcellus 0-0 Penfield 8:30a 0-0 Aquinas Institute 0-0 East Rochester 2p Section 63 Matches 0-0 Jamestown 0-1 Falconer 7a T Tournament Team 5-0 Chautauqua Lake 8a TBA 0-0 Portville Section 82 Matches 0-0 Syosset 0-0 Wantagh 9a 0-0 Kellenberg Memorial 0-0 Wantagh 7p Section 96 Matches 0-0 John Jay 0-0 Wallkill 8a 0-0 Ketcham 0-0 Wallkill 8a 0-0 Red Hook 0-0 Mount Academy 9:30a 0-0 Kingston 0-0 Mount Academy 10:30a 0-0 Cornwall Central 0-0 Mount Academy 11:30a 0-0 Ketcham 0-0 Mount Academy 12:30p Section 112 Matches 0-0 Hampton Bays 0-0 Center Moriches 8a 0-0 Lindenhurst 0-0 Connetquot 11:30a"
1535,ny,"New York",Volleyball,"0-0 Cardinal Spellman 1-2 Geneva 9a"
1536,ny,"New York",Volleyball,"0-0 Cardinal Spellman 3-1 Legacy Charter 11:30a"
1537,ny,"New York",Volleyball,"0-0 Kellenberg Memorial 0-0 Wantagh 7p"
1538,ny,"New York",Volleyball,"0-0 John Jay 0-0 Wallkill 8a"
1539,ny,"New York",Volleyball,"0-0 Ketcham 0-0 Wallkill 8a"
1540,ny,"New York",Volleyball,"16-4 North Hall 1-0 Ursuline 9a"
1541,ny,"New York",Volleyball,"0-0 Oneonta 1-0 Ursuline 10:15a"
1542,ny,"New York",Volleyball,"2-2 Crestview 1-0 Ursuline 11:30a"
1543,ny,"New York",Volleyball,"0-0 Ketcham 0-0 Mount Academy 12:30p"
1544,ny,"New York",Volleyball,"0-0 Queensbury 0-0 Ballston Spa 8a"
1545,ny,"New York",Volleyball,"0-0 La Salle Institute 0-0 Hudson Falls 9a"
1546,ny,"New York",Volleyball,"0-0 Averill Park 0-0 Hudson Falls 9a"
1547,ny,"New York",Volleyball,"0-0 Averill Park 0-0 La Salle Institute 10a"
1548,ny,"New York",Volleyball,"0-0 Loudonville Christian 0-0 Grace Christian 1:30p"
1549,ny,"New York",Volleyball,"0-0 Baldwinsville 0-0 Penfield 8a"
1550,ny,"New York",Volleyball,"0-0 Marcellus 0-0 Penfield 8:30a"
1551,ny,"New York",Volleyball,"0-0 Whitney Point 0-0 Cazenovia 10a"
1552,ny,"New York",Volleyball,"0-0 Newfield 0-0 Cazenovia 10a"
1553,ny,"New York",Volleyball,"0-0 Windsor Central 0-0 Westhill 12:30p"
1554,ny,"New York",Volleyball,"0-0 Lansing 0-0 Skaneateles 3p"
1555,ny,"New York",Volleyball,"0-0 Dryden 0-0 Homer 5:30p"
1556,ny,"New York",Volleyball,"0-0 Whitney Point 0-0 Cazenovia 10a"
1557,ny,"New York",Volleyball,"0-0 Newfield 0-0 Cazenovia 10a"
1558,ny,"New York",Volleyball,"0-0 Oneonta 2-2 Paul Laurence Dunbar 9a"
1559,ny,"New York",Volleyball,"0-0 Oneonta 1-0 Ursuline 10:15a"
1560,ny,"New York",Volleyball,"0-0 Windsor Central 0-0 Westhill 12:30p"
1561,ny,"New York",Volleyball,"0-0 Lansing 0-0 Skaneateles 3p"
1562,ny,"New York",Volleyball,"0-0 Dryden 0-0 Homer 5:30p"
1563,ny,"New York",Volleyball,"0-0 Baldwinsville 0-0 Penfield 8a"
1564,ny,"New York",Volleyball,"0-0 Marcellus 0-0 Penfield 8:30a"
1565,ny,"New York",Volleyball,"0-0 Aquinas Institute 0-0 East Rochester 2p"
1566,ny,"New York",Volleyball,"0-0 Jamestown 0-1 Falconer 7a"
1567,ny,"New York",Volleyball,"T Tournament Team 5-0 Chautauqua Lake 8a"
1568,ny,"New York",Volleyball,"TBA 0-0 Portville"
1569,ny,"New York",Volleyball,"0-0 Syosset 0-0 Wantagh 9a"
1570,ny,"New York",Volleyball,"0-0 Kellenberg Memorial 0-0 Wantagh 7p"
1571,ny,"New York",Volleyball,"0-0 John Jay 0-0 Wallkill 8a"
1572,ny,"New York",Volleyball,"0-0 Ketcham 0-0 Wallkill 8a"
1573,ny,"New York",Volleyball,"0-0 Red Hook 0-0 Mount Academy 9:30a"
1574,ny,"New York",Volleyball,"0-0 Kingston 0-0 Mount Academy 10:30a"
1575,ny,"New York",Volleyball,"0-0 Cornwall Central 0-0 Mount Academy 11:30a"
1576,ny,"New York",Volleyball,"0-0 Ketcham 0-0 Mount Academy 12:30p"
1577,ny,"New York",Volleyball,"0-0 Hampton Bays 0-0 Center Moriches 8a"
1578,ny,"New York",Volleyball,"0-0 Lindenhurst 0-0 Connetquot 11:30a"
1579,ny,"New York",Volleyball,"Related ScoreboardsSections CatholicHarvard CupHudson RiverMonsignor MartinSection 1Section 2Section 3Section 4Section 5Section 6Section 7Section 7/10Section 8Section 9Section 10Section 11Section 12 PSAL Associations New York State Public High School Athletic AssociationNYSPHSAA Section IIINYSPHSAA Section VNYSPHSAA Section X Metros AlbanyBinghamtonBuffaloElmira New YorkRochesterSyracuseUticaWatertown"
1580,nc,"North Carolina",Volleyball,"There are 11 matches for North Carolina volleyball on Sat, 9/5/2026. The featured matches are by North Carolina top ranked teams Cox Mill (Concord, NC) @ #10 Hickory (NC), and #15 West Forsyth (Clemmons, NC) vs. St. Stephens (Hickory, NC). The first match, Cox Mill (Concord, NC) @ #10 Hickory (NC), starts at 9a. Related Content North Carolina Girls Volleyball Stat LeadersNorth Carolina Girls Volleyball PlayoffsNorth Carolina Girls Volleyball Rankings North Carolina High School Volleyball Schedule 11 Matches 4-5 Cox Mill 9-0 (#10) Hickory 9a 6-3 (#15) West Forsyth 3-2 St. Stephens 9a console.log('MaxPrepsAds - createMark: Element Defined - leaderboard-banner-inc1');performance && performance.mark && performance.mark('MaxPrepsAds - Element Defined: leaderboard-banner-inc1'); 5-3 South Caldwell 6-4 South Point 10a TBA 8-1 Cherokee 12p TBA 8-1 Cherokee TBA 6-4 South Point TBA 6-4 South Point TBA 4-2 Southeastern Christian Academy TBA 4-2 Southeastern Christian Academy TBA 4-2 Southeastern Christian Academy TBA 4-2 Southeastern Christian Academy"
1581,nc,"North Carolina",Volleyball,"4-5 Cox Mill 9-0 (#10) Hickory 9a"
1582,nc,"North Carolina",Volleyball,"6-3 (#15) West Forsyth 3-2 St. Stephens 9a"
1583,nc,"North Carolina",Volleyball,"5-3 South Caldwell 6-4 South Point 10a"
1584,nc,"North Carolina",Volleyball,"TBA 8-1 Cherokee 12p"
1585,nc,"North Carolina",Volleyball,"TBA 8-1 Cherokee"
1586,nc,"North Carolina",Volleyball,"TBA 6-4 South Point"
1587,nc,"North Carolina",Volleyball,"TBA 6-4 South Point"
1588,nc,"North Carolina",Volleyball,"TBA 4-2 Southeastern Christian Academy"
1589,nc,"North Carolina",Volleyball,"TBA 4-2 Southeastern Christian Academy"
1590,nc,"North Carolina",Volleyball,"TBA 4-2 Southeastern Christian Academy"
1591,nc,"North Carolina",Volleyball,"TBA 4-2 Southeastern Christian Academy"
1592,nc,"North Carolina",Volleyball,"Related ScoreboardsConferences Albermarle (AAC) 2AAtlantic 1ABig Carolina 3A/4ABig East 5A/6ABig Seven 4A/5ABig South 5A/6ACAASC Blue RidgeCAP 8ACarolina 1A/2ACarolina Coast 6A/7A Associations North Carolina Christian School AssociationNorth Carolina Coaches AssociationNorth Carolina High School Athletic AssociationNorth Carolina Independent Schools Athletic Association Metros CharlotteGreensboroGreenville-Washington-New BernRaleighWilmington"
1593,nc,"North Carolina",Volleyball,"Saturday, Sep. 5 11-2 Chesterton 10-0 (#17) Carroll 10a 10-0 (#25) Hamilton Southeastern 3-9 Bellmont 10a 10-0 (#25) Hamilton Southeastern 10-0 (#17) Carroll 12p 11-2 Centennial 11-0 (#1) Sierra Canyon 5:30p"
1594,nc,"North Carolina",Volleyball,"11-2 Chesterton 10-0 (#17) Carroll 10a"
1595,nc,"North Carolina",Volleyball,"10-0 (#25) Hamilton Southeastern 3-9 Bellmont 10a"
1596,nc,"North Carolina",Volleyball,"10-0 (#25) Hamilton Southeastern 10-0 (#17) Carroll 12p"
1597,nc,"North Carolina",Volleyball,"11-2 Centennial 11-0 (#1) Sierra Canyon 5:30p"
1598,nd,"North Dakota",Volleyball,"There are 4 matches for North Dakota volleyball on Sat, 9/5/2026. The first match, Bishop Ryan (Minot, ND) @ Bowman County co-op [Bowman/Scranton] (Bowman, ND), starts at 2p. Related Content North Dakota Girls Volleyball Stat LeadersNorth Dakota Girls Volleyball PlayoffsNorth Dakota Girls Volleyball Rankings North Dakota High School Volleyball Schedule 4 Matches 0-0 Bishop Ryan 0-0B BC (CO-OP) 2p 0-0 Williston 0-0 Jamestown 2:30p console.log('MaxPrepsAds - createMark: Element Defined - leaderboard-banner-inc1');performance && performance.mark && performance.mark('MaxPrepsAds - Element Defined: leaderboard-banner-inc1'); 0-0 Minot 0-1 Dickinson 3p 0-0 Minot 0-1 Dickinson 8p"
1599,nd,"North Dakota",Volleyball,"0-0 Bishop Ryan 0-0B BC (CO-OP) 2p"
1600,nd,"North Dakota",Volleyball,"0-0 Williston 0-0 Jamestown 2:30p"
1601,nd,"North Dakota",Volleyball,"0-0 Minot 0-1 Dickinson 3p"
1602,nd,"North Dakota",Volleyball,"0-0 Minot 0-1 Dickinson 8p"
1603,nd,"North Dakota",Volleyball,"Related ScoreboardsDistricts A - East RegionA - West RegionA- Region 4B - Region 1B - Region 2B - Region 3 District 5B - Region 3 District 6B - Region 4B - Region 5B - Region 6 District 11 Associations North Dakota High School Activities Association Metros FargoMinot"
1604,nd,"North Dakota",Volleyball,"Saturday, Sep. 5 11-2 Chesterton 10-0 (#17) Carroll 10a 10-0 (#25) Hamilton Southeastern 3-9 Bellmont 10a 10-0 (#25) Hamilton Southeastern 10-0 (#17) Carroll 12p 11-2 Centennial 11-0 (#1) Sierra Canyon 5:30p"
1605,nd,"North Dakota",Volleyball,"11-2 Chesterton 10-0 (#17) Carroll 10a"
1606,nd,"North Dakota",Volleyball,"10-0 (#25) Hamilton Southeastern 3-9 Bellmont 10a"
1607,nd,"North Dakota",Volleyball,"10-0 (#25) Hamilton Southeastern 10-0 (#17) Carroll 12p"
1608,nd,"North Dakota",Volleyball,"11-2 Centennial 11-0 (#1) Sierra Canyon 5:30p"
1609,oh,"Ohio",Volleyball,"There are 120 matches for Ohio volleyball on Sat, 9/5/2026. The featured matches are by Ohio top ranked teams #1 Olentangy (Lewis Center, OH) @ Upper Arlington (Columbus, OH), Gilmour Academy (Gates Mills, OH) @ #3 Ursuline Academy (Cincinnati, OH), and Magnificat (Rocky River, OH) @ #3 Ursuline Academy (Cincinnati, OH). The first match, Bellevue (OH) vs. Crestview (Ashland, OH), starts at 8a. Related Content Ohio Girls Volleyball Stat LeadersOhio Girls Volleyball PlayoffsOhio Girls Volleyball Rankings Recent Ohio Girls Volleyball HeadlinesVOLLEYBALL: Preseason top 100 Ohio High School Volleyball Schedule 120 Matches 4-1 Bellevue 4-1 Crestview 8a 6-0 Benjamin Logan 1-2 Springfield 9a console.log('MaxPrepsAds - createMark: Element Defined - leaderboard-banner-inc1');performance && performance.mark && performance.mark('MaxPrepsAds - Element Defined: leaderboard-banner-inc1'); 1-3 Trinity 0-2 Brecksville-Broadview Heights 9a 2-0 Adena 0-2 Lehman Catholic 9a 2-0 Perry 1-4 Buckeye 9a 4-0 Fort Recovery 4-2 Versailles 9a 2-1 East Knox 5-1 Ashland 9a 1-3 Defiance 2-3 Ayersville 9a 4-5 The Linsly School 4-3-1 Wheeling Park 10a 2-2 Evergreen 0-3 Holgate 10a 3-1 Beaver Local 2-3 Weir 10a 3-0 Newark Catholic 5-2 Shawnee 10a 3-1 Lima Central Catholic 4-2 Versailles 10a N Non Varsity Opponent 3-1 Hawken 10a 2-0 Bexley 4-1 Hilliard Davidson 10a 2-4 Gilmour Academy 4-0 (#3) Ursuline Academy 10a 1-3 Trinity 1-4 Buckeye 10a 4-1 Firelands 3-3 Steele 10a 3-2 Brookville 3-2 St. Henry 10a 2-5 Bay 3-3 Steele 10a 2-0 Perry 0-2 Brecksville-Broadview Heights 10a 4-0 Southeastern 4-2 Logan Elm 10a 6-0 Benjamin Logan 1-4 Marysville 10:30a 4-1 Magnificat 3-1 (#22) St. Ursula Academy 10:30a 3-0 (#1) Olentangy 2-5 Upper Arlington 10:30a 3-3 Indian Lake 0-3 Riverside 11a 3-1 Lima Central Catholic 4-0 Fort Recovery 11a 0-2 Brecksville-Broadview Heights 1-4 Buckeye 11a 1-3 Edison 0-5 Bridgeport 11a 2-1 Russia 4-1 Marion Local 11a 3-0 Walnut Ridge 4-1 Hilliard Davidson 11a 2-3 Maple Heights 2-4 Medina Christian Academy 11a 2-3 Madeira 1-1 Cincinnati Country Day 11a 3-1 New Lexington 4-0 Southeastern 11a 2-0 Adena 4-2 Versailles 11a 1-3 Western 3-3 Huntington 11a 5-3 Wheeling Central Catholic 2-1 Monroe Central 11a 2-3 Hardin Northern 5-0 Ada 11a 2-4 Vermilion 3-2 Brookside 11a 5-1 Arlington 1-5 Upper Scioto Valley 11a 2-1 Riverdale 3-3 Carey 11a 4-1 Firelands 2-5 Bay 11a 8-0 Hillsdale 1-2 South Central 11a 3-1 Beaver Local 2-2 Steubenville 11a 3-1 Lima Central Catholic 0-2 Lehman Catholic 11a 1-3 Trinity 2-0 Perry 11a 2-1 Archbishop Hoban 3-0 Jackson 11a 3-2 Wooster 3-4 GlenOak 11a 2-3 Shaker Heights 4-3 Solon 11a 0-2 North Allegheny 2-2 Ursuline 11a 3-2 Canal Winchester 2-0 Shekinah Christian 11:15a 0-4 Milton-Union 3-4 Twin Valley South 11:15a 1-2 Nelsonville-York 1-2 Berne Union 11:15a 1-2 Ridgewood 3-3 Maysville 11:15a 1-5 Fairfield Union 1-5 Lakewood 11:15a 5-2 Dayton Christian 4-1 Arcanum 11:15a 0-5 Central Catholic 1-4 Toledo Christian 11:15a 1-3 Memorial 4-2 Ridgemont 11:30a V Varsity Opponent 7-2K Kingdom Christian 11:30a 2-2 West Liberty-Salem 4-2 Greeneview 11:30a 1-5 Chaminade Julienne Catholic 4-1 London 11:30a 1-5 Madison Comprehensive 1-3 Clear Fork 11:30a 3-4 Anthony Wayne 4-0 (#9) Lake 11:30a 3-3 St. Vincent-St. Mary 0-4 Woodridge 11:30a 1-4 Marysville 1-2 Springfield 11:30a 3-3 Philo 2-3 West Muskingum 11:30a 2-2 Tuslaw 1-2 Perry 11:30a 3-2 Midview 3-2 Lakewood 12p 4-1 Garaway 1-3 Carrollton 12p 5-2 Triway 3-4 Smithville 12p 2-2 Steubenville 2-3 Weir 12p 3-1 Willard 3-1 Shelby 12p 1-2 Mentor 4-2 Aurora 12p 4-1 Badin 1-3 Mercy McAuley 12p 0-3 McKinley 2-3 Alliance 12p 5-0 (#23) Old Fort 3-0 St. Paul 12p 1-2 Oak Hills 4-0 Harrison 12p 3-3 Revere 4-0 Whitmer 12p 3-3 Lexington 1-5 New Philadelphia 12p 3-0 Newark Catholic 3-2 Brookville 12p 0-2 Purcell Marian 1-0 Walnut Hills 12p 0-3 Normandy 3-1 Hawken 12p 3-1 New Lexington 4-2 Logan Elm 12p 3-1 (#5) Archbishop McNicholas 0-4 Turpin 12p 1-1 Lakota East 6-0 (#21) Goshen 12p 4-0 (#19) New Bremen 7-0 CHCA 12p 1-2 Northland 4-1 Hilliard Davidson 12p 1-2 Bedford 3-1 Brush 12p 2-3 Waterford 1-3 Alexander 12p 2-2 Genoa Christian Academy 0-6 Danville 12p 3-2 Cambridge 1-4 Harrison Central 12:15p 5-1 Waverly 1-1 Piketon 12:15p 0-5 Houston 3-1 Tri-Village 12:15p 1-3 David Anderson 2-3 Catholic Central 12:15p 0-3 Crooksville 0-4 Newcomerstown 12:30p 0-5 Indian Creek 4-1 Buckeye Trail 12:30p 5-2 Margaretta 2-3 Port Clinton 12:30p 2-1 Whetstone 0-7 Whitehall-Yearling 12:30p 6-2 Open Door Christian 0-4 Seneca East 12:30p 5-0 (#8) Pickerington North 2-6 Bishop Watterson 1p 3-2 Southeastern Local 2-4 Urbana 1p 2-0 Adena 4-0 Fort Recovery 1p 0-5 Trotwood-Madison 0-0 Shroder Paideia Academy 1p 0-0 Withrow 3-3 Finneytown 1:30p 4-1 Magnificat 4-0 (#3) Ursuline Academy 1:30p 1-4 Bethel 1-3 Graham Local 1:30p 2-4 Gilmour Academy 3-1 (#22) St. Ursula Academy 1:30p 2-2 Heritage Classical Academy 3-2 Kingsway Christian 1:45p 1-5 Athens 1-1 Logan 2p 3-0 Newark Catholic 3-2 St. Henry 2p 2-3 Notre Dame Academy 1-1 Huron 2p 0-4 Meigs 3-1 Eastern 3p 2-4 St. Ursula Academy 1-3 Hoover 3p 4-0 Seminole Ridge 0-4 Oberlin 3:15p 0-4 Oberlin 7-10 Marcus 4:30p 0-5 Plymouth 1-4 Lucas 5:30p 4-1 Indian Valley 2-1 Claymont 6p 0-4 Tecumseh 3-2 Carroll 9p 2-4 Galion 4-2 Buckeye Central 11:30p 5-1 Lakeview 6-0 (#20) Canfield 11:30p"
1610,oh,"Ohio",Volleyball,"4-1 Bellevue 4-1 Crestview 8a"
1611,oh,"Ohio",Volleyball,"6-0 Benjamin Logan 1-2 Springfield 9a"
1612,oh,"Ohio",Volleyball,"1-3 Trinity 0-2 Brecksville-Broadview Heights 9a"
1613,oh,"Ohio",Volleyball,"2-0 Adena 0-2 Lehman Catholic 9a"
1614,oh,"Ohio",Volleyball,"2-0 Perry 1-4 Buckeye 9a"
1615,oh,"Ohio",Volleyball,"4-0 Fort Recovery 4-2 Versailles 9a"
1616,oh,"Ohio",Volleyball,"2-1 East Knox 5-1 Ashland 9a"
1617,oh,"Ohio",Volleyball,"1-3 Defiance 2-3 Ayersville 9a"
1618,oh,"Ohio",Volleyball,"4-5 The Linsly School 4-3-1 Wheeling Park 10a"
1619,oh,"Ohio",Volleyball,"2-2 Evergreen 0-3 Holgate 10a"
1620,oh,"Ohio",Volleyball,"3-1 Beaver Local 2-3 Weir 10a"
1621,oh,"Ohio",Volleyball,"3-0 Newark Catholic 5-2 Shawnee 10a"
1622,oh,"Ohio",Volleyball,"3-1 Lima Central Catholic 4-2 Versailles 10a"
1623,oh,"Ohio",Volleyball,"N Non Varsity Opponent 3-1 Hawken 10a"
1624,oh,"Ohio",Volleyball,"2-0 Bexley 4-1 Hilliard Davidson 10a"
1625,oh,"Ohio",Volleyball,"2-4 Gilmour Academy 4-0 (#3) Ursuline Academy 10a"
1626,oh,"Ohio",Volleyball,"1-3 Trinity 1-4 Buckeye 10a"
1627,oh,"Ohio",Volleyball,"4-1 Firelands 3-3 Steele 10a"
1628,oh,"Ohio",Volleyball,"3-2 Brookville 3-2 St. Henry 10a"
1629,oh,"Ohio",Volleyball,"2-5 Bay 3-3 Steele 10a"
1630,oh,"Ohio",Volleyball,"2-0 Perry 0-2 Brecksville-Broadview Heights 10a"
1631,oh,"Ohio",Volleyball,"4-0 Southeastern 4-2 Logan Elm 10a"
1632,oh,"Ohio",Volleyball,"6-0 Benjamin Logan 1-4 Marysville 10:30a"
1633,oh,"Ohio",Volleyball,"4-1 Magnificat 3-1 (#22) St. Ursula Academy 10:30a"
1634,oh,"Ohio",Volleyball,"3-0 (#1) Olentangy 2-5 Upper Arlington 10:30a"
1635,oh,"Ohio",Volleyball,"3-3 Indian Lake 0-3 Riverside 11a"
1636,oh,"Ohio",Volleyball,"3-1 Lima Central Catholic 4-0 Fort Recovery 11a"
1637,oh,"Ohio",Volleyball,"0-2 Brecksville-Broadview Heights 1-4 Buckeye 11a"
1638,oh,"Ohio",Volleyball,"1-3 Edison 0-5 Bridgeport 11a"
1639,oh,"Ohio",Volleyball,"2-1 Russia 4-1 Marion Local 11a"
1640,oh,"Ohio",Volleyball,"3-0 Walnut Ridge 4-1 Hilliard Davidson 11a"
1641,oh,"Ohio",Volleyball,"2-3 Maple Heights 2-4 Medina Christian Academy 11a"
1642,oh,"Ohio",Volleyball,"2-3 Madeira 1-1 Cincinnati Country Day 11a"
1643,oh,"Ohio",Volleyball,"3-1 New Lexington 4-0 Southeastern 11a"
1644,oh,"Ohio",Volleyball,"2-0 Adena 4-2 Versailles 11a"
1645,oh,"Ohio",Volleyball,"1-3 Western 3-3 Huntington 11a"
1646,oh,"Ohio",Volleyball,"5-3 Wheeling Central Catholic 2-1 Monroe Central 11a"
1647,oh,"Ohio",Volleyball,"2-3 Hardin Northern 5-0 Ada 11a"
1648,oh,"Ohio",Volleyball,"2-4 Vermilion 3-2 Brookside 11a"
1649,oh,"Ohio",Volleyball,"5-1 Arlington 1-5 Upper Scioto Valley 11a"
1650,oh,"Ohio",Volleyball,"2-1 Riverdale 3-3 Carey 11a"
1651,oh,"Ohio",Volleyball,"4-1 Firelands 2-5 Bay 11a"
1652,oh,"Ohio",Volleyball,"8-0 Hillsdale 1-2 South Central 11a"
1653,oh,"Ohio",Volleyball,"3-1 Beaver Local 2-2 Steubenville 11a"
1654,oh,"Ohio",Volleyball,"3-1 Lima Central Catholic 0-2 Lehman Catholic 11a"
1655,oh,"Ohio",Volleyball,"1-3 Trinity 2-0 Perry 11a"
1656,oh,"Ohio",Volleyball,"2-1 Archbishop Hoban 3-0 Jackson 11a"
1657,oh,"Ohio",Volleyball,"3-2 Wooster 3-4 GlenOak 11a"
1658,oh,"Ohio",Volleyball,"2-3 Shaker Heights 4-3 Solon 11a"
1659,oh,"Ohio",Volleyball,"0-2 North Allegheny 2-2 Ursuline 11a"
1660,oh,"Ohio",Volleyball,"3-2 Canal Winchester 2-0 Shekinah Christian 11:15a"
1661,oh,"Ohio",Volleyball,"0-4 Milton-Union 3-4 Twin Valley South 11:15a"
1662,oh,"Ohio",Volleyball,"1-2 Nelsonville-York 1-2 Berne Union 11:15a"
1663,oh,"Ohio",Volleyball,"1-2 Ridgewood 3-3 Maysville 11:15a"
1664,oh,"Ohio",Volleyball,"1-5 Fairfield Union 1-5 Lakewood 11:15a"
1665,oh,"Ohio",Volleyball,"5-2 Dayton Christian 4-1 Arcanum 11:15a"
1666,oh,"Ohio",Volleyball,"0-5 Central Catholic 1-4 Toledo Christian 11:15a"
1667,oh,"Ohio",Volleyball,"1-3 Memorial 4-2 Ridgemont 11:30a"
1668,oh,"Ohio",Volleyball,"V Varsity Opponent 7-2K Kingdom Christian 11:30a"
1669,oh,"Ohio",Volleyball,"2-2 West Liberty-Salem 4-2 Greeneview 11:30a"
1670,oh,"Ohio",Volleyball,"1-5 Chaminade Julienne Catholic 4-1 London 11:30a"
1671,oh,"Ohio",Volleyball,"1-5 Madison Comprehensive 1-3 Clear Fork 11:30a"
1672,oh,"Ohio",Volleyball,"3-4 Anthony Wayne 4-0 (#9) Lake 11:30a"
1673,oh,"Ohio",Volleyball,"3-3 St. Vincent-St. Mary 0-4 Woodridge 11:30a"
1674,oh,"Ohio",Volleyball,"1-4 Marysville 1-2 Springfield 11:30a"
1675,oh,"Ohio",Volleyball,"3-3 Philo 2-3 West Muskingum 11:30a"
1676,oh,"Ohio",Volleyball,"2-2 Tuslaw 1-2 Perry 11:30a"
1677,oh,"Ohio",Volleyball,"3-2 Midview 3-2 Lakewood 12p"
1678,oh,"Ohio",Volleyball,"4-1 Garaway 1-3 Carrollton 12p"
1679,oh,"Ohio",Volleyball,"5-2 Triway 3-4 Smithville 12p"
1680,oh,"Ohio",Volleyball,"2-2 Steubenville 2-3 Weir 12p"
1681,oh,"Ohio",Volleyball,"3-1 Willard 3-1 Shelby 12p"
1682,oh,"Ohio",Volleyball,"1-2 Mentor 4-2 Aurora 12p"
1683,oh,"Ohio",Volleyball,"4-1 Badin 1-3 Mercy McAuley 12p"
1684,oh,"Ohio",Volleyball,"0-3 McKinley 2-3 Alliance 12p"
1685,oh,"Ohio",Volleyball,"5-0 (#23) Old Fort 3-0 St. Paul 12p"
1686,oh,"Ohio",Volleyball,"1-2 Oak Hills 4-0 Harrison 12p"
1687,oh,"Ohio",Volleyball,"3-3 Revere 4-0 Whitmer 12p"
1688,oh,"Ohio",Volleyball,"3-3 Lexington 1-5 New Philadelphia 12p"
1689,oh,"Ohio",Volleyball,"3-0 Newark Catholic 3-2 Brookville 12p"
1690,oh,"Ohio",Volleyball,"0-2 Purcell Marian 1-0 Walnut Hills 12p"
1691,oh,"Ohio",Volleyball,"0-3 Normandy 3-1 Hawken 12p"
1692,oh,"Ohio",Volleyball,"3-1 New Lexington 4-2 Logan Elm 12p"
1693,oh,"Ohio",Volleyball,"3-1 (#5) Archbishop McNicholas 0-4 Turpin 12p"
1694,oh,"Ohio",Volleyball,"1-1 Lakota East 6-0 (#21) Goshen 12p"
1695,oh,"Ohio",Volleyball,"4-0 (#19) New Bremen 7-0 CHCA 12p"
1696,oh,"Ohio",Volleyball,"1-2 Northland 4-1 Hilliard Davidson 12p"
1697,oh,"Ohio",Volleyball,"1-2 Bedford 3-1 Brush 12p"
1698,oh,"Ohio",Volleyball,"2-3 Waterford 1-3 Alexander 12p"
1699,oh,"Ohio",Volleyball,"2-2 Genoa Christian Academy 0-6 Danville 12p"
1700,oh,"Ohio",Volleyball,"3-2 Cambridge 1-4 Harrison Central 12:15p"
1701,oh,"Ohio",Volleyball,"5-1 Waverly 1-1 Piketon 12:15p"
1702,oh,"Ohio",Volleyball,"0-5 Houston 3-1 Tri-Village 12:15p"
1703,oh,"Ohio",Volleyball,"1-3 David Anderson 2-3 Catholic Central 12:15p"
1704,oh,"Ohio",Volleyball,"0-3 Crooksville 0-4 Newcomerstown 12:30p"
1705,oh,"Ohio",Volleyball,"0-5 Indian Creek 4-1 Buckeye Trail 12:30p"
1706,oh,"Ohio",Volleyball,"5-2 Margaretta 2-3 Port Clinton 12:30p"
1707,oh,"Ohio",Volleyball,"2-1 Whetstone 0-7 Whitehall-Yearling 12:30p"
1708,oh,"Ohio",Volleyball,"6-2 Open Door Christian 0-4 Seneca East 12:30p"
1709,oh,"Ohio",Volleyball,"5-0 (#8) Pickerington North 2-6 Bishop Watterson 1p"
1710,oh,"Ohio",Volleyball,"3-2 Southeastern Local 2-4 Urbana 1p"
1711,oh,"Ohio",Volleyball,"2-0 Adena 4-0 Fort Recovery 1p"
1712,oh,"Ohio",Volleyball,"0-5 Trotwood-Madison 0-0 Shroder Paideia Academy 1p"
1713,oh,"Ohio",Volleyball,"0-0 Withrow 3-3 Finneytown 1:30p"
1714,oh,"Ohio",Volleyball,"4-1 Magnificat 4-0 (#3) Ursuline Academy 1:30p"
1715,oh,"Ohio",Volleyball,"1-4 Bethel 1-3 Graham Local 1:30p"
1716,oh,"Ohio",Volleyball,"2-4 Gilmour Academy 3-1 (#22) St. Ursula Academy 1:30p"
1717,oh,"Ohio",Volleyball,"2-2 Heritage Classical Academy 3-2 Kingsway Christian 1:45p"
1718,oh,"Ohio",Volleyball,"1-5 Athens 1-1 Logan 2p"
1719,oh,"Ohio",Volleyball,"3-0 Newark Catholic 3-2 St. Henry 2p"
1720,oh,"Ohio",Volleyball,"2-3 Notre Dame Academy 1-1 Huron 2p"
1721,oh,"Ohio",Volleyball,"0-4 Meigs 3-1 Eastern 3p"
1722,oh,"Ohio",Volleyball,"2-4 St. Ursula Academy 1-3 Hoover 3p"
1723,oh,"Ohio",Volleyball,"4-0 Seminole Ridge 0-4 Oberlin 3:15p"
1724,oh,"Ohio",Volleyball,"0-4 Oberlin 7-10 Marcus 4:30p"
1725,oh,"Ohio",Volleyball,"0-5 Plymouth 1-4 Lucas 5:30p"
1726,oh,"Ohio",Volleyball,"4-1 Indian Valley 2-1 Claymont 6p"
1727,oh,"Ohio",Volleyball,"0-4 Tecumseh 3-2 Carroll 9p"
1728,oh,"Ohio",Volleyball,"2-4 Galion 4-2 Buckeye Central 11:30p"
1729,oh,"Ohio",Volleyball,"5-1 Lakeview 6-0 (#20) Canfield 11:30p"
1730,oh,"Ohio",Volleyball,"Related ScoreboardsConferences Akron CityAll-AmericanBlanchard ValleyBuckeye 8Buckeye BorderCentral Buckeye - Kenton TrailCentral Buckeye - Mad RiverCentral CatholicChagrin Valley - ChagrinChagrin Valley - Lake Associations Ohio Boys Volleyball Coaches AssociationOhio High School Athletic AssociationOhio High School Volleyball Coaches AssociationOhio Valley Athletic Conference Metros CincinnatiClevelandColumbusDaytonLimaToledoYoungstownZanesville"
1731,oh,"Ohio",Volleyball,"Saturday, Sep. 5 11-2 Chesterton 10-0 (#17) Carroll 10a 10-0 (#25) Hamilton Southeastern 3-9 Bellmont 10a 10-0 (#25) Hamilton Southeastern 10-0 (#17) Carroll 12p 11-2 Centennial 11-0 (#1) Sierra Canyon 5:30p"
1732,oh,"Ohio",Volleyball,"11-2 Chesterton 10-0 (#17) Carroll 10a"
1733,oh,"Ohio",Volleyball,"10-0 (#25) Hamilton Southeastern 3-9 Bellmont 10a"
1734,oh,"Ohio",Volleyball,"10-0 (#25) Hamilton Southeastern 10-0 (#17) Carroll 12p"
1735,oh,"Ohio",Volleyball,"11-2 Centennial 11-0 (#1) Sierra Canyon 5:30p"
1736,ok,"Oklahoma",Volleyball,"There are 4 matches for Oklahoma volleyball on Sat, 9/5/2026. The featured matches are by Oklahoma top ranked teams #14 Union (Tulsa, OK) vs. Legacy Charter (Ocoee, FL), and #14 Union (Tulsa, OK) vs. North Cobb (Kennesaw, GA). The first match, #14 Union (Tulsa, OK) vs. Legacy Charter (Ocoee, FL), starts at 9a. Related Content Oklahoma Girls Volleyball Stat LeadersOklahoma Girls Volleyball PlayoffsOklahoma Girls Volleyball Rankings Oklahoma High School Volleyball Schedule 4 Matches 5-3 (#14) Union 3-1 Legacy Charter 9a 5-3 (#14) Union 12-9 North Cobb 11:30a console.log('MaxPrepsAds - createMark: Element Defined - leaderboard-banner-inc1');performance && performance.mark && performance.mark('MaxPrepsAds - Element Defined: leaderboard-banner-inc1'); 0-0Y Yarbrough/Felt 0-0 Elkhart 11a 6-3 Metro Christian 7-10 Marcus 5:45p"
1737,ok,"Oklahoma",Volleyball,"5-3 (#14) Union 3-1 Legacy Charter 9a"
1738,ok,"Oklahoma",Volleyball,"5-3 (#14) Union 12-9 North Cobb 11:30a"
1739,ok,"Oklahoma",Volleyball,"0-0Y Yarbrough/Felt 0-0 Elkhart 11a"
1740,ok,"Oklahoma",Volleyball,"6-3 Metro Christian 7-10 Marcus 5:45p"
1741,ok,"Oklahoma",Volleyball,"Related ScoreboardsDistricts 66All-CityArrowheadBig Eight StarCentennialCentral OklahomaCherokeeChisholm TrailFreelanceFrisco Associations Oklahoma Secondary School Activities Association Metros Oklahoma CityShermanTulsa"
1742,ok,"Oklahoma",Volleyball,"Saturday, Sep. 5 11-2 Chesterton 10-0 (#17) Carroll 10a 10-0 (#25) Hamilton Southeastern 3-9 Bellmont 10a 10-0 (#25) Hamilton Southeastern 10-0 (#17) Carroll 12p 11-2 Centennial 11-0 (#1) Sierra Canyon 5:30p"
1743,ok,"Oklahoma",Volleyball,"11-2 Chesterton 10-0 (#17) Carroll 10a"
1744,ok,"Oklahoma",Volleyball,"10-0 (#25) Hamilton Southeastern 3-9 Bellmont 10a"
1745,ok,"Oklahoma",Volleyball,"10-0 (#25) Hamilton Southeastern 10-0 (#17) Carroll 12p"
1746,ok,"Oklahoma",Volleyball,"11-2 Centennial 11-0 (#1) Sierra Canyon 5:30p"
1747,or,"Oregon",Volleyball,"There are 26 matches for Oregon volleyball on Sat, 9/5/2026. The featured matches are by Oregon top ranked teams #1 Burns (OR) vs. Horseshoe Bend (ID). The first match, Silverton (OR) @ South Eugene (Eugene, OR), starts at 8a. Related Content Oregon Girls Volleyball Stat LeadersOregon Girls Volleyball PlayoffsOregon Girls Volleyball Rankings Oregon High School Volleyball Schedule 26 Matches 0-0 Silverton 0-0 South Eugene 8a TBA 0-0 Silverton 8a console.log('MaxPrepsAds - createMark: Element Defined - leaderboard-banner-inc1');performance && performance.mark && performance.mark('MaxPrepsAds - Element Defined: leaderboard-banner-inc1'); 2-0C Camas Valley 1-0 Dufur 8:30a 2-1-1S Sherman 1-0 Dufur 9a 1-0 Horizon Christian 0-2A Amity 9a 0-1 Weston-McEwen 0-4 Baker 9a 1-0 Horizon Christian 0-0O Oregon Episcopal 9a 5-0-1 (#1) Burns 5-6 Horseshoe Bend 10a 2-1-1S Sherman 2-0 Riverdale 9:40a 4-0I Imbler 5-6 Horseshoe Bend 11a 3-0-1J Joseph 2-0 Riverdale 10:50a 0-3 Sutherlin 0-0O Oregon Episcopal 11a 2-0S Scio 0-0O Oregon Episcopal 11:40a 0-3K Knappa 2-4 Jewell 12p 2-0S St. Paul 4-0 Heppner 12p 1-1 Oakridge 1-0S Sisters 12p 0-0S South Wasco County 0-0I Ione/Arlington 1p 2-1-1S Sherman 3-0-1J Joseph 1:15p 0-2P Pacific 3-0 Columbine 2:15p 0-1C Crane 1-1 Oakridge 1:30p 0-2R Riverside 3-1 Enterprise 2:30p 0-1C Crane 1-0S Sisters 3p 4-0 Heppner 0-4 Baker 1-0 Southridge 0-1 Dallas 0-1 Gresham 0-1 Tigard 0-0 Canby 1-0 Southridge"
1748,or,"Oregon",Volleyball,"0-0 Silverton 0-0 South Eugene 8a"
1749,or,"Oregon",Volleyball,"TBA 0-0 Silverton 8a"
1750,or,"Oregon",Volleyball,"2-0C Camas Valley 1-0 Dufur 8:30a"
1751,or,"Oregon",Volleyball,"2-1-1S Sherman 1-0 Dufur 9a"
1752,or,"Oregon",Volleyball,"1-0 Horizon Christian 0-2A Amity 9a"
1753,or,"Oregon",Volleyball,"0-1 Weston-McEwen 0-4 Baker 9a"
1754,or,"Oregon",Volleyball,"1-0 Horizon Christian 0-0O Oregon Episcopal 9a"
1755,or,"Oregon",Volleyball,"5-0-1 (#1) Burns 5-6 Horseshoe Bend 10a"
1756,or,"Oregon",Volleyball,"2-1-1S Sherman 2-0 Riverdale 9:40a"
1757,or,"Oregon",Volleyball,"4-0I Imbler 5-6 Horseshoe Bend 11a"
1758,or,"Oregon",Volleyball,"3-0-1J Joseph 2-0 Riverdale 10:50a"
1759,or,"Oregon",Volleyball,"0-3 Sutherlin 0-0O Oregon Episcopal 11a"
1760,or,"Oregon",Volleyball,"2-0S Scio 0-0O Oregon Episcopal 11:40a"
1761,or,"Oregon",Volleyball,"0-3K Knappa 2-4 Jewell 12p"
1762,or,"Oregon",Volleyball,"2-0S St. Paul 4-0 Heppner 12p"
1763,or,"Oregon",Volleyball,"1-1 Oakridge 1-0S Sisters 12p"
1764,or,"Oregon",Volleyball,"0-0S South Wasco County 0-0I Ione/Arlington 1p"
1765,or,"Oregon",Volleyball,"2-1-1S Sherman 3-0-1J Joseph 1:15p"
1766,or,"Oregon",Volleyball,"0-2P Pacific 3-0 Columbine 2:15p"
1767,or,"Oregon",Volleyball,"0-1C Crane 1-1 Oakridge 1:30p"
1768,or,"Oregon",Volleyball,"0-2R Riverside 3-1 Enterprise 2:30p"
1769,or,"Oregon",Volleyball,"0-1C Crane 1-0S Sisters 3p"
1770,or,"Oregon",Volleyball,"4-0 Heppner 0-4 Baker"
1771,or,"Oregon",Volleyball,"1-0 Southridge 0-1 Dallas"
1772,or,"Oregon",Volleyball,"0-1 Gresham 0-1 Tigard"
1773,or,"Oregon",Volleyball,"0-0 Canby 1-0 Southridge"
1774,or,"Oregon",Volleyball,"Related ScoreboardsLeagues 1A Big Sky1A Casco1A High Desert1A Mountain Valley1A Mountain West1A Old Oregon1A Skyline1A The Valley 102A Blue Mountain2A East Cascades Associations Oregon School Activities Association Metros BendEugeneMedfordPortland"
1775,or,"Oregon",Volleyball,"Saturday, Sep. 5 11-2 Chesterton 10-0 (#17) Carroll 10a 10-0 (#25) Hamilton Southeastern 3-9 Bellmont 10a 10-0 (#25) Hamilton Southeastern 10-0 (#17) Carroll 12p 11-2 Centennial 11-0 (#1) Sierra Canyon 5:30p"
1776,or,"Oregon",Volleyball,"11-2 Chesterton 10-0 (#17) Carroll 10a"
1777,or,"Oregon",Volleyball,"10-0 (#25) Hamilton Southeastern 3-9 Bellmont 10a"
1778,or,"Oregon",Volleyball,"10-0 (#25) Hamilton Southeastern 10-0 (#17) Carroll 12p"
1779,or,"Oregon",Volleyball,"11-2 Centennial 11-0 (#1) Sierra Canyon 5:30p"
1780,pa,"Pennsylvania",Volleyball,"There are 37 matches for Pennsylvania volleyball on Sat, 9/5/2026. The first match, Governor Mifflin (Shillington, PA) @ Trinity (Camp Hill, PA), starts at 12a. Related Content Pennsylvania Girls Volleyball Stat LeadersPennsylvania Girls Volleyball PlayoffsPennsylvania Girls Volleyball Rankings Pennsylvania High School Volleyball Schedule 37 Matches 1-0 Governor Mifflin 0-0 Trinity 12a 0-0 Uniontown 0-1 Laurel Highlands 7:30a console.log('MaxPrepsAds - createMark: Element Defined - leaderboard-banner-inc1');performance && performance.mark && performance.mark('MaxPrepsAds - Element Defined: leaderboard-banner-inc1'); 0-1 Albert Gallatin 0-1 Laurel Highlands 8a 1-0 Carmichaels 0-1 Laurel Highlands 8a TBA 1-1 Corry 8a 1-0 Plum 0-1 Franklin Regional 8a 1-0 General McLane 0-0 Fort LeBoeuf 8a 0-0 Meadville 0-0 Fort LeBoeuf 8a 1-0 Peters Township 0-0 Mt. Lebanon 8a 2-0 Redbank Valley 1-0 Freeport 8a 0-0 Shaler Area 0-1 Butler 8:30a 0-0 Greater Latrobe 0-1 Franklin Regional 9a 0-0 Frazier 0-1 Franklin Regional 9a 0-0 Dunmore 0-0 Tunkhannock 9a 1-0 Greater Nanticoke Area 0-0 Tunkhannock 9a 0-0 Neshannock 0-0 Fort LeBoeuf 9a 1-0 South Park 0-0 Mt. Lebanon 9a 0-0 Penn-Trafford 0-1 Franklin Regional 9a 0-0 Trinity Christian 0-1 Franklin Regional 9a 0-1 Elk Lake 0-0 Tunkhannock 9a TBA 0-2 Western Wayne 9a 0-1 Panther Valley 4-3-1 Nativity BVM 10:30a TBA 0-2 Western Wayne 10:30a 0-2 North Allegheny 2-2 Ursuline 11a 1-0 Wellsboro 1-0 Coudersport 11a 0-1 Salisbury Township 2-0-1 Lehighton 11a 0-1 Northwestern Lehigh 1-2 Pen Argyl 11a 0-0 Scranton 0-1 Holy Redeemer 11a 2-0 Pottsville 1-1 Pleasant Valley 12:30p TBA 0-2 Western Wayne 12:30p TBA 0-2 Western Wayne 2p 1-0 Towanda 0-0 Montoursville 3:30p 0-1 Jersey Shore 0-1 East Juniata 4p 1-0 Jim Thorpe 1-0 Saucon Valley 6p 0-0 Southmoreland 0-1 Franklin Regional 1-0 Wellsboro 0-0 Tunkhannock 0-1 Susquehanna 0-0 Tunkhannock"
1781,pa,"Pennsylvania",Volleyball,"1-0 Governor Mifflin 0-0 Trinity 12a"
1782,pa,"Pennsylvania",Volleyball,"0-0 Uniontown 0-1 Laurel Highlands 7:30a"
1783,pa,"Pennsylvania",Volleyball,"0-1 Albert Gallatin 0-1 Laurel Highlands 8a"
1784,pa,"Pennsylvania",Volleyball,"1-0 Carmichaels 0-1 Laurel Highlands 8a"
1785,pa,"Pennsylvania",Volleyball,"TBA 1-1 Corry 8a"
1786,pa,"Pennsylvania",Volleyball,"1-0 Plum 0-1 Franklin Regional 8a"
1787,pa,"Pennsylvania",Volleyball,"1-0 General McLane 0-0 Fort LeBoeuf 8a"
1788,pa,"Pennsylvania",Volleyball,"0-0 Meadville 0-0 Fort LeBoeuf 8a"
1789,pa,"Pennsylvania",Volleyball,"1-0 Peters Township 0-0 Mt. Lebanon 8a"
1790,pa,"Pennsylvania",Volleyball,"2-0 Redbank Valley 1-0 Freeport 8a"
1791,pa,"Pennsylvania",Volleyball,"0-0 Shaler Area 0-1 Butler 8:30a"
1792,pa,"Pennsylvania",Volleyball,"0-0 Greater Latrobe 0-1 Franklin Regional 9a"
1793,pa,"Pennsylvania",Volleyball,"0-0 Frazier 0-1 Franklin Regional 9a"
1794,pa,"Pennsylvania",Volleyball,"0-0 Dunmore 0-0 Tunkhannock 9a"
1795,pa,"Pennsylvania",Volleyball,"1-0 Greater Nanticoke Area 0-0 Tunkhannock 9a"
1796,pa,"Pennsylvania",Volleyball,"0-0 Neshannock 0-0 Fort LeBoeuf 9a"
1797,pa,"Pennsylvania",Volleyball,"1-0 South Park 0-0 Mt. Lebanon 9a"
1798,pa,"Pennsylvania",Volleyball,"0-0 Penn-Trafford 0-1 Franklin Regional 9a"
1799,pa,"Pennsylvania",Volleyball,"0-0 Trinity Christian 0-1 Franklin Regional 9a"
1800,pa,"Pennsylvania",Volleyball,"0-1 Elk Lake 0-0 Tunkhannock 9a"
1801,pa,"Pennsylvania",Volleyball,"TBA 0-2 Western Wayne 9a"
1802,pa,"Pennsylvania",Volleyball,"0-1 Panther Valley 4-3-1 Nativity BVM 10:30a"
1803,pa,"Pennsylvania",Volleyball,"TBA 0-2 Western Wayne 10:30a"
1804,pa,"Pennsylvania",Volleyball,"0-2 North Allegheny 2-2 Ursuline 11a"
1805,pa,"Pennsylvania",Volleyball,"1-0 Wellsboro 1-0 Coudersport 11a"
1806,pa,"Pennsylvania",Volleyball,"0-1 Salisbury Township 2-0-1 Lehighton 11a"
1807,pa,"Pennsylvania",Volleyball,"0-1 Northwestern Lehigh 1-2 Pen Argyl 11a"
1808,pa,"Pennsylvania",Volleyball,"0-0 Scranton 0-1 Holy Redeemer 11a"
1809,pa,"Pennsylvania",Volleyball,"2-0 Pottsville 1-1 Pleasant Valley 12:30p"
1810,pa,"Pennsylvania",Volleyball,"TBA 0-2 Western Wayne 12:30p"
1811,pa,"Pennsylvania",Volleyball,"TBA 0-2 Western Wayne 2p"
1812,pa,"Pennsylvania",Volleyball,"1-0 Towanda 0-0 Montoursville 3:30p"
1813,pa,"Pennsylvania",Volleyball,"0-1 Jersey Shore 0-1 East Juniata 4p"
1814,pa,"Pennsylvania",Volleyball,"1-0 Jim Thorpe 1-0 Saucon Valley 6p"
1815,pa,"Pennsylvania",Volleyball,"0-0 Southmoreland 0-1 Franklin Regional"
1816,pa,"Pennsylvania",Volleyball,"1-0 Wellsboro 0-0 Tunkhannock"
1817,pa,"Pennsylvania",Volleyball,"0-1 Susquehanna 0-0 Tunkhannock"
1818,pa,"Pennsylvania",Volleyball,"Related ScoreboardsConferences ACCACBerks CountyBicentennialCatholic AcademiesCentralChes-MontColonialCommonwealth ChristianDel-ValDistrict 10 Region 1 Associations PAISAAAPennsylvania Interscholastic Athletic AssociationPIAA District IPIAA District IIPIAA District IIIPIAA District IVPIAA District IXPIAA District VPIAA District VIPIAA District VII (WPIAL)PIAA District VIIIPIAA District XPIAA District XIPIAA District XII Metros ErieHarrisburgJohnstownPhiladelphiaPittsburghWilkes Barre"
1819,pa,"Pennsylvania",Volleyball,"Saturday, Sep. 5 11-2 Chesterton 10-0 (#17) Carroll 10a 10-0 (#25) Hamilton Southeastern 3-9 Bellmont 10a 10-0 (#25) Hamilton Southeastern 10-0 (#17) Carroll 12p 11-2 Centennial 11-0 (#1) Sierra Canyon 5:30p"
1820,pa,"Pennsylvania",Volleyball,"11-2 Chesterton 10-0 (#17) Carroll 10a"
1821,pa,"Pennsylvania",Volleyball,"10-0 (#25) Hamilton Southeastern 3-9 Bellmont 10a"
1822,pa,"Pennsylvania",Volleyball,"10-0 (#25) Hamilton Southeastern 10-0 (#17) Carroll 12p"
1823,pa,"Pennsylvania",Volleyball,"11-2 Centennial 11-0 (#1) Sierra Canyon 5:30p"
1824,ri,"Rhode Island",Volleyball,"There is 1 match for Rhode Island volleyball on Sat, 9/5/2026. Related Content Rhode Island Girls Volleyball Stat LeadersRhode Island Girls Volleyball PlayoffsRhode Island Girls Volleyball Rankings Rhode Island High School Volleyball Schedule 1 Match 0-2 Chariho 0-0 Fitch 9a console.log('MaxPrepsAds - createMark: Element Defined - leaderboard-banner-inc1');performance && performance.mark && performance.mark('MaxPrepsAds - Element Defined: leaderboard-banner-inc1');"
1825,ri,"Rhode Island",Volleyball,"0-2 Chariho 0-0 Fitch 9a"
1826,ri,"Rhode Island",Volleyball,"Related ScoreboardsLeagues Division 1 Division 2Division 3 Associations Rhode Island Interscholastic League Inc. Metros Providence"
1827,ri,"Rhode Island",Volleyball,"Saturday, Sep. 5 11-2 Chesterton 10-0 (#17) Carroll 10a 10-0 (#25) Hamilton Southeastern 3-9 Bellmont 10a 10-0 (#25) Hamilton Southeastern 10-0 (#17) Carroll 12p 11-2 Centennial 11-0 (#1) Sierra Canyon 5:30p"
1828,ri,"Rhode Island",Volleyball,"11-2 Chesterton 10-0 (#17) Carroll 10a"
1829,ri,"Rhode Island",Volleyball,"10-0 (#25) Hamilton Southeastern 3-9 Bellmont 10a"
1830,ri,"Rhode Island",Volleyball,"10-0 (#25) Hamilton Southeastern 10-0 (#17) Carroll 12p"
1831,ri,"Rhode Island",Volleyball,"11-2 Centennial 11-0 (#1) Sierra Canyon 5:30p"
1832,sc,"South Carolina",Volleyball,"There are 34 matches for South Carolina volleyball on Sat, 9/5/2026. The featured matches are by South Carolina top ranked teams Palmetto Christian Academy (Mt. Pleasant, SC) vs. #1 Wando (Mt. Pleasant, SC), #1 Wando (Mt. Pleasant, SC) vs. Ashley Hall (Charleston, SC), and River Bluff (Lexington, SC) vs. #1 Wando (Mt. Pleasant, SC). The first match, Ninety Six (SC) vs. West-Oak (Westminster, SC), starts at 8:30a. Related Content South Carolina Girls Volleyball Stat LeadersSouth Carolina Girls Volleyball PlayoffsSouth Carolina Girls Volleyball Rankings South Carolina High School Volleyball Schedule 34 Matches 7-6 Ninety Six 10-2 West-Oak 8:30a 3-3 (#16) Lucy Beckham 2-4 Porter-Gaud 8:30a console.log('MaxPrepsAds - createMark: Element Defined - leaderboard-banner-inc1');performance && performance.mark && performance.mark('MaxPrepsAds - Element Defined: leaderboard-banner-inc1'); 3-7 Walhalla 2-5 High Point Academy 8:30a 4-1 Dixie 0-4 Westside 9:10a 1-3 Blue Ridge 4-2 Legion Collegiate Academy 9:30a 2-7 Ashley Hall 3-2-2 Hilton Head Island 9:30a 6-4 River Bluff 0-1 Atlantic Collegiate Academy 9:30a 5-2 Palmetto Christian Academy 11-1 (#1) Wando 9:30a 0-7 J.L. Mann 2-11 Tennessee 8:30a 2-3 Palmetto 2-5 High Point Academy 9:50a 5-0 (#12) St. Joseph's Catholic 3-3 (#16) Lucy Beckham 10:30a 0-0 Midland Valley 10-2 West-Oak 10:30a 2-3 Palmetto 0-4 Westside 11:10a 11-1 (#1) Wando 2-7 Ashley Hall 11:30a 1-3 Blue Ridge 2-11 Tennessee 10:30a 3-2-2 Hilton Head Island 0-1 Atlantic Collegiate Academy 11:30a 0-7 J.L. Mann 4-2 Legion Collegiate Academy 11:30a 4-1 Dixie 2-5 High Point Academy 11:50a 8-1 (#13) Philip Simmons 3-3 (#16) Lucy Beckham 12:30p 5-2 (#15) Pickens 10-2 West-Oak 12:30p 0-4 Westside 2-5 High Point Academy 1:10p 2-7 Ashley Hall 0-1 Atlantic Collegiate Academy 1:30p 6-4 River Bluff 11-1 (#1) Wando 1:30p 7-1 (#3) Woodmont 10-2 West-Oak 2:30p 3-7 Walhalla 0-4 Westside 2:30p 4-2 Legion Collegiate Academy 2-11 Tennessee 1:30p TBA 4-2 Legion Collegiate Academy 2:30p TBA 7-1 (#3) Woodmont TBA 6-4 River Bluff TBA 6-4 River Bluff TBA 7-1 (#3) Woodmont TBA 7-1 (#3) Woodmont TBA 7-1 (#3) Woodmont 5-0 (#12) St. Joseph's Catholic TBA"
1833,sc,"South Carolina",Volleyball,"7-6 Ninety Six 10-2 West-Oak 8:30a"
1834,sc,"South Carolina",Volleyball,"3-3 (#16) Lucy Beckham 2-4 Porter-Gaud 8:30a"
1835,sc,"South Carolina",Volleyball,"3-7 Walhalla 2-5 High Point Academy 8:30a"
1836,sc,"South Carolina",Volleyball,"4-1 Dixie 0-4 Westside 9:10a"
1837,sc,"South Carolina",Volleyball,"1-3 Blue Ridge 4-2 Legion Collegiate Academy 9:30a"
1838,sc,"South Carolina",Volleyball,"2-7 Ashley Hall 3-2-2 Hilton Head Island 9:30a"
1839,sc,"South Carolina",Volleyball,"6-4 River Bluff 0-1 Atlantic Collegiate Academy 9:30a"
1840,sc,"South Carolina",Volleyball,"5-2 Palmetto Christian Academy 11-1 (#1) Wando 9:30a"
1841,sc,"South Carolina",Volleyball,"0-7 J.L. Mann 2-11 Tennessee 8:30a"
1842,sc,"South Carolina",Volleyball,"2-3 Palmetto 2-5 High Point Academy 9:50a"
1843,sc,"South Carolina",Volleyball,"5-0 (#12) St. Joseph's Catholic 3-3 (#16) Lucy Beckham 10:30a"
1844,sc,"South Carolina",Volleyball,"0-0 Midland Valley 10-2 West-Oak 10:30a"
1845,sc,"South Carolina",Volleyball,"2-3 Palmetto 0-4 Westside 11:10a"
1846,sc,"South Carolina",Volleyball,"11-1 (#1) Wando 2-7 Ashley Hall 11:30a"
1847,sc,"South Carolina",Volleyball,"1-3 Blue Ridge 2-11 Tennessee 10:30a"
1848,sc,"South Carolina",Volleyball,"3-2-2 Hilton Head Island 0-1 Atlantic Collegiate Academy 11:30a"
1849,sc,"South Carolina",Volleyball,"0-7 J.L. Mann 4-2 Legion Collegiate Academy 11:30a"
1850,sc,"South Carolina",Volleyball,"4-1 Dixie 2-5 High Point Academy 11:50a"
1851,sc,"South Carolina",Volleyball,"8-1 (#13) Philip Simmons 3-3 (#16) Lucy Beckham 12:30p"
1852,sc,"South Carolina",Volleyball,"5-2 (#15) Pickens 10-2 West-Oak 12:30p"
1853,sc,"South Carolina",Volleyball,"0-4 Westside 2-5 High Point Academy 1:10p"
1854,sc,"South Carolina",Volleyball,"2-7 Ashley Hall 0-1 Atlantic Collegiate Academy 1:30p"
1855,sc,"South Carolina",Volleyball,"6-4 River Bluff 11-1 (#1) Wando 1:30p"
1856,sc,"South Carolina",Volleyball,"7-1 (#3) Woodmont 10-2 West-Oak 2:30p"
1857,sc,"South Carolina",Volleyball,"3-7 Walhalla 0-4 Westside 2:30p"
1858,sc,"South Carolina",Volleyball,"4-2 Legion Collegiate Academy 2-11 Tennessee 1:30p"
1859,sc,"South Carolina",Volleyball,"TBA 4-2 Legion Collegiate Academy 2:30p"
1860,sc,"South Carolina",Volleyball,"TBA 7-1 (#3) Woodmont"
1861,sc,"South Carolina",Volleyball,"TBA 6-4 River Bluff"
1862,sc,"South Carolina",Volleyball,"TBA 6-4 River Bluff"
1863,sc,"South Carolina",Volleyball,"TBA 7-1 (#3) Woodmont"
1864,sc,"South Carolina",Volleyball,"TBA 7-1 (#3) Woodmont"
1865,sc,"South Carolina",Volleyball,"TBA 7-1 (#3) Woodmont"
1866,sc,"South Carolina",Volleyball,"5-0 (#12) St. Joseph's Catholic TBA"
1867,sc,"South Carolina",Volleyball,"Related ScoreboardsRegions A Region 1A Region 10A Region 2A Region 3A Region 4A Region 5A Region 6A Region 7A Region 8A Region 9 Associations South Carolina High School LeagueSouth Carolina Independent School Association Metros CharlestonColumbiaGreenvilleMyrtle Beach"
1868,sc,"South Carolina",Volleyball,"Saturday, Sep. 5 11-2 Chesterton 10-0 (#17) Carroll 10a 10-0 (#25) Hamilton Southeastern 3-9 Bellmont 10a 10-0 (#25) Hamilton Southeastern 10-0 (#17) Carroll 12p 11-2 Centennial 11-0 (#1) Sierra Canyon 5:30p"
1869,sc,"South Carolina",Volleyball,"11-2 Chesterton 10-0 (#17) Carroll 10a"
1870,sc,"South Carolina",Volleyball,"10-0 (#25) Hamilton Southeastern 3-9 Bellmont 10a"
1871,sc,"South Carolina",Volleyball,"10-0 (#25) Hamilton Southeastern 10-0 (#17) Carroll 12p"
1872,sc,"South Carolina",Volleyball,"11-2 Centennial 11-0 (#1) Sierra Canyon 5:30p"
1873,sd,"South Dakota",Volleyball,"There are 9 matches for South Dakota volleyball on Sat, 9/5/2026. The featured matches are by South Dakota top ranked teams #10 Edgemont (SD) @ TBA, and #17 Brookings (SD) @ Brandon Valley (Brandon, SD). The first match, Omaha Nation (Macy, NE) @ Hartington-Newcastle (Hartington, NE), starts at 10a. Related Content South Dakota Girls Volleyball Stat LeadersSouth Dakota Girls Volleyball PlayoffsSouth Dakota Girls Volleyball Rankings Recent South Dakota Girls Volleyball HeadlinesVOLLEYBALL: Preseason top 100VOLLEYBALL: Preseason All-Americans South Dakota High School Volleyball Schedule 9 Matches 0-2 Omaha Nation 3-2 Hartington-Newcastle 10a 3-3 (#17) Brookings 4-2 Brandon Valley 12p console.log('MaxPrepsAds - createMark: Element Defined - leaderboard-banner-inc1');performance && performance.mark && performance.mark('MaxPrepsAds - Element Defined: leaderboard-banner-inc1'); 0-3 Stanley County 0-5 White River 1p 1-2 McIntosh 3-2 Lead-Deadwood 2p 1-6 Sturgis Brown 1-3 Mahpiya Luta 2p 0-2 Little Wound 0-5 White River 3:30p 2-1 Jones County 2-2 New Underwood 4p 4-3 (#10) Edgemont TBA TBA 1-1 Burke"
1874,sd,"South Dakota",Volleyball,"0-2 Omaha Nation 3-2 Hartington-Newcastle 10a"
1875,sd,"South Dakota",Volleyball,"3-3 (#17) Brookings 4-2 Brandon Valley 12p"
1876,sd,"South Dakota",Volleyball,"0-3 Stanley County 0-5 White River 1p"
1877,sd,"South Dakota",Volleyball,"1-2 McIntosh 3-2 Lead-Deadwood 2p"
1878,sd,"South Dakota",Volleyball,"1-6 Sturgis Brown 1-3 Mahpiya Luta 2p"
1879,sd,"South Dakota",Volleyball,"0-2 Little Wound 0-5 White River 3:30p"
1880,sd,"South Dakota",Volleyball,"2-1 Jones County 2-2 New Underwood 4p"
1881,sd,"South Dakota",Volleyball,"4-3 (#10) Edgemont TBA"
1882,sd,"South Dakota",Volleyball,"TBA 1-1 Burke"
1883,sd,"South Dakota",Volleyball,"Related ScoreboardsRegions A Region 1A Region 2A Region 3A Region 4A Region 5A Region 6A Region 7A Region 8AA District 1AA District 2 Associations South Dakota High School Activities Association Metros Rapid CitySioux Falls"
1884,sd,"South Dakota",Volleyball,"Saturday, Sep. 5 11-2 Chesterton 10-0 (#17) Carroll 10a 10-0 (#25) Hamilton Southeastern 3-9 Bellmont 10a 10-0 (#25) Hamilton Southeastern 10-0 (#17) Carroll 12p 11-2 Centennial 11-0 (#1) Sierra Canyon 5:30p"
1885,sd,"South Dakota",Volleyball,"11-2 Chesterton 10-0 (#17) Carroll 10a"
1886,sd,"South Dakota",Volleyball,"10-0 (#25) Hamilton Southeastern 3-9 Bellmont 10a"
1887,sd,"South Dakota",Volleyball,"10-0 (#25) Hamilton Southeastern 10-0 (#17) Carroll 12p"
1888,sd,"South Dakota",Volleyball,"11-2 Centennial 11-0 (#1) Sierra Canyon 5:30p"
1889,tn,"Tennessee",Volleyball,"There are 33 matches for Tennessee volleyball on Sat, 9/5/2026. The featured matches are by Tennessee top ranked teams Grace Christian Academy (Franklin, TN) vs. #1 Briarcrest Christian (Eads, TN), Mountain Brook (Birmingham, AL) vs. #9 Collierville (TN), and #21 Lebanon (TN) vs. #9 Collierville (TN). The first match, J.L. Mann (Greenville, SC) vs. Tennessee (Bristol, TN), starts at 8:30a. Related Content Tennessee Girls Volleyball Stat LeadersTennessee Girls Volleyball PlayoffsTennessee Girls Volleyball Rankings Tennessee High School Volleyball Schedule 33 Matches 0-7 J.L. Mann 2-11 Tennessee 8:30a 8-3 Mountain Brook 9-4 (#9) Collierville 8:30a console.log('MaxPrepsAds - createMark: Element Defined - leaderboard-banner-inc1');performance && performance.mark && performance.mark('MaxPrepsAds - Element Defined: leaderboard-banner-inc1'); TBA 4-2 Monterey 9a 4-2 Grace Christian Academy 13-3 (#1) Briarcrest Christian 9:30a 6-6 Gibson County 5-1-2 Oakville 10a 1-5 Johnson County 2-6 Happy Valley 10a 1-6 White House 8-5 Battle Creek 10a 2-3 Walker Valley 9-2 Bob Jones 10:30a 7-5 Siegel 14-8 Mount Paran Christian 11:30a 8-0 (#21) Lebanon 9-4 (#9) Collierville 10:30a 6-4 Oakland 9-2 Woodward Academy 11:30a 1-3 Blue Ridge 2-11 Tennessee 10:30a 8-1 Northpoint Christian 7-1 Red Bud 10:45a 3-1 Lawson 8-5 Battle Creek 11a 5-1 Hillsboro 1-6 White House 11a 0-1 Union 2-6 Happy Valley 12p 5-1 Hillsboro 8-5 Battle Creek 1p 7-0 Nashville Christian 1-6 White House 1p 6-6 Gibson County 2-5 Herrin 1:15p 4-2 Legion Collegiate Academy 2-11 Tennessee 1:30p 14-2 Prattville 9-4 (#9) Collierville 1:30p 10-2 (#17) Nolensville 9-2 Bob Jones 1:30p 1-1 George Wythe 2-6 Happy Valley 2p 7-0 Nashville Christian 8-5 Battle Creek 3p 8-5 (#13) Dyer County 7-1 Red Bud 3:30p 6-5 Signal Mountain 8-3 Rhea County 4p 3-1 Compass - Midtown 4-0 Crosstown 4p 1-1 Carroll County 2-6 Happy Valley 5p 4-7 Northeast TBA 7p TBA 3-4 Boyd-Buchanan TBA 2-8 East Hamilton 2-7 Cleveland TBA TBA 1-5 Johnson County"
1890,tn,"Tennessee",Volleyball,"0-7 J.L. Mann 2-11 Tennessee 8:30a"
1891,tn,"Tennessee",Volleyball,"8-3 Mountain Brook 9-4 (#9) Collierville 8:30a"
1892,tn,"Tennessee",Volleyball,"TBA 4-2 Monterey 9a"
1893,tn,"Tennessee",Volleyball,"4-2 Grace Christian Academy 13-3 (#1) Briarcrest Christian 9:30a"
1894,tn,"Tennessee",Volleyball,"6-6 Gibson County 5-1-2 Oakville 10a"
1895,tn,"Tennessee",Volleyball,"1-5 Johnson County 2-6 Happy Valley 10a"
1896,tn,"Tennessee",Volleyball,"1-6 White House 8-5 Battle Creek 10a"
1897,tn,"Tennessee",Volleyball,"2-3 Walker Valley 9-2 Bob Jones 10:30a"
1898,tn,"Tennessee",Volleyball,"7-5 Siegel 14-8 Mount Paran Christian 11:30a"
1899,tn,"Tennessee",Volleyball,"8-0 (#21) Lebanon 9-4 (#9) Collierville 10:30a"
1900,tn,"Tennessee",Volleyball,"6-4 Oakland 9-2 Woodward Academy 11:30a"
1901,tn,"Tennessee",Volleyball,"1-3 Blue Ridge 2-11 Tennessee 10:30a"
1902,tn,"Tennessee",Volleyball,"8-1 Northpoint Christian 7-1 Red Bud 10:45a"
1903,tn,"Tennessee",Volleyball,"3-1 Lawson 8-5 Battle Creek 11a"
1904,tn,"Tennessee",Volleyball,"5-1 Hillsboro 1-6 White House 11a"
1905,tn,"Tennessee",Volleyball,"0-1 Union 2-6 Happy Valley 12p"
1906,tn,"Tennessee",Volleyball,"5-1 Hillsboro 8-5 Battle Creek 1p"
1907,tn,"Tennessee",Volleyball,"7-0 Nashville Christian 1-6 White House 1p"
1908,tn,"Tennessee",Volleyball,"6-6 Gibson County 2-5 Herrin 1:15p"
1909,tn,"Tennessee",Volleyball,"4-2 Legion Collegiate Academy 2-11 Tennessee 1:30p"
1910,tn,"Tennessee",Volleyball,"14-2 Prattville 9-4 (#9) Collierville 1:30p"
1911,tn,"Tennessee",Volleyball,"10-2 (#17) Nolensville 9-2 Bob Jones 1:30p"
1912,tn,"Tennessee",Volleyball,"1-1 George Wythe 2-6 Happy Valley 2p"
1913,tn,"Tennessee",Volleyball,"7-0 Nashville Christian 8-5 Battle Creek 3p"
1914,tn,"Tennessee",Volleyball,"8-5 (#13) Dyer County 7-1 Red Bud 3:30p"
1915,tn,"Tennessee",Volleyball,"6-5 Signal Mountain 8-3 Rhea County 4p"
1916,tn,"Tennessee",Volleyball,"3-1 Compass - Midtown 4-0 Crosstown 4p"
1917,tn,"Tennessee",Volleyball,"1-1 Carroll County 2-6 Happy Valley 5p"
1918,tn,"Tennessee",Volleyball,"4-7 Northeast TBA 7p"
1919,tn,"Tennessee",Volleyball,"TBA 3-4 Boyd-Buchanan"
1920,tn,"Tennessee",Volleyball,"TBA 2-8 East Hamilton"
1921,tn,"Tennessee",Volleyball,"2-7 Cleveland TBA"
1922,tn,"Tennessee",Volleyball,"TBA 1-5 Johnson County"
1923,tn,"Tennessee",Volleyball,"Related ScoreboardsDistricts A District 1A District 10A District 11A District 12A District 13A District 14A District 15A District 16A District 2A District 3 Associations Tennessee Secondary School Athletic Association Metros ChattanoogaJackson, TnKnoxvilleMemphisNashvilleTri-Cities"
1924,tn,"Tennessee",Volleyball,"Saturday, Sep. 5 11-2 Chesterton 10-0 (#17) Carroll 10a 10-0 (#25) Hamilton Southeastern 3-9 Bellmont 10a 10-0 (#25) Hamilton Southeastern 10-0 (#17) Carroll 12p 11-2 Centennial 11-0 (#1) Sierra Canyon 5:30p"
1925,tn,"Tennessee",Volleyball,"11-2 Chesterton 10-0 (#17) Carroll 10a"
1926,tn,"Tennessee",Volleyball,"10-0 (#25) Hamilton Southeastern 3-9 Bellmont 10a"
1927,tn,"Tennessee",Volleyball,"10-0 (#25) Hamilton Southeastern 10-0 (#17) Carroll 12p"
1928,tn,"Tennessee",Volleyball,"11-2 Centennial 11-0 (#1) Sierra Canyon 5:30p"
1929,tx,"Texas",Volleyball,"There are 137 matches for Texas volleyball on Sat, 9/5/2026. The first match, Tom Bean (TX) @ De Kalb (TX), starts at 8a. Related Content Texas Girls Volleyball Stat LeadersTexas Girls Volleyball PlayoffsTexas Girls Volleyball Rankings Recent Texas Girls Volleyball HeadlinesMaxPreps/AVCA Players of the WeekVOLLEYBALL: Preseason top 100 Division 1130 Matches 13-5 Colleyville Heritage 5-0 Viera 9a 7-8 Tom Bean 4-9 De Kalb 8a console.log('MaxPrepsAds - createMark: Element Defined - leaderboard-banner-inc1');performance && performance.mark && performance.mark('MaxPrepsAds - Element Defined: leaderboard-banner-inc1'); 8-8 Pewitt 13-5 Commerce 8a TBA 14-7 Central Texas Christian 8a 19-4 Central Heights 7-9 King's Ridge Christian 9a V Varsity Opponent 3-2 Oakridge 8a 13-5 Commerce 10-3 GHSA 8a 1-5 San Jacinto Christian Academy 6-2 Tulia 9a 0-0 Roosevelt 12-5 Joshua 9a 0-0 Byrd 1-0 Catholic - N.I. 9a 4-9 De Kalb 8-8 Pewitt 9a 4-9 De Kalb 10-3 GHSA 9a 19-4 Central Heights 16-4 North Hall 10:15a 23-3 Olney 6-7 Benjamin 10a 1-4 Rivercrest 3-5 Shelton 10a 0-4 Wilson 10-10 Tahoka 10a 0-0 Lometa 2-3 Rising Star 10a 0-3P Paint Rock 1-3 Mullin 10a 13-12 Dobie 10-14 Cypress Falls 10a 4-9 De Kalb 13-5 Commerce 10a 4-12 Shallowater 18-6 Canyon 10a 8-8 Pewitt 5-10 Mesquite 10a 10-13 Robinson 7-5 Hico 10a 3-9 Bellevue 11-4 Electra 10a 3-6 Archer City 11-4 Electra 10a 0-4 Moran 1-1 Rule 10a 7-8 Tom Bean 10-3 GHSA 10a 1-4 Kapolei 12-5 Joshua 10:15a 2-8 First Baptist 2-7 Heritage Christian 10:15a 13-5 Colleyville Heritage 1-2 Geneva 11:30a 4-2 St. Joseph Academy 10-9 Harlingen South 11a 1-11 Rankin 7-4-1M Midland Classical Academy 11a 2-6 Memphis 6-5 Shamrock 11a 16-8 Plains 1-6 Brownfield 11a 1-2 Olton 8-11 Vega 11a 0-10 Snyder 5-4 Lamesa 11a 20-4 Compass Academy 13-11 Alpine 11a 2-4 San Isidro 4-8 Rio Grande City 11a 6-6M Munday 1-4 Texas Leadership of Abilene 11a 2-7 Petrolia 13-13 City View 11a 1-4 Rivercrest 13-5 Commerce 11a 8-5 Wellman-Union 11-9 Abernathy 11a 3-7 Lake View 0-8 Grape Creek 11a 14-15 Midland Lee 14-5 Greenwood 11a 19-8 Veterans Memorial 15-2 Mission Veterans Memorial 11a 5-13 Grady 1-8-1 Colorado 11a 9-15 Lopez 6-6 Juarez-Lincoln 11a 1-11 Estacado 18-4 Seminole 11a 4-11 Wichita Christian 5-1 Crowell 11a 8-8 Borger 21-6 Bushland 11a 0-3 Gorman 2-3 Ranger 11a 23-3 Olney 7-2 Knox City 11:30a 6-12 Dublin 1-11D De Leon 11:30a 0-4 Wilson 1-0 Rotan 11:30a 5-7 Greenville Christian 1-0C Christian Heritage 11:30a 11-4-1 Water Valley 11-8 Ballinger 11:30a 20-6 Lubbock-Cooper 17-8 Amarillo 12p 2-6 Littlefield 13-10 Klondike 12p 14-13 Hereford 21-6 Bushland 12p 4-12 Monahans 2-12 Levelland 12p 13-9 West Plains 4-12 Shallowater 12p 6-4 River Road 2-5 Highland Park 12p 3-6 Fort Stockton 20-4 Compass Academy 12p 3-6 Fort Stockton 13-11 Alpine 12p 6-3 Denver City 16-8 Idalou 12p 0-6 Dimmitt 4-6 TSYWL 12p 8-11 La Joya 1-10 Weslaco East 12p 4-5 Hawley 7-7 Coleman 12p 26-2 Los Fresnos 23-7 Pace 12p 4-11 Pharr-San Juan-Alamo 23-2 Pioneer 12p 12-11 Mission 10-14 Pharr-San Juan-Alamo North 12p 9-9-1 Reagan County 6-8 Miles 12p 9-2 Sterling City 7-8-1 Coahoma 12p 15-6 Christoval 8-6 SATLCA 12p 16-9 Sharyland 12-14 McAllen 12p 9-13 Edinburg 15-6 Palmview 12p 6-8 Post 0-8 Borden County 12p 9-5-2 McCamey 12-13 Sonora 12p 9-15 Lopez 2-18 Donna North 12p 21-7 Vela 21-7 McAllen Memorial 12p 2-10 Pharr-San Juan-Alamo Memorial 2-6 Mercedes 12p 6-6 Juarez-Lincoln 2-18 Donna North 12p 11-15 New Home 2-5-1M Merkel 12p 5-11 Pharr-San Juan-Alamo Southwest 18-10 Harlingen 12p 4-11-2 Kermit 0-10 Iraan 12p 10-14 Porter 9-10 Donna 12p 12-9 San Benito 11-13 Rivera 12p 5-11 Jubilee Brownsville 1-8 Port Isabel 12p 2-11 Hidalgo Early College 4-8 Harmony School of Excellence 1p 16-7 Edcouch-Elsa 6-11 La Feria 1p 12-9 Bronte 11-8 Ballinger 1p 1-0 Rotan 10-10 Tahoka 1p 10-10 Nixon 13-12 United South 2:30p 7-10 Marcus 9-13 Tarkington 3:15p 3-0 Columbine 12-5 Joshua 3:30p 0-4 Oberlin 7-10 Marcus 4:30p 0-2G Garrett Memorial Christian 9-13 Tarkington 4:30p 6-3 Metro Christian 7-10 Marcus 5:45p 2-1 Roscoe 4-10 Lingleville 6p 2-8 First Baptist 5-7 Greenville Christian 9p 10-11 Harvest Christian 0-0P Presbyterian Pan American 11p V Varsity Opponent 15-4-1F Faith Christian 3-0 Lifegate Christian 4-9 Yorktown 9-10 Cy-Fair TBA TBA 10-10 Langham Creek 9-10 Cy-Fair TBA 9-10 Cy-Fair TBA 9-5 CHAAMP HomeSchool TBA TBA 5-12 McKinney Christian Academy TBA 10-6 Sterling TBA 12-5 Episcopal TBA 13-10 Ridge Point TBA 4-16 Clear Creek TBA 12-5 Episcopal TBA 12-5 Episcopal 8-13 Katy Taylor TBA 12-6 Paetow TBA TBA 14-7 Clear Lake 8-7 Center TBA TBA 8-14 Granbury 3-4 Texas Wind TBA TBA 4-7 John Paul II TBA 5-14 Jersey Village TBA 14-7 Cypress Ranch TBA 5-14 Jersey Village TBA 5-14 Jersey Village TBA 5-10 Prince of Peace 0-6 Lee TBA 9-5 CHAAMP HomeSchool TBA 9-5 CHAAMP HomeSchool TBA Division 22 Matches 2-8 First Baptist 2-7 Heritage Christian 10:15a 5-7 Greenville Christian 2-7 Heritage Christian 2p Freelance2 Matches 0-6 Dimmitt 4-6 TSYWL 12p TBA 8-14 Texas Lions Academy Region I4 Matches 1-11 Estacado 18-4 Seminole 11a 6-12 Dublin 1-11D De Leon 11:30a 6-4 River Road 2-5 Highland Park 12p 11-15 New Home 2-5-1M Merkel 12p Region II8 Matches 8-8 Pewitt 13-5 Commerce 8a 4-9 De Kalb 8-8 Pewitt 9a 1-4 Rivercrest 3-5 Shelton 10a 8-8 Pewitt 5-10 Mesquite 10a 10-13 Robinson 7-5 Hico 10a 6-6M Munday 1-4 Texas Leadership of Abilene 11a 1-4 Rivercrest 13-5 Commerce 11a 8-8 Pewitt 1-4 Rivercrest 12p Region III1 Match 3-9 Bellevue 11-4 Electra 10a Region IV1 Match 2-11 Hidalgo Early College 4-8 Harmony School of Excellence 1p TAIAO3 Matches 13-5 Commerce 10-3 GHSA 8a 4-9 De Kalb 10-3 GHSA 9a 7-8 Tom Bean 10-3 GHSA 10a TAPPS6 Matches 4-2 St. Joseph Academy 10-9 Harlingen South 11a 5-7 Greenville Christian 1-0C Christian Heritage 11:30a 5-7 Greenville Christian 2-7 Heritage Christian 2p 2-8 First Baptist 5-7 Greenville Christian 9p 5-3-1 SBUM TBA 5-3-1 SBUM TBA TCAF1 Match TBA 5-1 Chisholm Trail Academy TCSAAL1 Match T Tournament Opponent 2-1 Meridian"
1930,tx,"Texas",Volleyball,"13-5 Colleyville Heritage 5-0 Viera 9a"
1931,tx,"Texas",Volleyball,"7-8 Tom Bean 4-9 De Kalb 8a"
1932,tx,"Texas",Volleyball,"8-8 Pewitt 13-5 Commerce 8a"
1933,tx,"Texas",Volleyball,"TBA 14-7 Central Texas Christian 8a"
1934,tx,"Texas",Volleyball,"19-4 Central Heights 7-9 King's Ridge Christian 9a"
1935,tx,"Texas",Volleyball,"V Varsity Opponent 3-2 Oakridge 8a"
1936,tx,"Texas",Volleyball,"13-5 Commerce 10-3 GHSA 8a"
1937,tx,"Texas",Volleyball,"1-5 San Jacinto Christian Academy 6-2 Tulia 9a"
1938,tx,"Texas",Volleyball,"0-0 Roosevelt 12-5 Joshua 9a"
1939,tx,"Texas",Volleyball,"0-0 Byrd 1-0 Catholic - N.I. 9a"
1940,tx,"Texas",Volleyball,"4-9 De Kalb 8-8 Pewitt 9a"
1941,tx,"Texas",Volleyball,"4-9 De Kalb 10-3 GHSA 9a"
1942,tx,"Texas",Volleyball,"19-4 Central Heights 16-4 North Hall 10:15a"
1943,tx,"Texas",Volleyball,"23-3 Olney 6-7 Benjamin 10a"
1944,tx,"Texas",Volleyball,"1-4 Rivercrest 3-5 Shelton 10a"
1945,tx,"Texas",Volleyball,"0-4 Wilson 10-10 Tahoka 10a"
1946,tx,"Texas",Volleyball,"0-0 Lometa 2-3 Rising Star 10a"
1947,tx,"Texas",Volleyball,"0-3P Paint Rock 1-3 Mullin 10a"
1948,tx,"Texas",Volleyball,"13-12 Dobie 10-14 Cypress Falls 10a"
1949,tx,"Texas",Volleyball,"4-9 De Kalb 13-5 Commerce 10a"
1950,tx,"Texas",Volleyball,"4-12 Shallowater 18-6 Canyon 10a"
1951,tx,"Texas",Volleyball,"8-8 Pewitt 5-10 Mesquite 10a"
1952,tx,"Texas",Volleyball,"10-13 Robinson 7-5 Hico 10a"
1953,tx,"Texas",Volleyball,"3-9 Bellevue 11-4 Electra 10a"
1954,tx,"Texas",Volleyball,"3-6 Archer City 11-4 Electra 10a"
1955,tx,"Texas",Volleyball,"0-4 Moran 1-1 Rule 10a"
1956,tx,"Texas",Volleyball,"7-8 Tom Bean 10-3 GHSA 10a"
1957,tx,"Texas",Volleyball,"1-4 Kapolei 12-5 Joshua 10:15a"
1958,tx,"Texas",Volleyball,"2-8 First Baptist 2-7 Heritage Christian 10:15a"
1959,tx,"Texas",Volleyball,"13-5 Colleyville Heritage 1-2 Geneva 11:30a"
1960,tx,"Texas",Volleyball,"4-2 St. Joseph Academy 10-9 Harlingen South 11a"
1961,tx,"Texas",Volleyball,"1-11 Rankin 7-4-1M Midland Classical Academy 11a"
1962,tx,"Texas",Volleyball,"2-6 Memphis 6-5 Shamrock 11a"
1963,tx,"Texas",Volleyball,"16-8 Plains 1-6 Brownfield 11a"
1964,tx,"Texas",Volleyball,"1-2 Olton 8-11 Vega 11a"
1965,tx,"Texas",Volleyball,"0-10 Snyder 5-4 Lamesa 11a"
1966,tx,"Texas",Volleyball,"20-4 Compass Academy 13-11 Alpine 11a"
1967,tx,"Texas",Volleyball,"2-4 San Isidro 4-8 Rio Grande City 11a"
1968,tx,"Texas",Volleyball,"6-6M Munday 1-4 Texas Leadership of Abilene 11a"
1969,tx,"Texas",Volleyball,"2-7 Petrolia 13-13 City View 11a"
1970,tx,"Texas",Volleyball,"1-4 Rivercrest 13-5 Commerce 11a"
1971,tx,"Texas",Volleyball,"8-5 Wellman-Union 11-9 Abernathy 11a"
1972,tx,"Texas",Volleyball,"3-7 Lake View 0-8 Grape Creek 11a"
1973,tx,"Texas",Volleyball,"14-15 Midland Lee 14-5 Greenwood 11a"
1974,tx,"Texas",Volleyball,"19-8 Veterans Memorial 15-2 Mission Veterans Memorial 11a"
1975,tx,"Texas",Volleyball,"5-13 Grady 1-8-1 Colorado 11a"
1976,tx,"Texas",Volleyball,"9-15 Lopez 6-6 Juarez-Lincoln 11a"
1977,tx,"Texas",Volleyball,"1-11 Estacado 18-4 Seminole 11a"
1978,tx,"Texas",Volleyball,"4-11 Wichita Christian 5-1 Crowell 11a"
1979,tx,"Texas",Volleyball,"8-8 Borger 21-6 Bushland 11a"
1980,tx,"Texas",Volleyball,"0-3 Gorman 2-3 Ranger 11a"
1981,tx,"Texas",Volleyball,"23-3 Olney 7-2 Knox City 11:30a"
1982,tx,"Texas",Volleyball,"6-12 Dublin 1-11D De Leon 11:30a"
1983,tx,"Texas",Volleyball,"0-4 Wilson 1-0 Rotan 11:30a"
1984,tx,"Texas",Volleyball,"5-7 Greenville Christian 1-0C Christian Heritage 11:30a"
1985,tx,"Texas",Volleyball,"11-4-1 Water Valley 11-8 Ballinger 11:30a"
1986,tx,"Texas",Volleyball,"20-6 Lubbock-Cooper 17-8 Amarillo 12p"
1987,tx,"Texas",Volleyball,"2-6 Littlefield 13-10 Klondike 12p"
1988,tx,"Texas",Volleyball,"14-13 Hereford 21-6 Bushland 12p"
1989,tx,"Texas",Volleyball,"4-12 Monahans 2-12 Levelland 12p"
1990,tx,"Texas",Volleyball,"13-9 West Plains 4-12 Shallowater 12p"
1991,tx,"Texas",Volleyball,"6-4 River Road 2-5 Highland Park 12p"
1992,tx,"Texas",Volleyball,"3-6 Fort Stockton 20-4 Compass Academy 12p"
1993,tx,"Texas",Volleyball,"3-6 Fort Stockton 13-11 Alpine 12p"
1994,tx,"Texas",Volleyball,"6-3 Denver City 16-8 Idalou 12p"
1995,tx,"Texas",Volleyball,"0-6 Dimmitt 4-6 TSYWL 12p"
1996,tx,"Texas",Volleyball,"8-11 La Joya 1-10 Weslaco East 12p"
1997,tx,"Texas",Volleyball,"4-5 Hawley 7-7 Coleman 12p"
1998,tx,"Texas",Volleyball,"26-2 Los Fresnos 23-7 Pace 12p"
1999,tx,"Texas",Volleyball,"4-11 Pharr-San Juan-Alamo 23-2 Pioneer 12p"
2000,tx,"Texas",Volleyball,"12-11 Mission 10-14 Pharr-San Juan-Alamo North 12p"
2001,tx,"Texas",Volleyball,"9-9-1 Reagan County 6-8 Miles 12p"
2002,tx,"Texas",Volleyball,"9-2 Sterling City 7-8-1 Coahoma 12p"
2003,tx,"Texas",Volleyball,"15-6 Christoval 8-6 SATLCA 12p"
2004,tx,"Texas",Volleyball,"16-9 Sharyland 12-14 McAllen 12p"
2005,tx,"Texas",Volleyball,"9-13 Edinburg 15-6 Palmview 12p"
2006,tx,"Texas",Volleyball,"6-8 Post 0-8 Borden County 12p"
2007,tx,"Texas",Volleyball,"9-5-2 McCamey 12-13 Sonora 12p"
2008,tx,"Texas",Volleyball,"9-15 Lopez 2-18 Donna North 12p"
2009,tx,"Texas",Volleyball,"21-7 Vela 21-7 McAllen Memorial 12p"
2010,tx,"Texas",Volleyball,"2-10 Pharr-San Juan-Alamo Memorial 2-6 Mercedes 12p"
2011,tx,"Texas",Volleyball,"6-6 Juarez-Lincoln 2-18 Donna North 12p"
2012,tx,"Texas",Volleyball,"11-15 New Home 2-5-1M Merkel 12p"
2013,tx,"Texas",Volleyball,"5-11 Pharr-San Juan-Alamo Southwest 18-10 Harlingen 12p"
2014,tx,"Texas",Volleyball,"4-11-2 Kermit 0-10 Iraan 12p"
2015,tx,"Texas",Volleyball,"10-14 Porter 9-10 Donna 12p"
2016,tx,"Texas",Volleyball,"12-9 San Benito 11-13 Rivera 12p"
2017,tx,"Texas",Volleyball,"5-11 Jubilee Brownsville 1-8 Port Isabel 12p"
2018,tx,"Texas",Volleyball,"2-11 Hidalgo Early College 4-8 Harmony School of Excellence 1p"
2019,tx,"Texas",Volleyball,"16-7 Edcouch-Elsa 6-11 La Feria 1p"
2020,tx,"Texas",Volleyball,"12-9 Bronte 11-8 Ballinger 1p"
2021,tx,"Texas",Volleyball,"1-0 Rotan 10-10 Tahoka 1p"
2022,tx,"Texas",Volleyball,"10-10 Nixon 13-12 United South 2:30p"
2023,tx,"Texas",Volleyball,"7-10 Marcus 9-13 Tarkington 3:15p"
2024,tx,"Texas",Volleyball,"3-0 Columbine 12-5 Joshua 3:30p"
2025,tx,"Texas",Volleyball,"0-4 Oberlin 7-10 Marcus 4:30p"
2026,tx,"Texas",Volleyball,"0-2G Garrett Memorial Christian 9-13 Tarkington 4:30p"
2027,tx,"Texas",Volleyball,"6-3 Metro Christian 7-10 Marcus 5:45p"
2028,tx,"Texas",Volleyball,"2-1 Roscoe 4-10 Lingleville 6p"
2029,tx,"Texas",Volleyball,"2-8 First Baptist 5-7 Greenville Christian 9p"
2030,tx,"Texas",Volleyball,"10-11 Harvest Christian 0-0P Presbyterian Pan American 11p"
2031,tx,"Texas",Volleyball,"V Varsity Opponent 15-4-1F Faith Christian"
2032,tx,"Texas",Volleyball,"3-0 Lifegate Christian 4-9 Yorktown"
2033,tx,"Texas",Volleyball,"9-10 Cy-Fair TBA"
2034,tx,"Texas",Volleyball,"TBA 10-10 Langham Creek"
2035,tx,"Texas",Volleyball,"9-10 Cy-Fair TBA"
2036,tx,"Texas",Volleyball,"9-10 Cy-Fair TBA"
2037,tx,"Texas",Volleyball,"9-5 CHAAMP HomeSchool TBA"
2038,tx,"Texas",Volleyball,"TBA 5-12 McKinney Christian Academy"
2039,tx,"Texas",Volleyball,"TBA 10-6 Sterling"
2040,tx,"Texas",Volleyball,"TBA 12-5 Episcopal"
2041,tx,"Texas",Volleyball,"TBA 13-10 Ridge Point"
2042,tx,"Texas",Volleyball,"TBA 4-16 Clear Creek"
2043,tx,"Texas",Volleyball,"TBA 12-5 Episcopal"
2044,tx,"Texas",Volleyball,"TBA 12-5 Episcopal"
2045,tx,"Texas",Volleyball,"8-13 Katy Taylor TBA"
2046,tx,"Texas",Volleyball,"12-6 Paetow TBA"
2047,tx,"Texas",Volleyball,"TBA 14-7 Clear Lake"
2048,tx,"Texas",Volleyball,"8-7 Center TBA"
2049,tx,"Texas",Volleyball,"TBA 8-14 Granbury"
2050,tx,"Texas",Volleyball,"3-4 Texas Wind TBA"
2051,tx,"Texas",Volleyball,"TBA 4-7 John Paul II"
2052,tx,"Texas",Volleyball,"TBA 5-14 Jersey Village"
2053,tx,"Texas",Volleyball,"TBA 14-7 Cypress Ranch"
2054,tx,"Texas",Volleyball,"TBA 5-14 Jersey Village"
2055,tx,"Texas",Volleyball,"TBA 5-14 Jersey Village"
2056,tx,"Texas",Volleyball,"TBA 5-10 Prince of Peace"
2057,tx,"Texas",Volleyball,"0-6 Lee TBA"
2058,tx,"Texas",Volleyball,"9-5 CHAAMP HomeSchool TBA"
2059,tx,"Texas",Volleyball,"9-5 CHAAMP HomeSchool TBA"
2060,tx,"Texas",Volleyball,"2-8 First Baptist 2-7 Heritage Christian 10:15a"
2061,tx,"Texas",Volleyball,"5-7 Greenville Christian 2-7 Heritage Christian 2p"
2062,tx,"Texas",Volleyball,"0-6 Dimmitt 4-6 TSYWL 12p"
2063,tx,"Texas",Volleyball,"TBA 8-14 Texas Lions Academy"
2064,tx,"Texas",Volleyball,"1-11 Estacado 18-4 Seminole 11a"
2065,tx,"Texas",Volleyball,"6-12 Dublin 1-11D De Leon 11:30a"
2066,tx,"Texas",Volleyball,"6-4 River Road 2-5 Highland Park 12p"
2067,tx,"Texas",Volleyball,"11-15 New Home 2-5-1M Merkel 12p"
2068,tx,"Texas",Volleyball,"8-8 Pewitt 13-5 Commerce 8a"
2069,tx,"Texas",Volleyball,"4-9 De Kalb 8-8 Pewitt 9a"
2070,tx,"Texas",Volleyball,"1-4 Rivercrest 3-5 Shelton 10a"
2071,tx,"Texas",Volleyball,"8-8 Pewitt 5-10 Mesquite 10a"
2072,tx,"Texas",Volleyball,"10-13 Robinson 7-5 Hico 10a"
2073,tx,"Texas",Volleyball,"6-6M Munday 1-4 Texas Leadership of Abilene 11a"
2074,tx,"Texas",Volleyball,"1-4 Rivercrest 13-5 Commerce 11a"
2075,tx,"Texas",Volleyball,"8-8 Pewitt 1-4 Rivercrest 12p"
2076,tx,"Texas",Volleyball,"3-9 Bellevue 11-4 Electra 10a"
2077,tx,"Texas",Volleyball,"2-11 Hidalgo Early College 4-8 Harmony School of Excellence 1p"
2078,tx,"Texas",Volleyball,"13-5 Commerce 10-3 GHSA 8a"
2079,tx,"Texas",Volleyball,"4-9 De Kalb 10-3 GHSA 9a"
2080,tx,"Texas",Volleyball,"7-8 Tom Bean 10-3 GHSA 10a"
2081,tx,"Texas",Volleyball,"4-2 St. Joseph Academy 10-9 Harlingen South 11a"
2082,tx,"Texas",Volleyball,"5-7 Greenville Christian 1-0C Christian Heritage 11:30a"
2083,tx,"Texas",Volleyball,"5-7 Greenville Christian 2-7 Heritage Christian 2p"
2084,tx,"Texas",Volleyball,"2-8 First Baptist 5-7 Greenville Christian 9p"
2085,tx,"Texas",Volleyball,"5-3-1 SBUM TBA"
2086,tx,"Texas",Volleyball,"5-3-1 SBUM TBA"
2087,tx,"Texas",Volleyball,"TBA 5-1 Chisholm Trail Academy"
2088,tx,"Texas",Volleyball,"T Tournament Opponent 2-1 Meridian"
2089,tx,"Texas",Volleyball,"Related ScoreboardsRegions 6-Man TCAL (6 Man)A 6-Man Freelance (6 Man)Division 1Division 2FreelanceRegion IRegion IIRegion IIIRegion IVSouthwest PrepSWCAATAIAOTAPPSTCAFTCALTCSAAL Associations TAIAOTCSAALTexas Association of Private & Parochial SchoolsTexas Christian Athletic FellowshipTexas Christian Athletic LeagueTexas High School Coaches AssociationTexas Southwest PrepTexas SWCAATexas Trinity LeagueTexas University Interscholastic League Metros AbileneAmarilloAustinBeaumontCorpus ChristiDallasEl PasoHarlingenHoustonLaredoLubbockOdessaSan AngeloSan AntonioTylerVictoriaWacoWichita Falls & Lawton"
2090,tx,"Texas",Volleyball,"Saturday, Sep. 5 11-2 Chesterton 10-0 (#17) Carroll 10a 10-0 (#25) Hamilton Southeastern 3-9 Bellmont 10a 10-0 (#25) Hamilton Southeastern 10-0 (#17) Carroll 12p 11-2 Centennial 11-0 (#1) Sierra Canyon 5:30p"
2091,tx,"Texas",Volleyball,"11-2 Chesterton 10-0 (#17) Carroll 10a"
2092,tx,"Texas",Volleyball,"10-0 (#25) Hamilton Southeastern 3-9 Bellmont 10a"
2093,tx,"Texas",Volleyball,"10-0 (#25) Hamilton Southeastern 10-0 (#17) Carroll 12p"
2094,tx,"Texas",Volleyball,"11-2 Centennial 11-0 (#1) Sierra Canyon 5:30p"
2095,ut,"Utah",Volleyball,"There are 11 matches for Utah volleyball on Sat, 9/5/2026. The featured matches are by Utah top ranked teams Liberty (Henderson, NV) vs. #12 Skyridge (Lehi, UT). The first match, Liberty (Henderson, NV) vs. #12 Skyridge (Lehi, UT), starts at 8a. Related Content Utah Girls Volleyball Stat LeadersUtah Girls Volleyball PlayoffsUtah Girls Volleyball Rankings Recent Utah Girls Volleyball HeadlinesVOLLEYBALL: Preseason top 100 Utah High School Volleyball Schedule 11 Matches 4-2 Liberty 4-2 (#12) Skyridge 8a 2-2 South Summit 3-2 Central 10a console.log('MaxPrepsAds - createMark: Element Defined - leaderboard-banner-inc1');performance && performance.mark && performance.mark('MaxPrepsAds - Element Defined: leaderboard-banner-inc1'); 5-1 East 0-5 Juan Diego Catholic 11a 0-7 Wendover 0-3M Manila 12p 2-2 South Summit 1-2 Logan 12p 0-5 Juan Diego Catholic 4-1 Green River 1p 1-2 Logan 3-2 Central 2p 0-5 Juan Diego Catholic 3-3 Mountain View 3p 2-2 South Summit 5-1 Evanston 3p 1-1 Layton Christian Academy 4-1 Green River 4p 5-1 Evanston 1-2 Logan 5p"
2096,ut,"Utah",Volleyball,"4-2 Liberty 4-2 (#12) Skyridge 8a"
2097,ut,"Utah",Volleyball,"2-2 South Summit 3-2 Central 10a"
2098,ut,"Utah",Volleyball,"5-1 East 0-5 Juan Diego Catholic 11a"
2099,ut,"Utah",Volleyball,"0-7 Wendover 0-3M Manila 12p"
2100,ut,"Utah",Volleyball,"2-2 South Summit 1-2 Logan 12p"
2101,ut,"Utah",Volleyball,"0-5 Juan Diego Catholic 4-1 Green River 1p"
2102,ut,"Utah",Volleyball,"1-2 Logan 3-2 Central 2p"
2103,ut,"Utah",Volleyball,"0-5 Juan Diego Catholic 3-3 Mountain View 3p"
2104,ut,"Utah",Volleyball,"2-2 South Summit 5-1 Evanston 3p"
2105,ut,"Utah",Volleyball,"1-1 Layton Christian Academy 4-1 Green River 4p"
2106,ut,"Utah",Volleyball,"5-1 Evanston 1-2 Logan 5p"
2107,ut,"Utah",Volleyball,"Related ScoreboardsRegions 1A Region 191A Region 201A Region 211A Region 222A Region 152A Region 162A Region 172A Region 183A Region 123A Region 13 Associations Utah High School Activities Association Metros Salt Lake CityUtah Valley"
2108,ut,"Utah",Volleyball,"Saturday, Sep. 5 11-2 Chesterton 10-0 (#17) Carroll 10a 10-0 (#25) Hamilton Southeastern 3-9 Bellmont 10a 10-0 (#25) Hamilton Southeastern 10-0 (#17) Carroll 12p 11-2 Centennial 11-0 (#1) Sierra Canyon 5:30p"
2109,ut,"Utah",Volleyball,"11-2 Chesterton 10-0 (#17) Carroll 10a"
2110,ut,"Utah",Volleyball,"10-0 (#25) Hamilton Southeastern 3-9 Bellmont 10a"
2111,ut,"Utah",Volleyball,"10-0 (#25) Hamilton Southeastern 10-0 (#17) Carroll 12p"
2112,ut,"Utah",Volleyball,"11-2 Centennial 11-0 (#1) Sierra Canyon 5:30p"
2113,vt,"Vermont",Volleyball,"There are 2 matches for Vermont volleyball on Sat, 9/5/2026. The first match, Vermont Commons (South Burlington, VT) @ Mt. Abraham (Bristol, VT), starts at 10a. Related Content Vermont Girls Volleyball Stat LeadersVermont Girls Volleyball PlayoffsVermont Girls Volleyball Rankings Vermont High School Volleyball Schedule 2 Matches 1-1V Vermont Commons 0-1 Mt. Abraham 10a 0-0 Loudonville Christian 0-0 Grace Christian 1:30p console.log('MaxPrepsAds - createMark: Element Defined - leaderboard-banner-inc1');performance && performance.mark && performance.mark('MaxPrepsAds - Element Defined: leaderboard-banner-inc1');"
2114,vt,"Vermont",Volleyball,"1-1V Vermont Commons 0-1 Mt. Abraham 10a"
2115,vt,"Vermont",Volleyball,"0-0 Loudonville Christian 0-0 Grace Christian 1:30p"
2116,vt,"Vermont",Volleyball,"Related ScoreboardsDistricts Division 1Division 2 Associations Vermont High School Activities Association Metros Burlington"
2117,vt,"Vermont",Volleyball,"Saturday, Sep. 5 11-2 Chesterton 10-0 (#17) Carroll 10a 10-0 (#25) Hamilton Southeastern 3-9 Bellmont 10a 10-0 (#25) Hamilton Southeastern 10-0 (#17) Carroll 12p 11-2 Centennial 11-0 (#1) Sierra Canyon 5:30p"
2118,vt,"Vermont",Volleyball,"11-2 Chesterton 10-0 (#17) Carroll 10a"
2119,vt,"Vermont",Volleyball,"10-0 (#25) Hamilton Southeastern 3-9 Bellmont 10a"
2120,vt,"Vermont",Volleyball,"10-0 (#25) Hamilton Southeastern 10-0 (#17) Carroll 12p"
2121,vt,"Vermont",Volleyball,"11-2 Centennial 11-0 (#1) Sierra Canyon 5:30p"
2122,va,"Virginia",Volleyball,"There are 15 matches for Virginia volleyball on Sat, 9/5/2026. The first match, J.I. Burton (Norton, VA) @ Patrick Henry (Glade Spring, VA), starts at 8a. Related Content Virginia Girls Volleyball Stat LeadersVirginia Girls Volleyball PlayoffsVirginia Girls Volleyball Rankings Virginia High School Volleyball Schedule 15 Matches 1-0 J.I. Burton 1-1 Patrick Henry 8a 1-1 George Wythe 1-1 Patrick Henry 8a console.log('MaxPrepsAds - createMark: Element Defined - leaderboard-banner-inc1');performance && performance.mark && performance.mark('MaxPrepsAds - Element Defined: leaderboard-banner-inc1'); TBA 3-0 Catholic 9a 2-0 Magna Vista 3-0 Alleghany 10a 1-0 Charles J. Colgan 0-0 Bishop O'Connell 10:30a 1-1 Carroll County 1-1 Patrick Henry 11a 3-0 Alleghany 2-0 Salem 11:45a 0-1 Union 2-6 Happy Valley 12p 1-1 George Wythe 2-6 Happy Valley 2p 1-1 Carroll County 2-6 Happy Valley 5p V Varsity Opponent 0-1 Oaktree Academy V Varsity Opponent 0-1 Oaktree Academy V Varsity Opponent 0-1 Oaktree Academy TBA 1-0 Benedictine TBA 1-2 Saint Gertrude"
2123,va,"Virginia",Volleyball,"1-0 J.I. Burton 1-1 Patrick Henry 8a"
2124,va,"Virginia",Volleyball,"1-1 George Wythe 1-1 Patrick Henry 8a"
2125,va,"Virginia",Volleyball,"TBA 3-0 Catholic 9a"
2126,va,"Virginia",Volleyball,"2-0 Magna Vista 3-0 Alleghany 10a"
2127,va,"Virginia",Volleyball,"1-0 Charles J. Colgan 0-0 Bishop O'Connell 10:30a"
2128,va,"Virginia",Volleyball,"1-1 Carroll County 1-1 Patrick Henry 11a"
2129,va,"Virginia",Volleyball,"3-0 Alleghany 2-0 Salem 11:45a"
2130,va,"Virginia",Volleyball,"0-1 Union 2-6 Happy Valley 12p"
2131,va,"Virginia",Volleyball,"1-1 George Wythe 2-6 Happy Valley 2p"
2132,va,"Virginia",Volleyball,"1-1 Carroll County 2-6 Happy Valley 5p"
2133,va,"Virginia",Volleyball,"V Varsity Opponent 0-1 Oaktree Academy"
2134,va,"Virginia",Volleyball,"V Varsity Opponent 0-1 Oaktree Academy"
2135,va,"Virginia",Volleyball,"V Varsity Opponent 0-1 Oaktree Academy"
2136,va,"Virginia",Volleyball,"TBA 1-0 Benedictine"
2137,va,"Virginia",Volleyball,"TBA 1-2 Saint Gertrude"
2138,va,"Virginia",Volleyball,"Related ScoreboardsRegions BattlefieldBay RiversBeachBlack DiamondBlue RidgeBull RunCapitalCapital City CardinalCatoctin Associations VA Independent Schools Athletic AssociationVirginia High School LeagueVirginia Homeschool Athletic Association Metros CharlottesvilleHarrisonburgNorfolkRichmondRoanoke"
2139,va,"Virginia",Volleyball,"Saturday, Sep. 5 11-2 Chesterton 10-0 (#17) Carroll 10a 10-0 (#25) Hamilton Southeastern 3-9 Bellmont 10a 10-0 (#25) Hamilton Southeastern 10-0 (#17) Carroll 12p 11-2 Centennial 11-0 (#1) Sierra Canyon 5:30p"
2140,va,"Virginia",Volleyball,"11-2 Chesterton 10-0 (#17) Carroll 10a"
2141,va,"Virginia",Volleyball,"10-0 (#25) Hamilton Southeastern 3-9 Bellmont 10a"
2142,va,"Virginia",Volleyball,"10-0 (#25) Hamilton Southeastern 10-0 (#17) Carroll 12p"
2143,va,"Virginia",Volleyball,"11-2 Centennial 11-0 (#1) Sierra Canyon 5:30p"
2144,wa,"Washington",Volleyball,"There are 25 matches for Washington volleyball on Sat, 9/5/2026. The first match, Toppenish (WA) @ Othello (WA), starts at 11:30a. Related Content Washington Girls Volleyball Stat LeadersWashington Girls Volleyball PlayoffsWashington Girls Volleyball Rankings Washington High School Volleyball Schedule 25 Matches 0-0 Toppenish 0-0 Othello 11:30a 1-0 Oakesdale 0-0 Almira-Coulee-Hartline 11:55a console.log('MaxPrepsAds - createMark: Element Defined - leaderboard-banner-inc1');performance && performance.mark && performance.mark('MaxPrepsAds - Element Defined: leaderboard-banner-inc1'); 0-0 White Swan 0-0 Yakama Nation Tribal 12p 0-0 Oroville 0-0 Republic 12p 0-0 Republic 0-0 Bridgeport 12p 0-0 Kiona-Benton 0-0 College Place 12:30p 0-0 Connell 0-0 Wapato 12:30p 0-1 Naches Valley 0-0 Wahluke 1p 0-0 Cashmere 0-0-1 Zillah 1p 0-0 Tri-Cities Prep 0-0 Colfax 1p 0-1F Forks 0-0 Mount Vernon Christian 1:30p 0-0 Medical Lake 1-0 Omak 2p 0-0 Central Valley 0-0 Lakeside 2:15p 0-0 Cle Elum-Roslyn 0-0 Cascade 3p 0-0 Wenatchee 0-0 Issaquah 3p 0-0 Mariner 0-0 Blaine 3:30p 0-0 Lynden 0-0 Lynden Christian 4p 0-0 Eastmont 0-0 North Creek 4:30p 0-0 Glacier Peak 0-0 Issaquah 7p 0-0 Puyallup 0-0 Tahoma 7p 0-0 Mt. Rainier 0-0 Tahoma 7p 0-0 Sumner 0-0 Tahoma 7p 0-0 Emerald Ridge 0-0 Tahoma 7p 0-0 West Seattle 0-0 Tahoma 7p 0-0 Kentridge 0-0 Tahoma 7p"
2145,wa,"Washington",Volleyball,"0-0 Toppenish 0-0 Othello 11:30a"
2146,wa,"Washington",Volleyball,"1-0 Oakesdale 0-0 Almira-Coulee-Hartline 11:55a"
2147,wa,"Washington",Volleyball,"0-0 White Swan 0-0 Yakama Nation Tribal 12p"
2148,wa,"Washington",Volleyball,"0-0 Oroville 0-0 Republic 12p"
2149,wa,"Washington",Volleyball,"0-0 Republic 0-0 Bridgeport 12p"
2150,wa,"Washington",Volleyball,"0-0 Kiona-Benton 0-0 College Place 12:30p"
2151,wa,"Washington",Volleyball,"0-0 Connell 0-0 Wapato 12:30p"
2152,wa,"Washington",Volleyball,"0-1 Naches Valley 0-0 Wahluke 1p"
2153,wa,"Washington",Volleyball,"0-0 Cashmere 0-0-1 Zillah 1p"
2154,wa,"Washington",Volleyball,"0-0 Tri-Cities Prep 0-0 Colfax 1p"
2155,wa,"Washington",Volleyball,"0-1F Forks 0-0 Mount Vernon Christian 1:30p"
2156,wa,"Washington",Volleyball,"0-0 Medical Lake 1-0 Omak 2p"
2157,wa,"Washington",Volleyball,"0-0 Central Valley 0-0 Lakeside 2:15p"
2158,wa,"Washington",Volleyball,"0-0 Cle Elum-Roslyn 0-0 Cascade 3p"
2159,wa,"Washington",Volleyball,"0-0 Wenatchee 0-0 Issaquah 3p"
2160,wa,"Washington",Volleyball,"0-0 Mariner 0-0 Blaine 3:30p"
2161,wa,"Washington",Volleyball,"0-0 Lynden 0-0 Lynden Christian 4p"
2162,wa,"Washington",Volleyball,"0-0 Eastmont 0-0 North Creek 4:30p"
2163,wa,"Washington",Volleyball,"0-0 Glacier Peak 0-0 Issaquah 7p"
2164,wa,"Washington",Volleyball,"0-0 Puyallup 0-0 Tahoma 7p"
2165,wa,"Washington",Volleyball,"0-0 Mt. Rainier 0-0 Tahoma 7p"
2166,wa,"Washington",Volleyball,"0-0 Sumner 0-0 Tahoma 7p"
2167,wa,"Washington",Volleyball,"0-0 Emerald Ridge 0-0 Tahoma 7p"
2168,wa,"Washington",Volleyball,"0-0 West Seattle 0-0 Tahoma 7p"
2169,wa,"Washington",Volleyball,"0-0 Kentridge 0-0 Tahoma 7p"
2170,wa,"Washington",Volleyball,"Related ScoreboardsDistricts 1A Caribou Trail1A Emerald Sound1A Evergreen1A Nisqually1A Northeast1A SCAC - East1A SCAC - West1A Trico1A/2A/3A Northwest1B Central Washington Associations Washington Interscholastic Activities Association Metros SeattleSpokaneYakima"
2171,wa,"Washington",Volleyball,"Saturday, Sep. 5 11-2 Chesterton 10-0 (#17) Carroll 10a 10-0 (#25) Hamilton Southeastern 3-9 Bellmont 10a 10-0 (#25) Hamilton Southeastern 10-0 (#17) Carroll 12p 11-2 Centennial 11-0 (#1) Sierra Canyon 5:30p"
2172,wa,"Washington",Volleyball,"11-2 Chesterton 10-0 (#17) Carroll 10a"
2173,wa,"Washington",Volleyball,"10-0 (#25) Hamilton Southeastern 3-9 Bellmont 10a"
2174,wa,"Washington",Volleyball,"10-0 (#25) Hamilton Southeastern 10-0 (#17) Carroll 12p"
2175,wa,"Washington",Volleyball,"11-2 Centennial 11-0 (#1) Sierra Canyon 5:30p"
2176,wv,"West Virginia",Volleyball,"There are 33 matches for West Virginia volleyball on Sat, 9/5/2026. The featured matches are by West Virginia top ranked teams #6 Wheeling Central Catholic (Wheeling, WV) @ Monroe Central (Woodsfield, OH), Hedgesville (WV) vs. #11 Shady Spring (WV), and #11 Shady Spring (WV) vs. #15 University (Morgantown, WV). The first match, TBA vs. Washington (Charles Town, WV), starts at 9a. Related Content West Virginia Girls Volleyball Stat LeadersWest Virginia Girls Volleyball PlayoffsWest Virginia Girls Volleyball Rankings West Virginia High School Volleyball Schedule 33 Matches TBA 3-4 Washington 9a 3-3 East Hardy 7-4 (#15) University 9a console.log('MaxPrepsAds - createMark: Element Defined - leaderboard-banner-inc1');performance && performance.mark && performance.mark('MaxPrepsAds - Element Defined: leaderboard-banner-inc1'); 4-3-1 Wheeling Park 1-1 Parkersburg South 9a 2-4 Bridgeport 2-2 (#24) Winfield 9a 2-1 Hedgesville 10-2-1 (#11) Shady Spring 9:45a 4-5 The Linsly School 4-3-1 Wheeling Park 10a TBA 3-4 Washington 10a 3-1 Beaver Local 2-3 Weir 10a 0-5 Independence 2-2 Philip Barbour 10a 6-5 Preston 4-3-1 Wheeling Park 10a 10-2-1 (#11) Shady Spring 7-4 (#15) University 10:45a 5-3 (#6) Wheeling Central Catholic 2-1 Monroe Central 11a 2-2 (#24) Winfield 3-6 Spring Valley 11:30a 2-2 Steubenville 2-3 Weir 12p TBA 3-4 Washington 12p 1-3W West Logan Christian Academy 1-3B Beth Haven Christian 12p 2-1 Hedgesville 7-4 (#15) University 12p 3-3 East Hardy 10-2-1 (#11) Shady Spring 12:45p 0-2 Braxton County 5-0 (#14) South Harrison 1p 2-1 Berkeley Springs 2-2 Moorefield 1p 0-5 Independence 2-2 (#24) Winfield 1p 2-1 Berkeley Springs 5-0 (#14) South Harrison 2p 0-2 Braxton County 2-2 Moorefield 2p 0-2 Braxton County 2-1 Berkeley Springs 3p 2-2 Moorefield 5-0 (#14) South Harrison 3p 0-5 Independence 3-6 Spring Valley 2-1 James Monroe 2-2 Philip Barbour 0-0 Seneca Trail Christian Academy 1-3B Beth Haven Christian TBA 3-4 Washington 0-5 Independence 2-4 Bridgeport 2-4 Bridgeport 3-6 Spring Valley 3-3 East Hardy 2-2 Philip Barbour 0-1 Heritage Christian Prep 1-3B Beth Haven Christian"
2177,wv,"West Virginia",Volleyball,"TBA 3-4 Washington 9a"
2178,wv,"West Virginia",Volleyball,"3-3 East Hardy 7-4 (#15) University 9a"
2179,wv,"West Virginia",Volleyball,"4-3-1 Wheeling Park 1-1 Parkersburg South 9a"
2180,wv,"West Virginia",Volleyball,"2-4 Bridgeport 2-2 (#24) Winfield 9a"
2181,wv,"West Virginia",Volleyball,"2-1 Hedgesville 10-2-1 (#11) Shady Spring 9:45a"
2182,wv,"West Virginia",Volleyball,"4-5 The Linsly School 4-3-1 Wheeling Park 10a"
2183,wv,"West Virginia",Volleyball,"TBA 3-4 Washington 10a"
2184,wv,"West Virginia",Volleyball,"3-1 Beaver Local 2-3 Weir 10a"
2185,wv,"West Virginia",Volleyball,"0-5 Independence 2-2 Philip Barbour 10a"
2186,wv,"West Virginia",Volleyball,"6-5 Preston 4-3-1 Wheeling Park 10a"
2187,wv,"West Virginia",Volleyball,"10-2-1 (#11) Shady Spring 7-4 (#15) University 10:45a"
2188,wv,"West Virginia",Volleyball,"5-3 (#6) Wheeling Central Catholic 2-1 Monroe Central 11a"
2189,wv,"West Virginia",Volleyball,"2-2 (#24) Winfield 3-6 Spring Valley 11:30a"
2190,wv,"West Virginia",Volleyball,"2-2 Steubenville 2-3 Weir 12p"
2191,wv,"West Virginia",Volleyball,"TBA 3-4 Washington 12p"
2192,wv,"West Virginia",Volleyball,"1-3W West Logan Christian Academy 1-3B Beth Haven Christian 12p"
2193,wv,"West Virginia",Volleyball,"2-1 Hedgesville 7-4 (#15) University 12p"
2194,wv,"West Virginia",Volleyball,"3-3 East Hardy 10-2-1 (#11) Shady Spring 12:45p"
2195,wv,"West Virginia",Volleyball,"0-2 Braxton County 5-0 (#14) South Harrison 1p"
2196,wv,"West Virginia",Volleyball,"2-1 Berkeley Springs 2-2 Moorefield 1p"
2197,wv,"West Virginia",Volleyball,"0-5 Independence 2-2 (#24) Winfield 1p"
2198,wv,"West Virginia",Volleyball,"2-1 Berkeley Springs 5-0 (#14) South Harrison 2p"
2199,wv,"West Virginia",Volleyball,"0-2 Braxton County 2-2 Moorefield 2p"
2200,wv,"West Virginia",Volleyball,"0-2 Braxton County 2-1 Berkeley Springs 3p"
2201,wv,"West Virginia",Volleyball,"2-2 Moorefield 5-0 (#14) South Harrison 3p"
2202,wv,"West Virginia",Volleyball,"0-5 Independence 3-6 Spring Valley"
2203,wv,"West Virginia",Volleyball,"2-1 James Monroe 2-2 Philip Barbour"
2204,wv,"West Virginia",Volleyball,"0-0 Seneca Trail Christian Academy 1-3B Beth Haven Christian"
2205,wv,"West Virginia",Volleyball,"TBA 3-4 Washington"
2206,wv,"West Virginia",Volleyball,"0-5 Independence 2-4 Bridgeport"
2207,wv,"West Virginia",Volleyball,"2-4 Bridgeport 3-6 Spring Valley"
2208,wv,"West Virginia",Volleyball,"3-3 East Hardy 2-2 Philip Barbour"
2209,wv,"West Virginia",Volleyball,"0-1 Heritage Christian Prep 1-3B Beth Haven Christian"
2210,wv,"West Virginia",Volleyball,"Related ScoreboardsLeagues Big TenCardinalCoalfield ACoalfield AACumberland ValleyEastern PanhandleFreelanceLittle KanawhaMason-DixonMountain State Associations West Virginia Secondary School Activities Commission Metros BluefieldCharleston-HuntingtonClarksburgParkersburgWheeling"
2211,wv,"West Virginia",Volleyball,"Saturday, Sep. 5 11-2 Chesterton 10-0 (#17) Carroll 10a 10-0 (#25) Hamilton Southeastern 3-9 Bellmont 10a 10-0 (#25) Hamilton Southeastern 10-0 (#17) Carroll 12p 11-2 Centennial 11-0 (#1) Sierra Canyon 5:30p"
2212,wv,"West Virginia",Volleyball,"11-2 Chesterton 10-0 (#17) Carroll 10a"
2213,wv,"West Virginia",Volleyball,"10-0 (#25) Hamilton Southeastern 3-9 Bellmont 10a"
2214,wv,"West Virginia",Volleyball,"10-0 (#25) Hamilton Southeastern 10-0 (#17) Carroll 12p"
2215,wv,"West Virginia",Volleyball,"11-2 Centennial 11-0 (#1) Sierra Canyon 5:30p"
2216,wi,"Wisconsin",Volleyball,"There are 109 matches for Wisconsin volleyball on Sat, 9/5/2026. The featured matches are by Wisconsin top ranked teams #15 Milton (WI) vs. Brookfield Central (Brookfield, WI), Abbotsford (WI) @ #20 Marshfield (WI), and Antigo (WI) @ #20 Marshfield (WI). The first match, Viroqua (WI) vs. Eleva-Strum (Strum, WI), starts at 8a. Related Content Wisconsin Girls Volleyball Stat LeadersWisconsin Girls Volleyball PlayoffsWisconsin Girls Volleyball Rankings Recent Wisconsin Girls Volleyball HeadlinesVOLLEYBALL: Preseason top 100VOLLEYBALL: Preseason All-Americans Wisconsin High School Volleyball Schedule 109 Matches 0-1 Viroqua 2-2 Eleva-Strum 8a 0-4 Brown Deer TBA 8a console.log('MaxPrepsAds - createMark: Element Defined - leaderboard-banner-inc1');performance && performance.mark && performance.mark('MaxPrepsAds - Element Defined: leaderboard-banner-inc1'); 3-4 Bangor 0-1 Prairie du Chien 8a 2-1 Schaumburg Christian 0-4 Hiawatha 8a 4-3 River Valley 2-4 Evansville 8a 0-1 Viroqua TBA 8a 6-5 Franklin 4-2 Lake Country Lutheran 8a 3-3 Green Bay Preble TBA 8a 3-4 Bangor 0-0 Kickapoo 8a 3-4 Bangor 0-0 Alma Center Lincoln 8a 3-4 Bangor 1-0 Whitehall 8a 3-4 Bangor 0-6 Boscobel 8a TBA 3-4 Wauwatosa West 8a 3-4 Bangor 1-0 Loyal 8a 0-4 Dodgeville 5-0A Argyle 8:30a 7-1 (#15) Milton 1-7 Brookfield Central 8:30a 1-5 Parkview 4-2 Shullsburg 8:30a 2-0 Luther 5-1 Richland Center 8:30a 0-3 Oshkosh West 6-1 Madison East 8:30a 2-4 Evansville 3-1 Pecatonica 8:30a 0-2 West Allis Central 6-0 Mount Horeb 8:30a 9-2 Stanley-Boyd 5-3 Adams-Friendship 9a 2-6 Colby 6-4 Columbus Catholic 9a 2-2 Badger 6-5 Franklin 9a 0-3 Menomonie 6-4 D.C. Everest 9a 4-3 River Valley 3-1 Pecatonica 9a 3-5 Kenosha Bradford 4-3 Fall River 9a 0-6 Newman Catholic 1-5 Tomahawk 9a 2-1 Hurley 1-0 Washburn 9a 6-3 Notre Dame Academy 7-2 (#24) Kimberly 9a 4-2 Johnson Creek 4-3 Fall River 9a 3-4 Wauwatosa West 4-2 Lake Country Lutheran 9a 5-4 Jefferson 4-2 Johnson Creek 9a 3-4 Abbotsford 8-3 (#20) Marshfield 9a 0-1 Mooseheart 0-4 Hiawatha 9a 3-4 Abbotsford 3-4 Ladysmith 9a 6-2 Janesville Craig 1-7 Brookfield Central 9:30a 3-6 Aquinas 6-1 Madison East 9:30a 0-0 Alma Center Lincoln 2-5 Brookwood 9:30a 2-9 Southwestern 4-2 Shullsburg 9:30a 0-0 Kickapoo 0-0 Cochrane-Fountain City 9:30a 9-2 Stanley-Boyd 1-4 Wautoma 9:50a 3-3 Antigo 3-4 Ladysmith 10a 5-3 Edgar 1-5 Tomahawk 10a 6-3 Notre Dame Academy 6-5 Luxemburg-Casco 10a 5-2 Eau Claire Memorial 6-4 D.C. Everest 10a 3-3 Antigo 8-3 (#20) Marshfield 10a 3-5 St. Thomas More 6-5 Franklin 10a 5-4 Jefferson 3-5 Kenosha Bradford 10a 1-4 Stoughton 7-1 (#25) La Crosse Central 10a 0-7 Waukesha West 4-2 Lake Country Lutheran 10a 1-3 Cristo Rey St. Martin 0-4 Hiawatha 10a 0-2J Juda 5-0A Argyle 10:30a 0-3 Spooner 1-0 Washburn 10:30a 6-0 Mount Horeb 1-0 Middleton 10:30a 9-2 Stanley-Boyd 6-4 Columbus Catholic 10:40a 0-3 Menomonie 1-5 Tomahawk 11a 5-2 Lakeside Lutheran 7-1 (#25) La Crosse Central 11a 2-3 Wausau East 5-2 Eau Claire Memorial 11a 3-4 Bangor 2-2 Eleva-Strum 11a 6-5 Luxemburg-Casco 7-2 (#24) Kimberly 11a 5-4 Jefferson 4-3 Fall River 11a 5-3 Edgar 6-4 D.C. Everest 11a 4-2 Johnson Creek 3-5 Kenosha Bradford 11a 3-4 Ladysmith 8-3 (#20) Marshfield 11a 2-1 Willows Academy 0-4 Hiawatha 11a 0-7 Waukesha West 6-5 Franklin 11:30a 6-4 Stevens Point 1-5 Tomahawk 12p 6-4 Stevens Point 5-2 Eau Claire Memorial 12p 0-2 Medford 3-4 Ladysmith 12p 3-2 Merrill 6-4 D.C. Everest 12p 9-2 Stanley-Boyd 9-2 Montello 12:20p 0-1 Prairie du Chien 2-2 Eleva-Strum 12:30p 0-0S SCGC (CO-OP) 8-3 (#20) Marshfield 12:30p 3-5 St. Thomas More 4-2 Lake Country Lutheran 12:30p 0-6 Boscobel 2-5 Brookwood 12:30p TBA 6-1 Madison East 12:30p 4-0 Luther Prep 7-1 (#25) La Crosse Central 12:30p 3-4 Wauwatosa West 6-5 Franklin 12:30p TBA 6-5 Luxemburg-Casco 12:45p 0-6 Newman Catholic 5-2 Eau Claire Memorial 1p 0-2 Medford 8-3 (#20) Marshfield 1:30p 0-3S St. Ambrose Academy 7-1 (#25) La Crosse Central 1:30p 0-1 Prairie du Chien 2-5 Brookwood 2p 2-2 Wonewoc-Center 0-0 Cochrane-Fountain City 2p 2-2 Shawano Community 3-4 Ladysmith 2p TBA 6-1 Madison East 3p 2-2 Wonewoc-Center 2-2 Eleva-Strum 3:30p 0-1 Viroqua 0-0 Cochrane-Fountain City 3:30p TBA 3-4 Abbotsford 7p 2-3 The Prairie School 2-3 Kenosha Christian Life 0-2 St. Catherine's 2-4 Wilmot TBA 4-4 Sun Prairie West 2-4 Wilmot 2-3 The Prairie School TBA 5-2 DeForest TBA 6-1 Madison East 0-1 St. Joseph 2-4 Wilmot 2-3 Kenosha Christian Life 2-4 Wilmot 0-6 Racine Horlick 2-4 Wilmot 2-5 Shoreland Lutheran 2-4 Wilmot 2-5 Shoreland Lutheran 2-3 Kenosha Christian Life 0-1 St. Joseph 2-3 Kenosha Christian Life 0-2 St. Catherine's 2-3 Kenosha Christian Life TBA 7-3 Wisconsin Dells TBA 7-3 Wisconsin Dells TBA 7-3 Wisconsin Dells TBA 7-3 Wisconsin Dells 6-1 Madison East TBA 0-6 Racine Horlick 2-3 Kenosha Christian Life"
2217,wi,"Wisconsin",Volleyball,"0-1 Viroqua 2-2 Eleva-Strum 8a"
2218,wi,"Wisconsin",Volleyball,"0-4 Brown Deer TBA 8a"
2219,wi,"Wisconsin",Volleyball,"3-4 Bangor 0-1 Prairie du Chien 8a"
2220,wi,"Wisconsin",Volleyball,"2-1 Schaumburg Christian 0-4 Hiawatha 8a"
2221,wi,"Wisconsin",Volleyball,"4-3 River Valley 2-4 Evansville 8a"
2222,wi,"Wisconsin",Volleyball,"0-1 Viroqua TBA 8a"
2223,wi,"Wisconsin",Volleyball,"6-5 Franklin 4-2 Lake Country Lutheran 8a"
2224,wi,"Wisconsin",Volleyball,"3-3 Green Bay Preble TBA 8a"
2225,wi,"Wisconsin",Volleyball,"3-4 Bangor 0-0 Kickapoo 8a"
2226,wi,"Wisconsin",Volleyball,"3-4 Bangor 0-0 Alma Center Lincoln 8a"
2227,wi,"Wisconsin",Volleyball,"3-4 Bangor 1-0 Whitehall 8a"
2228,wi,"Wisconsin",Volleyball,"3-4 Bangor 0-6 Boscobel 8a"
2229,wi,"Wisconsin",Volleyball,"TBA 3-4 Wauwatosa West 8a"
2230,wi,"Wisconsin",Volleyball,"3-4 Bangor 1-0 Loyal 8a"
2231,wi,"Wisconsin",Volleyball,"0-4 Dodgeville 5-0A Argyle 8:30a"
2232,wi,"Wisconsin",Volleyball,"7-1 (#15) Milton 1-7 Brookfield Central 8:30a"
2233,wi,"Wisconsin",Volleyball,"1-5 Parkview 4-2 Shullsburg 8:30a"
2234,wi,"Wisconsin",Volleyball,"2-0 Luther 5-1 Richland Center 8:30a"
2235,wi,"Wisconsin",Volleyball,"0-3 Oshkosh West 6-1 Madison East 8:30a"
2236,wi,"Wisconsin",Volleyball,"2-4 Evansville 3-1 Pecatonica 8:30a"
2237,wi,"Wisconsin",Volleyball,"0-2 West Allis Central 6-0 Mount Horeb 8:30a"
2238,wi,"Wisconsin",Volleyball,"9-2 Stanley-Boyd 5-3 Adams-Friendship 9a"
2239,wi,"Wisconsin",Volleyball,"2-6 Colby 6-4 Columbus Catholic 9a"
2240,wi,"Wisconsin",Volleyball,"2-2 Badger 6-5 Franklin 9a"
2241,wi,"Wisconsin",Volleyball,"0-3 Menomonie 6-4 D.C. Everest 9a"
2242,wi,"Wisconsin",Volleyball,"4-3 River Valley 3-1 Pecatonica 9a"
2243,wi,"Wisconsin",Volleyball,"3-5 Kenosha Bradford 4-3 Fall River 9a"
2244,wi,"Wisconsin",Volleyball,"0-6 Newman Catholic 1-5 Tomahawk 9a"
2245,wi,"Wisconsin",Volleyball,"2-1 Hurley 1-0 Washburn 9a"
2246,wi,"Wisconsin",Volleyball,"6-3 Notre Dame Academy 7-2 (#24) Kimberly 9a"
2247,wi,"Wisconsin",Volleyball,"4-2 Johnson Creek 4-3 Fall River 9a"
2248,wi,"Wisconsin",Volleyball,"3-4 Wauwatosa West 4-2 Lake Country Lutheran 9a"
2249,wi,"Wisconsin",Volleyball,"5-4 Jefferson 4-2 Johnson Creek 9a"
2250,wi,"Wisconsin",Volleyball,"3-4 Abbotsford 8-3 (#20) Marshfield 9a"
2251,wi,"Wisconsin",Volleyball,"0-1 Mooseheart 0-4 Hiawatha 9a"
2252,wi,"Wisconsin",Volleyball,"3-4 Abbotsford 3-4 Ladysmith 9a"
2253,wi,"Wisconsin",Volleyball,"6-2 Janesville Craig 1-7 Brookfield Central 9:30a"
2254,wi,"Wisconsin",Volleyball,"3-6 Aquinas 6-1 Madison East 9:30a"
2255,wi,"Wisconsin",Volleyball,"0-0 Alma Center Lincoln 2-5 Brookwood 9:30a"
2256,wi,"Wisconsin",Volleyball,"2-9 Southwestern 4-2 Shullsburg 9:30a"
2257,wi,"Wisconsin",Volleyball,"0-0 Kickapoo 0-0 Cochrane-Fountain City 9:30a"
2258,wi,"Wisconsin",Volleyball,"9-2 Stanley-Boyd 1-4 Wautoma 9:50a"
2259,wi,"Wisconsin",Volleyball,"3-3 Antigo 3-4 Ladysmith 10a"
2260,wi,"Wisconsin",Volleyball,"5-3 Edgar 1-5 Tomahawk 10a"
2261,wi,"Wisconsin",Volleyball,"6-3 Notre Dame Academy 6-5 Luxemburg-Casco 10a"
2262,wi,"Wisconsin",Volleyball,"5-2 Eau Claire Memorial 6-4 D.C. Everest 10a"
2263,wi,"Wisconsin",Volleyball,"3-3 Antigo 8-3 (#20) Marshfield 10a"
2264,wi,"Wisconsin",Volleyball,"3-5 St. Thomas More 6-5 Franklin 10a"
2265,wi,"Wisconsin",Volleyball,"5-4 Jefferson 3-5 Kenosha Bradford 10a"
2266,wi,"Wisconsin",Volleyball,"1-4 Stoughton 7-1 (#25) La Crosse Central 10a"
2267,wi,"Wisconsin",Volleyball,"0-7 Waukesha West 4-2 Lake Country Lutheran 10a"
2268,wi,"Wisconsin",Volleyball,"1-3 Cristo Rey St. Martin 0-4 Hiawatha 10a"
2269,wi,"Wisconsin",Volleyball,"0-2J Juda 5-0A Argyle 10:30a"
2270,wi,"Wisconsin",Volleyball,"0-3 Spooner 1-0 Washburn 10:30a"
2271,wi,"Wisconsin",Volleyball,"6-0 Mount Horeb 1-0 Middleton 10:30a"
2272,wi,"Wisconsin",Volleyball,"9-2 Stanley-Boyd 6-4 Columbus Catholic 10:40a"
2273,wi,"Wisconsin",Volleyball,"0-3 Menomonie 1-5 Tomahawk 11a"
2274,wi,"Wisconsin",Volleyball,"5-2 Lakeside Lutheran 7-1 (#25) La Crosse Central 11a"
2275,wi,"Wisconsin",Volleyball,"2-3 Wausau East 5-2 Eau Claire Memorial 11a"
2276,wi,"Wisconsin",Volleyball,"3-4 Bangor 2-2 Eleva-Strum 11a"
2277,wi,"Wisconsin",Volleyball,"6-5 Luxemburg-Casco 7-2 (#24) Kimberly 11a"
2278,wi,"Wisconsin",Volleyball,"5-4 Jefferson 4-3 Fall River 11a"
2279,wi,"Wisconsin",Volleyball,"5-3 Edgar 6-4 D.C. Everest 11a"
2280,wi,"Wisconsin",Volleyball,"4-2 Johnson Creek 3-5 Kenosha Bradford 11a"
2281,wi,"Wisconsin",Volleyball,"3-4 Ladysmith 8-3 (#20) Marshfield 11a"
2282,wi,"Wisconsin",Volleyball,"2-1 Willows Academy 0-4 Hiawatha 11a"
2283,wi,"Wisconsin",Volleyball,"0-7 Waukesha West 6-5 Franklin 11:30a"
2284,wi,"Wisconsin",Volleyball,"6-4 Stevens Point 1-5 Tomahawk 12p"
2285,wi,"Wisconsin",Volleyball,"6-4 Stevens Point 5-2 Eau Claire Memorial 12p"
2286,wi,"Wisconsin",Volleyball,"0-2 Medford 3-4 Ladysmith 12p"
2287,wi,"Wisconsin",Volleyball,"3-2 Merrill 6-4 D.C. Everest 12p"
2288,wi,"Wisconsin",Volleyball,"9-2 Stanley-Boyd 9-2 Montello 12:20p"
2289,wi,"Wisconsin",Volleyball,"0-1 Prairie du Chien 2-2 Eleva-Strum 12:30p"
2290,wi,"Wisconsin",Volleyball,"0-0S SCGC (CO-OP) 8-3 (#20) Marshfield 12:30p"
2291,wi,"Wisconsin",Volleyball,"3-5 St. Thomas More 4-2 Lake Country Lutheran 12:30p"
2292,wi,"Wisconsin",Volleyball,"0-6 Boscobel 2-5 Brookwood 12:30p"
2293,wi,"Wisconsin",Volleyball,"TBA 6-1 Madison East 12:30p"
2294,wi,"Wisconsin",Volleyball,"4-0 Luther Prep 7-1 (#25) La Crosse Central 12:30p"
2295,wi,"Wisconsin",Volleyball,"3-4 Wauwatosa West 6-5 Franklin 12:30p"
2296,wi,"Wisconsin",Volleyball,"TBA 6-5 Luxemburg-Casco 12:45p"
2297,wi,"Wisconsin",Volleyball,"0-6 Newman Catholic 5-2 Eau Claire Memorial 1p"
2298,wi,"Wisconsin",Volleyball,"0-2 Medford 8-3 (#20) Marshfield 1:30p"
2299,wi,"Wisconsin",Volleyball,"0-3S St. Ambrose Academy 7-1 (#25) La Crosse Central 1:30p"
2300,wi,"Wisconsin",Volleyball,"0-1 Prairie du Chien 2-5 Brookwood 2p"
2301,wi,"Wisconsin",Volleyball,"2-2 Wonewoc-Center 0-0 Cochrane-Fountain City 2p"
2302,wi,"Wisconsin",Volleyball,"2-2 Shawano Community 3-4 Ladysmith 2p"
2303,wi,"Wisconsin",Volleyball,"TBA 6-1 Madison East 3p"
2304,wi,"Wisconsin",Volleyball,"2-2 Wonewoc-Center 2-2 Eleva-Strum 3:30p"
2305,wi,"Wisconsin",Volleyball,"0-1 Viroqua 0-0 Cochrane-Fountain City 3:30p"
2306,wi,"Wisconsin",Volleyball,"TBA 3-4 Abbotsford 7p"
2307,wi,"Wisconsin",Volleyball,"2-3 The Prairie School 2-3 Kenosha Christian Life"
2308,wi,"Wisconsin",Volleyball,"0-2 St. Catherine's 2-4 Wilmot"
2309,wi,"Wisconsin",Volleyball,"TBA 4-4 Sun Prairie West"
2310,wi,"Wisconsin",Volleyball,"2-4 Wilmot 2-3 The Prairie School"
2311,wi,"Wisconsin",Volleyball,"TBA 5-2 DeForest"
2312,wi,"Wisconsin",Volleyball,"TBA 6-1 Madison East"
2313,wi,"Wisconsin",Volleyball,"0-1 St. Joseph 2-4 Wilmot"
2314,wi,"Wisconsin",Volleyball,"2-3 Kenosha Christian Life 2-4 Wilmot"
2315,wi,"Wisconsin",Volleyball,"0-6 Racine Horlick 2-4 Wilmot"
2316,wi,"Wisconsin",Volleyball,"2-5 Shoreland Lutheran 2-4 Wilmot"
2317,wi,"Wisconsin",Volleyball,"2-5 Shoreland Lutheran 2-3 Kenosha Christian Life"
2318,wi,"Wisconsin",Volleyball,"0-1 St. Joseph 2-3 Kenosha Christian Life"
2319,wi,"Wisconsin",Volleyball,"0-2 St. Catherine's 2-3 Kenosha Christian Life"
2320,wi,"Wisconsin",Volleyball,"TBA 7-3 Wisconsin Dells"
2321,wi,"Wisconsin",Volleyball,"TBA 7-3 Wisconsin Dells"
2322,wi,"Wisconsin",Volleyball,"TBA 7-3 Wisconsin Dells"
2323,wi,"Wisconsin",Volleyball,"TBA 7-3 Wisconsin Dells"
2324,wi,"Wisconsin",Volleyball,"6-1 Madison East TBA"
2325,wi,"Wisconsin",Volleyball,"0-6 Racine Horlick 2-3 Kenosha Christian Life"
2326,wi,"Wisconsin",Volleyball,"Related ScoreboardsConferences Badger - LargeBadger - SmallBayBig EastBig EightBig RiversCapitol - NorthCapitol - SouthCentral Wisconsin EastCentral Wisconsin North Associations Wisconsin Interscholastic Athletic Association Metros Green BayLa CrosseMadisonMilwaukeeWausau"
2327,wi,"Wisconsin",Volleyball,"Saturday, Sep. 5 11-2 Chesterton 10-0 (#17) Carroll 10a 10-0 (#25) Hamilton Southeastern 3-9 Bellmont 10a 10-0 (#25) Hamilton Southeastern 10-0 (#17) Carroll 12p 11-2 Centennial 11-0 (#1) Sierra Canyon 5:30p"
2328,wi,"Wisconsin",Volleyball,"11-2 Chesterton 10-0 (#17) Carroll 10a"
2329,wi,"Wisconsin",Volleyball,"10-0 (#25) Hamilton Southeastern 3-9 Bellmont 10a"
2330,wi,"Wisconsin",Volleyball,"10-0 (#25) Hamilton Southeastern 10-0 (#17) Carroll 12p"
2331,wi,"Wisconsin",Volleyball,"11-2 Centennial 11-0 (#1) Sierra Canyon 5:30p"
2332,wy,"Wyoming",Volleyball,"There are 34 matches for Wyoming volleyball on Sat, 9/5/2026. The featured matches are by Wyoming top ranked teams TBA vs. #1 Tongue River (Dayton, WY), Hillcrest (Idaho Falls, ID) @ #2 Evanston (WY), and #17 Central (Cheyenne, WY) @ #2 Evanston (WY). The first match, Hillcrest (Idaho Falls, ID) @ #2 Evanston (WY), starts at 12a. Related Content Wyoming Girls Volleyball Stat LeadersWyoming Girls Volleyball PlayoffsWyoming Girls Volleyball Rankings Wyoming High School Volleyball Schedule 34 Matches 5-2 Hillcrest 5-1 (#2) Evanston 12a 3-2 (#17) Central 5-1 (#2) Evanston 8a console.log('MaxPrepsAds - createMark: Element Defined - leaderboard-banner-inc1');performance && performance.mark && performance.mark('MaxPrepsAds - Element Defined: leaderboard-banner-inc1'); 5-0 (#4) Kelly Walsh 1-4 Star Valley 8a 5-1 (#9) East 4-1 (#3) Green River 8a 2-3 (#16) Rock Springs 3-1 Pinedale 9a 3-1 (#8) Lander Valley 2-3 Lyman 9a 5-1 (#9) East 3-3 (#11) Mountain View 9a 2-2 South Summit 3-2 (#17) Central 10a 5-0 (#4) Kelly Walsh 1-1 Bonneville 10a 3-0 Bear Lake 4-1 (#3) Green River 10a 5-2 Hillcrest 5-0 (#4) Kelly Walsh 10a 3-1 Pinedale 1-4 Star Valley 11a 0-2 Big Piney 2-3 Lyman 11a 5-1 (#9) East 0-5 Juan Diego Catholic 11a 2-3 (#16) Rock Springs 1-1 Bonneville 12p N NVTO 3-3 (#11) Mountain View 12p 0-5 Juan Diego Catholic 4-1 (#3) Green River 1p 1-2 Logan 3-2 (#17) Central 2p 1-4 Star Valley 1-1 Bonneville 2p 5-2 Hillcrest 3-2 (#17) Central 2p 0-5 Juan Diego Catholic 3-3 (#11) Mountain View 3p 2-2 South Summit 5-1 (#2) Evanston 3p 2-3 (#16) Rock Springs 5-0 (#4) Kelly Walsh 3p 1-1 Layton Christian Academy 4-1 (#3) Green River 4p 2-3 (#16) Rock Springs 1-4 Star Valley 5p 4-1 (#3) Green River 3-3 (#11) Mountain View 5p 5-1 (#2) Evanston 1-2 Logan 5p 5-1 (#9) East 3-0 Bear Lake 5p TBA 4-1 (#12) Torrington TBA 4-1 (#13) Thunder Basin TBA 4-1 (#6) Big Horn TBA 4-1 (#13) Thunder Basin TBA 4-0 (#1) Tongue River TBA 4-1 (#13) Thunder Basin"
2333,wy,"Wyoming",Volleyball,"5-2 Hillcrest 5-1 (#2) Evanston 12a"
2334,wy,"Wyoming",Volleyball,"3-2 (#17) Central 5-1 (#2) Evanston 8a"
2335,wy,"Wyoming",Volleyball,"5-0 (#4) Kelly Walsh 1-4 Star Valley 8a"
2336,wy,"Wyoming",Volleyball,"5-1 (#9) East 4-1 (#3) Green River 8a"
2337,wy,"Wyoming",Volleyball,"2-3 (#16) Rock Springs 3-1 Pinedale 9a"
2338,wy,"Wyoming",Volleyball,"3-1 (#8) Lander Valley 2-3 Lyman 9a"
2339,wy,"Wyoming",Volleyball,"5-1 (#9) East 3-3 (#11) Mountain View 9a"
2340,wy,"Wyoming",Volleyball,"2-2 South Summit 3-2 (#17) Central 10a"
2341,wy,"Wyoming",Volleyball,"5-0 (#4) Kelly Walsh 1-1 Bonneville 10a"
2342,wy,"Wyoming",Volleyball,"3-0 Bear Lake 4-1 (#3) Green River 10a"
2343,wy,"Wyoming",Volleyball,"5-2 Hillcrest 5-0 (#4) Kelly Walsh 10a"
2344,wy,"Wyoming",Volleyball,"3-1 Pinedale 1-4 Star Valley 11a"
2345,wy,"Wyoming",Volleyball,"0-2 Big Piney 2-3 Lyman 11a"
2346,wy,"Wyoming",Volleyball,"5-1 (#9) East 0-5 Juan Diego Catholic 11a"
2347,wy,"Wyoming",Volleyball,"2-3 (#16) Rock Springs 1-1 Bonneville 12p"
2348,wy,"Wyoming",Volleyball,"N NVTO 3-3 (#11) Mountain View 12p"
2349,wy,"Wyoming",Volleyball,"0-5 Juan Diego Catholic 4-1 (#3) Green River 1p"
2350,wy,"Wyoming",Volleyball,"1-2 Logan 3-2 (#17) Central 2p"
2351,wy,"Wyoming",Volleyball,"1-4 Star Valley 1-1 Bonneville 2p"
2352,wy,"Wyoming",Volleyball,"5-2 Hillcrest 3-2 (#17) Central 2p"
2353,wy,"Wyoming",Volleyball,"0-5 Juan Diego Catholic 3-3 (#11) Mountain View 3p"
2354,wy,"Wyoming",Volleyball,"2-2 South Summit 5-1 (#2) Evanston 3p"
2355,wy,"Wyoming",Volleyball,"2-3 (#16) Rock Springs 5-0 (#4) Kelly Walsh 3p"
2356,wy,"Wyoming",Volleyball,"1-1 Layton Christian Academy 4-1 (#3) Green River 4p"
2357,wy,"Wyoming",Volleyball,"2-3 (#16) Rock Springs 1-4 Star Valley 5p"
2358,wy,"Wyoming",Volleyball,"4-1 (#3) Green River 3-3 (#11) Mountain View 5p"
2359,wy,"Wyoming",Volleyball,"5-1 (#2) Evanston 1-2 Logan 5p"
2360,wy,"Wyoming",Volleyball,"5-1 (#9) East 3-0 Bear Lake 5p"
2361,wy,"Wyoming",Volleyball,"TBA 4-1 (#12) Torrington"
2362,wy,"Wyoming",Volleyball,"TBA 4-1 (#13) Thunder Basin"
2363,wy,"Wyoming",Volleyball,"TBA 4-1 (#6) Big Horn"
2364,wy,"Wyoming",Volleyball,"TBA 4-1 (#13) Thunder Basin"
2365,wy,"Wyoming",Volleyball,"TBA 4-0 (#1) Tongue River"
2366,wy,"Wyoming",Volleyball,"TBA 4-1 (#13) Thunder Basin"
2367,wy,"Wyoming",Volleyball,"Related ScoreboardsConferences 1A Northeast1A Northwest1A Southeast1A Southwest2A Northeast2A Northwest2A Southwest3A Northeast3A Northwest3A Southeast Associations Wyoming High School Activities Association Metros CasperCheyenne"
2368,wy,"Wyoming",Volleyball,"Saturday, Sep. 5 11-2 Chesterton 10-0 (#17) Carroll 10a 10-0 (#25) Hamilton Southeastern 3-9 Bellmont 10a 10-0 (#25) Hamilton Southeastern 10-0 (#17) Carroll 12p 11-2 Centennial 11-0 (#1) Sierra Canyon 5:30p"
2369,wy,"Wyoming",Volleyball,"11-2 Chesterton 10-0 (#17) Carroll 10a"
2370,wy,"Wyoming",Volleyball,"10-0 (#25) Hamilton Southeastern 3-9 Bellmont 10a"
2371,wy,"Wyoming",Volleyball,"10-0 (#25) Hamilton Southeastern 10-0 (#17) Carroll 12p"
2372,wy,"Wyoming",Volleyball,"11-2 Centennial 11-0 (#1) Sierra Canyon 5:30p"
