No,RegionCode,RegionName,Sport,Match_Details
1,al,"Alabama",Volleyball,"There are 189 matches for Alabama volleyball on Thu, 9/3/2026. The featured matches are by Alabama top ranked teams #1 McGill-Toolen (Mobile, AL) @ Gulf Shores (AL), #4 Jasper (AL) @ Pelham (AL), and #4 Jasper (AL) @ Northridge (Tuscaloosa, AL). The first match, Wilcox Central (Camden, AL) @ Monroe County (Monroeville, AL), starts at 5a. Related Content Alabama Girls Volleyball Stat LeadersAlabama Girls Volleyball PlayoffsAlabama Girls Volleyball Rankings Recent Alabama Girls Volleyball HeadlinesMaxPreps/AVCA Players of the WeekVOLLEYBALL: Preseason top 100 Alabama High School Volleyball Schedule 189 Matches 0-1 Wilcox Central 1-1 Monroe County 5a 0-0 McIntosh 0-1 Fruitdale 1p console.log('MaxPrepsAds - createMark: Element Defined - leaderboard-banner-inc1');performance && performance.mark && performance.mark('MaxPrepsAds - Element Defined: leaderboard-banner-inc1'); 4-5 Hillcrest 1-7 Tuscaloosa County 1:30p 0-0 Kingdom Heights Preparatory 2-13 Columbia 2:30p 1-3 Hubbertville 4-5 Hamilton 3:15p 0-0 The Oaks School 0-1 Springwood 3:55p 1-1 Hooper Academy 1-0 Chambers Academy 3:55p 8-8 Brooks 9-8 Lawrence County 4p 1-6S Sunshine Saints 11-3 Ezekiel Academy 4p 3-4 Pleasant Home 2-4 Laurel Hill 5p 14-1 Holly Pond 0-7 Hanceville 4p 10-1 West Morgan 8-7 Muscle Shoals 4p 0-3 Cornerstone Christian 3-0 Clay County Christian Academy 4p 10-3 (#18) Buckhorn 10-8 Madison Academy 4p 6-3 Priceville 9-5 Huntsville 4p 6-2 Wiregrass 8-1 Evangel Christian 4p 6-4 Guntersville 7-8 Sardis 4p 2-2C Central Christian Academy 0-1 Victory Christian Academy 4p 6-7 West End 10-4 Boaz 4p 5-4 Alabama Christian Academy 1-6 Prattville Christian Academy 4p 1-3 Smiths Station 11-7 Shaw 5p 2-3 Alabama School for the Deaf 9-4 Fayetteville 4p 1-8 Lee 4-7 Falkville 4p 5-5 Glenwood 6-2 Montgomery Catholic 4p 1-1 Monroe County 5-2 Excel 4p 0-1 Restoration Academy 0-0 Morgan Academy 4p 3-7 East Lawrence 12-2 Deshler 4p 1-0 Southern Academy 1-2 Bessemer Academy 4p 2-4 Elberta 1-5 Escambia 5:30p 5-6 Florence 4-4 Lexington 4:30p 0-4 Carver Birmingham 1-3 Pinson Valley 4:30p 4-5 Lynn 0-1-1 Brilliant 4:30p 1-4 Billingsley 2-1 Isabella 4:30p 0-1 Rain 0-1 LeFlore 4:30p 11-7 Meek 8-3 Cullman 4:30p 4-1 T.R. Miller 1-4 Baldwin County 4:30p 2-5 Rogers 11-6 Central 4:30p 1-0 Greene County 1-2 Gordo 4:30p 11-2 (#8) West Point 7-7 Albertville 4:30p 3-11 Kate Duncan Smith DAR 3-11 Sparkman 4:30p 3-1 Horseshoe Bend 0-2 Lanett 4:30p 8-2 Hokes Bluff 1-3 Etowah 4:30p 0-1 Breakthrough Charter 2-1 Dallas County 4:50p 5-4V Victory Christian Academy 0-1 Victory Christian 5p 0-1 Success Unlimited Academy 4-4 Edgewood Academy 5p 4-3 Phil Campbell 6-7 Curry 5p 1-4 Crossville 10-4 Cherokee County 5p 1-2 Abbeville 0-3 Elba 5p 0-1 Master's Hand Christian 0-2 Legacy/Essential Church School 5p 2-3 Lee-Scott Academy 1-3 Houston Academy 5p 6-1 Washington County 1-2 Leroy 5p 6-4 Guntersville 4-5 St. Clair County 5p 4-13 Decatur 10-3 (#18) Buckhorn 5p 2-5 Goshen 2-0 Charles Henderson 5p 2-7 Clements 5-3 West Limestone 5p 4-3 Montgomery Academy 3-2 Enterprise 5p 15-2 (#16) Hartselle 10-1 West Morgan 5p 0-1 Percy Julian 0-2 Selma 5p 0-1 Hillcrest 1-1 Highland Home 5p 2-1 Pickens Academy 3-1 West Blocton 5p 0-7 Dora 1-4-1 Hueytown 5p 0-0 Hatch 4-4 University Charter 5p 2-8 Trinity Presbyterian 6-4 Saint James 5p 9-9 Madison County 6-3 Priceville 5p 10-3 (#4) Jasper 7-9 Pelham 5p 3-4 Southern Choctaw 0-3 Clarke County 5p 17-1 Ashville 4-2 Cleburne County 5p 4-4 Northside Methodist Academy 6-0 Slocomb 5p 0-1 Lakeside School 4-1 Abbeville Christian Academy 5p 1-7 Asbury 14-1 Holly Pond 5p 8-1 (#24) Ariton 0-4 Geneva County 5p 2-2 W.S. Neal 0-2 Escambia County 5p 6-7 West End 2-1 Ider 5p 0-1 Marion 2-1 Keith 5p 0-1 Wilcox Central 1-1 Monroe County 5p 1-2 Evangel Christian Academy 1-0 Lowndes Academy 5p 10-10 James Clemens 7-1 (#15) Helena 5p 3-1 Horseshoe Bend 0-2 Lanett 5:15p 5-5 Headland 3-2 Eufaula 5:15p 10-4 Addison 7-5 Cordova 5:30p 0-2 JAG 2-3 Booker T. Washington Magnet 5:30p 1-1 Wadley 3-0 Randolph County 5:30p 11-7 Meek 7-7 Albertville 5:30p 2-3 Cold Springs 4-4 Winston County 5:30p 3-1 Satsuma 4-8 Bryant 5:30p 12-2 (#6) Spain Park 2-8 Auburn 5:30p 2-10 Grissom 3-11 Kate Duncan Smith DAR 5:30p 2-13 Robertsdale 1-4 St. Michael Catholic 5:30p 7-4 Mobile Christian 6-3 (#13) Fairhope 5:30p 3-4 Eastwood Christian 6-3-1 Russell Christian Academy 5:30p 0-0 Ellwood Christian 6-1 Tuscaloosa Academy 5:30p 1-1 Pike County 0-4 Beulah 5:30p 4-4 Brookwood 11-0 Northside 5:30p 4-1 Springville 1-4 Saks 5:30p 2-2 Florala 3-5 Samson 5:30p 1-1 Pike County 0-4 Beulah 5:30p 0-2 Tanner 7-2 East Limestone 5:30p 3-6 Winfield 5-4 Haleyville 5:30p 4-5 Wicksburg 8-0 Dothan 5:30p 11-2 (#8) West Point 8-3 Cullman 5:30p 6-2 Sulligent 6-1 Lamar County 5:30p 0-2 St. Bernard Prep 4-4 Whitesburg Christian Academy 5:30p 0-3 Carroll 2-8 Dale County 5:30p 2-3 Parker 0-4 Carver Birmingham 5:30p 2-2 Marbury 14-2 (#17) Prattville 5:30p 0-6 Brewer 5-5 Arab 5:30p 5-7 Brindlee Mountain 5-2 Pennington 5:30p 1-5 Mae Jemison 1-9 Scottsboro 5:30p 0-5 Benjamin Russell 3-2 Stanhope Elmore 5:30p 6-3 Priceville 2-7 Athens 5:30p 1-1 Hope Christian Academy 0-2 Jacksonville Christian Academy 5:30p 0-4 Hatton 1-4 Danville 5:30p 1-5 Brewbaker Tech 7-3 LAMP 5:30p 1-2 Tallassee 2-1 Valley 5:30p 1-1 Verbena 1-2 Park Crossing 5:30p 9-3 Fayette County 3-5 Oakman 5:30p 3-5 Sipsey Valley 0-1 Holt 5:30p 0-6 Russell County 1-5 Wetumpka 5:30p 12-1 (#11) Providence Christian 0-2 Emmanuel Christian 5:30p 8-2 Geneva 10-1 Kinston 5:30p 4-4 Elkmont 9-4 Fayetteville 5:30p 6-3 Chilton County 2-2 Jemison 5:30p 6-4 Tabernacle 0-6 North River Christian 5:30p 15-1 (#1) McGill-Toolen 3-7 Gulf Shores 6p 0-2 JCIB 2-1 Comer 6p 15-2 (#16) Hartselle 8-7 Muscle Shoals 6p 1-1 Flomaton 0-2 Blacksher 6p 1-5 Citronelle 1-6 Cottage Hill Christian Academy 6p 9-8 Lauderdale County 9-8 Lawrence County 6p 10-10 James Clemens 8-5 Oak Mountain 6p 0-1 Bessemer City 2-3 Paul W. Bryant 6p 4-4 Childersburg 2-4 Sylacauga 6p 1-1 Pleasant Grove 2-2 Fultondale 6p 1-3 Smiths Station 11-5 Hardaway 7p 15-2 (#23) Faith Academy 3-6 St. Luke's Episcopal 6p 2-2 Houston County 2-4 Cottonwood 6p 1-5 Clay-Chalkville 7-3 Mortimer Jordan 6p 2-8 Waterloo 1-5 Cherokee 6p 3-4 Gardendale 0-0 Jackson-Olin 6p 8-3 (#20) Mountain Brook 9-3 (#10) Hewitt-Trussville 6p 4-5 St. Clair County 7-8 Sardis 6p 1-4 Pike Liberal Arts 4-0 Long 6p 0-1 Pine Forest 2-2 Foley 6p 9-5 Chelsea 10-1 (#19) Homewood 6p 3-2 Pleasant View Christian 1-0 South Haven Christian 6p 2-1 Fairfield 1-2 Huffman 6p 7-9 Pelham 5-3 Northridge 6p 0-3 Greenville 3-5 Fort Dale Academy 6p 0-6 Tuscaloosa Christian 1-3 Chilton Christian Academy 6p 3-3 Cedar Bluff 3-11 Sand Rock 6p 0-5 John Carroll Catholic 11-4 American Christian Academy 6p 5-3 New Brockton 2-2 Andalusia 6p 9-9 Madison County 9-5 Huntsville 6p 10-3 (#4) Jasper 5-3 Northridge 6p 4-13 Decatur 10-8 Madison Academy 6p 4-6 Colbert Heights 14-6 Wilson 6p 1-3 Calera 5-5 Shelby County 6p 0-1 Pineview Christian 0-1 Mt. Pleasant Christian 6p 11-3 Ardmore 4-3 Lincoln County 6p 9-2 Demopolis 0-7 Thomasville 6p 0-1 Wilcox Central 5-2 Excel 6p 2-6 Baker 6-2 Davidson 6p 1-7 Asbury 0-7 Hanceville 6p 7-5 Vestavia Hills 9-1 (#5) Briarwood Christian 6p 2-4 North Sand Mountain 4-7 New Hope 6p 1-7 Opp 2-6 Straughn 6p 0-4 Thorsby 3-4 Reeltown 6:30p 12-1 Lawrence County 11-6 Central 6:30p 2-10 Grissom 3-11 Sparkman 6:30p 2-3 Parker 1-3 Pinson Valley 6:30p 11-7 Meek 11-2 (#8) West Point 6:30p 7-7 Albertville 8-3 Cullman 6:30p 1-2 Notasulga 2-3 Woodland 6:30p 2-8 Central Christian 3-2 Ballard Christian 6:30p 5-7 Brindlee Mountain 0-1 Locust Fork 6:30p 1-2 Choctaw County 1-9 Southeast Lauderdale 6:30p 0-3 Section 1-4 Pisgah 6:30p 5-3 WSAOM 2-1 Isabella 6:30p 16-5 (#22) Orange Beach 1-4 Baldwin County 6:30p 4-4 Gaylesville 3-5 Woodville 6:30p 2-1 Jefferson Christian Academy 0-4 Cornerstone 6:30p 5-5 Daphne 8-7 St. Paul's Episcopal 6:30p 3-3 Ramsay 2-7 Leeds 6:30p 2-4V Victory Christian 2-0 Altamont 6:30p 8-2 Glencoe 10-4 Cherokee County 7p 9-1 (#7) Austin 5-4 Bayside Academy 7p 2-5 Pell City 1-4-1 Hueytown 7p 0-1 Percy Julian 0-2 Selma 7p 0-1 Locust Fork 5-2 Pennington 7:30p"
2,al,"Alabama",Volleyball,"0-1 Wilcox Central 1-1 Monroe County 5a"
3,al,"Alabama",Volleyball,"0-0 McIntosh 0-1 Fruitdale 1p"
4,al,"Alabama",Volleyball,"4-5 Hillcrest 1-7 Tuscaloosa County 1:30p"
5,al,"Alabama",Volleyball,"0-0 Kingdom Heights Preparatory 2-13 Columbia 2:30p"
6,al,"Alabama",Volleyball,"1-3 Hubbertville 4-5 Hamilton 3:15p"
7,al,"Alabama",Volleyball,"0-0 The Oaks School 0-1 Springwood 3:55p"
8,al,"Alabama",Volleyball,"1-1 Hooper Academy 1-0 Chambers Academy 3:55p"
9,al,"Alabama",Volleyball,"8-8 Brooks 9-8 Lawrence County 4p"
10,al,"Alabama",Volleyball,"1-6S Sunshine Saints 11-3 Ezekiel Academy 4p"
11,al,"Alabama",Volleyball,"3-4 Pleasant Home 2-4 Laurel Hill 5p"
12,al,"Alabama",Volleyball,"14-1 Holly Pond 0-7 Hanceville 4p"
13,al,"Alabama",Volleyball,"10-1 West Morgan 8-7 Muscle Shoals 4p"
14,al,"Alabama",Volleyball,"0-3 Cornerstone Christian 3-0 Clay County Christian Academy 4p"
15,al,"Alabama",Volleyball,"10-3 (#18) Buckhorn 10-8 Madison Academy 4p"
16,al,"Alabama",Volleyball,"6-3 Priceville 9-5 Huntsville 4p"
17,al,"Alabama",Volleyball,"6-2 Wiregrass 8-1 Evangel Christian 4p"
18,al,"Alabama",Volleyball,"6-4 Guntersville 7-8 Sardis 4p"
19,al,"Alabama",Volleyball,"2-2C Central Christian Academy 0-1 Victory Christian Academy 4p"
20,al,"Alabama",Volleyball,"6-7 West End 10-4 Boaz 4p"
21,al,"Alabama",Volleyball,"5-4 Alabama Christian Academy 1-6 Prattville Christian Academy 4p"
22,al,"Alabama",Volleyball,"1-3 Smiths Station 11-7 Shaw 5p"
23,al,"Alabama",Volleyball,"2-3 Alabama School for the Deaf 9-4 Fayetteville 4p"
24,al,"Alabama",Volleyball,"1-8 Lee 4-7 Falkville 4p"
25,al,"Alabama",Volleyball,"5-5 Glenwood 6-2 Montgomery Catholic 4p"
26,al,"Alabama",Volleyball,"1-1 Monroe County 5-2 Excel 4p"
27,al,"Alabama",Volleyball,"0-1 Restoration Academy 0-0 Morgan Academy 4p"
28,al,"Alabama",Volleyball,"3-7 East Lawrence 12-2 Deshler 4p"
29,al,"Alabama",Volleyball,"1-0 Southern Academy 1-2 Bessemer Academy 4p"
30,al,"Alabama",Volleyball,"2-4 Elberta 1-5 Escambia 5:30p"
31,al,"Alabama",Volleyball,"5-6 Florence 4-4 Lexington 4:30p"
32,al,"Alabama",Volleyball,"0-4 Carver Birmingham 1-3 Pinson Valley 4:30p"
33,al,"Alabama",Volleyball,"4-5 Lynn 0-1-1 Brilliant 4:30p"
34,al,"Alabama",Volleyball,"1-4 Billingsley 2-1 Isabella 4:30p"
35,al,"Alabama",Volleyball,"0-1 Rain 0-1 LeFlore 4:30p"
36,al,"Alabama",Volleyball,"11-7 Meek 8-3 Cullman 4:30p"
37,al,"Alabama",Volleyball,"4-1 T.R. Miller 1-4 Baldwin County 4:30p"
38,al,"Alabama",Volleyball,"2-5 Rogers 11-6 Central 4:30p"
39,al,"Alabama",Volleyball,"1-0 Greene County 1-2 Gordo 4:30p"
40,al,"Alabama",Volleyball,"11-2 (#8) West Point 7-7 Albertville 4:30p"
41,al,"Alabama",Volleyball,"3-11 Kate Duncan Smith DAR 3-11 Sparkman 4:30p"
42,al,"Alabama",Volleyball,"3-1 Horseshoe Bend 0-2 Lanett 4:30p"
43,al,"Alabama",Volleyball,"8-2 Hokes Bluff 1-3 Etowah 4:30p"
44,al,"Alabama",Volleyball,"0-1 Breakthrough Charter 2-1 Dallas County 4:50p"
45,al,"Alabama",Volleyball,"5-4V Victory Christian Academy 0-1 Victory Christian 5p"
46,al,"Alabama",Volleyball,"0-1 Success Unlimited Academy 4-4 Edgewood Academy 5p"
47,al,"Alabama",Volleyball,"4-3 Phil Campbell 6-7 Curry 5p"
48,al,"Alabama",Volleyball,"1-4 Crossville 10-4 Cherokee County 5p"
49,al,"Alabama",Volleyball,"1-2 Abbeville 0-3 Elba 5p"
50,al,"Alabama",Volleyball,"0-1 Master's Hand Christian 0-2 Legacy/Essential Church School 5p"
51,al,"Alabama",Volleyball,"2-3 Lee-Scott Academy 1-3 Houston Academy 5p"
52,al,"Alabama",Volleyball,"6-1 Washington County 1-2 Leroy 5p"
53,al,"Alabama",Volleyball,"6-4 Guntersville 4-5 St. Clair County 5p"
54,al,"Alabama",Volleyball,"4-13 Decatur 10-3 (#18) Buckhorn 5p"
55,al,"Alabama",Volleyball,"2-5 Goshen 2-0 Charles Henderson 5p"
56,al,"Alabama",Volleyball,"2-7 Clements 5-3 West Limestone 5p"
57,al,"Alabama",Volleyball,"4-3 Montgomery Academy 3-2 Enterprise 5p"
58,al,"Alabama",Volleyball,"15-2 (#16) Hartselle 10-1 West Morgan 5p"
59,al,"Alabama",Volleyball,"0-1 Percy Julian 0-2 Selma 5p"
60,al,"Alabama",Volleyball,"0-1 Hillcrest 1-1 Highland Home 5p"
61,al,"Alabama",Volleyball,"2-1 Pickens Academy 3-1 West Blocton 5p"
62,al,"Alabama",Volleyball,"0-7 Dora 1-4-1 Hueytown 5p"
63,al,"Alabama",Volleyball,"0-0 Hatch 4-4 University Charter 5p"
64,al,"Alabama",Volleyball,"2-8 Trinity Presbyterian 6-4 Saint James 5p"
65,al,"Alabama",Volleyball,"9-9 Madison County 6-3 Priceville 5p"
66,al,"Alabama",Volleyball,"10-3 (#4) Jasper 7-9 Pelham 5p"
67,al,"Alabama",Volleyball,"3-4 Southern Choctaw 0-3 Clarke County 5p"
68,al,"Alabama",Volleyball,"17-1 Ashville 4-2 Cleburne County 5p"
69,al,"Alabama",Volleyball,"4-4 Northside Methodist Academy 6-0 Slocomb 5p"
70,al,"Alabama",Volleyball,"0-1 Lakeside School 4-1 Abbeville Christian Academy 5p"
71,al,"Alabama",Volleyball,"1-7 Asbury 14-1 Holly Pond 5p"
72,al,"Alabama",Volleyball,"8-1 (#24) Ariton 0-4 Geneva County 5p"
73,al,"Alabama",Volleyball,"2-2 W.S. Neal 0-2 Escambia County 5p"
74,al,"Alabama",Volleyball,"6-7 West End 2-1 Ider 5p"
75,al,"Alabama",Volleyball,"0-1 Marion 2-1 Keith 5p"
76,al,"Alabama",Volleyball,"0-1 Wilcox Central 1-1 Monroe County 5p"
77,al,"Alabama",Volleyball,"1-2 Evangel Christian Academy 1-0 Lowndes Academy 5p"
78,al,"Alabama",Volleyball,"10-10 James Clemens 7-1 (#15) Helena 5p"
79,al,"Alabama",Volleyball,"3-1 Horseshoe Bend 0-2 Lanett 5:15p"
80,al,"Alabama",Volleyball,"5-5 Headland 3-2 Eufaula 5:15p"
81,al,"Alabama",Volleyball,"10-4 Addison 7-5 Cordova 5:30p"
82,al,"Alabama",Volleyball,"0-2 JAG 2-3 Booker T. Washington Magnet 5:30p"
83,al,"Alabama",Volleyball,"1-1 Wadley 3-0 Randolph County 5:30p"
84,al,"Alabama",Volleyball,"11-7 Meek 7-7 Albertville 5:30p"
85,al,"Alabama",Volleyball,"2-3 Cold Springs 4-4 Winston County 5:30p"
86,al,"Alabama",Volleyball,"3-1 Satsuma 4-8 Bryant 5:30p"
87,al,"Alabama",Volleyball,"12-2 (#6) Spain Park 2-8 Auburn 5:30p"
88,al,"Alabama",Volleyball,"2-10 Grissom 3-11 Kate Duncan Smith DAR 5:30p"
89,al,"Alabama",Volleyball,"2-13 Robertsdale 1-4 St. Michael Catholic 5:30p"
90,al,"Alabama",Volleyball,"7-4 Mobile Christian 6-3 (#13) Fairhope 5:30p"
91,al,"Alabama",Volleyball,"3-4 Eastwood Christian 6-3-1 Russell Christian Academy 5:30p"
92,al,"Alabama",Volleyball,"0-0 Ellwood Christian 6-1 Tuscaloosa Academy 5:30p"
93,al,"Alabama",Volleyball,"1-1 Pike County 0-4 Beulah 5:30p"
94,al,"Alabama",Volleyball,"4-4 Brookwood 11-0 Northside 5:30p"
95,al,"Alabama",Volleyball,"4-1 Springville 1-4 Saks 5:30p"
96,al,"Alabama",Volleyball,"2-2 Florala 3-5 Samson 5:30p"
97,al,"Alabama",Volleyball,"1-1 Pike County 0-4 Beulah 5:30p"
98,al,"Alabama",Volleyball,"0-2 Tanner 7-2 East Limestone 5:30p"
99,al,"Alabama",Volleyball,"3-6 Winfield 5-4 Haleyville 5:30p"
100,al,"Alabama",Volleyball,"4-5 Wicksburg 8-0 Dothan 5:30p"
101,al,"Alabama",Volleyball,"11-2 (#8) West Point 8-3 Cullman 5:30p"
102,al,"Alabama",Volleyball,"6-2 Sulligent 6-1 Lamar County 5:30p"
103,al,"Alabama",Volleyball,"0-2 St. Bernard Prep 4-4 Whitesburg Christian Academy 5:30p"
104,al,"Alabama",Volleyball,"0-3 Carroll 2-8 Dale County 5:30p"
105,al,"Alabama",Volleyball,"2-3 Parker 0-4 Carver Birmingham 5:30p"
106,al,"Alabama",Volleyball,"2-2 Marbury 14-2 (#17) Prattville 5:30p"
107,al,"Alabama",Volleyball,"0-6 Brewer 5-5 Arab 5:30p"
108,al,"Alabama",Volleyball,"5-7 Brindlee Mountain 5-2 Pennington 5:30p"
109,al,"Alabama",Volleyball,"1-5 Mae Jemison 1-9 Scottsboro 5:30p"
110,al,"Alabama",Volleyball,"0-5 Benjamin Russell 3-2 Stanhope Elmore 5:30p"
111,al,"Alabama",Volleyball,"6-3 Priceville 2-7 Athens 5:30p"
112,al,"Alabama",Volleyball,"1-1 Hope Christian Academy 0-2 Jacksonville Christian Academy 5:30p"
113,al,"Alabama",Volleyball,"0-4 Hatton 1-4 Danville 5:30p"
114,al,"Alabama",Volleyball,"1-5 Brewbaker Tech 7-3 LAMP 5:30p"
115,al,"Alabama",Volleyball,"1-2 Tallassee 2-1 Valley 5:30p"
116,al,"Alabama",Volleyball,"1-1 Verbena 1-2 Park Crossing 5:30p"
117,al,"Alabama",Volleyball,"9-3 Fayette County 3-5 Oakman 5:30p"
118,al,"Alabama",Volleyball,"3-5 Sipsey Valley 0-1 Holt 5:30p"
119,al,"Alabama",Volleyball,"0-6 Russell County 1-5 Wetumpka 5:30p"
120,al,"Alabama",Volleyball,"12-1 (#11) Providence Christian 0-2 Emmanuel Christian 5:30p"
121,al,"Alabama",Volleyball,"8-2 Geneva 10-1 Kinston 5:30p"
122,al,"Alabama",Volleyball,"4-4 Elkmont 9-4 Fayetteville 5:30p"
123,al,"Alabama",Volleyball,"6-3 Chilton County 2-2 Jemison 5:30p"
124,al,"Alabama",Volleyball,"6-4 Tabernacle 0-6 North River Christian 5:30p"
125,al,"Alabama",Volleyball,"15-1 (#1) McGill-Toolen 3-7 Gulf Shores 6p"
126,al,"Alabama",Volleyball,"0-2 JCIB 2-1 Comer 6p"
127,al,"Alabama",Volleyball,"15-2 (#16) Hartselle 8-7 Muscle Shoals 6p"
128,al,"Alabama",Volleyball,"1-1 Flomaton 0-2 Blacksher 6p"
129,al,"Alabama",Volleyball,"1-5 Citronelle 1-6 Cottage Hill Christian Academy 6p"
130,al,"Alabama",Volleyball,"9-8 Lauderdale County 9-8 Lawrence County 6p"
131,al,"Alabama",Volleyball,"10-10 James Clemens 8-5 Oak Mountain 6p"
132,al,"Alabama",Volleyball,"0-1 Bessemer City 2-3 Paul W. Bryant 6p"
133,al,"Alabama",Volleyball,"4-4 Childersburg 2-4 Sylacauga 6p"
134,al,"Alabama",Volleyball,"1-1 Pleasant Grove 2-2 Fultondale 6p"
135,al,"Alabama",Volleyball,"1-3 Smiths Station 11-5 Hardaway 7p"
136,al,"Alabama",Volleyball,"15-2 (#23) Faith Academy 3-6 St. Luke's Episcopal 6p"
137,al,"Alabama",Volleyball,"2-2 Houston County 2-4 Cottonwood 6p"
138,al,"Alabama",Volleyball,"1-5 Clay-Chalkville 7-3 Mortimer Jordan 6p"
139,al,"Alabama",Volleyball,"2-8 Waterloo 1-5 Cherokee 6p"
140,al,"Alabama",Volleyball,"3-4 Gardendale 0-0 Jackson-Olin 6p"
141,al,"Alabama",Volleyball,"8-3 (#20) Mountain Brook 9-3 (#10) Hewitt-Trussville 6p"
142,al,"Alabama",Volleyball,"4-5 St. Clair County 7-8 Sardis 6p"
143,al,"Alabama",Volleyball,"1-4 Pike Liberal Arts 4-0 Long 6p"
144,al,"Alabama",Volleyball,"0-1 Pine Forest 2-2 Foley 6p"
145,al,"Alabama",Volleyball,"9-5 Chelsea 10-1 (#19) Homewood 6p"
146,al,"Alabama",Volleyball,"3-2 Pleasant View Christian 1-0 South Haven Christian 6p"
147,al,"Alabama",Volleyball,"2-1 Fairfield 1-2 Huffman 6p"
148,al,"Alabama",Volleyball,"7-9 Pelham 5-3 Northridge 6p"
149,al,"Alabama",Volleyball,"0-3 Greenville 3-5 Fort Dale Academy 6p"
150,al,"Alabama",Volleyball,"0-6 Tuscaloosa Christian 1-3 Chilton Christian Academy 6p"
151,al,"Alabama",Volleyball,"3-3 Cedar Bluff 3-11 Sand Rock 6p"
152,al,"Alabama",Volleyball,"0-5 John Carroll Catholic 11-4 American Christian Academy 6p"
153,al,"Alabama",Volleyball,"5-3 New Brockton 2-2 Andalusia 6p"
154,al,"Alabama",Volleyball,"9-9 Madison County 9-5 Huntsville 6p"
155,al,"Alabama",Volleyball,"10-3 (#4) Jasper 5-3 Northridge 6p"
156,al,"Alabama",Volleyball,"4-13 Decatur 10-8 Madison Academy 6p"
157,al,"Alabama",Volleyball,"4-6 Colbert Heights 14-6 Wilson 6p"
158,al,"Alabama",Volleyball,"1-3 Calera 5-5 Shelby County 6p"
159,al,"Alabama",Volleyball,"0-1 Pineview Christian 0-1 Mt. Pleasant Christian 6p"
160,al,"Alabama",Volleyball,"11-3 Ardmore 4-3 Lincoln County 6p"
161,al,"Alabama",Volleyball,"9-2 Demopolis 0-7 Thomasville 6p"
162,al,"Alabama",Volleyball,"0-1 Wilcox Central 5-2 Excel 6p"
163,al,"Alabama",Volleyball,"2-6 Baker 6-2 Davidson 6p"
164,al,"Alabama",Volleyball,"1-7 Asbury 0-7 Hanceville 6p"
165,al,"Alabama",Volleyball,"7-5 Vestavia Hills 9-1 (#5) Briarwood Christian 6p"
166,al,"Alabama",Volleyball,"2-4 North Sand Mountain 4-7 New Hope 6p"
167,al,"Alabama",Volleyball,"1-7 Opp 2-6 Straughn 6p"
168,al,"Alabama",Volleyball,"0-4 Thorsby 3-4 Reeltown 6:30p"
169,al,"Alabama",Volleyball,"12-1 Lawrence County 11-6 Central 6:30p"
170,al,"Alabama",Volleyball,"2-10 Grissom 3-11 Sparkman 6:30p"
171,al,"Alabama",Volleyball,"2-3 Parker 1-3 Pinson Valley 6:30p"
172,al,"Alabama",Volleyball,"11-7 Meek 11-2 (#8) West Point 6:30p"
173,al,"Alabama",Volleyball,"7-7 Albertville 8-3 Cullman 6:30p"
174,al,"Alabama",Volleyball,"1-2 Notasulga 2-3 Woodland 6:30p"
175,al,"Alabama",Volleyball,"2-8 Central Christian 3-2 Ballard Christian 6:30p"
176,al,"Alabama",Volleyball,"5-7 Brindlee Mountain 0-1 Locust Fork 6:30p"
177,al,"Alabama",Volleyball,"1-2 Choctaw County 1-9 Southeast Lauderdale 6:30p"
178,al,"Alabama",Volleyball,"0-3 Section 1-4 Pisgah 6:30p"
179,al,"Alabama",Volleyball,"5-3 WSAOM 2-1 Isabella 6:30p"
180,al,"Alabama",Volleyball,"16-5 (#22) Orange Beach 1-4 Baldwin County 6:30p"
181,al,"Alabama",Volleyball,"4-4 Gaylesville 3-5 Woodville 6:30p"
182,al,"Alabama",Volleyball,"2-1 Jefferson Christian Academy 0-4 Cornerstone 6:30p"
183,al,"Alabama",Volleyball,"5-5 Daphne 8-7 St. Paul's Episcopal 6:30p"
184,al,"Alabama",Volleyball,"3-3 Ramsay 2-7 Leeds 6:30p"
185,al,"Alabama",Volleyball,"2-4V Victory Christian 2-0 Altamont 6:30p"
186,al,"Alabama",Volleyball,"8-2 Glencoe 10-4 Cherokee County 7p"
187,al,"Alabama",Volleyball,"9-1 (#7) Austin 5-4 Bayside Academy 7p"
188,al,"Alabama",Volleyball,"2-5 Pell City 1-4-1 Hueytown 7p"
189,al,"Alabama",Volleyball,"0-1 Percy Julian 0-2 Selma 7p"
190,al,"Alabama",Volleyball,"0-1 Locust Fork 5-2 Pennington 7:30p"
191,al,"Alabama",Volleyball,"Related ScoreboardsRegions 1A Area 11A Area 101A Area 111A Area 121A Area 131A Area 141A Area 151A Area 161A Area 21A Area 3 Associations Alabama High School Athletic Association Metros BirminghamColumbus-OpelikaDothanHuntsville-Decatur (Flor)MobileMontgomery"
192,al,"Alabama",Volleyball,"Thursday, Sep. 3 3-0 Bishop Moore 4-0 (#4) Orangewood Christian 6p 7-0 (#22) Mother McAuley 5-2 Lincoln-Way East 5p 0-2 Berkeley Prep 7-0 (#21) Calvary Christian 6:30p 10-0 (#3) Assumption 10-3 Providence 7p 3-0 (#10) Harrisburg 1-1 Washington 6:30p 2-4 Avon 10-0 (#25) Hamilton Southeastern 7:30p 1-0 (#11) Torrey Pines 11-0 (#1) Sierra Canyon 5:30p 6-3 Mira Costa 6-0 (#2) Mater Dei 5:45p 1-0 (#13) Cathedral Catholic 6-6 Southeast Career Tech 7p 0-2 Lincoln Christian 6-0 (#15) Norris"
193,al,"Alabama",Volleyball,"3-0 Bishop Moore 4-0 (#4) Orangewood Christian 6p"
194,al,"Alabama",Volleyball,"7-0 (#22) Mother McAuley 5-2 Lincoln-Way East 5p"
195,al,"Alabama",Volleyball,"0-2 Berkeley Prep 7-0 (#21) Calvary Christian 6:30p"
196,al,"Alabama",Volleyball,"10-0 (#3) Assumption 10-3 Providence 7p"
197,al,"Alabama",Volleyball,"3-0 (#10) Harrisburg 1-1 Washington 6:30p"
198,al,"Alabama",Volleyball,"2-4 Avon 10-0 (#25) Hamilton Southeastern 7:30p"
199,al,"Alabama",Volleyball,"1-0 (#11) Torrey Pines 11-0 (#1) Sierra Canyon 5:30p"
200,al,"Alabama",Volleyball,"6-3 Mira Costa 6-0 (#2) Mater Dei 5:45p"
201,al,"Alabama",Volleyball,"1-0 (#13) Cathedral Catholic 6-6 Southeast Career Tech 7p"
202,al,"Alabama",Volleyball,"0-2 Lincoln Christian 6-0 (#15) Norris"
203,ak,"Alaska",Volleyball,"There are 4 matches for Alaska volleyball on Thu, 9/3/2026. The featured matches are by Alaska top ranked teams #21 Bettye Davis East Anchorage (Anchorage, AK) @ #3 Chugiak (AK), #8 South Anchorage (Anchorage, AK) @ #14 Bartlett (Anchorage, AK), and #20 Eagle River (AK) @ #11 West Anchorage (Anchorage, AK). The first match, #12 Dimond (Anchorage, AK) @ #15 Service (Anchorage, AK), starts at 7:30p. Related Content Alaska Girls Volleyball Stat LeadersAlaska Girls Volleyball PlayoffsAlaska Girls Volleyball Rankings Alaska High School Volleyball Schedule 4 Matches 3-4 (#12) Dimond 6-7 (#15) Service 7:30p 7-3 (#8) South Anchorage 2-5 (#14) Bartlett 7:30p console.log('MaxPrepsAds - createMark: Element Defined - leaderboard-banner-inc1');performance && performance.mark && performance.mark('MaxPrepsAds - Element Defined: leaderboard-banner-inc1'); 2-5 (#20) Eagle River 5-4 (#11) West Anchorage 7:30p 1-6 (#21) Bettye Davis East Anchorage 7-1 (#3) Chugiak 7:30p"
204,ak,"Alaska",Volleyball,"3-4 (#12) Dimond 6-7 (#15) Service 7:30p"
205,ak,"Alaska",Volleyball,"7-3 (#8) South Anchorage 2-5 (#14) Bartlett 7:30p"
206,ak,"Alaska",Volleyball,"2-5 (#20) Eagle River 5-4 (#11) West Anchorage 7:30p"
207,ak,"Alaska",Volleyball,"1-6 (#21) Bettye Davis East Anchorage 7-1 (#3) Chugiak 7:30p"
208,ak,"Alaska",Volleyball,"Related ScoreboardsConferences 2A Aurora2A Borealis2A Southeast2A Southwest3A Aurora3A Southcentral3A Southeast3A Western4A Cook Inlet4A Mid Alaska Associations Alaska School Activities Association Metros AnchorageFairbanksJuneau"
209,ak,"Alaska",Volleyball,"Thursday, Sep. 3 3-0 Bishop Moore 4-0 (#4) Orangewood Christian 6p 7-0 (#22) Mother McAuley 5-2 Lincoln-Way East 5p 0-2 Berkeley Prep 7-0 (#21) Calvary Christian 6:30p 10-0 (#3) Assumption 10-3 Providence 7p 3-0 (#10) Harrisburg 1-1 Washington 6:30p 2-4 Avon 10-0 (#25) Hamilton Southeastern 7:30p 1-0 (#11) Torrey Pines 11-0 (#1) Sierra Canyon 5:30p 6-3 Mira Costa 6-0 (#2) Mater Dei 5:45p 1-0 (#13) Cathedral Catholic 6-6 Southeast Career Tech 7p 0-2 Lincoln Christian 6-0 (#15) Norris"
210,ak,"Alaska",Volleyball,"3-0 Bishop Moore 4-0 (#4) Orangewood Christian 6p"
211,ak,"Alaska",Volleyball,"7-0 (#22) Mother McAuley 5-2 Lincoln-Way East 5p"
212,ak,"Alaska",Volleyball,"0-2 Berkeley Prep 7-0 (#21) Calvary Christian 6:30p"
213,ak,"Alaska",Volleyball,"10-0 (#3) Assumption 10-3 Providence 7p"
214,ak,"Alaska",Volleyball,"3-0 (#10) Harrisburg 1-1 Washington 6:30p"
215,ak,"Alaska",Volleyball,"2-4 Avon 10-0 (#25) Hamilton Southeastern 7:30p"
216,ak,"Alaska",Volleyball,"1-0 (#11) Torrey Pines 11-0 (#1) Sierra Canyon 5:30p"
217,ak,"Alaska",Volleyball,"6-3 Mira Costa 6-0 (#2) Mater Dei 5:45p"
218,ak,"Alaska",Volleyball,"1-0 (#13) Cathedral Catholic 6-6 Southeast Career Tech 7p"
219,ak,"Alaska",Volleyball,"0-2 Lincoln Christian 6-0 (#15) Norris"
220,az,"Arizona",Volleyball,"There are 73 matches for Arizona volleyball on Thu, 9/3/2026. The featured matches are by Arizona top ranked teams Tucson High Magnet School (Tucson, AZ) @ #2 Buena (Sierra Vista, AZ), Arete Prep (Gilbert, AZ) @ #3 Scottsdale Preparatory Academy (Scottsdale, AZ), and #4 Tanque Verde (Tucson, AZ) @ Tonopah Valley (Tonopah, AZ). The first match, Many Farms (AZ) @ Chinle (AZ), starts at 4p. Related Content Arizona Girls Volleyball Stat LeadersArizona Girls Volleyball PlayoffsArizona Girls Volleyball Rankings Recent Arizona Girls Volleyball HeadlinesVOLLEYBALL: Preseason top 100VOLLEYBALL: Preseason All-Americans Arizona High School Volleyball Schedule 73 Matches 0-1 Many Farms 2-1 Chinle 4p 0-2 Florence 1-0 Benjamin Franklin 4p console.log('MaxPrepsAds - createMark: Element Defined - leaderboard-banner-inc1');performance && performance.mark && performance.mark('MaxPrepsAds - Element Defined: leaderboard-banner-inc1'); 0-1 Arrowhead Christian Academy 0-1 Victory Futures Academy 4:30p 0-2 A+ Charter School 2-0 ASUPSP 4:30p 0-1 Imagine Prep 0-0 Tri City Prep 5p 5-0 Patagonia 0-1 Valley Union 5p 0-1 Imagine Prep 1-1 Tri-City Christian Academy 5p 3-0 Roosevelt Preparatory Academy 0-1 West Valley Christian 5p 2-5 (#18) The Gregory School 0-0 ASDB 5p 0-3 San Luis 3-3 Calipatria 5p 0-0 Antelope 4-2 Heritage Academy Maricopa 5p 0-0 Wickenburg Christian Academy 1-1 Telesis Prep 5p 2-1 Camp Verde 2-0 Phoenix Country Day 5p 0-0 Leading Edge Academy - GEC 0-2 Skyline Prep 5:45p 0-2 Casa Grande 2-1 Chandler 6p 1-0 River Valley 1-0 San Tan Foothills 6p 1-1 Sunnyslope 2-0 Desert Mountain 6p 3-2 (#16) Sunnyside 5-4 (#6) Pueblo 6p 3-0 Chandler Prep 1-2 Veritas Prep 6p 3-2 (#15) Rincon/University 2-0 Canyon del Oro 6p 3-6 (#17) Williams Field 1-0 Centennial 6p 0-2 Tucson High Magnet School 7-2 (#2) Buena 6p 0-3 Copper Canyon 0-2 La Joya Community 6p 1-1 Central 2-1 West Point 6p 1-2 Mesa 1-1 Kellis 6p 1-1 Basha 0-2 Maricopa 6p 1-2 Tombstone 2-0 Benson 6p 1-1 Coolidge 0-3 ALA - Anthem South 6p 2-1 Queen Creek 1-1 Mountain Ridge 6p 1-2 Sequoia Pathfinder Verrado Way 0-0 BASIS - Mesa 6p 0-1 Vista Grande 5-3 (#11) Nogales 6p 0-0 Highland Prep West 1-1 Amphitheater 6p 0-2 Desert Christian 2-0 ALA - Mesa North 6p 3-0 Cactus 1-2 St. Mary's 6p 1-2 Dobson 1-1 Camelback 6p 3-0 Youngker 0-2 Alhambra 6p 1-2 Madison Highland Prep 3-3 (#12) Empire 6p 1-0 Westwood 2-0 McClintock 6p 2-3 (#13) Mountain View 4-5 (#14) Marana 6p 1-1 Browne 1-0 North 6p 1-2 BASIS - Peoria 1-0 BASIS - Chandler 6p 1-0 St. John Paul II Catholic 0-3 Bourgade Catholic 6p 0-0 Catalina Foothills 1-0 Perry 6p 2-0 Lincoln Prep 0-1 Heritage Academy Mesa 6p 1-1 Trivium Prep 2-0 Rancho Solano Prep 6p 2-0 Horizon 3-0 Pinnacle 6p 1-1 Higley 1-1 Casteel 6p 1-0 Heritage Academy Gateway 0-1 Heritage Academy Laveen 6p 3-0 Chaparral 3-0 Corona del Sol 6p 1-1 Skyline 0-3 Desert Ridge 6p 2-1 Canyon View 1-1 Cienega 6p 2-0 Deer Valley 2-0 Cactus Shadows 6p 0-3 Phoenix Christian 0-0 Tempe Prep 6p 0-2 Moon Valley 0-3 Tempe 6p 0-1 Grand Canyon 0-1 Red Rock 6p 1-2 Red Mountain 1-2 Boulder Creek 6p 1-1 Mission Heights Prep 1-0 BASIS Phoenix 6p 2-2 Gilbert Classical Academy 2-0 San Tan Charter 6p 2-5 (#20) Sabino 0-4 ALA - Ironwood 6p 0-3 Santa Cruz Valley 0-1 Santa Rita 6p 4-4 (#10) Sahuaro 2-1 Walden Grove 6p 1-1 Apollo 2-0 Millennium 6p 7-2 (#4) Tanque Verde 1-0 Tonopah Valley 6p 1-2 Metro Tech 0-3 Carl Hayden Community 6p 0-2 Gila Ridge 1-2 Mountain View 6p 1-0 Arete Prep 6-1 (#3) Scottsdale Preparatory Academy 6p 0-1 Andrada Polytechnic 0-2 Highland Prep 6p 1-0 Gila Bend 0-0 Ridgeline Academy 6p 2-0 Ville de Marie Academy 1-0 BASIS - Prescott 6:20p 5-2 (#8) ALA - Vistancia 1-0 Seton Catholic 6:30p 0-0 Thunderbird Adventist Academy 0-0 Alta Vista 6:50p 3-0 Trinity Christian 1-1 Ridgeview College Prep 7p 1-1 EVAC 0-1 ASU Prep Poly 7p"
221,az,"Arizona",Volleyball,"0-1 Many Farms 2-1 Chinle 4p"
222,az,"Arizona",Volleyball,"0-2 Florence 1-0 Benjamin Franklin 4p"
223,az,"Arizona",Volleyball,"0-1 Arrowhead Christian Academy 0-1 Victory Futures Academy 4:30p"
224,az,"Arizona",Volleyball,"0-2 A+ Charter School 2-0 ASUPSP 4:30p"
225,az,"Arizona",Volleyball,"0-1 Imagine Prep 0-0 Tri City Prep 5p"
226,az,"Arizona",Volleyball,"5-0 Patagonia 0-1 Valley Union 5p"
227,az,"Arizona",Volleyball,"0-1 Imagine Prep 1-1 Tri-City Christian Academy 5p"
228,az,"Arizona",Volleyball,"3-0 Roosevelt Preparatory Academy 0-1 West Valley Christian 5p"
229,az,"Arizona",Volleyball,"2-5 (#18) The Gregory School 0-0 ASDB 5p"
230,az,"Arizona",Volleyball,"0-3 San Luis 3-3 Calipatria 5p"
231,az,"Arizona",Volleyball,"0-0 Antelope 4-2 Heritage Academy Maricopa 5p"
232,az,"Arizona",Volleyball,"0-0 Wickenburg Christian Academy 1-1 Telesis Prep 5p"
233,az,"Arizona",Volleyball,"2-1 Camp Verde 2-0 Phoenix Country Day 5p"
234,az,"Arizona",Volleyball,"0-0 Leading Edge Academy - GEC 0-2 Skyline Prep 5:45p"
235,az,"Arizona",Volleyball,"0-2 Casa Grande 2-1 Chandler 6p"
236,az,"Arizona",Volleyball,"1-0 River Valley 1-0 San Tan Foothills 6p"
237,az,"Arizona",Volleyball,"1-1 Sunnyslope 2-0 Desert Mountain 6p"
238,az,"Arizona",Volleyball,"3-2 (#16) Sunnyside 5-4 (#6) Pueblo 6p"
239,az,"Arizona",Volleyball,"3-0 Chandler Prep 1-2 Veritas Prep 6p"
240,az,"Arizona",Volleyball,"3-2 (#15) Rincon/University 2-0 Canyon del Oro 6p"
241,az,"Arizona",Volleyball,"3-6 (#17) Williams Field 1-0 Centennial 6p"
242,az,"Arizona",Volleyball,"0-2 Tucson High Magnet School 7-2 (#2) Buena 6p"
243,az,"Arizona",Volleyball,"0-3 Copper Canyon 0-2 La Joya Community 6p"
244,az,"Arizona",Volleyball,"1-1 Central 2-1 West Point 6p"
245,az,"Arizona",Volleyball,"1-2 Mesa 1-1 Kellis 6p"
246,az,"Arizona",Volleyball,"1-1 Basha 0-2 Maricopa 6p"
247,az,"Arizona",Volleyball,"1-2 Tombstone 2-0 Benson 6p"
248,az,"Arizona",Volleyball,"1-1 Coolidge 0-3 ALA - Anthem South 6p"
249,az,"Arizona",Volleyball,"2-1 Queen Creek 1-1 Mountain Ridge 6p"
250,az,"Arizona",Volleyball,"1-2 Sequoia Pathfinder Verrado Way 0-0 BASIS - Mesa 6p"
251,az,"Arizona",Volleyball,"0-1 Vista Grande 5-3 (#11) Nogales 6p"
252,az,"Arizona",Volleyball,"0-0 Highland Prep West 1-1 Amphitheater 6p"
253,az,"Arizona",Volleyball,"0-2 Desert Christian 2-0 ALA - Mesa North 6p"
254,az,"Arizona",Volleyball,"3-0 Cactus 1-2 St. Mary's 6p"
255,az,"Arizona",Volleyball,"1-2 Dobson 1-1 Camelback 6p"
256,az,"Arizona",Volleyball,"3-0 Youngker 0-2 Alhambra 6p"
257,az,"Arizona",Volleyball,"1-2 Madison Highland Prep 3-3 (#12) Empire 6p"
258,az,"Arizona",Volleyball,"1-0 Westwood 2-0 McClintock 6p"
259,az,"Arizona",Volleyball,"2-3 (#13) Mountain View 4-5 (#14) Marana 6p"
260,az,"Arizona",Volleyball,"1-1 Browne 1-0 North 6p"
261,az,"Arizona",Volleyball,"1-2 BASIS - Peoria 1-0 BASIS - Chandler 6p"
262,az,"Arizona",Volleyball,"1-0 St. John Paul II Catholic 0-3 Bourgade Catholic 6p"
263,az,"Arizona",Volleyball,"0-0 Catalina Foothills 1-0 Perry 6p"
264,az,"Arizona",Volleyball,"2-0 Lincoln Prep 0-1 Heritage Academy Mesa 6p"
265,az,"Arizona",Volleyball,"1-1 Trivium Prep 2-0 Rancho Solano Prep 6p"
266,az,"Arizona",Volleyball,"2-0 Horizon 3-0 Pinnacle 6p"
267,az,"Arizona",Volleyball,"1-1 Higley 1-1 Casteel 6p"
268,az,"Arizona",Volleyball,"1-0 Heritage Academy Gateway 0-1 Heritage Academy Laveen 6p"
269,az,"Arizona",Volleyball,"3-0 Chaparral 3-0 Corona del Sol 6p"
270,az,"Arizona",Volleyball,"1-1 Skyline 0-3 Desert Ridge 6p"
271,az,"Arizona",Volleyball,"2-1 Canyon View 1-1 Cienega 6p"
272,az,"Arizona",Volleyball,"2-0 Deer Valley 2-0 Cactus Shadows 6p"
273,az,"Arizona",Volleyball,"0-3 Phoenix Christian 0-0 Tempe Prep 6p"
274,az,"Arizona",Volleyball,"0-2 Moon Valley 0-3 Tempe 6p"
275,az,"Arizona",Volleyball,"0-1 Grand Canyon 0-1 Red Rock 6p"
276,az,"Arizona",Volleyball,"1-2 Red Mountain 1-2 Boulder Creek 6p"
277,az,"Arizona",Volleyball,"1-1 Mission Heights Prep 1-0 BASIS Phoenix 6p"
278,az,"Arizona",Volleyball,"2-2 Gilbert Classical Academy 2-0 San Tan Charter 6p"
279,az,"Arizona",Volleyball,"2-5 (#20) Sabino 0-4 ALA - Ironwood 6p"
280,az,"Arizona",Volleyball,"0-3 Santa Cruz Valley 0-1 Santa Rita 6p"
281,az,"Arizona",Volleyball,"4-4 (#10) Sahuaro 2-1 Walden Grove 6p"
282,az,"Arizona",Volleyball,"1-1 Apollo 2-0 Millennium 6p"
283,az,"Arizona",Volleyball,"7-2 (#4) Tanque Verde 1-0 Tonopah Valley 6p"
284,az,"Arizona",Volleyball,"1-2 Metro Tech 0-3 Carl Hayden Community 6p"
285,az,"Arizona",Volleyball,"0-2 Gila Ridge 1-2 Mountain View 6p"
286,az,"Arizona",Volleyball,"1-0 Arete Prep 6-1 (#3) Scottsdale Preparatory Academy 6p"
287,az,"Arizona",Volleyball,"0-1 Andrada Polytechnic 0-2 Highland Prep 6p"
288,az,"Arizona",Volleyball,"1-0 Gila Bend 0-0 Ridgeline Academy 6p"
289,az,"Arizona",Volleyball,"2-0 Ville de Marie Academy 1-0 BASIS - Prescott 6:20p"
290,az,"Arizona",Volleyball,"5-2 (#8) ALA - Vistancia 1-0 Seton Catholic 6:30p"
291,az,"Arizona",Volleyball,"0-0 Thunderbird Adventist Academy 0-0 Alta Vista 6:50p"
292,az,"Arizona",Volleyball,"3-0 Trinity Christian 1-1 Ridgeview College Prep 7p"
293,az,"Arizona",Volleyball,"1-1 EVAC 0-1 ASU Prep Poly 7p"
294,az,"Arizona",Volleyball,"Related ScoreboardsRegions 1A - Central1A - East1A - North1A - South1A - West2A - Central2A - East2A - North2A - South2A - Valley Associations Arizona Interscholastic AssociationCanyon Athletic Association Metros PhoenixTucsonYuma"
295,az,"Arizona",Volleyball,"Thursday, Sep. 3 3-0 Bishop Moore 4-0 (#4) Orangewood Christian 6p 7-0 (#22) Mother McAuley 5-2 Lincoln-Way East 5p 0-2 Berkeley Prep 7-0 (#21) Calvary Christian 6:30p 10-0 (#3) Assumption 10-3 Providence 7p 3-0 (#10) Harrisburg 1-1 Washington 6:30p 2-4 Avon 10-0 (#25) Hamilton Southeastern 7:30p 1-0 (#11) Torrey Pines 11-0 (#1) Sierra Canyon 5:30p 6-3 Mira Costa 6-0 (#2) Mater Dei 5:45p 1-0 (#13) Cathedral Catholic 6-6 Southeast Career Tech 7p 0-2 Lincoln Christian 6-0 (#15) Norris"
296,az,"Arizona",Volleyball,"3-0 Bishop Moore 4-0 (#4) Orangewood Christian 6p"
297,az,"Arizona",Volleyball,"7-0 (#22) Mother McAuley 5-2 Lincoln-Way East 5p"
298,az,"Arizona",Volleyball,"0-2 Berkeley Prep 7-0 (#21) Calvary Christian 6:30p"
299,az,"Arizona",Volleyball,"10-0 (#3) Assumption 10-3 Providence 7p"
300,az,"Arizona",Volleyball,"3-0 (#10) Harrisburg 1-1 Washington 6:30p"
301,az,"Arizona",Volleyball,"2-4 Avon 10-0 (#25) Hamilton Southeastern 7:30p"
302,az,"Arizona",Volleyball,"1-0 (#11) Torrey Pines 11-0 (#1) Sierra Canyon 5:30p"
303,az,"Arizona",Volleyball,"6-3 Mira Costa 6-0 (#2) Mater Dei 5:45p"
304,az,"Arizona",Volleyball,"1-0 (#13) Cathedral Catholic 6-6 Southeast Career Tech 7p"
305,az,"Arizona",Volleyball,"0-2 Lincoln Christian 6-0 (#15) Norris"
306,ar,"Arkansas",Volleyball,"There are 83 matches for Arkansas volleyball on Thu, 9/3/2026. The featured matches are by Arkansas top ranked teams Greene County Tech (Paragould, AR) @ #1 Marion (AR), #3 Bentonville West (Centerton, AR) @ #2 Har-Ber (Springdale, AR), and #4 Fayetteville (AR) @ Northside (Fort Smith, AR). The first match, Garrett Memorial Christian (Hope, AR) vs. Seminole Ridge (Loxahatchee, FL), starts at 11:30a. Related Content Arkansas Girls Volleyball Stat LeadersArkansas Girls Volleyball PlayoffsArkansas Girls Volleyball Rankings Arkansas High School Volleyball Schedule 83 Matches 0-2G Garrett Memorial Christian 4-0 Seminole Ridge 11:30a 4-3-1 Paris 2-2 Lincoln 4p console.log('MaxPrepsAds - createMark: Element Defined - leaderboard-banner-inc1');performance && performance.mark && performance.mark('MaxPrepsAds - Element Defined: leaderboard-banner-inc1'); 3-3 Harrisburg 2-1 Crowley's Ridge Academy 4p 5-0 Barton 0-0 Jacksonville Lighthouse 4:30p 1-2 El Dorado 3-0 Benton 4:30p 2-3 Mountainburg 1-4 Magazine 4:30p 2-0 Izard County 6-2 Cotter 4:30p 4-0 (#5) Hackett 1-4 Two Rivers 4:30p 1-2 South Side 5-0 (#7) St. Joseph 4:30p 3-3 Walnut Ridge 1-4 Hoxie 4:30p 2-2 Bergman 2-4 Yellville-Summit 4:30p 2-3 Mountain Home 1-3-1 Batesville 4:30p 0-0 Melbourne 3-2 Flippin 4:30p 0-3 Genoa Central 2-2 Harmony Grove 4:30p 0-3 Rivercrest 3-2 Manila 4:30p 1-3 Guy-Perkins 1-4 Rose Bud 4:30p 4-0 (#12) Alma 0-3 Huntsville 4:30p 0-2 Palestine-Wheatley 3-2 Bald Knob 4:30p 5-0 (#11) Morrilton 3-0 Russellville 4:30p 3-0 Ridgefield Christian 2-0 Corning 4:30p 2-2 Piggott 1-6 Mammoth Spring 4:30p 0-1 Lee 0-3 Forrest City 4:30p 3-1 Fountain Lake 1-4 Ashdown 4:30p 3-3 Booneville 3-1 (#20) Dover 4:30p 0-4 Alpena 4-1 Omaha 4:30p 1-2 Episcopal 1-6 Maumelle Charter 4:30p 6-5 MHCA 2-2 Salem 4:30p 4-0 (#17) Columbia Christian 0-0 West Side Christian 4:30p 1-3 Midland 0-4 Cedar Ridge 4:30p 0-3M Mulberry 4-1 Mansfield 4:30p 0-2 Kirby 0-0 Exalt Academy 4:30p 2-2 Sheridan 3-0 Lake Hamilton 5p 1-1 Searcy 5-3 Beebe 5p 0-1 Lafayette County 8-1 (#25) Taylor 5p 0-4 Hot Springs 1-3 White Hall 5p 6-2 Arkansas 4-2 (#18) Lakeside 5:30p 2-2 Clinton 6-2 Harrison 5:30p 0-3 Jacksonville 2-1 Mount St. Mary Academy 5:30p 3-9 Christian Ministries Academy 2-6 Trinity Christian 5:30p 4-2-1 (#16) Baptist Prep 2-4 Mena 5:30p 0-1 Blytheville 1-3 Arkansas Christian Academy 5:30p 4-3 Little Rock Christian Academy 2-1 (#21) Sylvan Hills 5:30p 1-2 Robinson 3-3 Greenbrier 5:30p 0-3 Parkview 5-1 (#10) Pulaski Academy 5:30p 3-1 Maumelle 1-3 Vilonia 6p 1-3-1 North Little Rock 2-1 Central 6p 3-1 (#19) Lavaca 3-2 Providence Academy 6p 1-1 Thaden 1-5F Founders Classical Academy 6p 1-1 Jonesboro 5-3 Cabot 6p 4-4 Conway 1-2 Little Rock Southwest 6p 0-3 Neosho 3-2 Gentry 6p 3-1 Fountain Lake 1-4 Ashdown 6p 1-0 Decatur 3-1 Ozark Catholic Academy 6p 2-7-1 Lonoke 0-2 Stuttgart 6:30p 3-1 (#4) Fayetteville 1-3 Northside 6:30p 2-1 Southside 4-1 Rogers 6:30p 2-2 (#14) Shiloh Christian 1-3 Springdale 6:30p 5-3 (#23) Farmington 2-0 Nixa 6:30p 1-0 Mineral Springs 1-4 Magnet Cove 6:30p 0-5 Cave City 0-3 Valley Springs 6:30p 0-2 Mountain Pine 1-4 Cutter-Morning Star 6:30p 1-5 Siloam Springs 1-2 Prairie Grove 6:30p 7-2 (#3) Bentonville West 8-0 (#2) Har-Ber 6:30p 5-3 (#6) Bentonville 5-2 Rogers Heritage 6:30p 1-1 Greene County Tech 9-1 (#1) Marion 7p 1-4 Nettleton 1-2 Paragould 7p 0-2 West Memphis 4-2-1 Valley View 7p 3-2 Harding Academy 4-1 (#9) Bauxite 7p 4-0 (#22) Perryville 0-3 Quitman 7p 2-0 Ozark 2-1 Gravette 7p 0-3 Pottsville 2-1 Van Buren 7p 2-0 Southside 3-2 (#8) Westside 7p 1-4 Pea Ridge 1-2 Clarksville 7p 4-1 Magnolia 0-0 Byrd 7p 1-3 Dardanelle 1-4 Atkins 7p 2-2 Central 4-2 Newport 7p 3-0 Hector 1-1 Nemo Vista 7p 5-0 (#15) Wynne 9-1-1 (#24) Brookland 7p 4-1 Mayflower 0-2 Conway Christian 7p 2-2 Arkadelphia 0-1 Smackover 7p 1-4 West Fork 1-2 Charleston 7p 0-0 Lisa Academy North 5-4 Abundant Life 7:30p 0-0B Billings 4-5-1S Stillwater Spartans"
307,ar,"Arkansas",Volleyball,"0-2G Garrett Memorial Christian 4-0 Seminole Ridge 11:30a"
308,ar,"Arkansas",Volleyball,"4-3-1 Paris 2-2 Lincoln 4p"
309,ar,"Arkansas",Volleyball,"3-3 Harrisburg 2-1 Crowley's Ridge Academy 4p"
310,ar,"Arkansas",Volleyball,"5-0 Barton 0-0 Jacksonville Lighthouse 4:30p"
311,ar,"Arkansas",Volleyball,"1-2 El Dorado 3-0 Benton 4:30p"
312,ar,"Arkansas",Volleyball,"2-3 Mountainburg 1-4 Magazine 4:30p"
313,ar,"Arkansas",Volleyball,"2-0 Izard County 6-2 Cotter 4:30p"
314,ar,"Arkansas",Volleyball,"4-0 (#5) Hackett 1-4 Two Rivers 4:30p"
315,ar,"Arkansas",Volleyball,"1-2 South Side 5-0 (#7) St. Joseph 4:30p"
316,ar,"Arkansas",Volleyball,"3-3 Walnut Ridge 1-4 Hoxie 4:30p"
317,ar,"Arkansas",Volleyball,"2-2 Bergman 2-4 Yellville-Summit 4:30p"
318,ar,"Arkansas",Volleyball,"2-3 Mountain Home 1-3-1 Batesville 4:30p"
319,ar,"Arkansas",Volleyball,"0-0 Melbourne 3-2 Flippin 4:30p"
320,ar,"Arkansas",Volleyball,"0-3 Genoa Central 2-2 Harmony Grove 4:30p"
321,ar,"Arkansas",Volleyball,"0-3 Rivercrest 3-2 Manila 4:30p"
322,ar,"Arkansas",Volleyball,"1-3 Guy-Perkins 1-4 Rose Bud 4:30p"
323,ar,"Arkansas",Volleyball,"4-0 (#12) Alma 0-3 Huntsville 4:30p"
324,ar,"Arkansas",Volleyball,"0-2 Palestine-Wheatley 3-2 Bald Knob 4:30p"
325,ar,"Arkansas",Volleyball,"5-0 (#11) Morrilton 3-0 Russellville 4:30p"
326,ar,"Arkansas",Volleyball,"3-0 Ridgefield Christian 2-0 Corning 4:30p"
327,ar,"Arkansas",Volleyball,"2-2 Piggott 1-6 Mammoth Spring 4:30p"
328,ar,"Arkansas",Volleyball,"0-1 Lee 0-3 Forrest City 4:30p"
329,ar,"Arkansas",Volleyball,"3-1 Fountain Lake 1-4 Ashdown 4:30p"
330,ar,"Arkansas",Volleyball,"3-3 Booneville 3-1 (#20) Dover 4:30p"
331,ar,"Arkansas",Volleyball,"0-4 Alpena 4-1 Omaha 4:30p"
332,ar,"Arkansas",Volleyball,"1-2 Episcopal 1-6 Maumelle Charter 4:30p"
333,ar,"Arkansas",Volleyball,"6-5 MHCA 2-2 Salem 4:30p"
334,ar,"Arkansas",Volleyball,"4-0 (#17) Columbia Christian 0-0 West Side Christian 4:30p"
335,ar,"Arkansas",Volleyball,"1-3 Midland 0-4 Cedar Ridge 4:30p"
336,ar,"Arkansas",Volleyball,"0-3M Mulberry 4-1 Mansfield 4:30p"
337,ar,"Arkansas",Volleyball,"0-2 Kirby 0-0 Exalt Academy 4:30p"
338,ar,"Arkansas",Volleyball,"2-2 Sheridan 3-0 Lake Hamilton 5p"
339,ar,"Arkansas",Volleyball,"1-1 Searcy 5-3 Beebe 5p"
340,ar,"Arkansas",Volleyball,"0-1 Lafayette County 8-1 (#25) Taylor 5p"
341,ar,"Arkansas",Volleyball,"0-4 Hot Springs 1-3 White Hall 5p"
342,ar,"Arkansas",Volleyball,"6-2 Arkansas 4-2 (#18) Lakeside 5:30p"
343,ar,"Arkansas",Volleyball,"2-2 Clinton 6-2 Harrison 5:30p"
344,ar,"Arkansas",Volleyball,"0-3 Jacksonville 2-1 Mount St. Mary Academy 5:30p"
345,ar,"Arkansas",Volleyball,"3-9 Christian Ministries Academy 2-6 Trinity Christian 5:30p"
346,ar,"Arkansas",Volleyball,"4-2-1 (#16) Baptist Prep 2-4 Mena 5:30p"
347,ar,"Arkansas",Volleyball,"0-1 Blytheville 1-3 Arkansas Christian Academy 5:30p"
348,ar,"Arkansas",Volleyball,"4-3 Little Rock Christian Academy 2-1 (#21) Sylvan Hills 5:30p"
349,ar,"Arkansas",Volleyball,"1-2 Robinson 3-3 Greenbrier 5:30p"
350,ar,"Arkansas",Volleyball,"0-3 Parkview 5-1 (#10) Pulaski Academy 5:30p"
351,ar,"Arkansas",Volleyball,"3-1 Maumelle 1-3 Vilonia 6p"
352,ar,"Arkansas",Volleyball,"1-3-1 North Little Rock 2-1 Central 6p"
353,ar,"Arkansas",Volleyball,"3-1 (#19) Lavaca 3-2 Providence Academy 6p"
354,ar,"Arkansas",Volleyball,"1-1 Thaden 1-5F Founders Classical Academy 6p"
355,ar,"Arkansas",Volleyball,"1-1 Jonesboro 5-3 Cabot 6p"
356,ar,"Arkansas",Volleyball,"4-4 Conway 1-2 Little Rock Southwest 6p"
357,ar,"Arkansas",Volleyball,"0-3 Neosho 3-2 Gentry 6p"
358,ar,"Arkansas",Volleyball,"3-1 Fountain Lake 1-4 Ashdown 6p"
359,ar,"Arkansas",Volleyball,"1-0 Decatur 3-1 Ozark Catholic Academy 6p"
360,ar,"Arkansas",Volleyball,"2-7-1 Lonoke 0-2 Stuttgart 6:30p"
361,ar,"Arkansas",Volleyball,"3-1 (#4) Fayetteville 1-3 Northside 6:30p"
362,ar,"Arkansas",Volleyball,"2-1 Southside 4-1 Rogers 6:30p"
363,ar,"Arkansas",Volleyball,"2-2 (#14) Shiloh Christian 1-3 Springdale 6:30p"
364,ar,"Arkansas",Volleyball,"5-3 (#23) Farmington 2-0 Nixa 6:30p"
365,ar,"Arkansas",Volleyball,"1-0 Mineral Springs 1-4 Magnet Cove 6:30p"
366,ar,"Arkansas",Volleyball,"0-5 Cave City 0-3 Valley Springs 6:30p"
367,ar,"Arkansas",Volleyball,"0-2 Mountain Pine 1-4 Cutter-Morning Star 6:30p"
368,ar,"Arkansas",Volleyball,"1-5 Siloam Springs 1-2 Prairie Grove 6:30p"
369,ar,"Arkansas",Volleyball,"7-2 (#3) Bentonville West 8-0 (#2) Har-Ber 6:30p"
370,ar,"Arkansas",Volleyball,"5-3 (#6) Bentonville 5-2 Rogers Heritage 6:30p"
371,ar,"Arkansas",Volleyball,"1-1 Greene County Tech 9-1 (#1) Marion 7p"
372,ar,"Arkansas",Volleyball,"1-4 Nettleton 1-2 Paragould 7p"
373,ar,"Arkansas",Volleyball,"0-2 West Memphis 4-2-1 Valley View 7p"
374,ar,"Arkansas",Volleyball,"3-2 Harding Academy 4-1 (#9) Bauxite 7p"
375,ar,"Arkansas",Volleyball,"4-0 (#22) Perryville 0-3 Quitman 7p"
376,ar,"Arkansas",Volleyball,"2-0 Ozark 2-1 Gravette 7p"
377,ar,"Arkansas",Volleyball,"0-3 Pottsville 2-1 Van Buren 7p"
378,ar,"Arkansas",Volleyball,"2-0 Southside 3-2 (#8) Westside 7p"
379,ar,"Arkansas",Volleyball,"1-4 Pea Ridge 1-2 Clarksville 7p"
380,ar,"Arkansas",Volleyball,"4-1 Magnolia 0-0 Byrd 7p"
381,ar,"Arkansas",Volleyball,"1-3 Dardanelle 1-4 Atkins 7p"
382,ar,"Arkansas",Volleyball,"2-2 Central 4-2 Newport 7p"
383,ar,"Arkansas",Volleyball,"3-0 Hector 1-1 Nemo Vista 7p"
384,ar,"Arkansas",Volleyball,"5-0 (#15) Wynne 9-1-1 (#24) Brookland 7p"
385,ar,"Arkansas",Volleyball,"4-1 Mayflower 0-2 Conway Christian 7p"
386,ar,"Arkansas",Volleyball,"2-2 Arkadelphia 0-1 Smackover 7p"
387,ar,"Arkansas",Volleyball,"1-4 West Fork 1-2 Charleston 7p"
388,ar,"Arkansas",Volleyball,"0-0 Lisa Academy North 5-4 Abundant Life 7:30p"
389,ar,"Arkansas",Volleyball,"0-0B Billings 4-5-1S Stillwater Spartans"
390,ar,"Arkansas",Volleyball,"Related ScoreboardsConferences 2A 12A 22A 32A 42A 52A 62A 72A 83A 13A 2 Associations Arkansas Activities Association Metros Ft. SmithJonesboroLittle Rock"
391,ar,"Arkansas",Volleyball,"Thursday, Sep. 3 3-0 Bishop Moore 4-0 (#4) Orangewood Christian 6p 7-0 (#22) Mother McAuley 5-2 Lincoln-Way East 5p 0-2 Berkeley Prep 7-0 (#21) Calvary Christian 6:30p 10-0 (#3) Assumption 10-3 Providence 7p 3-0 (#10) Harrisburg 1-1 Washington 6:30p 2-4 Avon 10-0 (#25) Hamilton Southeastern 7:30p 1-0 (#11) Torrey Pines 11-0 (#1) Sierra Canyon 5:30p 6-3 Mira Costa 6-0 (#2) Mater Dei 5:45p 1-0 (#13) Cathedral Catholic 6-6 Southeast Career Tech 7p 0-2 Lincoln Christian 6-0 (#15) Norris"
392,ar,"Arkansas",Volleyball,"3-0 Bishop Moore 4-0 (#4) Orangewood Christian 6p"
393,ar,"Arkansas",Volleyball,"7-0 (#22) Mother McAuley 5-2 Lincoln-Way East 5p"
394,ar,"Arkansas",Volleyball,"0-2 Berkeley Prep 7-0 (#21) Calvary Christian 6:30p"
395,ar,"Arkansas",Volleyball,"10-0 (#3) Assumption 10-3 Providence 7p"
396,ar,"Arkansas",Volleyball,"3-0 (#10) Harrisburg 1-1 Washington 6:30p"
397,ar,"Arkansas",Volleyball,"2-4 Avon 10-0 (#25) Hamilton Southeastern 7:30p"
398,ar,"Arkansas",Volleyball,"1-0 (#11) Torrey Pines 11-0 (#1) Sierra Canyon 5:30p"
399,ar,"Arkansas",Volleyball,"6-3 Mira Costa 6-0 (#2) Mater Dei 5:45p"
400,ar,"Arkansas",Volleyball,"1-0 (#13) Cathedral Catholic 6-6 Southeast Career Tech 7p"
401,ar,"Arkansas",Volleyball,"0-2 Lincoln Christian 6-0 (#15) Norris"
402,ca,"California",Volleyball,"There are 419 matches for California volleyball on Thu, 9/3/2026. The featured matches are by California top ranked teams Torrey Pines (San Diego, CA) @ #1 Sierra Canyon (Chatsworth, CA), Mira Costa (Manhattan Beach, CA) @ #2 Mater Dei (Santa Ana, CA), and #4 Newport Harbor (Newport Beach, CA) @ Marina (Huntington Beach, CA). The first match, Highland Hall (Northridge, CA) @ Gorman Learning Charter - Santa Clarita (Canyon Country, CA), starts at 2:30a. Related Content California Girls Volleyball Stat LeadersCalifornia Girls Volleyball PlayoffsCalifornia Girls Volleyball Rankings Recent California Girls Volleyball HeadlinesMaxPreps/AVCA Players of the WeekVOLLEYBALL: Preseason top 100 Central Coast Section31 Matches 0-1 Pinewood 0-2 BISV 4p TBA 0-3 KIPP San Jose Collegiate 4p console.log('MaxPrepsAds - createMark: Element Defined - leaderboard-banner-inc1');performance && performance.mark && performance.mark('MaxPrepsAds - Element Defined: leaderboard-banner-inc1'); 0-0 Khan Lab 0-1W Waldorf 4:30p 1-1 LCPA 0-0 Mountain View Academy 5p 5-1 Encinal 3-2 Westmoor 5:45p 0-0 Santa Catalina 0-1 Stevenson 6p 2-0 Oakwood 0-0 York 6p 0-1 Everett Alvarez 1-1 Alisal 6p 1-1 Marin Catholic 1-0 SICP 6p 1-0 Crystal Springs Uplands 1-1 University Prep Academy 6p 5-4 Valley Christian Academy 0-0 King City 6p 1-0 Capuchino 0-2 Pacific Bay Christian 6p 0-1 Pajaro Valley 1-1 Rancho San Juan 6p 0-2 Half Moon Bay 0-2 Terra Nova 6:15p 2-1 Mercy 2-5 Aragon 6:15p 2-1 Monte Vista Christian 0-0 San Lorenzo Valley 6:30p 1-1 Carmel 5-1 Soquel 6:30p 1-3 Evergreen Valley 3-1 Harker 6:30p 2-0 Sacred Heart Prep 1-2 Burlingame 6:30p 4-2 Los Gatos 2-0 King's Academy 6:30p 3-2 Gunn 5-1 Sequoia 6:30p 0-1 Mountain View 4-1L Los Altos 6:45p 5-1 Milpitas 0-2 Santa Clara 6:45p 4-2 Cupertino 2-0 MacDonald 6:45p 2-3 Piedmont Hills 2-4 Branham 6:45p 1-1 Mt. Pleasant 1-3 Independence 7p 4-3 Presentation 0-1 Ann Sobrato 7p 1-1 Oak Grove 1-1 Hill 7p 3-0 San Jose 1-3 Yerba Buena 7p 1-3 Hollister 1-3 Christopher 7p 1-1 Del Mar 2-2 Silver Creek 7p Central Section40 Matches 3-1 Clovis North 9-6 Dana Hills 4p 5-2 Chowchilla 2-4 Gustine 4:30p 7-4 Avenal 2-5-1 Fresno 4:30p 2-8 Santa Maria 0-5 SLOCA 5p 6-4 Coastal Christian 7-1M Mission College Prep 5p 4-4-2 PACS 7-3 Rosamond 5p 3-2-1 Frazier Mountain 0-0 Maricopa 5p 2-2 Alpaugh 2-5 Tranquillity 5p 2-4-2 Roosevelt 1-5R Riverdale 5:15p 5-6 Caruthers 7-3 Justin Garza 5:30p 0-6 McLane 3-2 Edison 5:30p 10-5 Sierra 5-6 Firebaugh 5:30p 8-3-1 Fowler 3-7-1 Orange Cove 5:30p 11-2 Clovis West 6-6 Hoover 6p 3-3 Central 3-1 Torres 6p 0-5 Laton 1-6 Farmersville 6p 1-2 Coast Union 1-7 Orcutt Academy 6p 3-4 Arroyo Grande 11-3 Centennial 6p 1-4 Mendota 3-8 Woodlake 6p 2-4 Kern Valley 3-8 Foothill 6p 6-5 Tulare Union 6-9 Exeter 6p 0-6C Clovis South 0-6 Madera South 6p 8-1 Dos Palos 8-3 Liberty 6p 7-5 Templeton 6-1 Nipomo 6p 3-2 Kerman 4-7 Madera 6p 11-5 East Bakersfield 7-2 Delano 6:15p 5-1-1 Arvin 3-7-3 Golden Valley 6:15p 3-3-1 Taft 8-7-3 Wonderful College Prep Academy 6:15p 5-8 Monache 6-0 (#17) Garces Memorial 6:15p 2-7 Sunnyside 6-6 Washington Union 6:30p 8-5 Buchanan 4-4 Liberty 6:30p 3-4 San Joaquin Memorial 3-5 Immanuel 6:30p 5-3 Sierra Pacific 3-7 Parlier 6:30p 4-1 El Diamante 2-10 Tulare Western 6:30p 4-6 Chavez 7-3 Highland 6:30p 2-4 Orosi 3-5 Lindsay 6:30p 2-5-1 Corcoran 2-3 Hanford West 6:30p 9-4 Kingsburg 8-3 Lemoore 6:30p 7-1 (#13) Clovis East 11-1 (#8) Frontier 7p 3-1 Clovis North TBA Los Angeles City Section37 Matches 6-4 Alliance Levine 2-1 Esperanza College Prep 2p 1-0B Brio College Prep 4-1 Smidt Tech 2p 1-1 Stern 2-0 Annenberg 2:30p 3-3 Torrance 0-4 Narbonne 3p 3-0 AMIT 0-2 MSAVN 3:30p 5-1 MSAR 0-0 Discovery 3:30p 1-0 Bell 5-5 Sherman Oaks CES 3:30p 3-1A Alliance Ted K. Tajima 1-1 Aspire Ollin 3:30p 1-3 Port of Los Angeles 3-8 Larchmont Charter 4p 0-2 Bernstein 3-1 San Fernando 4p 1-3T Torres 5-1 Huntington Park 4p 0-0 CNDLC 1-2 Rise Kohyang 4p 2-4A Arroyo 6-1 Poly 4p 1-2 West Adams 1-2 Santee 4p 3-1 Monroe 3-2 Verdugo Hills 4p 3-1 North Hollywood 1-3 Arleta 4p 0-0 Dr. Maya Angelou Community 1-1 Manual Arts 4p 1-0 Bravo 0-1 Elizabeth 4p 3-2 Jefferson 3-3 Diego Rivera 4p 0-2A Alliance Dr. Olga Mohan 1-1 Gertz-Ressler 4:30p 1-2 Jordan 0-3 Fremont 4:30p 6-1 (#16) Thousand Oaks 0-4 Cleveland 4:30p 2-1 Lake Balboa College Prep 1-3 Sun Valley Magnet 4:30p 4-2 Taft 1-6 Paramount 4:30p 1-2 Grant 2-4 Northridge Academy 4:30p 5-3 Eagle Rock 6-5 Chatsworth 4:30p 5-1 King/Drew 3-0 Harbor Teacher 4:30p 3-1 GALA 1-3 Hawkins 4:30p 2-1 Panorama 0-4 Fulton 4:30p 2-3 Hamilton 1-1 University 4:30p 1-1 Maywood CES 1-4 Firebaugh 4:30p 2-3 Palisades 0-1 Fairfax 4:30p 4-2 Crescenta Valley 1-1 El Camino Real 4:30p 3-0 Venice 1-0 Los Angeles CES 4:30p 2-2 Granada Hills Charter 2-7-2 Hart 5p 2-2 San Pedro 5-6 St. Anthony 5:15p 0-0 Middle College 3-1 WISH Academy 6p North Coast Section54 Matches 0-0 Pacific Union College Prep 1-3 Roseland University Prep 3:15p 3-1 Drew 6-2 Urban 4p 1-0 KIPP King 3-1 Berean Christian 4p 0-3 Willits 1-0 Rio Lindo Adventist 4:15p 0-3 Willits 1-3 Roseland University Prep 4:20p 4-3 Las Lomas 3-1 Clayton Valley Charter 4:30p 0-1 Brave Christian 0-2 Fremont Christian 4:30p 0-4 Contra Costa Christian 0-3 California School for the Deaf 4:30p 8-0 Jesse M. Bethel 2-2 Vallejo 5p 2-1 Sonoma Academy 2-4 Piner 5p 0-2 Victory Christian Academy 2-4 Calistoga 5p 0-1 Mission 11-4 Lincoln 5:30p 1-1 Making Waves Academy 0-2 Gateway 5:30p 1-0 California Crosspoint 4-0 Quarry Lane 5:30p 0-1 San Francisco Waldorf 2-3 Lick-Wilmerding 5:30p 5-1 Encinal 3-2 Westmoor 5:45p 2-1 Kennedy 1-2 San Lorenzo 6p 4-1 Montgomery 4-4 St. Vincent de Paul 6p 1-3 Deer Valley 1-0 Oakland Tech 6p 3-4 Tamalpais 4-5 Maria Carrillo 6p 5-8 St. Helena 2-5 Clear Lake 6p 8-2 Cloverdale 3-1 Upper Lake 6p 3-4 Healdsburg 2-0 Credo 6p 1-1 Marin Catholic 1-0 SICP 6p 4-5 Petaluma 0-3 Sonoma Valley 6p 2-2 Fort Bragg 3-4 Anderson Valley 6p 0-3 Freedom 5-4 Castro Valley 6p 1-5 Oakland 1-3 San Leandro 6p 0-0 Grace Christian Academy 0-1 Geyserville 6p 3-1 Monte Vista 5-1 California 6:15p 0-0 Amador Valley 5-4 Granada 6:15p 1-1 Foothill 0-3 Dougherty Valley 6:15p 8-2 Carondelet 10-1 (#25) San Ramon Valley 6:15p 7-5 Livermore 5-4 Dublin 6:15p 4-4 Heritage 3-0 College Park 6:30p 4-3 Hercules 4-3 Benicia 6:30p 4-0 American Canyon 4-7 Casa Grande 6:30p 5-2E Eureka 5-4 Hoopa Valley 6:30p 4-5 Pittsburg 0-1 Mt. Diablo 6:30p 6-2 San Rafael 5-4 Emerald 6:30p 4-4 Ferndale 2-5 McKinleyville 6:30p 1-3 Rodriguez 1-5 Miramonte 6:30p 3-0 Athenian 0-2 Concord 6:30p 0-0 Washington 3-0 Alameda 6:30p 0-5 Fortuna 5-3 Shasta 6:30p 4-1 Pinole Valley 1-0 Bishop O'Dowd 6:30p 1-1 Justin-Siena 1-3 Napa 6:30p 10-3 Piedmont 3-6 Salesian College Preparatory 7p 1-2 Alhambra 0-0 El Cerrito 7p 2-6 Acalanes 1-2 Berkeley 7p 0-1 South Fork TBA 7p 1-8 Arroyo 4-0 American 7:30p 1-2 Technology 0-1T Tomales TBA 1-3 Roseland University Prep Northern Section25 Matches 2-7 Paradise 7-6 Oroville 5:30a 1-5 Hamilton 7-6 Oroville 7:30a 7-6 Oroville 3-2 CORE Butte 3:30p 0-2 Tulelake 0-2H Happy Camp 3:30p 1-5 Hamilton 3-2 CORE Butte 4:30p 0-1 Surprise Valley 8-4 Chester 5p 1-6 Los Molinos 4-6 Hayfork 5:30p 0-6 Butte Valley 0-1 Dunsmuir 5:30p 6-7 East Nicolaus 1-3 Lindhurst 6p 1-1 Vacaville Christian 5-11 Pierce 6p 4-6 Christian Brothers 5-4 Pleasant Valley 6p 3-3 Live Oak 0-5 Winters 6p 2-4 Biggs 11-2 Durham 6p 2-6 Plumas Charter 10-4 Portola 6p 4-7 Weed 0-2 Lost River 6p 3-1H Henley 8-5 Yreka 6:30p 8-1 West Valley 6-5 Gridley 6:30p 3-11 Red Bluff 3-7 Corning 6:30p 1-5 Central Valley 5-1 Trinity 6:30p 2-7 Paradise 3-2 CORE Butte 6:30p 4-13 Las Plumas 5-5 Willows 6:30p 2-1 Foothill 7-4 Orland 6:30p 0-5 Fortuna 5-3 Shasta 6:30p 4-4 Williams 1-5 Hamilton TBA 2-7 Paradise Oakland Section3 Matches 1-0 KIPP King 3-1 Berean Christian 4p 1-3 Deer Valley 1-0 Oakland Tech 6p 1-5 Oakland 1-3 San Leandro 6p Sac-Joaquin Section51 Matches 1-1 Golden Valley 6-3 Metro Christian 9a 1-10 Cypress 4-3 Roseville 3p 5-2 Chowchilla 2-4 Gustine 4:30p TBA 0-3D Don Pedro 5p 6-7 East Nicolaus 1-3 Lindhurst 6p 4-5 Delhi 0-6 Riverbank 6p 5-2 Lodi 5-3 Calaveras 6p 3-4 Pitman 2-5 Atwater 6p 4-2 Adventure Christian 0-1 Foresthill 6p 1-3 Futures 2-4S SAEL 6p 3-3 Westlake Charter 4-0 Forest Lake Christian 6p 4-3 Turlock 9-0 (#15) Hughson 6p 1-5 Natomas 1-3 Foothill 6p 4-3 Lathrop 0-6 River Islands 6p 5-2 Sacramento Country Day 0-4 Faith Christian 6p 5-2 Edison 4-1 Ben Holt College Prep Academy 6p 5-4 Sierra 3-5 Big Valley Christian 6p 1-1 Vacaville Christian 5-11 Pierce 6p 4-6 Christian Brothers 5-4 Pleasant Valley 6p 1-1 Esparto 1-2 Rio Vista 6p 4-3 Summerville 1-3 Stone Ridge Christian 6p 3-7 Kahuku 4-3 Roseville 6p 1-1 Rio Linda 0-1 Center 6:30p 2-2 Leroy Greene Academy 3-2 Destiny Christian Academy 6:30p 4-0 River City 4-7 Inderkum 6:30p 5-4 Amador 4-5 El Dorado 6:30p 5-3 Venture Academy 2-6 Chavez 6:30p 0-2 Lincoln 1-3 Twelve Bridges 6:30p 6-2 JAAEDH 1-3 Ponderosa 6:30p 4-4 Downey 2-3 Cosumnes Oaks 6:30p 5-2 Rio Americano 2-2 Placer 6:30p 4-3 Beyer 4-3 Gregori 6:30p 1-4 Galt 4-1 Union Mine 6:30p 2-2 Nevada Union 12-1 (#22) Bear River 6:30p 5-6 Woodland 9-3 Yuba City 6:30p 2-1 Modesto 1-3 Ceres 6:30p 0-3 Johnson 3-1 Cordova 6:30p 2-7 Kennedy 1-1 Laguna Creek 6:30p 4-3 Denair 3-7 Pacheco 6:30p 1-3 Rodriguez 1-5 Miramonte 6:30p 2-5 Kimball 1-4 Mountain House 6:30p 2-3 Los Banos 1-3 Grace Davis 6:30p 4-2 Sonora 3-3 Manteca 6:30p 5-2 Encina 1-1 El Camino 6:30p 2-1 Bella Vista 4-2 McClatchy 6:30p 0-4 Central Valley 4-7 West 6:30p 7-7 Pioneer 9-4 River Valley 6:30p 1-9 Rosemont 4-1 Argonaut 6:30p 0-3 Lincoln 6-0 Weston Ranch 6:30p 4-5 Pleasant Grove 4-0 (#20) St. Francis 7p 4-3 Roseville 1-3 Village Christian 7p San Diego Section34 Matches 4-5 Eastlake 2-2 Jensen Beach 2p 4-5 Eastlake 7-3 Las Vegas 12:45p TBA 7-1 San Marcos 3p 1-1 San Diego Jewish Academy 0-0B Bostonia Global 3:30p 1-2 San Diego Academy 0-0K King-Chavez Community 3:45p 0-0K Konawaena 5-6 Point Loma 4p 2-6 High Tech CV 2-0 Ocean View Christian 4:30p 4-0 Hoover 0-2 Chula Vista 4:30p 5-0 Carlsbad 9-6 Dana Hills 5p 0-1 Julian 1-0 Warner 5p 0-4 Borrego Springs 3-3 Desert Mirage 5p 0-3 San Luis 3-3 Calipatria 5p 6-1 Murrieta Valley 3-4 La Jolla Country Day 5:30p 2-1 Tri-City Christian 3-7 St. Joseph Academy 5:30p 3-4 Mount Miguel 3-6 O'Farrell Charter 5:30p 0-5 SET 3-3 Mountain Empire 5:30p 0-4 La Jolla 4-6 Christian 5:30p 0-2 Calexico Mission 0-2 Vincent Memorial 5:30p 2-5 Maranatha Christian 5-9 Pacific Ridge 5:30p 1-0 Torrey Pines 11-0 (#1) Sierra Canyon 5:30p 7-2 Santa Fe Christian 8-3 Linfield Christian 6p 10-2 Sunny Hills 5-6 Point Loma 6p 2-7 Palo Verde Valley 3-0 Imperial 6p 0-0 Escondido Adventist Academy 1-2 Del Lago Academy 6p 1-1C CVLCC 2-4 High Tech SD 6p 0-3 Vista 2-1 El Camino 6p 3-6 La Costa Canyon 4-11 Rancho Bernardo 6p 4-5 Westview 1-2 Otay Ranch 6p 9-6 Mission Vista 6-8 Fallbrook 6p 4-1 Coastal Academy 2-3 Bonsall 6p 8-1 Sage Creek 6-1 Camarillo 7p 1-0 Cathedral Catholic 6-6 Southeast Career Tech 7p 1-2 Redondo Union 5-6 Point Loma 8p TBA 8-1 Sage Creek San Francisco Section3 Matches 2-0 Washington 1-0 Lowell 5:30p 0-1 Mission 11-4 Lincoln 5:30p 3-0 Balboa 2-2 Immaculate Conception 5:30p Southern Section177 Matches 0-0 Highland Hall 0-0 GLCSC 2:30a 1-5 Public Safety Academy 1-6 Entrepreneur 12:45p 0-3 NSLA 0-0 River Springs Charter School 2:30p 1-10 Cypress 4-3 Roseville 3p 0-0 Shalhevet 1-3 Pacific Lutheran 3p 3-3 Torrance 0-4 Narbonne 3p 2-4 Beaumont 6-6 Southeast Career Tech 3p 4-4 Laguna Hills 4-6 Calvary Chapel 3:15p 0-0 Newbury Park Adventist 2-5 Beacon Hill 3:15p 7-1 Bishop Montgomery 5-7 Palos Verdes 3:15p 6-5-3 Burbank 3-6 Marlborough 3:15p 2-4 Pilibos 0-0 Shalhevet 3:15p 0-0 Muir 1-2 Inglewood 3:30p 3-5 El Segundo 3-5 West 3:30p 3-2 South El Monte 7-7 Sierra Vista 3:30p 1-0C Compton 0-3 Centennial 3:30p 1-4 Animo Leadership 3-2 Leuzinger 3:30p 1-1 Santa Monica 3-5 Hawthorne 3:30p 3-1 Clovis North 9-6 Dana Hills 4p 4-5 La Canada 8-3 Campbell Hall 4p 0-1 YULA 4-6 Buckley 4p 2-4 Dominguez 0-1 Ambassador 4p 0-0W Waverly 1-1 ISLA 4p 12-3 San Marino 8-4 Polytechnic 4p 0-0 Ka'u 5-5 Redlands 4p 0-0 Summit View 1-1D Delphi Academy 4p 0-0 Blair 0-7 Mesrobian 4p 10-1 Moanalua 6-1 Camarillo 4p 3-7 Kahuku 1-3 Village Christian 4p 3-8 Loara 5-1 Bolsa Grande 4:15p 6-1 (#16) Thousand Oaks 0-4 Cleveland 4:30p 3-2 Godinez Fundamental 2-4 Ocean View 4:30p 0-0 Hillcrest Christian 5-2 Glendale Adventist 4:30p 4-2 Taft 1-6 Paramount 4:30p 4-4 Rancho Alamitos 5-0 Century 4:30p 0-3 Lakeview Leadership Academy 2-4 Silver Valley 4:30p 0-2 The Grove School 0-0 Bethel Christian 4:30p 3-4 Pacifica 4-1 Cerritos 4:30p 4-4 Jurupa Valley 4-7 Chaffey 4:30p 1-1 Maywood CES 1-4 Firebaugh 4:30p 4-2 Crescenta Valley 1-1 El Camino Real 4:30p 8-4 Chino Hills 11-2 Centennial 4:45p 3-6 Valencia 6-7 Tustin 4:45p 14-4 Ayala 5-4 Upland 4:45p 0-0 Sherman Indian 1-6 Pomona 4:45p 7-6 Fullerton 9-7 Kennedy 4:45p 1-6B Baldwin Park 1-5 Workman 4:45p 4-7 Oakwood 9-5 Rio Hondo Prep 4:45p 7-4 Canyon 3-7 Villa Park 4:45p 1-3 Hamilton 5-12 Banning 4:45p 5-0 Carlsbad 9-6 Dana Hills 5p 7-9 Elsinore 1-8 La Sierra 5p 11-0 (#5) Crean Lutheran 6-1 Camarillo 5p 1-3 Rosemead 3-6 Calvary Chapel 5p 3-2 Brentwood School 2-8-3 St. Monica 5p 7-3 Foothill Tech 9-3 Bishop Diego 5p 8-2 Castaic 2-1 West Ranch 5p 2-4 Bishop Conaty-Loretto 2-0 San Gabriel Mission 5p 1-10 Cypress 1-3 Village Christian 5p 0-4 Borrego Springs 3-3 Desert Mirage 5p 2-8 Katella 2-3 Westminster 5p 5-2 Santiago 6-6 Claremont 5p 5-3 Peninsula 11-2 South 5p 9-5 Canyon Springs 14-3N Norte Vista 5p 1-9 Colton 6-6 JW North 5p 10-1 Lakewood 5-4 Bell Gardens 5p 3-3 The Palmdale Aerospace Academy 6-2 Desert Christian 5p 7-6 Riverside Prep 0-3 Edgewood 5p 1-0 Lawndale 0-1 HMSA 5p 3-9 Ramona Convent 0-1 St. Bernard 5p 7-4 Granite Hills 7-6 Fontana 5p 2-4 Santiago 2-10 Garden Grove 5p 7-6 Capistrano Valley 4-6 Aliso Niguel 5p 3-6 California 4-10 Brea Olinda 5p 2-11-3 Golden Valley 11-2-1 Saugus 5p 5-3 Indio 7-8 Rancho Verde 5p 3-10 Vista del Lago 4-8 Hillcrest 5p 2-8 Santa Maria 0-5 SLOCA 5p 6-4 Coastal Christian 7-1M Mission College Prep 5p 1-6 Victor Valley 9-4 Big Bear 5p 2-2 Granada Hills Charter 2-7-2 Hart 5p 4-4-2 PACS 7-3 Rosamond 5p 6-3 Oxford Academy 1-3 Cabrillo 5p 3-2-1 Frazier Mountain 0-0 Maricopa 5p 1-4 Culver City 6-3 Wiseburn- Da Vinci 5p 4-1 Roosevelt 5-0 Oviedo 8p 5-5 Segerstrom 4-4 Costa Mesa 5p 13-1 (#21) Crossroads 6-3 Notre Dame Academy 5p 1-2 Loma Linda Academy 4-4 Crossroads Christian 5p 6-4 Canyon 3-3 Valencia 5p 0-2 Southwestern Academy 0-0 EF Academy 5p 10-4 Hesperia 6-5 Poly 5:15p 2-2 San Pedro 5-6 St. Anthony 5:15p 2-6 Western 7-4 Norwalk 5:15p 3-10 Montebello 5-2 Schurr 5:15p 10-2 San Dimas 5-1 Walnut 5:15p 1-4 Irvine 10-4 Northwood 5:15p 4-3 El Rancho 1-2 Alhambra 5:15p 0-3 Lakeside 7-3 West Valley 5:15p 10-2 Hemet 3-7 Heritage 5:15p 1-7 Ontario Christian 14-3 Beckman 5:15p 3-5 Chino 2-4 Azusa 5:15p 1-10 Mission Viejo 1-7 Woodbridge 5:15p 1-5 Cate 3-5 Laguna Blanca 5:30p 4-4 La Quinta 2-0 Fairmont Prep 5:30p 7-6 Bishop Amat 11-2 Rosary Academy 5:30p 6-5 Highland 2-8 Lancaster 5:30p 2-12 Silverado 10-7 Indian Springs 5:30p 11-3 Rowland 1-10 La Habra 5:30p 8-4 Nogales 4-6 Los Altos 5:30p 0-9 Antelope Valley 2-2 Quartz Hill 5:30p 6-1 Murrieta Valley 3-4 La Jolla Country Day 5:30p 8-6 University Prep 5-1 ACE 5:30p 10-2 Arrowhead Christian 3-6 Hesperia Christian 5:30p 8-10 Patriot 6-4 Arlington 5:30p 2-4 Dominguez 2-0 Compton Early College 5:30p 0-6 Santa Ana 8-2 Buena Park 5:30p 6-3 Estancia 2-6 University 5:30p 0-4 Palmdale 3-2 Eastside 5:30p 7-2 Oak Hills 1-3 Barstow 5:30p 1-5 Santa Ana Valley 2-4 Los Amigos 5:30p 1-2 Littlerock 2-2-2 Knight 5:30p 8-8 Trabuco Hills 10-1 St. Margaret's 5:30p 1-0 Torrey Pines 11-0 (#1) Sierra Canyon 5:30p 9-2 Bonita 5-2 Webb 5:45p 10-0 (#4) Newport Harbor 10-4 Marina 5:45p 5-2 (#23) Los Alamitos 3-6 Edison 5:45p 11-2 Gahr 7-5 Santa Fe 5:45p 0-6 Laguna Beach 3-8 Tesoro 5:45p 6-3 Mira Costa 6-0 (#2) Mater Dei 5:45p 7-5 Huntington Beach 3-2 Fountain Valley 5:45p 3-2 Chadwick 8-2-3 Westridge 6p 0-6 Magnolia 3-4 Orange 6p 7-2 Santa Fe Christian 8-3 Linfield Christian 6p 2-1 Pilgrim 6-3 Milken 6p 10-2 Sunny Hills 5-6 Point Loma 6p 6-3 Valley Christian 13-9 Saint Joseph 6p 4-6 Heritage Christian 6-3 Louisville 6p 1-5 Yucca Valley 0-5 Desert Hot Springs 6p 4-2 Royal 7-5 Santa Barbara 6p 2-5 St. Paul 5-5 Paraclete 6p 5-3 Pomona Catholic 7-1 Mary Star of the Sea 6p 2-3 United Christian Academy 6-7 Calvary Baptist 6p 1-2 Coast Union 1-7 Orcutt Academy 6p 5-4 Valley Christian Academy 0-0 King City 6p 0-1 Pendleton 5-5 Redlands 6p 2-4 Carpinteria 1-8 Del Sol 6p 2-6 Esperanza 10-3 Diamond Bar 6p 3-3 Coachella Valley 10-4 Palm Desert 6p 1-5 Simi Valley 4-7 Rio Mesa 6p 8-4 San Gorgonio 2-4 Cajon 6p 8-3 St. Bonaventure 3-3 Malibu 6p 2-9 Redlands East Valley 5-6 Apple Valley 6p 3-3 St. Mary's Academy 4-3 SPXSMA 6p 4-7 Cantwell-Sacred Heart of Mary 3-2 Sacred Heart of Jesus 6p 0-4 Pacific 3-8 Rubidoux 6:15p 4-7 Ramona 0-7 San Bernardino 6:15p 4-1 La Serna 5-4 Maranatha 6:15p 2-5 Charter Oak 3-3 South Hills 6:30p 3-2 (#24) Oaks Christian 5-4 Ventura 6:30p 1-4 Buena 3-6 Dos Pueblos 6:30p 0-0 Noli Indian 0-0 Desert Chapel 6:30p 1-6 Hueneme 1-3 Channel Islands 6:30p 6-1 Temescal Canyon 4-6 Liberty 6:30p 3-10 Vista del Lago 2-3 Eisenhower 6:30p 5-3 Burroughs 2-5 Oak Park 6:30p 9-1 Pacifica 7-5 Oxnard 6:30p 3-0 Westlake 1-7 San Marcos 6:42p 8-1 Sage Creek 6-1 Camarillo 7p 4-3 Roseville 1-3 Village Christian 7p 3-7 Kahuku 1-10 Cypress 8p 1-2 Redondo Union 5-6 Point Loma 8p 9-6 Dana Hills 1-3W Waiakea 7p 5-5 Redlands 4-3 Kamehameha Kapalama 8p TBA 10-2 Sunny Hills 0-6 Faith Baptist 2-4 Lancaster Baptist TBA 1-10 Cypress"
403,ca,"California",Volleyball,"0-1 Pinewood 0-2 BISV 4p"
404,ca,"California",Volleyball,"TBA 0-3 KIPP San Jose Collegiate 4p"
405,ca,"California",Volleyball,"0-0 Khan Lab 0-1W Waldorf 4:30p"
406,ca,"California",Volleyball,"1-1 LCPA 0-0 Mountain View Academy 5p"
407,ca,"California",Volleyball,"5-1 Encinal 3-2 Westmoor 5:45p"
408,ca,"California",Volleyball,"0-0 Santa Catalina 0-1 Stevenson 6p"
409,ca,"California",Volleyball,"2-0 Oakwood 0-0 York 6p"
410,ca,"California",Volleyball,"0-1 Everett Alvarez 1-1 Alisal 6p"
411,ca,"California",Volleyball,"1-1 Marin Catholic 1-0 SICP 6p"
412,ca,"California",Volleyball,"1-0 Crystal Springs Uplands 1-1 University Prep Academy 6p"
413,ca,"California",Volleyball,"5-4 Valley Christian Academy 0-0 King City 6p"
414,ca,"California",Volleyball,"1-0 Capuchino 0-2 Pacific Bay Christian 6p"
415,ca,"California",Volleyball,"0-1 Pajaro Valley 1-1 Rancho San Juan 6p"
416,ca,"California",Volleyball,"0-2 Half Moon Bay 0-2 Terra Nova 6:15p"
417,ca,"California",Volleyball,"2-1 Mercy 2-5 Aragon 6:15p"
418,ca,"California",Volleyball,"2-1 Monte Vista Christian 0-0 San Lorenzo Valley 6:30p"
419,ca,"California",Volleyball,"1-1 Carmel 5-1 Soquel 6:30p"
420,ca,"California",Volleyball,"1-3 Evergreen Valley 3-1 Harker 6:30p"
421,ca,"California",Volleyball,"2-0 Sacred Heart Prep 1-2 Burlingame 6:30p"
422,ca,"California",Volleyball,"4-2 Los Gatos 2-0 King's Academy 6:30p"
423,ca,"California",Volleyball,"3-2 Gunn 5-1 Sequoia 6:30p"
424,ca,"California",Volleyball,"0-1 Mountain View 4-1L Los Altos 6:45p"
425,ca,"California",Volleyball,"5-1 Milpitas 0-2 Santa Clara 6:45p"
426,ca,"California",Volleyball,"4-2 Cupertino 2-0 MacDonald 6:45p"
427,ca,"California",Volleyball,"2-3 Piedmont Hills 2-4 Branham 6:45p"
428,ca,"California",Volleyball,"1-1 Mt. Pleasant 1-3 Independence 7p"
429,ca,"California",Volleyball,"4-3 Presentation 0-1 Ann Sobrato 7p"
430,ca,"California",Volleyball,"1-1 Oak Grove 1-1 Hill 7p"
431,ca,"California",Volleyball,"3-0 San Jose 1-3 Yerba Buena 7p"
432,ca,"California",Volleyball,"1-3 Hollister 1-3 Christopher 7p"
433,ca,"California",Volleyball,"1-1 Del Mar 2-2 Silver Creek 7p"
434,ca,"California",Volleyball,"3-1 Clovis North 9-6 Dana Hills 4p"
435,ca,"California",Volleyball,"5-2 Chowchilla 2-4 Gustine 4:30p"
436,ca,"California",Volleyball,"7-4 Avenal 2-5-1 Fresno 4:30p"
437,ca,"California",Volleyball,"2-8 Santa Maria 0-5 SLOCA 5p"
438,ca,"California",Volleyball,"6-4 Coastal Christian 7-1M Mission College Prep 5p"
439,ca,"California",Volleyball,"4-4-2 PACS 7-3 Rosamond 5p"
440,ca,"California",Volleyball,"3-2-1 Frazier Mountain 0-0 Maricopa 5p"
441,ca,"California",Volleyball,"2-2 Alpaugh 2-5 Tranquillity 5p"
442,ca,"California",Volleyball,"2-4-2 Roosevelt 1-5R Riverdale 5:15p"
443,ca,"California",Volleyball,"5-6 Caruthers 7-3 Justin Garza 5:30p"
444,ca,"California",Volleyball,"0-6 McLane 3-2 Edison 5:30p"
445,ca,"California",Volleyball,"10-5 Sierra 5-6 Firebaugh 5:30p"
446,ca,"California",Volleyball,"8-3-1 Fowler 3-7-1 Orange Cove 5:30p"
447,ca,"California",Volleyball,"11-2 Clovis West 6-6 Hoover 6p"
448,ca,"California",Volleyball,"3-3 Central 3-1 Torres 6p"
449,ca,"California",Volleyball,"0-5 Laton 1-6 Farmersville 6p"
450,ca,"California",Volleyball,"1-2 Coast Union 1-7 Orcutt Academy 6p"
451,ca,"California",Volleyball,"3-4 Arroyo Grande 11-3 Centennial 6p"
452,ca,"California",Volleyball,"1-4 Mendota 3-8 Woodlake 6p"
453,ca,"California",Volleyball,"2-4 Kern Valley 3-8 Foothill 6p"
454,ca,"California",Volleyball,"6-5 Tulare Union 6-9 Exeter 6p"
455,ca,"California",Volleyball,"0-6C Clovis South 0-6 Madera South 6p"
456,ca,"California",Volleyball,"8-1 Dos Palos 8-3 Liberty 6p"
457,ca,"California",Volleyball,"7-5 Templeton 6-1 Nipomo 6p"
458,ca,"California",Volleyball,"3-2 Kerman 4-7 Madera 6p"
459,ca,"California",Volleyball,"11-5 East Bakersfield 7-2 Delano 6:15p"
460,ca,"California",Volleyball,"5-1-1 Arvin 3-7-3 Golden Valley 6:15p"
461,ca,"California",Volleyball,"3-3-1 Taft 8-7-3 Wonderful College Prep Academy 6:15p"
462,ca,"California",Volleyball,"5-8 Monache 6-0 (#17) Garces Memorial 6:15p"
463,ca,"California",Volleyball,"2-7 Sunnyside 6-6 Washington Union 6:30p"
464,ca,"California",Volleyball,"8-5 Buchanan 4-4 Liberty 6:30p"
465,ca,"California",Volleyball,"3-4 San Joaquin Memorial 3-5 Immanuel 6:30p"
466,ca,"California",Volleyball,"5-3 Sierra Pacific 3-7 Parlier 6:30p"
467,ca,"California",Volleyball,"4-1 El Diamante 2-10 Tulare Western 6:30p"
468,ca,"California",Volleyball,"4-6 Chavez 7-3 Highland 6:30p"
469,ca,"California",Volleyball,"2-4 Orosi 3-5 Lindsay 6:30p"
470,ca,"California",Volleyball,"2-5-1 Corcoran 2-3 Hanford West 6:30p"
471,ca,"California",Volleyball,"9-4 Kingsburg 8-3 Lemoore 6:30p"
472,ca,"California",Volleyball,"7-1 (#13) Clovis East 11-1 (#8) Frontier 7p"
473,ca,"California",Volleyball,"3-1 Clovis North TBA"
474,ca,"California",Volleyball,"6-4 Alliance Levine 2-1 Esperanza College Prep 2p"
475,ca,"California",Volleyball,"1-0B Brio College Prep 4-1 Smidt Tech 2p"
476,ca,"California",Volleyball,"1-1 Stern 2-0 Annenberg 2:30p"
477,ca,"California",Volleyball,"3-3 Torrance 0-4 Narbonne 3p"
478,ca,"California",Volleyball,"3-0 AMIT 0-2 MSAVN 3:30p"
479,ca,"California",Volleyball,"5-1 MSAR 0-0 Discovery 3:30p"
480,ca,"California",Volleyball,"1-0 Bell 5-5 Sherman Oaks CES 3:30p"
481,ca,"California",Volleyball,"3-1A Alliance Ted K. Tajima 1-1 Aspire Ollin 3:30p"
482,ca,"California",Volleyball,"1-3 Port of Los Angeles 3-8 Larchmont Charter 4p"
483,ca,"California",Volleyball,"0-2 Bernstein 3-1 San Fernando 4p"
484,ca,"California",Volleyball,"1-3T Torres 5-1 Huntington Park 4p"
485,ca,"California",Volleyball,"0-0 CNDLC 1-2 Rise Kohyang 4p"
486,ca,"California",Volleyball,"2-4A Arroyo 6-1 Poly 4p"
487,ca,"California",Volleyball,"1-2 West Adams 1-2 Santee 4p"
488,ca,"California",Volleyball,"3-1 Monroe 3-2 Verdugo Hills 4p"
489,ca,"California",Volleyball,"3-1 North Hollywood 1-3 Arleta 4p"
490,ca,"California",Volleyball,"0-0 Dr. Maya Angelou Community 1-1 Manual Arts 4p"
491,ca,"California",Volleyball,"1-0 Bravo 0-1 Elizabeth 4p"
492,ca,"California",Volleyball,"3-2 Jefferson 3-3 Diego Rivera 4p"
493,ca,"California",Volleyball,"0-2A Alliance Dr. Olga Mohan 1-1 Gertz-Ressler 4:30p"
494,ca,"California",Volleyball,"1-2 Jordan 0-3 Fremont 4:30p"
495,ca,"California",Volleyball,"6-1 (#16) Thousand Oaks 0-4 Cleveland 4:30p"
496,ca,"California",Volleyball,"2-1 Lake Balboa College Prep 1-3 Sun Valley Magnet 4:30p"
497,ca,"California",Volleyball,"4-2 Taft 1-6 Paramount 4:30p"
498,ca,"California",Volleyball,"1-2 Grant 2-4 Northridge Academy 4:30p"
499,ca,"California",Volleyball,"5-3 Eagle Rock 6-5 Chatsworth 4:30p"
500,ca,"California",Volleyball,"5-1 King/Drew 3-0 Harbor Teacher 4:30p"
501,ca,"California",Volleyball,"3-1 GALA 1-3 Hawkins 4:30p"
502,ca,"California",Volleyball,"2-1 Panorama 0-4 Fulton 4:30p"
503,ca,"California",Volleyball,"2-3 Hamilton 1-1 University 4:30p"
504,ca,"California",Volleyball,"1-1 Maywood CES 1-4 Firebaugh 4:30p"
505,ca,"California",Volleyball,"2-3 Palisades 0-1 Fairfax 4:30p"
506,ca,"California",Volleyball,"4-2 Crescenta Valley 1-1 El Camino Real 4:30p"
507,ca,"California",Volleyball,"3-0 Venice 1-0 Los Angeles CES 4:30p"
508,ca,"California",Volleyball,"2-2 Granada Hills Charter 2-7-2 Hart 5p"
509,ca,"California",Volleyball,"2-2 San Pedro 5-6 St. Anthony 5:15p"
510,ca,"California",Volleyball,"0-0 Middle College 3-1 WISH Academy 6p"
511,ca,"California",Volleyball,"0-0 Pacific Union College Prep 1-3 Roseland University Prep 3:15p"
512,ca,"California",Volleyball,"3-1 Drew 6-2 Urban 4p"
513,ca,"California",Volleyball,"1-0 KIPP King 3-1 Berean Christian 4p"
514,ca,"California",Volleyball,"0-3 Willits 1-0 Rio Lindo Adventist 4:15p"
515,ca,"California",Volleyball,"0-3 Willits 1-3 Roseland University Prep 4:20p"
516,ca,"California",Volleyball,"4-3 Las Lomas 3-1 Clayton Valley Charter 4:30p"
517,ca,"California",Volleyball,"0-1 Brave Christian 0-2 Fremont Christian 4:30p"
518,ca,"California",Volleyball,"0-4 Contra Costa Christian 0-3 California School for the Deaf 4:30p"
519,ca,"California",Volleyball,"8-0 Jesse M. Bethel 2-2 Vallejo 5p"
520,ca,"California",Volleyball,"2-1 Sonoma Academy 2-4 Piner 5p"
521,ca,"California",Volleyball,"0-2 Victory Christian Academy 2-4 Calistoga 5p"
522,ca,"California",Volleyball,"0-1 Mission 11-4 Lincoln 5:30p"
523,ca,"California",Volleyball,"1-1 Making Waves Academy 0-2 Gateway 5:30p"
524,ca,"California",Volleyball,"1-0 California Crosspoint 4-0 Quarry Lane 5:30p"
525,ca,"California",Volleyball,"0-1 San Francisco Waldorf 2-3 Lick-Wilmerding 5:30p"
526,ca,"California",Volleyball,"5-1 Encinal 3-2 Westmoor 5:45p"
527,ca,"California",Volleyball,"2-1 Kennedy 1-2 San Lorenzo 6p"
528,ca,"California",Volleyball,"4-1 Montgomery 4-4 St. Vincent de Paul 6p"
529,ca,"California",Volleyball,"1-3 Deer Valley 1-0 Oakland Tech 6p"
530,ca,"California",Volleyball,"3-4 Tamalpais 4-5 Maria Carrillo 6p"
531,ca,"California",Volleyball,"5-8 St. Helena 2-5 Clear Lake 6p"
532,ca,"California",Volleyball,"8-2 Cloverdale 3-1 Upper Lake 6p"
533,ca,"California",Volleyball,"3-4 Healdsburg 2-0 Credo 6p"
534,ca,"California",Volleyball,"1-1 Marin Catholic 1-0 SICP 6p"
535,ca,"California",Volleyball,"4-5 Petaluma 0-3 Sonoma Valley 6p"
536,ca,"California",Volleyball,"2-2 Fort Bragg 3-4 Anderson Valley 6p"
537,ca,"California",Volleyball,"0-3 Freedom 5-4 Castro Valley 6p"
538,ca,"California",Volleyball,"1-5 Oakland 1-3 San Leandro 6p"
539,ca,"California",Volleyball,"0-0 Grace Christian Academy 0-1 Geyserville 6p"
540,ca,"California",Volleyball,"3-1 Monte Vista 5-1 California 6:15p"
541,ca,"California",Volleyball,"0-0 Amador Valley 5-4 Granada 6:15p"
542,ca,"California",Volleyball,"1-1 Foothill 0-3 Dougherty Valley 6:15p"
543,ca,"California",Volleyball,"8-2 Carondelet 10-1 (#25) San Ramon Valley 6:15p"
544,ca,"California",Volleyball,"7-5 Livermore 5-4 Dublin 6:15p"
545,ca,"California",Volleyball,"4-4 Heritage 3-0 College Park 6:30p"
546,ca,"California",Volleyball,"4-3 Hercules 4-3 Benicia 6:30p"
547,ca,"California",Volleyball,"4-0 American Canyon 4-7 Casa Grande 6:30p"
548,ca,"California",Volleyball,"5-2E Eureka 5-4 Hoopa Valley 6:30p"
549,ca,"California",Volleyball,"4-5 Pittsburg 0-1 Mt. Diablo 6:30p"
550,ca,"California",Volleyball,"6-2 San Rafael 5-4 Emerald 6:30p"
551,ca,"California",Volleyball,"4-4 Ferndale 2-5 McKinleyville 6:30p"
552,ca,"California",Volleyball,"1-3 Rodriguez 1-5 Miramonte 6:30p"
553,ca,"California",Volleyball,"3-0 Athenian 0-2 Concord 6:30p"
554,ca,"California",Volleyball,"0-0 Washington 3-0 Alameda 6:30p"
555,ca,"California",Volleyball,"0-5 Fortuna 5-3 Shasta 6:30p"
556,ca,"California",Volleyball,"4-1 Pinole Valley 1-0 Bishop O'Dowd 6:30p"
557,ca,"California",Volleyball,"1-1 Justin-Siena 1-3 Napa 6:30p"
558,ca,"California",Volleyball,"10-3 Piedmont 3-6 Salesian College Preparatory 7p"
559,ca,"California",Volleyball,"1-2 Alhambra 0-0 El Cerrito 7p"
560,ca,"California",Volleyball,"2-6 Acalanes 1-2 Berkeley 7p"
561,ca,"California",Volleyball,"0-1 South Fork TBA 7p"
562,ca,"California",Volleyball,"1-8 Arroyo 4-0 American 7:30p"
563,ca,"California",Volleyball,"1-2 Technology 0-1T Tomales"
564,ca,"California",Volleyball,"TBA 1-3 Roseland University Prep"
565,ca,"California",Volleyball,"2-7 Paradise 7-6 Oroville 5:30a"
566,ca,"California",Volleyball,"1-5 Hamilton 7-6 Oroville 7:30a"
567,ca,"California",Volleyball,"7-6 Oroville 3-2 CORE Butte 3:30p"
568,ca,"California",Volleyball,"0-2 Tulelake 0-2H Happy Camp 3:30p"
569,ca,"California",Volleyball,"1-5 Hamilton 3-2 CORE Butte 4:30p"
570,ca,"California",Volleyball,"0-1 Surprise Valley 8-4 Chester 5p"
571,ca,"California",Volleyball,"1-6 Los Molinos 4-6 Hayfork 5:30p"
572,ca,"California",Volleyball,"0-6 Butte Valley 0-1 Dunsmuir 5:30p"
573,ca,"California",Volleyball,"6-7 East Nicolaus 1-3 Lindhurst 6p"
574,ca,"California",Volleyball,"1-1 Vacaville Christian 5-11 Pierce 6p"
575,ca,"California",Volleyball,"4-6 Christian Brothers 5-4 Pleasant Valley 6p"
576,ca,"California",Volleyball,"3-3 Live Oak 0-5 Winters 6p"
577,ca,"California",Volleyball,"2-4 Biggs 11-2 Durham 6p"
578,ca,"California",Volleyball,"2-6 Plumas Charter 10-4 Portola 6p"
579,ca,"California",Volleyball,"4-7 Weed 0-2 Lost River 6p"
580,ca,"California",Volleyball,"3-1H Henley 8-5 Yreka 6:30p"
581,ca,"California",Volleyball,"8-1 West Valley 6-5 Gridley 6:30p"
582,ca,"California",Volleyball,"3-11 Red Bluff 3-7 Corning 6:30p"
583,ca,"California",Volleyball,"1-5 Central Valley 5-1 Trinity 6:30p"
584,ca,"California",Volleyball,"2-7 Paradise 3-2 CORE Butte 6:30p"
585,ca,"California",Volleyball,"4-13 Las Plumas 5-5 Willows 6:30p"
586,ca,"California",Volleyball,"2-1 Foothill 7-4 Orland 6:30p"
587,ca,"California",Volleyball,"0-5 Fortuna 5-3 Shasta 6:30p"
588,ca,"California",Volleyball,"4-4 Williams 1-5 Hamilton"
589,ca,"California",Volleyball,"TBA 2-7 Paradise"
590,ca,"California",Volleyball,"1-0 KIPP King 3-1 Berean Christian 4p"
591,ca,"California",Volleyball,"1-3 Deer Valley 1-0 Oakland Tech 6p"
592,ca,"California",Volleyball,"1-5 Oakland 1-3 San Leandro 6p"
593,ca,"California",Volleyball,"1-1 Golden Valley 6-3 Metro Christian 9a"
594,ca,"California",Volleyball,"1-10 Cypress 4-3 Roseville 3p"
595,ca,"California",Volleyball,"5-2 Chowchilla 2-4 Gustine 4:30p"
596,ca,"California",Volleyball,"TBA 0-3D Don Pedro 5p"
597,ca,"California",Volleyball,"6-7 East Nicolaus 1-3 Lindhurst 6p"
598,ca,"California",Volleyball,"4-5 Delhi 0-6 Riverbank 6p"
599,ca,"California",Volleyball,"5-2 Lodi 5-3 Calaveras 6p"
600,ca,"California",Volleyball,"3-4 Pitman 2-5 Atwater 6p"
601,ca,"California",Volleyball,"4-2 Adventure Christian 0-1 Foresthill 6p"
602,ca,"California",Volleyball,"1-3 Futures 2-4S SAEL 6p"
603,ca,"California",Volleyball,"3-3 Westlake Charter 4-0 Forest Lake Christian 6p"
604,ca,"California",Volleyball,"4-3 Turlock 9-0 (#15) Hughson 6p"
605,ca,"California",Volleyball,"1-5 Natomas 1-3 Foothill 6p"
606,ca,"California",Volleyball,"4-3 Lathrop 0-6 River Islands 6p"
607,ca,"California",Volleyball,"5-2 Sacramento Country Day 0-4 Faith Christian 6p"
608,ca,"California",Volleyball,"5-2 Edison 4-1 Ben Holt College Prep Academy 6p"
609,ca,"California",Volleyball,"5-4 Sierra 3-5 Big Valley Christian 6p"
610,ca,"California",Volleyball,"1-1 Vacaville Christian 5-11 Pierce 6p"
611,ca,"California",Volleyball,"4-6 Christian Brothers 5-4 Pleasant Valley 6p"
612,ca,"California",Volleyball,"1-1 Esparto 1-2 Rio Vista 6p"
613,ca,"California",Volleyball,"4-3 Summerville 1-3 Stone Ridge Christian 6p"
614,ca,"California",Volleyball,"3-7 Kahuku 4-3 Roseville 6p"
615,ca,"California",Volleyball,"1-1 Rio Linda 0-1 Center 6:30p"
616,ca,"California",Volleyball,"2-2 Leroy Greene Academy 3-2 Destiny Christian Academy 6:30p"
617,ca,"California",Volleyball,"4-0 River City 4-7 Inderkum 6:30p"
618,ca,"California",Volleyball,"5-4 Amador 4-5 El Dorado 6:30p"
619,ca,"California",Volleyball,"5-3 Venture Academy 2-6 Chavez 6:30p"
620,ca,"California",Volleyball,"0-2 Lincoln 1-3 Twelve Bridges 6:30p"
621,ca,"California",Volleyball,"6-2 JAAEDH 1-3 Ponderosa 6:30p"
622,ca,"California",Volleyball,"4-4 Downey 2-3 Cosumnes Oaks 6:30p"
623,ca,"California",Volleyball,"5-2 Rio Americano 2-2 Placer 6:30p"
624,ca,"California",Volleyball,"4-3 Beyer 4-3 Gregori 6:30p"
625,ca,"California",Volleyball,"1-4 Galt 4-1 Union Mine 6:30p"
626,ca,"California",Volleyball,"2-2 Nevada Union 12-1 (#22) Bear River 6:30p"
627,ca,"California",Volleyball,"5-6 Woodland 9-3 Yuba City 6:30p"
628,ca,"California",Volleyball,"2-1 Modesto 1-3 Ceres 6:30p"
629,ca,"California",Volleyball,"0-3 Johnson 3-1 Cordova 6:30p"
630,ca,"California",Volleyball,"2-7 Kennedy 1-1 Laguna Creek 6:30p"
631,ca,"California",Volleyball,"4-3 Denair 3-7 Pacheco 6:30p"
632,ca,"California",Volleyball,"1-3 Rodriguez 1-5 Miramonte 6:30p"
633,ca,"California",Volleyball,"2-5 Kimball 1-4 Mountain House 6:30p"
634,ca,"California",Volleyball,"2-3 Los Banos 1-3 Grace Davis 6:30p"
635,ca,"California",Volleyball,"4-2 Sonora 3-3 Manteca 6:30p"
636,ca,"California",Volleyball,"5-2 Encina 1-1 El Camino 6:30p"
637,ca,"California",Volleyball,"2-1 Bella Vista 4-2 McClatchy 6:30p"
638,ca,"California",Volleyball,"0-4 Central Valley 4-7 West 6:30p"
639,ca,"California",Volleyball,"7-7 Pioneer 9-4 River Valley 6:30p"
640,ca,"California",Volleyball,"1-9 Rosemont 4-1 Argonaut 6:30p"
641,ca,"California",Volleyball,"0-3 Lincoln 6-0 Weston Ranch 6:30p"
642,ca,"California",Volleyball,"4-5 Pleasant Grove 4-0 (#20) St. Francis 7p"
643,ca,"California",Volleyball,"4-3 Roseville 1-3 Village Christian 7p"
644,ca,"California",Volleyball,"4-5 Eastlake 2-2 Jensen Beach 2p"
645,ca,"California",Volleyball,"4-5 Eastlake 7-3 Las Vegas 12:45p"
646,ca,"California",Volleyball,"TBA 7-1 San Marcos 3p"
647,ca,"California",Volleyball,"1-1 San Diego Jewish Academy 0-0B Bostonia Global 3:30p"
648,ca,"California",Volleyball,"1-2 San Diego Academy 0-0K King-Chavez Community 3:45p"
649,ca,"California",Volleyball,"0-0K Konawaena 5-6 Point Loma 4p"
650,ca,"California",Volleyball,"2-6 High Tech CV 2-0 Ocean View Christian 4:30p"
651,ca,"California",Volleyball,"4-0 Hoover 0-2 Chula Vista 4:30p"
652,ca,"California",Volleyball,"5-0 Carlsbad 9-6 Dana Hills 5p"
653,ca,"California",Volleyball,"0-1 Julian 1-0 Warner 5p"
654,ca,"California",Volleyball,"0-4 Borrego Springs 3-3 Desert Mirage 5p"
655,ca,"California",Volleyball,"0-3 San Luis 3-3 Calipatria 5p"
656,ca,"California",Volleyball,"6-1 Murrieta Valley 3-4 La Jolla Country Day 5:30p"
657,ca,"California",Volleyball,"2-1 Tri-City Christian 3-7 St. Joseph Academy 5:30p"
658,ca,"California",Volleyball,"3-4 Mount Miguel 3-6 O'Farrell Charter 5:30p"
659,ca,"California",Volleyball,"0-5 SET 3-3 Mountain Empire 5:30p"
660,ca,"California",Volleyball,"0-4 La Jolla 4-6 Christian 5:30p"
661,ca,"California",Volleyball,"0-2 Calexico Mission 0-2 Vincent Memorial 5:30p"
662,ca,"California",Volleyball,"2-5 Maranatha Christian 5-9 Pacific Ridge 5:30p"
663,ca,"California",Volleyball,"1-0 Torrey Pines 11-0 (#1) Sierra Canyon 5:30p"
664,ca,"California",Volleyball,"7-2 Santa Fe Christian 8-3 Linfield Christian 6p"
665,ca,"California",Volleyball,"10-2 Sunny Hills 5-6 Point Loma 6p"
666,ca,"California",Volleyball,"2-7 Palo Verde Valley 3-0 Imperial 6p"
667,ca,"California",Volleyball,"0-0 Escondido Adventist Academy 1-2 Del Lago Academy 6p"
668,ca,"California",Volleyball,"1-1C CVLCC 2-4 High Tech SD 6p"
669,ca,"California",Volleyball,"0-3 Vista 2-1 El Camino 6p"
670,ca,"California",Volleyball,"3-6 La Costa Canyon 4-11 Rancho Bernardo 6p"
671,ca,"California",Volleyball,"4-5 Westview 1-2 Otay Ranch 6p"
672,ca,"California",Volleyball,"9-6 Mission Vista 6-8 Fallbrook 6p"
673,ca,"California",Volleyball,"4-1 Coastal Academy 2-3 Bonsall 6p"
674,ca,"California",Volleyball,"8-1 Sage Creek 6-1 Camarillo 7p"
675,ca,"California",Volleyball,"1-0 Cathedral Catholic 6-6 Southeast Career Tech 7p"
676,ca,"California",Volleyball,"1-2 Redondo Union 5-6 Point Loma 8p"
677,ca,"California",Volleyball,"TBA 8-1 Sage Creek"
678,ca,"California",Volleyball,"2-0 Washington 1-0 Lowell 5:30p"
679,ca,"California",Volleyball,"0-1 Mission 11-4 Lincoln 5:30p"
680,ca,"California",Volleyball,"3-0 Balboa 2-2 Immaculate Conception 5:30p"
681,ca,"California",Volleyball,"0-0 Highland Hall 0-0 GLCSC 2:30a"
682,ca,"California",Volleyball,"1-5 Public Safety Academy 1-6 Entrepreneur 12:45p"
683,ca,"California",Volleyball,"0-3 NSLA 0-0 River Springs Charter School 2:30p"
684,ca,"California",Volleyball,"1-10 Cypress 4-3 Roseville 3p"
685,ca,"California",Volleyball,"0-0 Shalhevet 1-3 Pacific Lutheran 3p"
686,ca,"California",Volleyball,"3-3 Torrance 0-4 Narbonne 3p"
687,ca,"California",Volleyball,"2-4 Beaumont 6-6 Southeast Career Tech 3p"
688,ca,"California",Volleyball,"4-4 Laguna Hills 4-6 Calvary Chapel 3:15p"
689,ca,"California",Volleyball,"0-0 Newbury Park Adventist 2-5 Beacon Hill 3:15p"
690,ca,"California",Volleyball,"7-1 Bishop Montgomery 5-7 Palos Verdes 3:15p"
691,ca,"California",Volleyball,"6-5-3 Burbank 3-6 Marlborough 3:15p"
692,ca,"California",Volleyball,"2-4 Pilibos 0-0 Shalhevet 3:15p"
693,ca,"California",Volleyball,"0-0 Muir 1-2 Inglewood 3:30p"
694,ca,"California",Volleyball,"3-5 El Segundo 3-5 West 3:30p"
695,ca,"California",Volleyball,"3-2 South El Monte 7-7 Sierra Vista 3:30p"
696,ca,"California",Volleyball,"1-0C Compton 0-3 Centennial 3:30p"
697,ca,"California",Volleyball,"1-4 Animo Leadership 3-2 Leuzinger 3:30p"
698,ca,"California",Volleyball,"1-1 Santa Monica 3-5 Hawthorne 3:30p"
699,ca,"California",Volleyball,"3-1 Clovis North 9-6 Dana Hills 4p"
700,ca,"California",Volleyball,"4-5 La Canada 8-3 Campbell Hall 4p"
701,ca,"California",Volleyball,"0-1 YULA 4-6 Buckley 4p"
702,ca,"California",Volleyball,"2-4 Dominguez 0-1 Ambassador 4p"
703,ca,"California",Volleyball,"0-0W Waverly 1-1 ISLA 4p"
704,ca,"California",Volleyball,"12-3 San Marino 8-4 Polytechnic 4p"
705,ca,"California",Volleyball,"0-0 Ka'u 5-5 Redlands 4p"
706,ca,"California",Volleyball,"0-0 Summit View 1-1D Delphi Academy 4p"
707,ca,"California",Volleyball,"0-0 Blair 0-7 Mesrobian 4p"
708,ca,"California",Volleyball,"10-1 Moanalua 6-1 Camarillo 4p"
709,ca,"California",Volleyball,"3-7 Kahuku 1-3 Village Christian 4p"
710,ca,"California",Volleyball,"3-8 Loara 5-1 Bolsa Grande 4:15p"
711,ca,"California",Volleyball,"6-1 (#16) Thousand Oaks 0-4 Cleveland 4:30p"
712,ca,"California",Volleyball,"3-2 Godinez Fundamental 2-4 Ocean View 4:30p"
713,ca,"California",Volleyball,"0-0 Hillcrest Christian 5-2 Glendale Adventist 4:30p"
714,ca,"California",Volleyball,"4-2 Taft 1-6 Paramount 4:30p"
715,ca,"California",Volleyball,"4-4 Rancho Alamitos 5-0 Century 4:30p"
716,ca,"California",Volleyball,"0-3 Lakeview Leadership Academy 2-4 Silver Valley 4:30p"
717,ca,"California",Volleyball,"0-2 The Grove School 0-0 Bethel Christian 4:30p"
718,ca,"California",Volleyball,"3-4 Pacifica 4-1 Cerritos 4:30p"
719,ca,"California",Volleyball,"4-4 Jurupa Valley 4-7 Chaffey 4:30p"
720,ca,"California",Volleyball,"1-1 Maywood CES 1-4 Firebaugh 4:30p"
721,ca,"California",Volleyball,"4-2 Crescenta Valley 1-1 El Camino Real 4:30p"
722,ca,"California",Volleyball,"8-4 Chino Hills 11-2 Centennial 4:45p"
723,ca,"California",Volleyball,"3-6 Valencia 6-7 Tustin 4:45p"
724,ca,"California",Volleyball,"14-4 Ayala 5-4 Upland 4:45p"
725,ca,"California",Volleyball,"0-0 Sherman Indian 1-6 Pomona 4:45p"
726,ca,"California",Volleyball,"7-6 Fullerton 9-7 Kennedy 4:45p"
727,ca,"California",Volleyball,"1-6B Baldwin Park 1-5 Workman 4:45p"
728,ca,"California",Volleyball,"4-7 Oakwood 9-5 Rio Hondo Prep 4:45p"
729,ca,"California",Volleyball,"7-4 Canyon 3-7 Villa Park 4:45p"
730,ca,"California",Volleyball,"1-3 Hamilton 5-12 Banning 4:45p"
731,ca,"California",Volleyball,"5-0 Carlsbad 9-6 Dana Hills 5p"
732,ca,"California",Volleyball,"7-9 Elsinore 1-8 La Sierra 5p"
733,ca,"California",Volleyball,"11-0 (#5) Crean Lutheran 6-1 Camarillo 5p"
734,ca,"California",Volleyball,"1-3 Rosemead 3-6 Calvary Chapel 5p"
735,ca,"California",Volleyball,"3-2 Brentwood School 2-8-3 St. Monica 5p"
736,ca,"California",Volleyball,"7-3 Foothill Tech 9-3 Bishop Diego 5p"
737,ca,"California",Volleyball,"8-2 Castaic 2-1 West Ranch 5p"
738,ca,"California",Volleyball,"2-4 Bishop Conaty-Loretto 2-0 San Gabriel Mission 5p"
739,ca,"California",Volleyball,"1-10 Cypress 1-3 Village Christian 5p"
740,ca,"California",Volleyball,"0-4 Borrego Springs 3-3 Desert Mirage 5p"
741,ca,"California",Volleyball,"2-8 Katella 2-3 Westminster 5p"
742,ca,"California",Volleyball,"5-2 Santiago 6-6 Claremont 5p"
743,ca,"California",Volleyball,"5-3 Peninsula 11-2 South 5p"
744,ca,"California",Volleyball,"9-5 Canyon Springs 14-3N Norte Vista 5p"
745,ca,"California",Volleyball,"1-9 Colton 6-6 JW North 5p"
746,ca,"California",Volleyball,"10-1 Lakewood 5-4 Bell Gardens 5p"
747,ca,"California",Volleyball,"3-3 The Palmdale Aerospace Academy 6-2 Desert Christian 5p"
748,ca,"California",Volleyball,"7-6 Riverside Prep 0-3 Edgewood 5p"
749,ca,"California",Volleyball,"1-0 Lawndale 0-1 HMSA 5p"
750,ca,"California",Volleyball,"3-9 Ramona Convent 0-1 St. Bernard 5p"
751,ca,"California",Volleyball,"7-4 Granite Hills 7-6 Fontana 5p"
752,ca,"California",Volleyball,"2-4 Santiago 2-10 Garden Grove 5p"
753,ca,"California",Volleyball,"7-6 Capistrano Valley 4-6 Aliso Niguel 5p"
754,ca,"California",Volleyball,"3-6 California 4-10 Brea Olinda 5p"
755,ca,"California",Volleyball,"2-11-3 Golden Valley 11-2-1 Saugus 5p"
756,ca,"California",Volleyball,"5-3 Indio 7-8 Rancho Verde 5p"
757,ca,"California",Volleyball,"3-10 Vista del Lago 4-8 Hillcrest 5p"
758,ca,"California",Volleyball,"2-8 Santa Maria 0-5 SLOCA 5p"
759,ca,"California",Volleyball,"6-4 Coastal Christian 7-1M Mission College Prep 5p"
760,ca,"California",Volleyball,"1-6 Victor Valley 9-4 Big Bear 5p"
761,ca,"California",Volleyball,"2-2 Granada Hills Charter 2-7-2 Hart 5p"
762,ca,"California",Volleyball,"4-4-2 PACS 7-3 Rosamond 5p"
763,ca,"California",Volleyball,"6-3 Oxford Academy 1-3 Cabrillo 5p"
764,ca,"California",Volleyball,"3-2-1 Frazier Mountain 0-0 Maricopa 5p"
765,ca,"California",Volleyball,"1-4 Culver City 6-3 Wiseburn- Da Vinci 5p"
766,ca,"California",Volleyball,"4-1 Roosevelt 5-0 Oviedo 8p"
767,ca,"California",Volleyball,"5-5 Segerstrom 4-4 Costa Mesa 5p"
768,ca,"California",Volleyball,"13-1 (#21) Crossroads 6-3 Notre Dame Academy 5p"
769,ca,"California",Volleyball,"1-2 Loma Linda Academy 4-4 Crossroads Christian 5p"
770,ca,"California",Volleyball,"6-4 Canyon 3-3 Valencia 5p"
771,ca,"California",Volleyball,"0-2 Southwestern Academy 0-0 EF Academy 5p"
772,ca,"California",Volleyball,"10-4 Hesperia 6-5 Poly 5:15p"
773,ca,"California",Volleyball,"2-2 San Pedro 5-6 St. Anthony 5:15p"
774,ca,"California",Volleyball,"2-6 Western 7-4 Norwalk 5:15p"
775,ca,"California",Volleyball,"3-10 Montebello 5-2 Schurr 5:15p"
776,ca,"California",Volleyball,"10-2 San Dimas 5-1 Walnut 5:15p"
777,ca,"California",Volleyball,"1-4 Irvine 10-4 Northwood 5:15p"
778,ca,"California",Volleyball,"4-3 El Rancho 1-2 Alhambra 5:15p"
779,ca,"California",Volleyball,"0-3 Lakeside 7-3 West Valley 5:15p"
780,ca,"California",Volleyball,"10-2 Hemet 3-7 Heritage 5:15p"
781,ca,"California",Volleyball,"1-7 Ontario Christian 14-3 Beckman 5:15p"
782,ca,"California",Volleyball,"3-5 Chino 2-4 Azusa 5:15p"
783,ca,"California",Volleyball,"1-10 Mission Viejo 1-7 Woodbridge 5:15p"
784,ca,"California",Volleyball,"1-5 Cate 3-5 Laguna Blanca 5:30p"
785,ca,"California",Volleyball,"4-4 La Quinta 2-0 Fairmont Prep 5:30p"
786,ca,"California",Volleyball,"7-6 Bishop Amat 11-2 Rosary Academy 5:30p"
787,ca,"California",Volleyball,"6-5 Highland 2-8 Lancaster 5:30p"
788,ca,"California",Volleyball,"2-12 Silverado 10-7 Indian Springs 5:30p"
789,ca,"California",Volleyball,"11-3 Rowland 1-10 La Habra 5:30p"
790,ca,"California",Volleyball,"8-4 Nogales 4-6 Los Altos 5:30p"
791,ca,"California",Volleyball,"0-9 Antelope Valley 2-2 Quartz Hill 5:30p"
792,ca,"California",Volleyball,"6-1 Murrieta Valley 3-4 La Jolla Country Day 5:30p"
793,ca,"California",Volleyball,"8-6 University Prep 5-1 ACE 5:30p"
794,ca,"California",Volleyball,"10-2 Arrowhead Christian 3-6 Hesperia Christian 5:30p"
795,ca,"California",Volleyball,"8-10 Patriot 6-4 Arlington 5:30p"
796,ca,"California",Volleyball,"2-4 Dominguez 2-0 Compton Early College 5:30p"
797,ca,"California",Volleyball,"0-6 Santa Ana 8-2 Buena Park 5:30p"
798,ca,"California",Volleyball,"6-3 Estancia 2-6 University 5:30p"
799,ca,"California",Volleyball,"0-4 Palmdale 3-2 Eastside 5:30p"
800,ca,"California",Volleyball,"7-2 Oak Hills 1-3 Barstow 5:30p"
801,ca,"California",Volleyball,"1-5 Santa Ana Valley 2-4 Los Amigos 5:30p"
802,ca,"California",Volleyball,"1-2 Littlerock 2-2-2 Knight 5:30p"
803,ca,"California",Volleyball,"8-8 Trabuco Hills 10-1 St. Margaret's 5:30p"
804,ca,"California",Volleyball,"1-0 Torrey Pines 11-0 (#1) Sierra Canyon 5:30p"
805,ca,"California",Volleyball,"9-2 Bonita 5-2 Webb 5:45p"
806,ca,"California",Volleyball,"10-0 (#4) Newport Harbor 10-4 Marina 5:45p"
807,ca,"California",Volleyball,"5-2 (#23) Los Alamitos 3-6 Edison 5:45p"
808,ca,"California",Volleyball,"11-2 Gahr 7-5 Santa Fe 5:45p"
809,ca,"California",Volleyball,"0-6 Laguna Beach 3-8 Tesoro 5:45p"
810,ca,"California",Volleyball,"6-3 Mira Costa 6-0 (#2) Mater Dei 5:45p"
811,ca,"California",Volleyball,"7-5 Huntington Beach 3-2 Fountain Valley 5:45p"
812,ca,"California",Volleyball,"3-2 Chadwick 8-2-3 Westridge 6p"
813,ca,"California",Volleyball,"0-6 Magnolia 3-4 Orange 6p"
814,ca,"California",Volleyball,"7-2 Santa Fe Christian 8-3 Linfield Christian 6p"
815,ca,"California",Volleyball,"2-1 Pilgrim 6-3 Milken 6p"
816,ca,"California",Volleyball,"10-2 Sunny Hills 5-6 Point Loma 6p"
817,ca,"California",Volleyball,"6-3 Valley Christian 13-9 Saint Joseph 6p"
818,ca,"California",Volleyball,"4-6 Heritage Christian 6-3 Louisville 6p"
819,ca,"California",Volleyball,"1-5 Yucca Valley 0-5 Desert Hot Springs 6p"
820,ca,"California",Volleyball,"4-2 Royal 7-5 Santa Barbara 6p"
821,ca,"California",Volleyball,"2-5 St. Paul 5-5 Paraclete 6p"
822,ca,"California",Volleyball,"5-3 Pomona Catholic 7-1 Mary Star of the Sea 6p"
823,ca,"California",Volleyball,"2-3 United Christian Academy 6-7 Calvary Baptist 6p"
824,ca,"California",Volleyball,"1-2 Coast Union 1-7 Orcutt Academy 6p"
825,ca,"California",Volleyball,"5-4 Valley Christian Academy 0-0 King City 6p"
826,ca,"California",Volleyball,"0-1 Pendleton 5-5 Redlands 6p"
827,ca,"California",Volleyball,"2-4 Carpinteria 1-8 Del Sol 6p"
828,ca,"California",Volleyball,"2-6 Esperanza 10-3 Diamond Bar 6p"
829,ca,"California",Volleyball,"3-3 Coachella Valley 10-4 Palm Desert 6p"
830,ca,"California",Volleyball,"1-5 Simi Valley 4-7 Rio Mesa 6p"
831,ca,"California",Volleyball,"8-4 San Gorgonio 2-4 Cajon 6p"
832,ca,"California",Volleyball,"8-3 St. Bonaventure 3-3 Malibu 6p"
833,ca,"California",Volleyball,"2-9 Redlands East Valley 5-6 Apple Valley 6p"
834,ca,"California",Volleyball,"3-3 St. Mary's Academy 4-3 SPXSMA 6p"
835,ca,"California",Volleyball,"4-7 Cantwell-Sacred Heart of Mary 3-2 Sacred Heart of Jesus 6p"
836,ca,"California",Volleyball,"0-4 Pacific 3-8 Rubidoux 6:15p"
837,ca,"California",Volleyball,"4-7 Ramona 0-7 San Bernardino 6:15p"
838,ca,"California",Volleyball,"4-1 La Serna 5-4 Maranatha 6:15p"
839,ca,"California",Volleyball,"2-5 Charter Oak 3-3 South Hills 6:30p"
840,ca,"California",Volleyball,"3-2 (#24) Oaks Christian 5-4 Ventura 6:30p"
841,ca,"California",Volleyball,"1-4 Buena 3-6 Dos Pueblos 6:30p"
842,ca,"California",Volleyball,"0-0 Noli Indian 0-0 Desert Chapel 6:30p"
843,ca,"California",Volleyball,"1-6 Hueneme 1-3 Channel Islands 6:30p"
844,ca,"California",Volleyball,"6-1 Temescal Canyon 4-6 Liberty 6:30p"
845,ca,"California",Volleyball,"3-10 Vista del Lago 2-3 Eisenhower 6:30p"
846,ca,"California",Volleyball,"5-3 Burroughs 2-5 Oak Park 6:30p"
847,ca,"California",Volleyball,"9-1 Pacifica 7-5 Oxnard 6:30p"
848,ca,"California",Volleyball,"3-0 Westlake 1-7 San Marcos 6:42p"
849,ca,"California",Volleyball,"8-1 Sage Creek 6-1 Camarillo 7p"
850,ca,"California",Volleyball,"4-3 Roseville 1-3 Village Christian 7p"
851,ca,"California",Volleyball,"3-7 Kahuku 1-10 Cypress 8p"
852,ca,"California",Volleyball,"1-2 Redondo Union 5-6 Point Loma 8p"
853,ca,"California",Volleyball,"9-6 Dana Hills 1-3W Waiakea 7p"
854,ca,"California",Volleyball,"5-5 Redlands 4-3 Kamehameha Kapalama 8p"
855,ca,"California",Volleyball,"TBA 10-2 Sunny Hills"
856,ca,"California",Volleyball,"0-6 Faith Baptist 2-4 Lancaster Baptist"
857,ca,"California",Volleyball,"TBA 1-10 Cypress"
858,ca,"California",Volleyball,"Related ScoreboardsSections Central Coast SectionCentral SectionLos Angeles City SectionNorth Coast SectionNorthern SectionOakland SectionSac-Joaquin SectionSan Diego SectionSan Francisco SectionSouthern Section Associations California Interscholastic FederationCIF Central Coast SectionCIF Central SectionCIF Los Angeles City SectionCIF North Coast SectionCIF Northern SectionCIF Oakland SectionCIF Sac Joaquin SectionCIF San Diego SectionCIF San Francisco SectionCIF Southern Section Metros BakersfieldChicoEurekaFresnoLos Angeles MetroMontereyPalm SpringsSacramentoSan DiegoSan Francisco MetroSanta Barbara"
859,ca,"California",Volleyball,"Thursday, Sep. 3 3-0 Bishop Moore 4-0 (#4) Orangewood Christian 6p 7-0 (#22) Mother McAuley 5-2 Lincoln-Way East 5p 0-2 Berkeley Prep 7-0 (#21) Calvary Christian 6:30p 10-0 (#3) Assumption 10-3 Providence 7p 3-0 (#10) Harrisburg 1-1 Washington 6:30p 2-4 Avon 10-0 (#25) Hamilton Southeastern 7:30p 1-0 (#11) Torrey Pines 11-0 (#1) Sierra Canyon 5:30p 6-3 Mira Costa 6-0 (#2) Mater Dei 5:45p 1-0 (#13) Cathedral Catholic 6-6 Southeast Career Tech 7p 0-2 Lincoln Christian 6-0 (#15) Norris"
860,ca,"California",Volleyball,"3-0 Bishop Moore 4-0 (#4) Orangewood Christian 6p"
861,ca,"California",Volleyball,"7-0 (#22) Mother McAuley 5-2 Lincoln-Way East 5p"
862,ca,"California",Volleyball,"0-2 Berkeley Prep 7-0 (#21) Calvary Christian 6:30p"
863,ca,"California",Volleyball,"10-0 (#3) Assumption 10-3 Providence 7p"
864,ca,"California",Volleyball,"3-0 (#10) Harrisburg 1-1 Washington 6:30p"
865,ca,"California",Volleyball,"2-4 Avon 10-0 (#25) Hamilton Southeastern 7:30p"
866,ca,"California",Volleyball,"1-0 (#11) Torrey Pines 11-0 (#1) Sierra Canyon 5:30p"
867,ca,"California",Volleyball,"6-3 Mira Costa 6-0 (#2) Mater Dei 5:45p"
868,ca,"California",Volleyball,"1-0 (#13) Cathedral Catholic 6-6 Southeast Career Tech 7p"
869,ca,"California",Volleyball,"0-2 Lincoln Christian 6-0 (#15) Norris"
870,co,"Colorado",Volleyball,"There are 80 matches for Colorado volleyball on Thu, 9/3/2026. The featured matches are by Colorado top ranked teams Skyline (Longmont, CO) @ #1 Conifer (CO), #3 Swink (CO) @ Lamar (CO), and Mile High Academy (Denver, CO) @ #6 Dawson School (Lafayette, CO). The first match, Idalia (CO) @ Cheyenne Wells (CO), starts at 3p. Related Content Colorado Girls Volleyball Stat LeadersColorado Girls Volleyball PlayoffsColorado Girls Volleyball Rankings Colorado High School Volleyball Schedule 80 Matches 1-3 Idalia 0-4 Cheyenne Wells 3p 0-3 Ridgway 3-3 Telluride 4p console.log('MaxPrepsAds - createMark: Element Defined - leaderboard-banner-inc1');performance && performance.mark && performance.mark('MaxPrepsAds - Element Defined: leaderboard-banner-inc1'); 1-3 Idalia 1-2 St. Francis 5p 0-3 Genoa-Hugo/Karval 2-0 Stratton 4p 2-1 Kimball 1-2 Prairie 4p 2-1 Las Animas 2-3 Wiley 4:30p 2-0 Swallows Charter Academy 1-3 Trinidad 4:30p 3-0 Dolores 1-2 Nucla 4:30p 3-2 Flagler 4-1 Lone Star 4:30p 4-1 Twin Peaks Classical Academy 0-2 Poudre Community Academy 5p 0-0 Mile High Academy 4-0 (#6) Dawson School 5p 4-4 Bethune 2-1 Burlington 5p 2-3 Arapahoe 1-3 Eaglecrest 5:15p 2-2 Olathe 2-0 Ignacio 5:30p 1-6 Cripple Creek-Victor 6-1 Elbert 5:30p 1-0 DSST: Montview 3-4 The Pinnacle 5:30p 1-4 Campion Academy 4-3 Rocky Mountain Lutheran 5:30p 1-2 DSST: Cedar 0-3 Aurora Science & Tech 5:30p 2-5 Mancos 1-6 Norwood 5:30p 3-1 Mesa Ridge 2-2 Palmer Ridge 6p 2-2 Thompson Valley 1-2 Lewis-Palmer 6p 1-6 Englewood 0-3 Rocky Mountain Prep SMART 6p 1-1 Fort Lupton 1-1 Weld Central 6p 0-1 Denver Christian 1-3 Colorado Academy 6p 2-0 Liberty 0-0 Palmer 6p 2-0 Cheraw 3-2 Eads 6p 1-3 Lyons 6-1 (#17) Highland 6p 0-2 Grand Junction Central 2-1 Montrose 6p 2-3 Gunnison 0-0 Middle Park 6p 5-2 Center 1-2 Buena Vista 6p 1-2 St. Francis 0-4 Cheyenne Wells 6p 2-1 Manual 0-2 Arvada 6p 0-1 Mitchell 1-2 Sierra 6p 1-4 Coal Ridge 1-1 Delta 6p 0-3 Windsor 2-1 Fossil Ridge 6p 2-3 Mountain View 2-0 Prospect Ridge Academy 6p 2-2 Walsenburg 0-2 Fowler 6p 4-1 Glenwood Springs 1-0 Aspen 6p 0-2 Bear Creek 3-0M Mountain Range 6p 0-1 Pueblo East 1-2 Manitou Springs 6p 4-2 Front Range Christian 1-2 Pikes Peak Christian 6p 1-4 Pagosa Springs 3-0 Durango 6p 0-2 Vista Ridge 1-2 Rampart 6p 2-2 Monte Vista 1-2 Florence 6p 2-5A Arma Dei Academy 2-0 St. John Paul the Great 6:15p 1-2 Strasburg 3-0 Kent Denver 6:15p 4-2 SkyView Academy 2-2 Bruce Randolph 6:15p 2-0 Broomfield 3-1 Centaurus 6:30p 3-2 Eaton 0-2 Greeley Central 6:30p 2-2 Brush 3-0 Fort Morgan 6:30p 1-3 Hinkley 0-3 Overland 6:30p 4-0 (#3) Swink 2-1 Lamar 6:30p 2-3 Eagle Ridge Academy 2-1 Regis Groff 6:30p 3-1 Highlands Ranch 2-1 Thomas Jefferson 6:30p 0-2 Wellington 5-2 Platte Valley 6:30p 0-1 Valley 5-1 Jefferson Academy 6:30p 1-2 Aurora Central 2-0 Denver West 6:30p 1-2 Forge Christian 3-1 (#8) Timnath 6:30p 2-0 Lutheran 0-3 Grandview 6:30p 1-2 Hoehne 2-2 Rye 6:30p 3-1 (#18) Regis Jesuit 3-2 Mullen 6:30p 1-1 Sand Creek 0-1 Bennett 6:30p 3-1 Elizabeth 3-0 University 6:30p 0-2 Frederick 1-1 Northridge 6:30p 1-5 Rangeview 2-2 Prairie View 6:30p 2-0 Golden 2-5 Poudre 6:30p 1-3 Monarch 1-0 Roosevelt 6:30p 2-1 Byers 2-4 Flatirons Academy 6:30p 0-1 Wheat Ridge 2-1 Northglenn 6:30p 2-2 Standley Lake 2-5 Lakewood 6:30p 5-1 (#25) Sanford 5-2 Del Norte 6:30p 1-3 Littleton 4-0 George Washington 6:30p 2-0 Vista PEAK Prep 0-3 Brighton 6:30p 4-2 Dayspring Christian Academy 4-3 Frontier Academy 6:30p 0-2 Thornton 1-2 Skyview 6:30p 2-2 Widefield 3-0 (#15) Pueblo Central 6:30p 0-0 Lincoln 1-1 Denver North 7p 2-0 Limon 0-5 Kit Carson 7p 1-2 Skyline 3-1 (#1) Conifer 7p 3-1 Vail Christian 2-1 Battle Mountain 7p"
871,co,"Colorado",Volleyball,"1-3 Idalia 0-4 Cheyenne Wells 3p"
872,co,"Colorado",Volleyball,"0-3 Ridgway 3-3 Telluride 4p"
873,co,"Colorado",Volleyball,"1-3 Idalia 1-2 St. Francis 5p"
874,co,"Colorado",Volleyball,"0-3 Genoa-Hugo/Karval 2-0 Stratton 4p"
875,co,"Colorado",Volleyball,"2-1 Kimball 1-2 Prairie 4p"
876,co,"Colorado",Volleyball,"2-1 Las Animas 2-3 Wiley 4:30p"
877,co,"Colorado",Volleyball,"2-0 Swallows Charter Academy 1-3 Trinidad 4:30p"
878,co,"Colorado",Volleyball,"3-0 Dolores 1-2 Nucla 4:30p"
879,co,"Colorado",Volleyball,"3-2 Flagler 4-1 Lone Star 4:30p"
880,co,"Colorado",Volleyball,"4-1 Twin Peaks Classical Academy 0-2 Poudre Community Academy 5p"
881,co,"Colorado",Volleyball,"0-0 Mile High Academy 4-0 (#6) Dawson School 5p"
882,co,"Colorado",Volleyball,"4-4 Bethune 2-1 Burlington 5p"
883,co,"Colorado",Volleyball,"2-3 Arapahoe 1-3 Eaglecrest 5:15p"
884,co,"Colorado",Volleyball,"2-2 Olathe 2-0 Ignacio 5:30p"
885,co,"Colorado",Volleyball,"1-6 Cripple Creek-Victor 6-1 Elbert 5:30p"
886,co,"Colorado",Volleyball,"1-0 DSST: Montview 3-4 The Pinnacle 5:30p"
887,co,"Colorado",Volleyball,"1-4 Campion Academy 4-3 Rocky Mountain Lutheran 5:30p"
888,co,"Colorado",Volleyball,"1-2 DSST: Cedar 0-3 Aurora Science & Tech 5:30p"
889,co,"Colorado",Volleyball,"2-5 Mancos 1-6 Norwood 5:30p"
890,co,"Colorado",Volleyball,"3-1 Mesa Ridge 2-2 Palmer Ridge 6p"
891,co,"Colorado",Volleyball,"2-2 Thompson Valley 1-2 Lewis-Palmer 6p"
892,co,"Colorado",Volleyball,"1-6 Englewood 0-3 Rocky Mountain Prep SMART 6p"
893,co,"Colorado",Volleyball,"1-1 Fort Lupton 1-1 Weld Central 6p"
894,co,"Colorado",Volleyball,"0-1 Denver Christian 1-3 Colorado Academy 6p"
895,co,"Colorado",Volleyball,"2-0 Liberty 0-0 Palmer 6p"
896,co,"Colorado",Volleyball,"2-0 Cheraw 3-2 Eads 6p"
897,co,"Colorado",Volleyball,"1-3 Lyons 6-1 (#17) Highland 6p"
898,co,"Colorado",Volleyball,"0-2 Grand Junction Central 2-1 Montrose 6p"
899,co,"Colorado",Volleyball,"2-3 Gunnison 0-0 Middle Park 6p"
900,co,"Colorado",Volleyball,"5-2 Center 1-2 Buena Vista 6p"
901,co,"Colorado",Volleyball,"1-2 St. Francis 0-4 Cheyenne Wells 6p"
902,co,"Colorado",Volleyball,"2-1 Manual 0-2 Arvada 6p"
903,co,"Colorado",Volleyball,"0-1 Mitchell 1-2 Sierra 6p"
904,co,"Colorado",Volleyball,"1-4 Coal Ridge 1-1 Delta 6p"
905,co,"Colorado",Volleyball,"0-3 Windsor 2-1 Fossil Ridge 6p"
906,co,"Colorado",Volleyball,"2-3 Mountain View 2-0 Prospect Ridge Academy 6p"
907,co,"Colorado",Volleyball,"2-2 Walsenburg 0-2 Fowler 6p"
908,co,"Colorado",Volleyball,"4-1 Glenwood Springs 1-0 Aspen 6p"
909,co,"Colorado",Volleyball,"0-2 Bear Creek 3-0M Mountain Range 6p"
910,co,"Colorado",Volleyball,"0-1 Pueblo East 1-2 Manitou Springs 6p"
911,co,"Colorado",Volleyball,"4-2 Front Range Christian 1-2 Pikes Peak Christian 6p"
912,co,"Colorado",Volleyball,"1-4 Pagosa Springs 3-0 Durango 6p"
913,co,"Colorado",Volleyball,"0-2 Vista Ridge 1-2 Rampart 6p"
914,co,"Colorado",Volleyball,"2-2 Monte Vista 1-2 Florence 6p"
915,co,"Colorado",Volleyball,"2-5A Arma Dei Academy 2-0 St. John Paul the Great 6:15p"
916,co,"Colorado",Volleyball,"1-2 Strasburg 3-0 Kent Denver 6:15p"
917,co,"Colorado",Volleyball,"4-2 SkyView Academy 2-2 Bruce Randolph 6:15p"
918,co,"Colorado",Volleyball,"2-0 Broomfield 3-1 Centaurus 6:30p"
919,co,"Colorado",Volleyball,"3-2 Eaton 0-2 Greeley Central 6:30p"
920,co,"Colorado",Volleyball,"2-2 Brush 3-0 Fort Morgan 6:30p"
921,co,"Colorado",Volleyball,"1-3 Hinkley 0-3 Overland 6:30p"
922,co,"Colorado",Volleyball,"4-0 (#3) Swink 2-1 Lamar 6:30p"
923,co,"Colorado",Volleyball,"2-3 Eagle Ridge Academy 2-1 Regis Groff 6:30p"
924,co,"Colorado",Volleyball,"3-1 Highlands Ranch 2-1 Thomas Jefferson 6:30p"
925,co,"Colorado",Volleyball,"0-2 Wellington 5-2 Platte Valley 6:30p"
926,co,"Colorado",Volleyball,"0-1 Valley 5-1 Jefferson Academy 6:30p"
927,co,"Colorado",Volleyball,"1-2 Aurora Central 2-0 Denver West 6:30p"
928,co,"Colorado",Volleyball,"1-2 Forge Christian 3-1 (#8) Timnath 6:30p"
929,co,"Colorado",Volleyball,"2-0 Lutheran 0-3 Grandview 6:30p"
930,co,"Colorado",Volleyball,"1-2 Hoehne 2-2 Rye 6:30p"
931,co,"Colorado",Volleyball,"3-1 (#18) Regis Jesuit 3-2 Mullen 6:30p"
932,co,"Colorado",Volleyball,"1-1 Sand Creek 0-1 Bennett 6:30p"
933,co,"Colorado",Volleyball,"3-1 Elizabeth 3-0 University 6:30p"
934,co,"Colorado",Volleyball,"0-2 Frederick 1-1 Northridge 6:30p"
935,co,"Colorado",Volleyball,"1-5 Rangeview 2-2 Prairie View 6:30p"
936,co,"Colorado",Volleyball,"2-0 Golden 2-5 Poudre 6:30p"
937,co,"Colorado",Volleyball,"1-3 Monarch 1-0 Roosevelt 6:30p"
938,co,"Colorado",Volleyball,"2-1 Byers 2-4 Flatirons Academy 6:30p"
939,co,"Colorado",Volleyball,"0-1 Wheat Ridge 2-1 Northglenn 6:30p"
940,co,"Colorado",Volleyball,"2-2 Standley Lake 2-5 Lakewood 6:30p"
941,co,"Colorado",Volleyball,"5-1 (#25) Sanford 5-2 Del Norte 6:30p"
942,co,"Colorado",Volleyball,"1-3 Littleton 4-0 George Washington 6:30p"
943,co,"Colorado",Volleyball,"2-0 Vista PEAK Prep 0-3 Brighton 6:30p"
944,co,"Colorado",Volleyball,"4-2 Dayspring Christian Academy 4-3 Frontier Academy 6:30p"
945,co,"Colorado",Volleyball,"0-2 Thornton 1-2 Skyview 6:30p"
946,co,"Colorado",Volleyball,"2-2 Widefield 3-0 (#15) Pueblo Central 6:30p"
947,co,"Colorado",Volleyball,"0-0 Lincoln 1-1 Denver North 7p"
948,co,"Colorado",Volleyball,"2-0 Limon 0-5 Kit Carson 7p"
949,co,"Colorado",Volleyball,"1-2 Skyline 3-1 (#1) Conifer 7p"
950,co,"Colorado",Volleyball,"3-1 Vail Christian 2-1 Battle Mountain 7p"
951,co,"Colorado",Volleyball,"Related ScoreboardsLeagues 1A Arkansas Valley1A Black Forest1A Fishers Peak1A High Plains1A North Central1A Southern Peaks1A YWKC2A Black Forest2A Santa Fe2A Southern Peaks Associations Colorado High School Activities Association Metros DenverGrand JunctionSouthern Colorado"
952,co,"Colorado",Volleyball,"Thursday, Sep. 3 3-0 Bishop Moore 4-0 (#4) Orangewood Christian 6p 7-0 (#22) Mother McAuley 5-2 Lincoln-Way East 5p 0-2 Berkeley Prep 7-0 (#21) Calvary Christian 6:30p 10-0 (#3) Assumption 10-3 Providence 7p 3-0 (#10) Harrisburg 1-1 Washington 6:30p 2-4 Avon 10-0 (#25) Hamilton Southeastern 7:30p 1-0 (#11) Torrey Pines 11-0 (#1) Sierra Canyon 5:30p 6-3 Mira Costa 6-0 (#2) Mater Dei 5:45p 1-0 (#13) Cathedral Catholic 6-6 Southeast Career Tech 7p 0-2 Lincoln Christian 6-0 (#15) Norris"
953,co,"Colorado",Volleyball,"3-0 Bishop Moore 4-0 (#4) Orangewood Christian 6p"
954,co,"Colorado",Volleyball,"7-0 (#22) Mother McAuley 5-2 Lincoln-Way East 5p"
955,co,"Colorado",Volleyball,"0-2 Berkeley Prep 7-0 (#21) Calvary Christian 6:30p"
956,co,"Colorado",Volleyball,"10-0 (#3) Assumption 10-3 Providence 7p"
957,co,"Colorado",Volleyball,"3-0 (#10) Harrisburg 1-1 Washington 6:30p"
958,co,"Colorado",Volleyball,"2-4 Avon 10-0 (#25) Hamilton Southeastern 7:30p"
959,co,"Colorado",Volleyball,"1-0 (#11) Torrey Pines 11-0 (#1) Sierra Canyon 5:30p"
960,co,"Colorado",Volleyball,"6-3 Mira Costa 6-0 (#2) Mater Dei 5:45p"
961,co,"Colorado",Volleyball,"1-0 (#13) Cathedral Catholic 6-6 Southeast Career Tech 7p"
962,co,"Colorado",Volleyball,"0-2 Lincoln Christian 6-0 (#15) Norris"
963,ct,"Connecticut",Volleyball,"There are 15 matches for Connecticut volleyball on Thu, 9/3/2026. The first match, Ansonia (CT) @ West Haven (CT), starts at 3:30p. Related Content Connecticut Girls Volleyball Stat LeadersConnecticut Girls Volleyball PlayoffsConnecticut Girls Volleyball Rankings Connecticut High School Volleyball Schedule 15 Matches 0-0 Ansonia 0-1-1 West Haven 3:30p 0-0 Plainfield 0-0 Old Lyme 4p console.log('MaxPrepsAds - createMark: Element Defined - leaderboard-banner-inc1');performance && performance.mark && performance.mark('MaxPrepsAds - Element Defined: leaderboard-banner-inc1'); 0-0 Montville 0-0 Harvard Ellis Tech 4p 0-0 Bunnell 0-0 Bullard-Havens 4p 0-0 Trumbull 0-0 Newtown 4p 0-0 Kolbe-Cathedral 0-0 Bridgeport Central 4p 0-0 Bristol Eastern 0-0 Plainville 4p 1-0 King 0-0 Darien 4p 0-0 Hand 0-0 Coginchaug Regional 4p 0-0 New Canaan 0-0 Joel Barlow 4p 0-0 SMSA 0-0 Sheehan 4:30p 0-0 Hamden Hall Country Day 0-0 Sacred Heart Academy 4:30p 0-0 Lewis Mills 0-0 Holy Cross 5p 0-0 Wolcott RVT 0-0 St. Paul Catholic 5:15p 0-0 Waterford 0-0 Valley Regional 5:30p"
964,ct,"Connecticut",Volleyball,"0-0 Ansonia 0-1-1 West Haven 3:30p"
965,ct,"Connecticut",Volleyball,"0-0 Plainfield 0-0 Old Lyme 4p"
966,ct,"Connecticut",Volleyball,"0-0 Montville 0-0 Harvard Ellis Tech 4p"
967,ct,"Connecticut",Volleyball,"0-0 Bunnell 0-0 Bullard-Havens 4p"
968,ct,"Connecticut",Volleyball,"0-0 Trumbull 0-0 Newtown 4p"
969,ct,"Connecticut",Volleyball,"0-0 Kolbe-Cathedral 0-0 Bridgeport Central 4p"
970,ct,"Connecticut",Volleyball,"0-0 Bristol Eastern 0-0 Plainville 4p"
971,ct,"Connecticut",Volleyball,"1-0 King 0-0 Darien 4p"
972,ct,"Connecticut",Volleyball,"0-0 Hand 0-0 Coginchaug Regional 4p"
973,ct,"Connecticut",Volleyball,"0-0 New Canaan 0-0 Joel Barlow 4p"
974,ct,"Connecticut",Volleyball,"0-0 SMSA 0-0 Sheehan 4:30p"
975,ct,"Connecticut",Volleyball,"0-0 Hamden Hall Country Day 0-0 Sacred Heart Academy 4:30p"
976,ct,"Connecticut",Volleyball,"0-0 Lewis Mills 0-0 Holy Cross 5p"
977,ct,"Connecticut",Volleyball,"0-0 Wolcott RVT 0-0 St. Paul Catholic 5:15p"
978,ct,"Connecticut",Volleyball,"0-0 Waterford 0-0 Valley Regional 5:30p"
979,ct,"Connecticut",Volleyball,"Related ScoreboardsLeagues BerkshireCapital Region Central Connecticut - CentralCentral Connecticut - NorthCentral Connecticut - SouthConnecticut TechnicalConstitution State - CentralConstitution State - EastConstitution State - WestEastern Connecticut - Large Associations Connecticut High School Coaches AssociationConnecticut Interscholastic Athletic Conference Metros Hartford & New Haven"
980,ct,"Connecticut",Volleyball,"Thursday, Sep. 3 3-0 Bishop Moore 4-0 (#4) Orangewood Christian 6p 7-0 (#22) Mother McAuley 5-2 Lincoln-Way East 5p 0-2 Berkeley Prep 7-0 (#21) Calvary Christian 6:30p 10-0 (#3) Assumption 10-3 Providence 7p 3-0 (#10) Harrisburg 1-1 Washington 6:30p 2-4 Avon 10-0 (#25) Hamilton Southeastern 7:30p 1-0 (#11) Torrey Pines 11-0 (#1) Sierra Canyon 5:30p 6-3 Mira Costa 6-0 (#2) Mater Dei 5:45p 1-0 (#13) Cathedral Catholic 6-6 Southeast Career Tech 7p 0-2 Lincoln Christian 6-0 (#15) Norris"
981,ct,"Connecticut",Volleyball,"3-0 Bishop Moore 4-0 (#4) Orangewood Christian 6p"
982,ct,"Connecticut",Volleyball,"7-0 (#22) Mother McAuley 5-2 Lincoln-Way East 5p"
983,ct,"Connecticut",Volleyball,"0-2 Berkeley Prep 7-0 (#21) Calvary Christian 6:30p"
984,ct,"Connecticut",Volleyball,"10-0 (#3) Assumption 10-3 Providence 7p"
985,ct,"Connecticut",Volleyball,"3-0 (#10) Harrisburg 1-1 Washington 6:30p"
986,ct,"Connecticut",Volleyball,"2-4 Avon 10-0 (#25) Hamilton Southeastern 7:30p"
987,ct,"Connecticut",Volleyball,"1-0 (#11) Torrey Pines 11-0 (#1) Sierra Canyon 5:30p"
988,ct,"Connecticut",Volleyball,"6-3 Mira Costa 6-0 (#2) Mater Dei 5:45p"
989,ct,"Connecticut",Volleyball,"1-0 (#13) Cathedral Catholic 6-6 Southeast Career Tech 7p"
990,ct,"Connecticut",Volleyball,"0-2 Lincoln Christian 6-0 (#15) Norris"
991,de,"Delaware",Volleyball,"There are 5 matches for Delaware volleyball on Thu, 9/3/2026. The first match, Greenwood Mennonite (Greenwood, DE) @ Worcester Prep (Berlin, MD), starts at 4p. Related Content Delaware Girls Volleyball Stat LeadersDelaware Girls Volleyball PlayoffsDelaware Girls Volleyball Rankings Delaware High School Volleyball Schedule 5 Matches 0-1 Greenwood Mennonite 0-0W Worcester Prep 4p 1-0 Stuart Country Day 0-0 Princeton Day 4p console.log('MaxPrepsAds - createMark: Element Defined - leaderboard-banner-inc1');performance && performance.mark && performance.mark('MaxPrepsAds - Element Defined: leaderboard-banner-inc1'); 0-1 Takoma Academy 1-0 Chestertown Christian Academy 4p 1-0 Delaware Valley Classical V Varsity Opponent 5p 0-4 Arcadia 0-0 Holly Grove Christian 5:30p"
992,de,"Delaware",Volleyball,"0-1 Greenwood Mennonite 0-0W Worcester Prep 4p"
993,de,"Delaware",Volleyball,"1-0 Stuart Country Day 0-0 Princeton Day 4p"
994,de,"Delaware",Volleyball,"0-1 Takoma Academy 1-0 Chestertown Christian Academy 4p"
995,de,"Delaware",Volleyball,"1-0 Delaware Valley Classical V Varsity Opponent 5p"
996,de,"Delaware",Volleyball,"0-4 Arcadia 0-0 Holly Grove Christian 5:30p"
997,de,"Delaware",Volleyball,"Related ScoreboardsLeagues Blue Hen - Flight ABlue Hen - Flight BCatholicDelaware Valley Christian NorthDelaware Valley Christian SouthDiamond StateESIACHenlopen NorthHenlopen SouthIndependent - DISC Associations Delaware Association of Athletic Directors"
998,de,"Delaware",Volleyball,"Thursday, Sep. 3 3-0 Bishop Moore 4-0 (#4) Orangewood Christian 6p 7-0 (#22) Mother McAuley 5-2 Lincoln-Way East 5p 0-2 Berkeley Prep 7-0 (#21) Calvary Christian 6:30p 10-0 (#3) Assumption 10-3 Providence 7p 3-0 (#10) Harrisburg 1-1 Washington 6:30p 2-4 Avon 10-0 (#25) Hamilton Southeastern 7:30p 1-0 (#11) Torrey Pines 11-0 (#1) Sierra Canyon 5:30p 6-3 Mira Costa 6-0 (#2) Mater Dei 5:45p 1-0 (#13) Cathedral Catholic 6-6 Southeast Career Tech 7p 0-2 Lincoln Christian 6-0 (#15) Norris"
999,de,"Delaware",Volleyball,"3-0 Bishop Moore 4-0 (#4) Orangewood Christian 6p"
1000,de,"Delaware",Volleyball,"7-0 (#22) Mother McAuley 5-2 Lincoln-Way East 5p"
1001,de,"Delaware",Volleyball,"0-2 Berkeley Prep 7-0 (#21) Calvary Christian 6:30p"
1002,de,"Delaware",Volleyball,"10-0 (#3) Assumption 10-3 Providence 7p"
1003,de,"Delaware",Volleyball,"3-0 (#10) Harrisburg 1-1 Washington 6:30p"
1004,de,"Delaware",Volleyball,"2-4 Avon 10-0 (#25) Hamilton Southeastern 7:30p"
1005,de,"Delaware",Volleyball,"1-0 (#11) Torrey Pines 11-0 (#1) Sierra Canyon 5:30p"
1006,de,"Delaware",Volleyball,"6-3 Mira Costa 6-0 (#2) Mater Dei 5:45p"
1007,de,"Delaware",Volleyball,"1-0 (#13) Cathedral Catholic 6-6 Southeast Career Tech 7p"
1008,de,"Delaware",Volleyball,"0-2 Lincoln Christian 6-0 (#15) Norris"
1009,fl,"Florida",Volleyball,"There are 265 matches for Florida volleyball on Thu, 9/3/2026. The featured matches are by Florida top ranked teams Berkeley Prep (Tampa, FL) @ #1 Calvary Christian (Clearwater, FL), Legacy (Port St. Lucie, FL) @ #2 John Carroll Catholic (Fort Pierce, FL), and Hawaii Baptist Academy (Honolulu, HI) vs. #3 Oviedo (FL). The first match, Northeast (Oakland Park, FL) @ Boyd Anderson (Lauderdale Lakes, FL), starts at 4:30a. Related Content Florida Girls Volleyball Stat LeadersFlorida Girls Volleyball PlayoffsFlorida Girls Volleyball Rankings Recent Florida Girls Volleyball HeadlinesMaxPreps/AVCA Players of the WeekVOLLEYBALL: Preseason top 100 Florida High School Volleyball Schedule 265 Matches 1-2-1 Northeast 0-1 Boyd Anderson 4:30a 7-10 Marcus 4-0 Seminole Ridge 9a console.log('MaxPrepsAds - createMark: Element Defined - leaderboard-banner-inc1');performance && performance.mark && performance.mark('MaxPrepsAds - Element Defined: leaderboard-banner-inc1'); 9-13 Tarkington 2-2 American Heritage 10:15a TBA 4-0 Seminole Ridge 10:15a 7-10 Marcus 2-2 American Heritage 11:30a 0-2G Garrett Memorial Christian 4-0 Seminole Ridge 11:30a 13-1 Science Hill 2-2 Jensen Beach 12:45p 0-0 Cardinal Spellman 5-0 Viera 12:45p 4-5 Eastlake 2-2 Jensen Beach 2p 15-7 Andrews 3-2 Satellite 2p 0-0 Scarsdale 3-1 Boca Raton Christian 2p 2-5H Hawaii Baptist Academy 5-0 (#3) Oviedo 3p 8-1 Cherokee 3-1 Boca Raton Christian 3:15p 17-3 Friendswood 2-2 Jensen Beach 3:15p 16-4 Argyle 3-2 Satellite 3:15p 12-9 North Cobb 5-0 Viera 3:15p 0-0 Booker T. Washington 0-1 Jackson 3:30p 1-2 Hialeah 4-4 Norland 3:30p 0-2S Somerset Prep Homestead 1-1 Everglades Prep Academy 4p 0-1 Miami Christian 4-4 LaProgresiva Presbyterian 4p 2-2 Foundation Christian Academy 0-1 Brandon Academy 4p 9-1 Cushman 3-3 Sagemont Prep 4p 1-2 Miramar 2-0 Hollywood Hills 4:30p 1-1 Highlands Christian 16-4 North Hall 4:30p 3-1 Boca Raton Christian 3-2 Satellite 4:30p 1-0 McArthur 0-1-1 Blanche Ely 4:30p 1-0 Elite Prep Academy 0-0 Conrad Academy 5p 5-2 Bronson 5-2 First Christian 5p 3-2 Northside Christian Academy 2-2 Hope Christian Academy 5p 4-3 Santa Fe Catholic 6-2 Seffner Christian 5p 0-1 Northwestern 2-1 North Miami 5p 2-2 Northview 9-1 Jay 5p 0-1 International Studies 4-0 Hialeah Educational Academy 5p 0-3S South Florida HEAT 0-0H Hebrew Academy 5p 5-2 Wayne Christian Academy 0-3 Bible Baptist Christian 5p 1-5 Gulf Coast HEAT 0-0 Community Christian 5p 3-4 Pleasant Home 2-4 Laurel Hill 5p 3-2 Palmer Trinity 1-3 Immaculata-La Salle 5p 0-0 Katz Yeshiva 2-2 Grandview Prep 5p 3-3 Westwood Christian 1-6 Corinth Christian Academy 5p 1-5 Reagan 1-3 Braddock 5:30p 4-7 Westminster Academy 2-3 St. John Paul II Academy 5:30p 6-2 Coral Shores 3-1 South Dade 5:30p 1-2 Archimedean 1-3 Greater Miami Academy 5:30p 4-1 Monsignor Pace 0-1 Franklin Academy 5:30p 9-1 Mater Brickell Academy 3-3 Pinecrest Prep 5:30p 3-1 Somerset Academy 2-3M Mourning 5:30p 4-3 Centennial 2-4 Pine 5:30p 3-0 Cypress Bay 3-1 St. Thomas Aquinas 5:30p 0-4 Colonial Christian 8-1 Pinecrest Glades Academy 5:30p 1-1T Trinity Lutheran 0-0 Victory Charter School 5:30p 0-3 Parker 0-5 Raines 5:30p 4-0 Boca Raton 3-1 King's Academy 5:30p 2-3 Atlantic 2-3 Deltona 5:30p 1-2 Westwood Christian 3-1 SCPAS 5:30p 1-0 Cristo Rey Tampa 4-4 Riverview Academy 5:30p 0-5 Cedar Key 2-2 Riverside Christian 5:30p 2-4 Elberta 1-5 Escambia 5:30p 4-1 NSU University 5-0 Western 5:45p 4-1 CSJ 4-2 Christ's Church Academy 6p 4-1 Jupiter Christian 0-3 The Greene School 6p 1-5 Lake Worth 3-1 Forest Hill 6p 0-3 Colonial 4-1 Freedom 6p 5-2 Bay 4-1 Freeport 6p 3-2 Everglades City 4-1 Marco Island Academy 6p 2-4 Treasure Coast 1-4 Lincoln Park Academy 6p 4-0 Legacy 5-0 (#2) John Carroll Catholic 6p 4-2 Destin 3-2 Choctawhatchee 6p 0-3 Evans 2-4 Wekiva 6p 2-2 Williston 1-4 Chiefland 6p 0-7R Riverbend Academy 3-1 CFCA 6p 3-2 Liberty Christian Prep 8-4 Heritage Christian School 6p 4-4 Life Christian Academy V Varsity Opponent 6p 3-2 Bishop McLaughlin Catholic 2-7 Seven Rivers Christian 6p 4-2 Sandalwood 5-0 River City Science Academy 6p 0-3 Pasco 3-3 Classical Prep 6p 0-2 Ocala Christian 0-5 Wildwood 6p 3-1 Central 0-2 Westwood 6p 0-1 Jewish Culture 2-4 Avant Garde Academy 6p 3-1 West Florida Baptist Academy 5-2 Central 6p 3-5 North Bay Haven Academy 3-2 South Walton 6p 2-2 Wesley Chapel 3-0 Carrollwood Day 6p 4-1 Matanzas 2-4 University 6p 2-0 FSUHS 1-6 Lincoln 6p 2-8 Wewahitchka 3-5 Marianna 6p 0-2 Heritage Christian 0-0 La Lumiere 6p 1-2 Sheridan Hills Christian 1-4 Don Soffer Aventura 6p 3-0 Wakulla Christian School 2-2 Community Leadership Academy 6p 0-2S St Johns Christian School 0-1 FACA 6p 5-3 Wellington 4-0 Somerset Academy - Canyons 6p 7-2 St. Edward's 2-2 Okeechobee 6p 3-1 Crooms Academy 2-0 Orlando Science 6p 1-1 Four Corners 1-4 Liberty 6p 10-2 FBCA 7-8 Brantley County 6p 4-2 Mount Dora Christian Academy 5-2 P.K. Yonge 6p 3-1 Keswick Christian 3-1 Academy of the Holy Names 6p 0-2 Peniel Baptist Academy 3-3 Countryside Christian 6p 2-4 Trinity Christian Academy 2-2 Warner Christian Academy 6p 10-1 Community Christian 3-3 Maclay 6p 3-2 Windermere 0-2 Oak Ridge 6p 2-4 Oasis 1-3 Canterbury 6p 8-2 Lakeland Christian 1-1N North Tampa Christian Academy 6p 3-4 Aucilla Christian 5-1 Wakulla 6p 4-7 Chipley 4-4 Mosley 6p 0-3 Rutherford 2-3 Port St. Joe 6p 0-0 Cedar Creek Christian 0-5 Temple Christian Academy 6p 3-0 Bishop Moore 4-0 (#5) Orangewood Christian 6p 1-2 Classical Academy (Sarasota) 2-5 Lakeside Christian 6p 2-3 Columbia 7-2 Lafayette 6p 4-5 City of Life Christian Academy 3-3 Faith Christian 6p 1-3 Dwyer 3-4 Cardinal Newman 6p 1-4 Mount Dora 5-3 Umatilla 6p 3-7 Brunswick Christian Academy 4-5 Savannah Athletic Association 6p V Varsity Opponent 4-3 Pensacola Area Homeschool 6p 1-2 Vernon 3-2 Walton 6p 3-6 Canterbury 4-0 Academy at the Lakes 6p 4-1 Land O' Lakes 2-1 Tampa Catholic 6p 0-3 Holmes County 3-3 Sneads 6p 5-2 East Hill Christian TBA 6p 3-5 Duval Charter 0-3 University Christian 6p 3-2 Gateway 2-1 Riverdale 6p 4-4 Saint Francis Catholic Academy 7-0 (#9) Oak Hall 6:30p 1-7 Scintilla Charter Academy 3-4 Madison County 6:30p 2-3 Bell 3-2 Taylor County 6:30p 0-3 East Lee County 0-3 Island Coast 6:30p 1-4 Mandarin 1-3 Bartram Trail 6:30p 2-4 Cornerstone Classical Academy 3-2 Eagle's View 6:30p 2-3 Eastside 0-5 Wildwood 6:30p 3-1 ESJ 3-1 Bishop Snyder 6:30p 3-0B Boynton Beach 5-2 Royal Palm Beach 6:30p 3-3 KIPP Bold City 2-3 GOCA 6:30p 4-4 Bethlehem 7-0 Cottondale 6:30p 5-0 (#17) DeLand 4-1 New Smyrna Beach 6:30p 0-2 Berkeley Prep 7-0 (#1) Calvary Christian 6:30p 1-1 Pensacola Christian Academy 3-2 SBCA 5:30p 2-1 Lake Mary Prep 1-2 Cornerstone Charter Academy 6:30p 3-2 Englewood 2-4 Andrew Jackson 6:30p 1-6 Geneva Classical Academy 6-1 FISHS 6:30p 2-4 International Community 3-2 The Master's Academy 6:30p 3-3 Real Life Christian Academy 3-4 First Academy 6:30p 0-7 Milton 3-3 Fort Walton Beach 6:30p 5-0 (#4) Seacrest Country Day 3-3 Community School of Naples 6:30p 3-2 Winter Park 5-0 Lake Nona 6:30p 3-1 Seabreeze 2-4 Father Lopez 6:30p 2-4 Fort White 6-2 Trenton 6:30p 0-3 Atlantic 3-4 Leonard 6:30p 1-0 Patel 1-4 Brooks DeBartolo Collegiate 6:30p 4-1 Atlantic Coast 5-0 Tocoi Creek 6:30p 2-7 Harvest Community 5-1 Beaches Chapel 6:30p 4-3 Redeemer Christian 1-1 St. John Lutheran 6:30p 4-3 Tampa Bay HEAT 3-1 All Saints' Academy 6:30p 3-1 Bishop Kenny 5-1 Trinity Christian Academy 6:30p 7-3 South Fork 3-0 Vero Beach 6:30p 0-7 Mainland 0-5 Pine Ridge 6:30p 1-3 Martin County 3-4 Benjamin 6:30p 6-2 Angeline Academy of Innovation 0-1 Sports Leadership & Management 6:30p 2-4 Sebastian River 6-1 Brevard HEAT 6:30p 5-4 Orlando Christian Prep 0-2 Magnolia Christian School 6:30p 3-3 Bell Creek Academy 1-4 Winthrop College Prep Academy 6:30p 3-2 Timber Creek 2-3 Innovation 6:30p 1-5 Union County 0-5 Dixie County 6:30p 2-2 West Port 3-3 Belleview 6:30p 0-5 South Sumter 0-2 Hernando Christian Academy 6:30p 4-2 Trinity Prep 4-2 Circle Christian 6:30p 5-1 St. Cloud 2-3 Poinciana 6:30p 9-1 (#12) Gulf Breeze 7-0 Tate 6:30p 3-1 MAST Academy 0-3 Goleman 6:30p 0-7 Westside 0-4 Ribault 6:30p 11-1 (#24) Newberry 6-1 Meadowbrook Academy 6:30p 0-4 First Coast Christian 10-4 Old Plank Christian Academy 6:40p 4-2 Deerfield Beach 0-2 Olympic Heights 7p 3-3 Wellen Park 2-3 LRPA 7p 2-4 Imagine School at North Port 6-3 Out-of-Door Academy 7p 0-2 American Youth Academy 0-0 Excel Christian Academy 7p 5-1 Flagler Palm Coast 8-3 Burns Sci-Tech 7p 5-0 Fleming Island 3-2 Fletcher 7p 1-4 Discovery 1-2 New Dimensions 7p 0-1 Pine Forest 2-2 Foley 6p 2-8 Cambridge Christian 5-0 Cypress Creek 7p 2-3 Menendez 4-2 Creekside 7p 4-1 Weeki Wachee 1-4 Citrus 7p 1-4 Interlachen 1-4 Hawthorne 7p 2-4 East River 1-5 Tohopekaliga 7p 1-6 Nease 2-3 Oakleaf 7p 4-2 Admiral Farragut 2-1 St. Petersburg Catholic 7p 2-1 (#18) Winter Haven 3-4 Forest 7p 2-3 Suwannee 5-3 Baker County 7p 1-3 Celebration 1-3 Nova Lakes 7p 2-5 Naples 3-2 Barron Collier 7p 3-3 Apopka 4-1 West Orange 7p 0-4 South Lake 3-3 East Ridge 7p 1-1 Plant 3-1 Sunlake 7p 1-6 Lely 2-3 Golden Gate 7p 1-1 Gadsden County 2-4 Munroe 7p 5-0 Mason Classical Academy 1-5 Babcock 7p 0-0 Faith Christian Academy 0-1 Candlelight Christian Academy 7p 5-1 Lake Worth Christian 4-0 Suncoast 7p 6-4 Master's Academy 6-4 Merritt Island Christian 7p 2-3 Cocoa Beach 1-5 PCCAWM 7p 3-1 McKeel Academy 1-2 Lake Gibson 7p 1-4 Lehigh 0-2 South Fort Myers 7p 0-4 Chamberlain 0-4 Blake 7p 4-1 (#10) First Baptist Academy 2-3 Neumann 7p 4-1 Lake Brantley 1-1 Hagerty 7p 3-2 Palatka 3-3 Crescent City 7p 2-2 Palmetto 3-2 Bradenton Christian 7p 1-3 Sarasota Christian 1-2 Southeast 7p 3-0 Gulf Coast 5-0 Palmetto Ridge 7p 2-4 Bayside 4-2 Melbourne Central Catholic 7p 1-4 Fernandina Beach 4-1 First Coast 7p 3-0 Forest Lake Academy 3-3 Foundation Academy 7p 4-0 Sarasota 3-2 Riverview Sarasota 7p 3-2 Cypress Lake 4-1 Fort Myers 7p 3-1 Lake Highland Prep 3-3 Boone 7p 10-2 FBCA 5-8 Appling County 7p 1-4 Oasis Christian 2-1 Victory Christian Academy 7p 2-3 Moore Haven 1-2 Sebring 7p 1-4 Gulf 2-3 River Ridge 7p 2-4 Lake Buena Vista 1-2 Ocoee 7p 0-2 Donahue Catholic 4-5 Evangelical Christian 7p 4-1 Tavares 2-2 Eustis 7p 2-2 Seminole 1-3 Lake Mary 7p 3-4 Immokalee 3-3 Aubrey Rogers 7p 1-6 Altha 6-1L Liberty County 7p 1-1 Gateway Charter 0-5 Port Charlotte 7p 4-1 Baldwin 2-2 West Nassau 7p 7-0 (#7) Beachside 3-2 Middleburg 7p 6-1 DeSoto County 3-0 North Port 7p 3-0 St. Petersburg 2-2 Lakewood 7p 1-2 Ida Baker 5-1 North Fort Myers 7p 2-5 Parsons Christian Academy 1-1J Jacksonville Classical Academy 7p 3-3 Harmony 5-1 Gateway 7p 0-2 The Rock 2-2 Gainesville 7p 3-3 South Marion 3-5 Vanguard 7p 1-3 Winter Springs 3-3 Lyman 7p 3-2 LaBelle 3-1 Charlotte 7p 8-2 Lakewood Ranch 1-3 Braden River 7p 2-1 Osceola 5-2 Merritt Island 7p 5-3 Keystone Heights 0-6 Ridgeview 7p 2-1 Eau Gallie 6-1 Space Coast 7:15p 0-3L Leto 1-4 Spoto 7:30p 2-2 Bonita Springs 3-2 Estero 7:30p 3-2 Cape Coral 2-3 Mariner 7:30p 3-1 Robinson 0-4 Lennard 7:30p 3-2 Palm Bay 2-1 Odyssey Charter School 7:30p 2-1 Crystal River 4-0 Hernando 7:30p 2-1 Haines City 2-3 Frostproof 7:30p 0-5 Sickles 3-0 (#22) Wharton 7:30p 4-0 Alonso 3-1 Riverview 7:30p 2-2 Tenoroc 2-3 Lake Region 7:30p 5-5 RGSA 2-1 Davenport 7:30p 3-2 Northeast 4-1 Dunedin 7:30p 4-2 Hardee 1-1 Fort Meade 7:30p 2-1 Avon Park 1-3 Lake Wales 7:30p 1-2 Lakeland 2-1 Auburndale 7:30p 5-2 Cooper City 2-4 Nova 7:30p 2-2 Hillsborough 3-0 Brandon 7:30p 1-4 Boca Ciega 3-2 Seminole 7:30p 3-2 Calvary Chapel Academy 1-8 PCCA 7:30p 5-1 Piper 4-0 Monarch 7:30p 4-2 Durant 0-3 Tampa Bay Tech 7:30p 8-0 (#15) Bishop Verot 2-3 Lemon Bay 7:30p 2-5 Hollins 0-3 Gibbs 7:45p 1-1 Zephyrhills 2-3 Mitchell 8p 4-1 Roosevelt 5-0 (#3) Oviedo 8p"
1010,fl,"Florida",Volleyball,"1-2-1 Northeast 0-1 Boyd Anderson 4:30a"
1011,fl,"Florida",Volleyball,"7-10 Marcus 4-0 Seminole Ridge 9a"
1012,fl,"Florida",Volleyball,"9-13 Tarkington 2-2 American Heritage 10:15a"
1013,fl,"Florida",Volleyball,"TBA 4-0 Seminole Ridge 10:15a"
1014,fl,"Florida",Volleyball,"7-10 Marcus 2-2 American Heritage 11:30a"
1015,fl,"Florida",Volleyball,"0-2G Garrett Memorial Christian 4-0 Seminole Ridge 11:30a"
1016,fl,"Florida",Volleyball,"13-1 Science Hill 2-2 Jensen Beach 12:45p"
1017,fl,"Florida",Volleyball,"0-0 Cardinal Spellman 5-0 Viera 12:45p"
1018,fl,"Florida",Volleyball,"4-5 Eastlake 2-2 Jensen Beach 2p"
1019,fl,"Florida",Volleyball,"15-7 Andrews 3-2 Satellite 2p"
1020,fl,"Florida",Volleyball,"0-0 Scarsdale 3-1 Boca Raton Christian 2p"
1021,fl,"Florida",Volleyball,"2-5H Hawaii Baptist Academy 5-0 (#3) Oviedo 3p"
1022,fl,"Florida",Volleyball,"8-1 Cherokee 3-1 Boca Raton Christian 3:15p"
1023,fl,"Florida",Volleyball,"17-3 Friendswood 2-2 Jensen Beach 3:15p"
1024,fl,"Florida",Volleyball,"16-4 Argyle 3-2 Satellite 3:15p"
1025,fl,"Florida",Volleyball,"12-9 North Cobb 5-0 Viera 3:15p"
1026,fl,"Florida",Volleyball,"0-0 Booker T. Washington 0-1 Jackson 3:30p"
1027,fl,"Florida",Volleyball,"1-2 Hialeah 4-4 Norland 3:30p"
1028,fl,"Florida",Volleyball,"0-2S Somerset Prep Homestead 1-1 Everglades Prep Academy 4p"
1029,fl,"Florida",Volleyball,"0-1 Miami Christian 4-4 LaProgresiva Presbyterian 4p"
1030,fl,"Florida",Volleyball,"2-2 Foundation Christian Academy 0-1 Brandon Academy 4p"
1031,fl,"Florida",Volleyball,"9-1 Cushman 3-3 Sagemont Prep 4p"
1032,fl,"Florida",Volleyball,"1-2 Miramar 2-0 Hollywood Hills 4:30p"
1033,fl,"Florida",Volleyball,"1-1 Highlands Christian 16-4 North Hall 4:30p"
1034,fl,"Florida",Volleyball,"3-1 Boca Raton Christian 3-2 Satellite 4:30p"
1035,fl,"Florida",Volleyball,"1-0 McArthur 0-1-1 Blanche Ely 4:30p"
1036,fl,"Florida",Volleyball,"1-0 Elite Prep Academy 0-0 Conrad Academy 5p"
1037,fl,"Florida",Volleyball,"5-2 Bronson 5-2 First Christian 5p"
1038,fl,"Florida",Volleyball,"3-2 Northside Christian Academy 2-2 Hope Christian Academy 5p"
1039,fl,"Florida",Volleyball,"4-3 Santa Fe Catholic 6-2 Seffner Christian 5p"
1040,fl,"Florida",Volleyball,"0-1 Northwestern 2-1 North Miami 5p"
1041,fl,"Florida",Volleyball,"2-2 Northview 9-1 Jay 5p"
1042,fl,"Florida",Volleyball,"0-1 International Studies 4-0 Hialeah Educational Academy 5p"
1043,fl,"Florida",Volleyball,"0-3S South Florida HEAT 0-0H Hebrew Academy 5p"
1044,fl,"Florida",Volleyball,"5-2 Wayne Christian Academy 0-3 Bible Baptist Christian 5p"
1045,fl,"Florida",Volleyball,"1-5 Gulf Coast HEAT 0-0 Community Christian 5p"
1046,fl,"Florida",Volleyball,"3-4 Pleasant Home 2-4 Laurel Hill 5p"
1047,fl,"Florida",Volleyball,"3-2 Palmer Trinity 1-3 Immaculata-La Salle 5p"
1048,fl,"Florida",Volleyball,"0-0 Katz Yeshiva 2-2 Grandview Prep 5p"
1049,fl,"Florida",Volleyball,"3-3 Westwood Christian 1-6 Corinth Christian Academy 5p"
1050,fl,"Florida",Volleyball,"1-5 Reagan 1-3 Braddock 5:30p"
1051,fl,"Florida",Volleyball,"4-7 Westminster Academy 2-3 St. John Paul II Academy 5:30p"
1052,fl,"Florida",Volleyball,"6-2 Coral Shores 3-1 South Dade 5:30p"
1053,fl,"Florida",Volleyball,"1-2 Archimedean 1-3 Greater Miami Academy 5:30p"
1054,fl,"Florida",Volleyball,"4-1 Monsignor Pace 0-1 Franklin Academy 5:30p"
1055,fl,"Florida",Volleyball,"9-1 Mater Brickell Academy 3-3 Pinecrest Prep 5:30p"
1056,fl,"Florida",Volleyball,"3-1 Somerset Academy 2-3M Mourning 5:30p"
1057,fl,"Florida",Volleyball,"4-3 Centennial 2-4 Pine 5:30p"
1058,fl,"Florida",Volleyball,"3-0 Cypress Bay 3-1 St. Thomas Aquinas 5:30p"
1059,fl,"Florida",Volleyball,"0-4 Colonial Christian 8-1 Pinecrest Glades Academy 5:30p"
1060,fl,"Florida",Volleyball,"1-1T Trinity Lutheran 0-0 Victory Charter School 5:30p"
1061,fl,"Florida",Volleyball,"0-3 Parker 0-5 Raines 5:30p"
1062,fl,"Florida",Volleyball,"4-0 Boca Raton 3-1 King's Academy 5:30p"
1063,fl,"Florida",Volleyball,"2-3 Atlantic 2-3 Deltona 5:30p"
1064,fl,"Florida",Volleyball,"1-2 Westwood Christian 3-1 SCPAS 5:30p"
1065,fl,"Florida",Volleyball,"1-0 Cristo Rey Tampa 4-4 Riverview Academy 5:30p"
1066,fl,"Florida",Volleyball,"0-5 Cedar Key 2-2 Riverside Christian 5:30p"
1067,fl,"Florida",Volleyball,"2-4 Elberta 1-5 Escambia 5:30p"
1068,fl,"Florida",Volleyball,"4-1 NSU University 5-0 Western 5:45p"
1069,fl,"Florida",Volleyball,"4-1 CSJ 4-2 Christ's Church Academy 6p"
1070,fl,"Florida",Volleyball,"4-1 Jupiter Christian 0-3 The Greene School 6p"
1071,fl,"Florida",Volleyball,"1-5 Lake Worth 3-1 Forest Hill 6p"
1072,fl,"Florida",Volleyball,"0-3 Colonial 4-1 Freedom 6p"
1073,fl,"Florida",Volleyball,"5-2 Bay 4-1 Freeport 6p"
1074,fl,"Florida",Volleyball,"3-2 Everglades City 4-1 Marco Island Academy 6p"
1075,fl,"Florida",Volleyball,"2-4 Treasure Coast 1-4 Lincoln Park Academy 6p"
1076,fl,"Florida",Volleyball,"4-0 Legacy 5-0 (#2) John Carroll Catholic 6p"
1077,fl,"Florida",Volleyball,"4-2 Destin 3-2 Choctawhatchee 6p"
1078,fl,"Florida",Volleyball,"0-3 Evans 2-4 Wekiva 6p"
1079,fl,"Florida",Volleyball,"2-2 Williston 1-4 Chiefland 6p"
1080,fl,"Florida",Volleyball,"0-7R Riverbend Academy 3-1 CFCA 6p"
1081,fl,"Florida",Volleyball,"3-2 Liberty Christian Prep 8-4 Heritage Christian School 6p"
1082,fl,"Florida",Volleyball,"4-4 Life Christian Academy V Varsity Opponent 6p"
1083,fl,"Florida",Volleyball,"3-2 Bishop McLaughlin Catholic 2-7 Seven Rivers Christian 6p"
1084,fl,"Florida",Volleyball,"4-2 Sandalwood 5-0 River City Science Academy 6p"
1085,fl,"Florida",Volleyball,"0-3 Pasco 3-3 Classical Prep 6p"
1086,fl,"Florida",Volleyball,"0-2 Ocala Christian 0-5 Wildwood 6p"
1087,fl,"Florida",Volleyball,"3-1 Central 0-2 Westwood 6p"
1088,fl,"Florida",Volleyball,"0-1 Jewish Culture 2-4 Avant Garde Academy 6p"
1089,fl,"Florida",Volleyball,"3-1 West Florida Baptist Academy 5-2 Central 6p"
1090,fl,"Florida",Volleyball,"3-5 North Bay Haven Academy 3-2 South Walton 6p"
1091,fl,"Florida",Volleyball,"2-2 Wesley Chapel 3-0 Carrollwood Day 6p"
1092,fl,"Florida",Volleyball,"4-1 Matanzas 2-4 University 6p"
1093,fl,"Florida",Volleyball,"2-0 FSUHS 1-6 Lincoln 6p"
1094,fl,"Florida",Volleyball,"2-8 Wewahitchka 3-5 Marianna 6p"
1095,fl,"Florida",Volleyball,"0-2 Heritage Christian 0-0 La Lumiere 6p"
1096,fl,"Florida",Volleyball,"1-2 Sheridan Hills Christian 1-4 Don Soffer Aventura 6p"
1097,fl,"Florida",Volleyball,"3-0 Wakulla Christian School 2-2 Community Leadership Academy 6p"
1098,fl,"Florida",Volleyball,"0-2S St Johns Christian School 0-1 FACA 6p"
1099,fl,"Florida",Volleyball,"5-3 Wellington 4-0 Somerset Academy - Canyons 6p"
1100,fl,"Florida",Volleyball,"7-2 St. Edward's 2-2 Okeechobee 6p"
1101,fl,"Florida",Volleyball,"3-1 Crooms Academy 2-0 Orlando Science 6p"
1102,fl,"Florida",Volleyball,"1-1 Four Corners 1-4 Liberty 6p"
1103,fl,"Florida",Volleyball,"10-2 FBCA 7-8 Brantley County 6p"
1104,fl,"Florida",Volleyball,"4-2 Mount Dora Christian Academy 5-2 P.K. Yonge 6p"
1105,fl,"Florida",Volleyball,"3-1 Keswick Christian 3-1 Academy of the Holy Names 6p"
1106,fl,"Florida",Volleyball,"0-2 Peniel Baptist Academy 3-3 Countryside Christian 6p"
1107,fl,"Florida",Volleyball,"2-4 Trinity Christian Academy 2-2 Warner Christian Academy 6p"
1108,fl,"Florida",Volleyball,"10-1 Community Christian 3-3 Maclay 6p"
1109,fl,"Florida",Volleyball,"3-2 Windermere 0-2 Oak Ridge 6p"
1110,fl,"Florida",Volleyball,"2-4 Oasis 1-3 Canterbury 6p"
1111,fl,"Florida",Volleyball,"8-2 Lakeland Christian 1-1N North Tampa Christian Academy 6p"
1112,fl,"Florida",Volleyball,"3-4 Aucilla Christian 5-1 Wakulla 6p"
1113,fl,"Florida",Volleyball,"4-7 Chipley 4-4 Mosley 6p"
1114,fl,"Florida",Volleyball,"0-3 Rutherford 2-3 Port St. Joe 6p"
1115,fl,"Florida",Volleyball,"0-0 Cedar Creek Christian 0-5 Temple Christian Academy 6p"
1116,fl,"Florida",Volleyball,"3-0 Bishop Moore 4-0 (#5) Orangewood Christian 6p"
1117,fl,"Florida",Volleyball,"1-2 Classical Academy (Sarasota) 2-5 Lakeside Christian 6p"
1118,fl,"Florida",Volleyball,"2-3 Columbia 7-2 Lafayette 6p"
1119,fl,"Florida",Volleyball,"4-5 City of Life Christian Academy 3-3 Faith Christian 6p"
1120,fl,"Florida",Volleyball,"1-3 Dwyer 3-4 Cardinal Newman 6p"
1121,fl,"Florida",Volleyball,"1-4 Mount Dora 5-3 Umatilla 6p"
1122,fl,"Florida",Volleyball,"3-7 Brunswick Christian Academy 4-5 Savannah Athletic Association 6p"
1123,fl,"Florida",Volleyball,"V Varsity Opponent 4-3 Pensacola Area Homeschool 6p"
1124,fl,"Florida",Volleyball,"1-2 Vernon 3-2 Walton 6p"
1125,fl,"Florida",Volleyball,"3-6 Canterbury 4-0 Academy at the Lakes 6p"
1126,fl,"Florida",Volleyball,"4-1 Land O' Lakes 2-1 Tampa Catholic 6p"
1127,fl,"Florida",Volleyball,"0-3 Holmes County 3-3 Sneads 6p"
1128,fl,"Florida",Volleyball,"5-2 East Hill Christian TBA 6p"
1129,fl,"Florida",Volleyball,"3-5 Duval Charter 0-3 University Christian 6p"
1130,fl,"Florida",Volleyball,"3-2 Gateway 2-1 Riverdale 6p"
1131,fl,"Florida",Volleyball,"4-4 Saint Francis Catholic Academy 7-0 (#9) Oak Hall 6:30p"
1132,fl,"Florida",Volleyball,"1-7 Scintilla Charter Academy 3-4 Madison County 6:30p"
1133,fl,"Florida",Volleyball,"2-3 Bell 3-2 Taylor County 6:30p"
1134,fl,"Florida",Volleyball,"0-3 East Lee County 0-3 Island Coast 6:30p"
1135,fl,"Florida",Volleyball,"1-4 Mandarin 1-3 Bartram Trail 6:30p"
1136,fl,"Florida",Volleyball,"2-4 Cornerstone Classical Academy 3-2 Eagle's View 6:30p"
1137,fl,"Florida",Volleyball,"2-3 Eastside 0-5 Wildwood 6:30p"
1138,fl,"Florida",Volleyball,"3-1 ESJ 3-1 Bishop Snyder 6:30p"
1139,fl,"Florida",Volleyball,"3-0B Boynton Beach 5-2 Royal Palm Beach 6:30p"
1140,fl,"Florida",Volleyball,"3-3 KIPP Bold City 2-3 GOCA 6:30p"
1141,fl,"Florida",Volleyball,"4-4 Bethlehem 7-0 Cottondale 6:30p"
1142,fl,"Florida",Volleyball,"5-0 (#17) DeLand 4-1 New Smyrna Beach 6:30p"
1143,fl,"Florida",Volleyball,"0-2 Berkeley Prep 7-0 (#1) Calvary Christian 6:30p"
1144,fl,"Florida",Volleyball,"1-1 Pensacola Christian Academy 3-2 SBCA 5:30p"
1145,fl,"Florida",Volleyball,"2-1 Lake Mary Prep 1-2 Cornerstone Charter Academy 6:30p"
1146,fl,"Florida",Volleyball,"3-2 Englewood 2-4 Andrew Jackson 6:30p"
1147,fl,"Florida",Volleyball,"1-6 Geneva Classical Academy 6-1 FISHS 6:30p"
1148,fl,"Florida",Volleyball,"2-4 International Community 3-2 The Master's Academy 6:30p"
1149,fl,"Florida",Volleyball,"3-3 Real Life Christian Academy 3-4 First Academy 6:30p"
1150,fl,"Florida",Volleyball,"0-7 Milton 3-3 Fort Walton Beach 6:30p"
1151,fl,"Florida",Volleyball,"5-0 (#4) Seacrest Country Day 3-3 Community School of Naples 6:30p"
1152,fl,"Florida",Volleyball,"3-2 Winter Park 5-0 Lake Nona 6:30p"
1153,fl,"Florida",Volleyball,"3-1 Seabreeze 2-4 Father Lopez 6:30p"
1154,fl,"Florida",Volleyball,"2-4 Fort White 6-2 Trenton 6:30p"
1155,fl,"Florida",Volleyball,"0-3 Atlantic 3-4 Leonard 6:30p"
1156,fl,"Florida",Volleyball,"1-0 Patel 1-4 Brooks DeBartolo Collegiate 6:30p"
1157,fl,"Florida",Volleyball,"4-1 Atlantic Coast 5-0 Tocoi Creek 6:30p"
1158,fl,"Florida",Volleyball,"2-7 Harvest Community 5-1 Beaches Chapel 6:30p"
1159,fl,"Florida",Volleyball,"4-3 Redeemer Christian 1-1 St. John Lutheran 6:30p"
1160,fl,"Florida",Volleyball,"4-3 Tampa Bay HEAT 3-1 All Saints' Academy 6:30p"
1161,fl,"Florida",Volleyball,"3-1 Bishop Kenny 5-1 Trinity Christian Academy 6:30p"
1162,fl,"Florida",Volleyball,"7-3 South Fork 3-0 Vero Beach 6:30p"
1163,fl,"Florida",Volleyball,"0-7 Mainland 0-5 Pine Ridge 6:30p"
1164,fl,"Florida",Volleyball,"1-3 Martin County 3-4 Benjamin 6:30p"
1165,fl,"Florida",Volleyball,"6-2 Angeline Academy of Innovation 0-1 Sports Leadership & Management 6:30p"
1166,fl,"Florida",Volleyball,"2-4 Sebastian River 6-1 Brevard HEAT 6:30p"
1167,fl,"Florida",Volleyball,"5-4 Orlando Christian Prep 0-2 Magnolia Christian School 6:30p"
1168,fl,"Florida",Volleyball,"3-3 Bell Creek Academy 1-4 Winthrop College Prep Academy 6:30p"
1169,fl,"Florida",Volleyball,"3-2 Timber Creek 2-3 Innovation 6:30p"
1170,fl,"Florida",Volleyball,"1-5 Union County 0-5 Dixie County 6:30p"
1171,fl,"Florida",Volleyball,"2-2 West Port 3-3 Belleview 6:30p"
1172,fl,"Florida",Volleyball,"0-5 South Sumter 0-2 Hernando Christian Academy 6:30p"
1173,fl,"Florida",Volleyball,"4-2 Trinity Prep 4-2 Circle Christian 6:30p"
1174,fl,"Florida",Volleyball,"5-1 St. Cloud 2-3 Poinciana 6:30p"
1175,fl,"Florida",Volleyball,"9-1 (#12) Gulf Breeze 7-0 Tate 6:30p"
1176,fl,"Florida",Volleyball,"3-1 MAST Academy 0-3 Goleman 6:30p"
1177,fl,"Florida",Volleyball,"0-7 Westside 0-4 Ribault 6:30p"
1178,fl,"Florida",Volleyball,"11-1 (#24) Newberry 6-1 Meadowbrook Academy 6:30p"
1179,fl,"Florida",Volleyball,"0-4 First Coast Christian 10-4 Old Plank Christian Academy 6:40p"
1180,fl,"Florida",Volleyball,"4-2 Deerfield Beach 0-2 Olympic Heights 7p"
1181,fl,"Florida",Volleyball,"3-3 Wellen Park 2-3 LRPA 7p"
1182,fl,"Florida",Volleyball,"2-4 Imagine School at North Port 6-3 Out-of-Door Academy 7p"
1183,fl,"Florida",Volleyball,"0-2 American Youth Academy 0-0 Excel Christian Academy 7p"
1184,fl,"Florida",Volleyball,"5-1 Flagler Palm Coast 8-3 Burns Sci-Tech 7p"
1185,fl,"Florida",Volleyball,"5-0 Fleming Island 3-2 Fletcher 7p"
1186,fl,"Florida",Volleyball,"1-4 Discovery 1-2 New Dimensions 7p"
1187,fl,"Florida",Volleyball,"0-1 Pine Forest 2-2 Foley 6p"
1188,fl,"Florida",Volleyball,"2-8 Cambridge Christian 5-0 Cypress Creek 7p"
1189,fl,"Florida",Volleyball,"2-3 Menendez 4-2 Creekside 7p"
1190,fl,"Florida",Volleyball,"4-1 Weeki Wachee 1-4 Citrus 7p"
1191,fl,"Florida",Volleyball,"1-4 Interlachen 1-4 Hawthorne 7p"
1192,fl,"Florida",Volleyball,"2-4 East River 1-5 Tohopekaliga 7p"
1193,fl,"Florida",Volleyball,"1-6 Nease 2-3 Oakleaf 7p"
1194,fl,"Florida",Volleyball,"4-2 Admiral Farragut 2-1 St. Petersburg Catholic 7p"
1195,fl,"Florida",Volleyball,"2-1 (#18) Winter Haven 3-4 Forest 7p"
1196,fl,"Florida",Volleyball,"2-3 Suwannee 5-3 Baker County 7p"
1197,fl,"Florida",Volleyball,"1-3 Celebration 1-3 Nova Lakes 7p"
1198,fl,"Florida",Volleyball,"2-5 Naples 3-2 Barron Collier 7p"
1199,fl,"Florida",Volleyball,"3-3 Apopka 4-1 West Orange 7p"
1200,fl,"Florida",Volleyball,"0-4 South Lake 3-3 East Ridge 7p"
1201,fl,"Florida",Volleyball,"1-1 Plant 3-1 Sunlake 7p"
1202,fl,"Florida",Volleyball,"1-6 Lely 2-3 Golden Gate 7p"
1203,fl,"Florida",Volleyball,"1-1 Gadsden County 2-4 Munroe 7p"
1204,fl,"Florida",Volleyball,"5-0 Mason Classical Academy 1-5 Babcock 7p"
1205,fl,"Florida",Volleyball,"0-0 Faith Christian Academy 0-1 Candlelight Christian Academy 7p"
1206,fl,"Florida",Volleyball,"5-1 Lake Worth Christian 4-0 Suncoast 7p"
1207,fl,"Florida",Volleyball,"6-4 Master's Academy 6-4 Merritt Island Christian 7p"
1208,fl,"Florida",Volleyball,"2-3 Cocoa Beach 1-5 PCCAWM 7p"
1209,fl,"Florida",Volleyball,"3-1 McKeel Academy 1-2 Lake Gibson 7p"
1210,fl,"Florida",Volleyball,"1-4 Lehigh 0-2 South Fort Myers 7p"
1211,fl,"Florida",Volleyball,"0-4 Chamberlain 0-4 Blake 7p"
1212,fl,"Florida",Volleyball,"4-1 (#10) First Baptist Academy 2-3 Neumann 7p"
1213,fl,"Florida",Volleyball,"4-1 Lake Brantley 1-1 Hagerty 7p"
1214,fl,"Florida",Volleyball,"3-2 Palatka 3-3 Crescent City 7p"
1215,fl,"Florida",Volleyball,"2-2 Palmetto 3-2 Bradenton Christian 7p"
1216,fl,"Florida",Volleyball,"1-3 Sarasota Christian 1-2 Southeast 7p"
1217,fl,"Florida",Volleyball,"3-0 Gulf Coast 5-0 Palmetto Ridge 7p"
1218,fl,"Florida",Volleyball,"2-4 Bayside 4-2 Melbourne Central Catholic 7p"
1219,fl,"Florida",Volleyball,"1-4 Fernandina Beach 4-1 First Coast 7p"
1220,fl,"Florida",Volleyball,"3-0 Forest Lake Academy 3-3 Foundation Academy 7p"
1221,fl,"Florida",Volleyball,"4-0 Sarasota 3-2 Riverview Sarasota 7p"
1222,fl,"Florida",Volleyball,"3-2 Cypress Lake 4-1 Fort Myers 7p"
1223,fl,"Florida",Volleyball,"3-1 Lake Highland Prep 3-3 Boone 7p"
1224,fl,"Florida",Volleyball,"10-2 FBCA 5-8 Appling County 7p"
1225,fl,"Florida",Volleyball,"1-4 Oasis Christian 2-1 Victory Christian Academy 7p"
1226,fl,"Florida",Volleyball,"2-3 Moore Haven 1-2 Sebring 7p"
1227,fl,"Florida",Volleyball,"1-4 Gulf 2-3 River Ridge 7p"
1228,fl,"Florida",Volleyball,"2-4 Lake Buena Vista 1-2 Ocoee 7p"
1229,fl,"Florida",Volleyball,"0-2 Donahue Catholic 4-5 Evangelical Christian 7p"
1230,fl,"Florida",Volleyball,"4-1 Tavares 2-2 Eustis 7p"
1231,fl,"Florida",Volleyball,"2-2 Seminole 1-3 Lake Mary 7p"
1232,fl,"Florida",Volleyball,"3-4 Immokalee 3-3 Aubrey Rogers 7p"
1233,fl,"Florida",Volleyball,"1-6 Altha 6-1L Liberty County 7p"
1234,fl,"Florida",Volleyball,"1-1 Gateway Charter 0-5 Port Charlotte 7p"
1235,fl,"Florida",Volleyball,"4-1 Baldwin 2-2 West Nassau 7p"
1236,fl,"Florida",Volleyball,"7-0 (#7) Beachside 3-2 Middleburg 7p"
1237,fl,"Florida",Volleyball,"6-1 DeSoto County 3-0 North Port 7p"
1238,fl,"Florida",Volleyball,"3-0 St. Petersburg 2-2 Lakewood 7p"
1239,fl,"Florida",Volleyball,"1-2 Ida Baker 5-1 North Fort Myers 7p"
1240,fl,"Florida",Volleyball,"2-5 Parsons Christian Academy 1-1J Jacksonville Classical Academy 7p"
1241,fl,"Florida",Volleyball,"3-3 Harmony 5-1 Gateway 7p"
1242,fl,"Florida",Volleyball,"0-2 The Rock 2-2 Gainesville 7p"
1243,fl,"Florida",Volleyball,"3-3 South Marion 3-5 Vanguard 7p"
1244,fl,"Florida",Volleyball,"1-3 Winter Springs 3-3 Lyman 7p"
1245,fl,"Florida",Volleyball,"3-2 LaBelle 3-1 Charlotte 7p"
1246,fl,"Florida",Volleyball,"8-2 Lakewood Ranch 1-3 Braden River 7p"
1247,fl,"Florida",Volleyball,"2-1 Osceola 5-2 Merritt Island 7p"
1248,fl,"Florida",Volleyball,"5-3 Keystone Heights 0-6 Ridgeview 7p"
1249,fl,"Florida",Volleyball,"2-1 Eau Gallie 6-1 Space Coast 7:15p"
1250,fl,"Florida",Volleyball,"0-3L Leto 1-4 Spoto 7:30p"
1251,fl,"Florida",Volleyball,"2-2 Bonita Springs 3-2 Estero 7:30p"
1252,fl,"Florida",Volleyball,"3-2 Cape Coral 2-3 Mariner 7:30p"
1253,fl,"Florida",Volleyball,"3-1 Robinson 0-4 Lennard 7:30p"
1254,fl,"Florida",Volleyball,"3-2 Palm Bay 2-1 Odyssey Charter School 7:30p"
1255,fl,"Florida",Volleyball,"2-1 Crystal River 4-0 Hernando 7:30p"
1256,fl,"Florida",Volleyball,"2-1 Haines City 2-3 Frostproof 7:30p"
1257,fl,"Florida",Volleyball,"0-5 Sickles 3-0 (#22) Wharton 7:30p"
1258,fl,"Florida",Volleyball,"4-0 Alonso 3-1 Riverview 7:30p"
1259,fl,"Florida",Volleyball,"2-2 Tenoroc 2-3 Lake Region 7:30p"
1260,fl,"Florida",Volleyball,"5-5 RGSA 2-1 Davenport 7:30p"
1261,fl,"Florida",Volleyball,"3-2 Northeast 4-1 Dunedin 7:30p"
1262,fl,"Florida",Volleyball,"4-2 Hardee 1-1 Fort Meade 7:30p"
1263,fl,"Florida",Volleyball,"2-1 Avon Park 1-3 Lake Wales 7:30p"
1264,fl,"Florida",Volleyball,"1-2 Lakeland 2-1 Auburndale 7:30p"
1265,fl,"Florida",Volleyball,"5-2 Cooper City 2-4 Nova 7:30p"
1266,fl,"Florida",Volleyball,"2-2 Hillsborough 3-0 Brandon 7:30p"
1267,fl,"Florida",Volleyball,"1-4 Boca Ciega 3-2 Seminole 7:30p"
1268,fl,"Florida",Volleyball,"3-2 Calvary Chapel Academy 1-8 PCCA 7:30p"
1269,fl,"Florida",Volleyball,"5-1 Piper 4-0 Monarch 7:30p"
1270,fl,"Florida",Volleyball,"4-2 Durant 0-3 Tampa Bay Tech 7:30p"
1271,fl,"Florida",Volleyball,"8-0 (#15) Bishop Verot 2-3 Lemon Bay 7:30p"
1272,fl,"Florida",Volleyball,"2-5 Hollins 0-3 Gibbs 7:45p"
1273,fl,"Florida",Volleyball,"1-1 Zephyrhills 2-3 Mitchell 8p"
1274,fl,"Florida",Volleyball,"4-1 Roosevelt 5-0 (#3) Oviedo 8p"
1275,fl,"Florida",Volleyball,"Related ScoreboardsDistricts 1A District 11A District 101A District 111A District 121A District 131A District 141A District 151A District 161A District 21A District 3 Associations Florida High School Athletic AssociationSunshine State Athletic Association Metros Ft. MyersGainesvilleJacksonvilleMiamiOrlandoPanama CityTallahasseeTampaWest Palm Beach"
1276,fl,"Florida",Volleyball,"Thursday, Sep. 3 3-0 Bishop Moore 4-0 (#4) Orangewood Christian 6p 7-0 (#22) Mother McAuley 5-2 Lincoln-Way East 5p 0-2 Berkeley Prep 7-0 (#21) Calvary Christian 6:30p 10-0 (#3) Assumption 10-3 Providence 7p 3-0 (#10) Harrisburg 1-1 Washington 6:30p 2-4 Avon 10-0 (#25) Hamilton Southeastern 7:30p 1-0 (#11) Torrey Pines 11-0 (#1) Sierra Canyon 5:30p 6-3 Mira Costa 6-0 (#2) Mater Dei 5:45p 1-0 (#13) Cathedral Catholic 6-6 Southeast Career Tech 7p 0-2 Lincoln Christian 6-0 (#15) Norris"
1277,fl,"Florida",Volleyball,"3-0 Bishop Moore 4-0 (#4) Orangewood Christian 6p"
1278,fl,"Florida",Volleyball,"7-0 (#22) Mother McAuley 5-2 Lincoln-Way East 5p"
1279,fl,"Florida",Volleyball,"0-2 Berkeley Prep 7-0 (#21) Calvary Christian 6:30p"
1280,fl,"Florida",Volleyball,"10-0 (#3) Assumption 10-3 Providence 7p"
1281,fl,"Florida",Volleyball,"3-0 (#10) Harrisburg 1-1 Washington 6:30p"
1282,fl,"Florida",Volleyball,"2-4 Avon 10-0 (#25) Hamilton Southeastern 7:30p"
1283,fl,"Florida",Volleyball,"1-0 (#11) Torrey Pines 11-0 (#1) Sierra Canyon 5:30p"
1284,fl,"Florida",Volleyball,"6-3 Mira Costa 6-0 (#2) Mater Dei 5:45p"
1285,fl,"Florida",Volleyball,"1-0 (#13) Cathedral Catholic 6-6 Southeast Career Tech 7p"
1286,fl,"Florida",Volleyball,"0-2 Lincoln Christian 6-0 (#15) Norris"
1287,ga,"Georgia",Volleyball,"There are 337 matches for Georgia volleyball on Thu, 9/3/2026. The featured matches are by Georgia top ranked teams #1 Hebron Christian (Dacula, GA) vs. Darlington (Rome, GA), #1 Hebron Christian (Dacula, GA) @ Allatoona (Acworth, GA), and St. Francis (Alpharetta, GA) @ #3 Milton (GA). The first match, Valwood (Valdosta, GA) @ Sherwood Christian Academy (Albany, GA), starts at 2p. Related Content Georgia Girls Volleyball Stat LeadersGeorgia Girls Volleyball PlayoffsGeorgia Girls Volleyball Rankings Recent Georgia Girls Volleyball HeadlinesVOLLEYBALL: Preseason top 100VOLLEYBALL: Preseason All-Americans Georgia High School Volleyball Schedule 337 Matches 9-1 Valwood 14-4 Sherwood Christian Academy 2p 12-9 North Cobb 5-0 Viera 3:15p console.log('MaxPrepsAds - createMark: Element Defined - leaderboard-banner-inc1');performance && performance.mark && performance.mark('MaxPrepsAds - Element Defined: leaderboard-banner-inc1'); 4-7 Colquitt Christian Academy 0-3 Atkinson County 4p 6-3 Heritage Preparatory 1-1T The New School 4:30p 2-9 Cristo Rey Atlanta 6-3 The Weber School 4:30p 5-1 Philadelphia Christian School 0-5 Foundation Christian 4:30p 1-1 Highlands Christian 16-4 North Hall 4:30p 0-0 Oneonta 7-9 King's Ridge Christian 4:30p 0-0 The Oaks School 0-1 Springwood 3:55p 6-9 East Hall 16-8 Oconee County 5p 11-4 (#23) Johns Creek 9-10 Norcross 5p 11-0 Burke County 6-9 Butler 5p 1-11 Alcovy 8-12 Eastside 5p 4-11 Trion 11-10 Cedartown 5p 7-17 Gilmer 17-4 LaFayette 5p 14-3 Lowndes 19-3 Veterans 5p 9-9 Alexander 15-0 Bremen 5p 2-4 Beach 3-12 Tattnall County 5p 4-1 Lighthouse Christian 7-9 Colquitt County 5p 7-13 Mill Creek 6-10 Greater Atlanta Christian 5p 1-11 McIntosh County Academy 12-4 St. Vincent's 5p 0-6 St. George's 9-4 Oak Mountain Academy 5p 8-10 Hart County 15-4 Jefferson 5p 12-11 Paulding County 1-9 Hiram 5p 17-4 Chattooga 5-10 Adairsville 5p 10-8 Wesleyan 16-2 (#15) Brookwood 5p 21-3 (#12) Westminster 11-5 Holy Innocents Episcopal 5p 11-6 Pierce County 6-7 Islands 5p 8-13 Darlington 6-10 Allatoona 5p 0-0 Josey 15-3 Lake Oconee Academy 5p 7-4 Wayne County 3-14 Evans 5p 5-7 Aquinas 12-3 Westminster Schools of Augusta 5p 7-8 Brantley County 5-8 Appling County 5p 9-12 Eagle's Landing 2-14 Griffin 5p 17-6 Athens Academy 8-8 Banks County 5p V Varsity Opponent 4-6 Heritage Christian Academy 5p 11-5 Harris County 10-12 Lee County 5p 14-4 Valdosta 10-12 Lee County 5p 10-7 Camden County 8-4 Savannah Arts Academy 5p 1-3 Friendship Christian 0-12 Valor Christian 5p 9-8 Jackson 3-10 Pike County 5p 0-6 Salem 11-3 Therrell 5p 10-12 St. Francis 18-3 (#3) Milton 5p 12-6 Grayson 12-7 South Gwinnett 5p 5-5 Galloway 10-9-2 Druid Hills 5p 13-7 Brunswick 13-5 Tift County 5p 16-2 Greenbrier 14-8 Elbert County 5p 14-9 Coahulla Creek 7-11 Dade County 5p 2-16 Meadowcreek 4-16 Peachtree Ridge 5p 13-7 Etowah 11-5 Holy Innocents Episcopal 5p 7-8 Heard County 12-8 Upson-Lee 5p 4-3 Lafayette Christian 4-10 Central Georgia Arts 5p 4-4 Killian Hill Christian 7-4G Genesis Academy 5p 1-20 Northview 4-14 Centennial 5p 14-7 Northside 12-7 Houston County 5p 8-10 Drew 4-10 Lovejoy 5p 6-9 Northside 17-5 Jones County 5p 6-9 LaGrange 9-10 Columbus 5p 10-7 Richmond Academy 12-7 Davidson Fine Arts 5p 0-18 Dalton Academy 6-16 Ridgeland 5p 0-7 Glenn Hills 3-9 Washington-Wilkes 5p 12-6 (#22) Buford 5-17 Central Gwinnett 5p 4-2 Peachtree Baptist Academy 4-5 Eastgate Life Academy 5p 8-10 North Atlanta 7-6 Pace Academy 5p 15-7 Lumpkin County 3-12F Flowery Branch 5p 14-1 St. Andrew's 0-6 Coastal HomeSchool 5p 9-9 Starr's Mill 15-3 (#9) McIntosh 5p 5-2 Wayne Christian Academy 0-3 Bible Baptist Christian 5p 16-14 Loganville 13-7 Clarke Central 5p 0-5 Frederica Academy 9-8 Savannah Country Day 5p 20-4 (#13) Seckinger 5-15 Dacula 5p 11-11 Discovery 7-11 Collins Hill 5p 5-4 Calvary Day 5-7 Vidalia 5p 1-3 Smiths Station 11-7 Shaw 5p 8-15 Winder-Barrow 5-9 Johnson 5p 10-7 Bryan County 13-3 Liberty County 5p 8-1 Trinity Christian 9-2 (#5) Woodward Academy 5p 16-6 Murray County 10-10 Southeast Whitfield 5p 16-7 East Forsyth 9-7 North Gwinnett 5p 6-9 Callaway 7-4 Central 5p 9-5 Thomasville 0-9 Quitman County 5:30p 5-8 Haralson County 12-8 Villa Rica 5:30p 10-5 Covenant Christian Academy 9-2 NGCA 5:30p 5-3 Sumter County 3-7 Chattahoochee County 5:30p 2-9 Cristo Rey Atlanta 3-11 KIPP Atlanta Collegiate 5:30p 0-2 Stewart County 2-7 Central 5:30p 5-16 Tri-Cities 9-11 Osborne 5:30p 7-9 Carrollton 16-6 (#19) North Paulding 5:30p 9-5 Hampton 9-19 Fayette County 5:30p 1-7 Covenant Academy 2-5 Gatewood 5:30p V Varsity Opponent 6-9 Augusta Eagles 5:30p 8-4 Mt. Zion 4-12 McDonough 5:30p 5-8 Redan 4-12-1 Clarkston 5:30p 11-10 Coosa 10-12 Rockmart 5:30p 8-4 Mt. Zion 6-7 North Clayton 5:30p 18-3 Woodland 1-17 Riverdale 5:30p 4-5 Holy Spirit Prep 8-11 Atlanta Classical Academy 5:30p 7-4 Early County 6-11 Brooks County 5:30p 5-13 Mt. Bethel Christian Academy 12-8 Walker 5:30p 7-9 Colquitt County 4-10 Ware County 5:30p 5-8 Hapeville Charter 3-5 Creekside 5:30p 11-12 Pebblebrook 9-8 Jonesboro 5:30p 19-6 Armuchee 6-7 Elite Scholars Academy 5:30p 3-4 Trinity Christian 8-9 The Habersham School 5:30p 10-6 Cook 0-5 Randolph-Clay 5:30p 4-10 Heritage 6-5 Rockdale County 5:30p 3-9 Spencer 5-8 Taylor County 5:30p 0-0C Crossroads Christian Academy 2-2 The Stonehaven School 5:45p 10-7 Camden County 2-3 Beaufort 6p 4-11 Woodland 13-1 Gordon Lee 6p 6-11 Jenkins 0-5 Frederica Academy 6p 0-1 Arlington Christian 1-3F Family Homeschool Alliance 6p 5-12 Cherokee Bluff 0-11 West Hall 6p 8-10 North Atlanta 10-9 (#21) Alpharetta 6p 11-12 Sonoraville 17-4 Chattooga 6p 6-9 Commerce 17-6 Athens Academy 6p 10-7 South Cobb 1-20 Northview 6p 5-2 Griffin Christian 0-3 The Campus 6p 17-7 Dunwoody 8-10 Hart County 6p 15-10 Calhoun 9-9 Alexander 6p 17-6 Jackson County 5-10 Oglethorpe County 6p 0-14 Groves 13-8 Bradwell Institute 6p 8-8-2 Lakeside 11-4 (#23) Johns Creek 6p 5-14 Social Circle 1-6 Peachtree Academy 6p 5-4 Calvary Day 15-0 (#16) Savannah Christian 6p 4-9 Savannah Classical Academy 10-7 Bryan County 6p 11-0 Burke County 4-16 Cross Creek 6p 12-11 Paulding County 13-5 East Paulding 6p 4-2 Covenant Christian School 0-2 Excel Christian Academy 6p 0-13 Spalding 14-7 Northside 6p 1-11 Alcovy 4-13 Columbia 6p 15-10 Madison County 16-2 Greenbrier 6p 0-3 Georgia School for the Deaf 0-0 Tennessee School for the Deaf 5p 14-3 Brookstone 4-5 Heritage 6p 5-9 Howard 6-9 Northside 6p 3-7 Brunswick Christian Academy 4-5 Savannah Athletic Association 6p 8-10 Lakeview-Fort Oglethorpe 7-17 Gilmer 6p 0-7 Glenn Hills 4-15 Jasper County 6p 9-4 Lamar County 9-8 Jackson 6p 8-0 Byne Christian 0-5A ALCA 6p 12-8 Tallulah Falls 13-12 George Walton Academy 6p 11-6 Pierce County 15-6 South Effingham 6p 8-10 East Coweta 7-11 Northgate 6p 11-5 Hardaway 11-7 Shaw 6p 14-9 Coahulla Creek 13-7 Ringgold 6p 8-15 Winder-Barrow 7-10 Rabun County 6p 1-8 Savannah 1-11 McIntosh County Academy 6p 7-11 Jordan 3-7 Chattahoochee County 6p 21-3 (#12) Westminster 13-7 Etowah 6p 1-8 Monsignor Donovan Catholic 9-2 Trinity Prep 6p 15-1 Stephenson 0-13 Lithonia 6p 3-5 Northeast 6-9 Callaway 6p 17-6 Chamblee 16-7 East Forsyth 6p 11-9 South Paulding 4-4 Praise Academy 6p 2-19 Sprayberry 12-8 Hillgrove 6p 9-5 Grovetown 12-3 Westminster Schools of Augusta 6p 9-7 Landmark Christian 5-5 Galloway 6p 6-9 Horizon Christian Academy 7-5 St. John Bosco Academy 6p 1-20 Northview 5-12 Duluth 6p 1-8 Taylorsville 0-2 MSD 5p 14-10 South Forsyth 6-17 West Forsyth 6p 11-6 Habersham Central 16-14 Loganville 6p 1-6 Greene County 5-8 Hephzibah 6p 5-9 Howard 17-5 Jones County 6p 8-5 Troup County 6-9 LaGrange 6p 10-2 FBCA 7-8 Brantley County 6p 8-6 Southeast Bulloch 5-7 Windsor Forest 6p 18-2 (#6) North Forsyth 14-5 Forsyth Central 6p 11-6 Denmark 15-5 (#20) Lambert 6p 2-13 RCTCM 10-7 Richmond Academy 6p 6-9 Stockbridge 9-12 Eagle's Landing 6p 19-1 (#1) Hebron Christian 8-13 Darlington 6p 5-3 Sumter County 7-11 Jordan 6p 7-6 Georgia Christian 7-9 Colquitt County 6p 5-7 Bethlehem Christian Academy 4-6 Athens Christian 6p 14-8 Ola 7-8 Heard County 6p 8-6 Victory Baptist 5-3 Providence Classical Christian 6p 0-10 Dougherty 4-13 Crisp County 6p 2-15 Stephens County 11-9 Pickens 6p 11-5 Harris County 14-4 Valdosta 6p 0-7 Community Christian 12-7 Scholars Guild Academy 6p 17-4 Riverwood 9-9 Starr's Mill 6p 10-9 Whitewater 16-6 Locust Grove 6p 10-8 Statesboro 7-4 Wayne County 6p 6-9 Loganville Christian Academy 4-9 Lakeview Academy 6p 8-4 Warner Robins 13-7 Brunswick 6p 2-4 Westminster Christian Academy 7-1 Piedmont Academy 6p 7-8 Mountain View 10-14 Walnut Grove 6p 0-3 Atlanta Jewish Academy 1-1T The New School 6:15p 8-1 Pinecrest Academy 4-9 Lanier Christian Academy 6:30p 2-3 Atlanta International 5-13 Mt. Bethel Christian Academy 6:30p 5-6 Drew Charter 12-4 Campbell 6:30p 4-9 Tattnall Square Academy 4-10 Strong Rock Christian 6:30p 5-4 Konos Academy 7-12 Creekside Christian Academy 6:30p 12-8 Kell 12-4 (#10) Pope 6:30p 9-2 Stratford Academy 11-6 First Presbyterian Day 6:30p 12-6 Rock Springs Christian Academy 4-4 New Creation Christian Academy 6:30p 2-3 CFCA 4-7 Mount de Sales Academy 6:30p 3-8 Fulton Science Academy 8-8 Dominion Christian 6:30p 4-8 Mitchell County 7-4 Early County 6:30p 10-6 Cook 10-5 Baker County 6:30p 4-14C Coretta Scott King YWLA 5-5 Banneker 6:30p 5-16 Tri-Cities 1-6 North Springs 6:30p 3-5 Calhoun County 9-5 Thomasville 6:30p 7-9 Carrollton 10-2 North Cobb Christian 6:30p 1-6 Holy Ground Baptist Academy 8-6 Harvester Christian Academy 6:30p 10-9 Lassiter 7-13 Rome 6:30p 18-3 Woodland 1-14 Sandy Creek 6:30p 3-6 Heathwood Hall Episcopal 4-4 Augusta Christian 6:30p 1-7 Scintilla Charter Academy 3-4 Madison County 6:30p 3-12 Temple 5-8 Taylor County 6:30p 3-15 Woodstock 13-8 Creekview 6:30p 5-11 Thomas County Central 10-3 Grace Christian Academy 6:30p 7-10 Union Grove 19-6 Armuchee 6:30p 15-2 (#11) Sequoyah 15-8 River Ridge 6:30p 11-12 Sonoraville 5-10 Adairsville 7p 8-4 Warner Robins 13-5 Tift County 7p 8-9 Long County 13-8 Bradwell Institute 7p 3-4 GSIC 15-3 Lake Oconee Academy 7p 8-5 Troup County 9-10 Columbus 7p 15-10 Calhoun 15-0 Bremen 7p 11-6 Habersham Central 13-7 Clarke Central 7p 10-10 Southeast Whitfield 4-16 North Murray 7p 1-10 Mays 0-6 Salem 7p 15-0 (#16) Savannah Christian 5-7 Vidalia 7p 9-4 Lamar County 3-10 Pike County 7p 2-3 Beaufort 8-4 Savannah Arts Academy 7p 10-14 Walnut Grove 10-13 Apalachee 7p 9-7 Landmark Christian 10-9-2 Druid Hills 7p 0-0 Ringgold 7-11 Dade County 7p 16-6 Murray County 4-16 North Murray 7p 8-15 Chestatee 3-12F Flowery Branch 7p 13-1 Gordon Lee 11-8 Pepperell 7p 4-16 Cross Creek 6-9 Butler 7p 14-8 Ola 12-8 Upson-Lee 7p 12-6 Heritage 9-4C CSLA 6p 7-10 Rabun County 5-9 Johnson 7p 4-8 Oakwood Christian 6-16 Ridgeland 7p 17-7 Dunwoody 15-4 Jefferson 7p 8-12 Newnan 8-10 East Coweta 7p 9-5 Grovetown 5-7 Aquinas 7p 10-0 Fideles Christian 10-4 The King's Academy 7p 4-11 Woodland 11-8 Pepperell 7p 4-13 Columbia 8-12 Eastside 7p 10-8 Statesboro 3-14 Evans 7p 8-10 Lakeview-Fort Oglethorpe 17-4 LaFayette 7p 19-1 (#1) Hebron Christian 6-10 Allatoona 7p 13-7 Ringgold 7-11 Dade County 7p 10-2 FBCA 5-8 Appling County 7p 15-10 Madison County 14-8 Elbert County 7p 0-11 West Hall 8-6 Monroe Area 7p 15-6 South Effingham 6-7 Islands 7p 5-10 Oglethorpe County 4-13 Cedar Shoals 7p 1-8 Savannah 12-4 St. Vincent's 7p 2-13 RCTCM 12-7 Davidson Fine Arts 7p 10-7 Camden County 5-3-3 Cross 7p 6-9 Commerce 8-8 Banks County 7p 11-7 Morrow 9-6-2 Decatur 7p 6-5 St. Mary's Academy 1-10 Northwest Classical Academy 7p 7-6 Georgia Christian 4-10 Ware County 7p 6-11 Jenkins 9-8 Savannah Country Day 7p 12-5 East Jackson 16-8 Oconee County 7p 17-6 Chamblee 9-7 North Gwinnett 7p 10-9 (#21) Alpharetta 7-6 Pace Academy 7p 8-6 Southeast Bulloch 5-9 New Hampstead 7p 8-15 Chestatee 15-7 Lumpkin County 7p 4-14 St. Anne-Pacelli 9-2 Calvary Christian 7p 4-9 Woodville-Tompkins 3-12 Tattnall County 7p 0-11 Johnson 3-8 Toombs County 7p 0-6 Luella 9-5 Hampton 7p 1-3 Smiths Station 11-5 Hardaway 7p 4-15 Jasper County 3-9 Washington-Wilkes 7p 0-13 Spalding 12-7 Houston County 7p 4-9 Savannah Classical Academy 13-3 Liberty County 7p 10-9 Whitewater 7-8 Dutchtown 7p 0-14 Cass 11-9 Pickens 7p 5-12 Duluth 4-14 Centennial 7p 8-8-2 Lakeside 9-10 Norcross 7p 17-4 Riverwood 15-3 (#9) McIntosh 7p 1-14 Sandy Creek 1-17 Riverdale 7:30p 10-5 Baker County 0-5 Randolph-Clay 7:30p 3-5 Calhoun County 0-9 Quitman County 7:30p 5-5 Banneker 4-5 South Atlanta 7:30p 6-7 North Clayton 4-12 McDonough 7:30p 10-2 North Cobb Christian 16-6 (#19) North Paulding 7:30p 1-6 North Springs 9-11 Osborne 7:30p 11-4 Chapel Hill 12-8 Villa Rica 7:30p 2-3 Atlanta International 12-8 Walker 7:30p 15-8 Model 3-15 Unity Christian 7:30p 6-5-1 Cross Keys 4-12-1 Clarkston 7:30p 0-6 Luella 9-19 Fayette County 7:30p 7-10 Union Grove 6-7 Elite Scholars Academy 7:30p 4-8 Mitchell County 6-11 Brooks County 7:30p 2-8 Central Christian 3-2 Ballard Christian 6:30p 8-12 Newnan 7-11 Northgate 8p 7-8 Dutchtown 16-6 Locust Grove 8p 5-7 Windsor Forest 5-9 New Hampstead 9-12 Gainesville 12-9 White County 13-5 East Paulding 1-9 Hiram 0-0 Oneonta 16-4 North Hall 3-11 KIPP Atlanta Collegiate 6-3 The Weber School 4-14C Coretta Scott King YWLA 4-5 South Atlanta 15-9 ACE 10-7 Perry 3-15 McEachern 4-10 New Manchester 3-4 Carver 1-10 Mays 1-10 Mays 11-3 Therrell 5-15 Chattahoochee 3-15 Cherokee 1-10 Mays 1-11 Douglass 3-12 Temple 3-9 Spencer 11-16 Fannin County 12-9 White County 5-5 Carver 15-9 ACE 0-14 Cass 2-15 Stephens County 1-12 Mundy's Mill 4-18 Forest Park 9-11 Douglas County 4-10 New Manchester 5-5 Carver 10-7 Perry 8-4 Arabia Mountain 15-1 Stephenson 17-6 Jackson County 4-13 Cedar Shoals 10-9 Southwest DeKalb 4-18 Forest Park 9-11 Douglas County 3-15 McEachern 8-4 Arabia Mountain 0-13 Lithonia 6-9 Stockbridge 2-14 Griffin 6-7 Lithia Springs 4-8 Langston Hughes 3-5 Northeast 7-4 Central 15-2 (#24) Archer 2-9 Newton 5-8 Redan 6-5-1 Cross Keys 5-12 Cherokee Bluff 8-6 Monroe Area 8-9 Long County 0-14 Groves 12-5 East Jackson 6-9 East Hall 11-4 Chapel Hill 5-8 Haralson County 4-9 Woodville-Tompkins 2-4 Beach 9-12 Gainesville 11-16 Fannin County 2-7 M.L. King 6-8 Miller Grove 3-4 Carver 1-11 Douglass 3-8 Cedar Grove 3-10 Stone Mountain 5-7 Windsor Forest V Varsity Opponent 7-8 Mountain View 10-13 Apalachee 10-9 Southwest DeKalb 1-12 Mundy's Mill"
1288,ga,"Georgia",Volleyball,"9-1 Valwood 14-4 Sherwood Christian Academy 2p"
1289,ga,"Georgia",Volleyball,"12-9 North Cobb 5-0 Viera 3:15p"
1290,ga,"Georgia",Volleyball,"4-7 Colquitt Christian Academy 0-3 Atkinson County 4p"
1291,ga,"Georgia",Volleyball,"6-3 Heritage Preparatory 1-1T The New School 4:30p"
1292,ga,"Georgia",Volleyball,"2-9 Cristo Rey Atlanta 6-3 The Weber School 4:30p"
1293,ga,"Georgia",Volleyball,"5-1 Philadelphia Christian School 0-5 Foundation Christian 4:30p"
1294,ga,"Georgia",Volleyball,"1-1 Highlands Christian 16-4 North Hall 4:30p"
1295,ga,"Georgia",Volleyball,"0-0 Oneonta 7-9 King's Ridge Christian 4:30p"
1296,ga,"Georgia",Volleyball,"0-0 The Oaks School 0-1 Springwood 3:55p"
1297,ga,"Georgia",Volleyball,"6-9 East Hall 16-8 Oconee County 5p"
1298,ga,"Georgia",Volleyball,"11-4 (#23) Johns Creek 9-10 Norcross 5p"
1299,ga,"Georgia",Volleyball,"11-0 Burke County 6-9 Butler 5p"
1300,ga,"Georgia",Volleyball,"1-11 Alcovy 8-12 Eastside 5p"
1301,ga,"Georgia",Volleyball,"4-11 Trion 11-10 Cedartown 5p"
1302,ga,"Georgia",Volleyball,"7-17 Gilmer 17-4 LaFayette 5p"
1303,ga,"Georgia",Volleyball,"14-3 Lowndes 19-3 Veterans 5p"
1304,ga,"Georgia",Volleyball,"9-9 Alexander 15-0 Bremen 5p"
1305,ga,"Georgia",Volleyball,"2-4 Beach 3-12 Tattnall County 5p"
1306,ga,"Georgia",Volleyball,"4-1 Lighthouse Christian 7-9 Colquitt County 5p"
1307,ga,"Georgia",Volleyball,"7-13 Mill Creek 6-10 Greater Atlanta Christian 5p"
1308,ga,"Georgia",Volleyball,"1-11 McIntosh County Academy 12-4 St. Vincent's 5p"
1309,ga,"Georgia",Volleyball,"0-6 St. George's 9-4 Oak Mountain Academy 5p"
1310,ga,"Georgia",Volleyball,"8-10 Hart County 15-4 Jefferson 5p"
1311,ga,"Georgia",Volleyball,"12-11 Paulding County 1-9 Hiram 5p"
1312,ga,"Georgia",Volleyball,"17-4 Chattooga 5-10 Adairsville 5p"
1313,ga,"Georgia",Volleyball,"10-8 Wesleyan 16-2 (#15) Brookwood 5p"
1314,ga,"Georgia",Volleyball,"21-3 (#12) Westminster 11-5 Holy Innocents Episcopal 5p"
1315,ga,"Georgia",Volleyball,"11-6 Pierce County 6-7 Islands 5p"
1316,ga,"Georgia",Volleyball,"8-13 Darlington 6-10 Allatoona 5p"
1317,ga,"Georgia",Volleyball,"0-0 Josey 15-3 Lake Oconee Academy 5p"
1318,ga,"Georgia",Volleyball,"7-4 Wayne County 3-14 Evans 5p"
1319,ga,"Georgia",Volleyball,"5-7 Aquinas 12-3 Westminster Schools of Augusta 5p"
1320,ga,"Georgia",Volleyball,"7-8 Brantley County 5-8 Appling County 5p"
1321,ga,"Georgia",Volleyball,"9-12 Eagle's Landing 2-14 Griffin 5p"
1322,ga,"Georgia",Volleyball,"17-6 Athens Academy 8-8 Banks County 5p"
1323,ga,"Georgia",Volleyball,"V Varsity Opponent 4-6 Heritage Christian Academy 5p"
1324,ga,"Georgia",Volleyball,"11-5 Harris County 10-12 Lee County 5p"
1325,ga,"Georgia",Volleyball,"14-4 Valdosta 10-12 Lee County 5p"
1326,ga,"Georgia",Volleyball,"10-7 Camden County 8-4 Savannah Arts Academy 5p"
1327,ga,"Georgia",Volleyball,"1-3 Friendship Christian 0-12 Valor Christian 5p"
1328,ga,"Georgia",Volleyball,"9-8 Jackson 3-10 Pike County 5p"
1329,ga,"Georgia",Volleyball,"0-6 Salem 11-3 Therrell 5p"
1330,ga,"Georgia",Volleyball,"10-12 St. Francis 18-3 (#3) Milton 5p"
1331,ga,"Georgia",Volleyball,"12-6 Grayson 12-7 South Gwinnett 5p"
1332,ga,"Georgia",Volleyball,"5-5 Galloway 10-9-2 Druid Hills 5p"
1333,ga,"Georgia",Volleyball,"13-7 Brunswick 13-5 Tift County 5p"
1334,ga,"Georgia",Volleyball,"16-2 Greenbrier 14-8 Elbert County 5p"
1335,ga,"Georgia",Volleyball,"14-9 Coahulla Creek 7-11 Dade County 5p"
1336,ga,"Georgia",Volleyball,"2-16 Meadowcreek 4-16 Peachtree Ridge 5p"
1337,ga,"Georgia",Volleyball,"13-7 Etowah 11-5 Holy Innocents Episcopal 5p"
1338,ga,"Georgia",Volleyball,"7-8 Heard County 12-8 Upson-Lee 5p"
1339,ga,"Georgia",Volleyball,"4-3 Lafayette Christian 4-10 Central Georgia Arts 5p"
1340,ga,"Georgia",Volleyball,"4-4 Killian Hill Christian 7-4G Genesis Academy 5p"
1341,ga,"Georgia",Volleyball,"1-20 Northview 4-14 Centennial 5p"
1342,ga,"Georgia",Volleyball,"14-7 Northside 12-7 Houston County 5p"
1343,ga,"Georgia",Volleyball,"8-10 Drew 4-10 Lovejoy 5p"
1344,ga,"Georgia",Volleyball,"6-9 Northside 17-5 Jones County 5p"
1345,ga,"Georgia",Volleyball,"6-9 LaGrange 9-10 Columbus 5p"
1346,ga,"Georgia",Volleyball,"10-7 Richmond Academy 12-7 Davidson Fine Arts 5p"
1347,ga,"Georgia",Volleyball,"0-18 Dalton Academy 6-16 Ridgeland 5p"
1348,ga,"Georgia",Volleyball,"0-7 Glenn Hills 3-9 Washington-Wilkes 5p"
1349,ga,"Georgia",Volleyball,"12-6 (#22) Buford 5-17 Central Gwinnett 5p"
1350,ga,"Georgia",Volleyball,"4-2 Peachtree Baptist Academy 4-5 Eastgate Life Academy 5p"
1351,ga,"Georgia",Volleyball,"8-10 North Atlanta 7-6 Pace Academy 5p"
1352,ga,"Georgia",Volleyball,"15-7 Lumpkin County 3-12F Flowery Branch 5p"
1353,ga,"Georgia",Volleyball,"14-1 St. Andrew's 0-6 Coastal HomeSchool 5p"
1354,ga,"Georgia",Volleyball,"9-9 Starr's Mill 15-3 (#9) McIntosh 5p"
1355,ga,"Georgia",Volleyball,"5-2 Wayne Christian Academy 0-3 Bible Baptist Christian 5p"
1356,ga,"Georgia",Volleyball,"16-14 Loganville 13-7 Clarke Central 5p"
1357,ga,"Georgia",Volleyball,"0-5 Frederica Academy 9-8 Savannah Country Day 5p"
1358,ga,"Georgia",Volleyball,"20-4 (#13) Seckinger 5-15 Dacula 5p"
1359,ga,"Georgia",Volleyball,"11-11 Discovery 7-11 Collins Hill 5p"
1360,ga,"Georgia",Volleyball,"5-4 Calvary Day 5-7 Vidalia 5p"
1361,ga,"Georgia",Volleyball,"1-3 Smiths Station 11-7 Shaw 5p"
1362,ga,"Georgia",Volleyball,"8-15 Winder-Barrow 5-9 Johnson 5p"
1363,ga,"Georgia",Volleyball,"10-7 Bryan County 13-3 Liberty County 5p"
1364,ga,"Georgia",Volleyball,"8-1 Trinity Christian 9-2 (#5) Woodward Academy 5p"
1365,ga,"Georgia",Volleyball,"16-6 Murray County 10-10 Southeast Whitfield 5p"
1366,ga,"Georgia",Volleyball,"16-7 East Forsyth 9-7 North Gwinnett 5p"
1367,ga,"Georgia",Volleyball,"6-9 Callaway 7-4 Central 5p"
1368,ga,"Georgia",Volleyball,"9-5 Thomasville 0-9 Quitman County 5:30p"
1369,ga,"Georgia",Volleyball,"5-8 Haralson County 12-8 Villa Rica 5:30p"
1370,ga,"Georgia",Volleyball,"10-5 Covenant Christian Academy 9-2 NGCA 5:30p"
1371,ga,"Georgia",Volleyball,"5-3 Sumter County 3-7 Chattahoochee County 5:30p"
1372,ga,"Georgia",Volleyball,"2-9 Cristo Rey Atlanta 3-11 KIPP Atlanta Collegiate 5:30p"
1373,ga,"Georgia",Volleyball,"0-2 Stewart County 2-7 Central 5:30p"
1374,ga,"Georgia",Volleyball,"5-16 Tri-Cities 9-11 Osborne 5:30p"
1375,ga,"Georgia",Volleyball,"7-9 Carrollton 16-6 (#19) North Paulding 5:30p"
1376,ga,"Georgia",Volleyball,"9-5 Hampton 9-19 Fayette County 5:30p"
1377,ga,"Georgia",Volleyball,"1-7 Covenant Academy 2-5 Gatewood 5:30p"
1378,ga,"Georgia",Volleyball,"V Varsity Opponent 6-9 Augusta Eagles 5:30p"
1379,ga,"Georgia",Volleyball,"8-4 Mt. Zion 4-12 McDonough 5:30p"
1380,ga,"Georgia",Volleyball,"5-8 Redan 4-12-1 Clarkston 5:30p"
1381,ga,"Georgia",Volleyball,"11-10 Coosa 10-12 Rockmart 5:30p"
1382,ga,"Georgia",Volleyball,"8-4 Mt. Zion 6-7 North Clayton 5:30p"
1383,ga,"Georgia",Volleyball,"18-3 Woodland 1-17 Riverdale 5:30p"
1384,ga,"Georgia",Volleyball,"4-5 Holy Spirit Prep 8-11 Atlanta Classical Academy 5:30p"
1385,ga,"Georgia",Volleyball,"7-4 Early County 6-11 Brooks County 5:30p"
1386,ga,"Georgia",Volleyball,"5-13 Mt. Bethel Christian Academy 12-8 Walker 5:30p"
1387,ga,"Georgia",Volleyball,"7-9 Colquitt County 4-10 Ware County 5:30p"
1388,ga,"Georgia",Volleyball,"5-8 Hapeville Charter 3-5 Creekside 5:30p"
1389,ga,"Georgia",Volleyball,"11-12 Pebblebrook 9-8 Jonesboro 5:30p"
1390,ga,"Georgia",Volleyball,"19-6 Armuchee 6-7 Elite Scholars Academy 5:30p"
1391,ga,"Georgia",Volleyball,"3-4 Trinity Christian 8-9 The Habersham School 5:30p"
1392,ga,"Georgia",Volleyball,"10-6 Cook 0-5 Randolph-Clay 5:30p"
1393,ga,"Georgia",Volleyball,"4-10 Heritage 6-5 Rockdale County 5:30p"
1394,ga,"Georgia",Volleyball,"3-9 Spencer 5-8 Taylor County 5:30p"
1395,ga,"Georgia",Volleyball,"0-0C Crossroads Christian Academy 2-2 The Stonehaven School 5:45p"
1396,ga,"Georgia",Volleyball,"10-7 Camden County 2-3 Beaufort 6p"
1397,ga,"Georgia",Volleyball,"4-11 Woodland 13-1 Gordon Lee 6p"
1398,ga,"Georgia",Volleyball,"6-11 Jenkins 0-5 Frederica Academy 6p"
1399,ga,"Georgia",Volleyball,"0-1 Arlington Christian 1-3F Family Homeschool Alliance 6p"
1400,ga,"Georgia",Volleyball,"5-12 Cherokee Bluff 0-11 West Hall 6p"
1401,ga,"Georgia",Volleyball,"8-10 North Atlanta 10-9 (#21) Alpharetta 6p"
1402,ga,"Georgia",Volleyball,"11-12 Sonoraville 17-4 Chattooga 6p"
1403,ga,"Georgia",Volleyball,"6-9 Commerce 17-6 Athens Academy 6p"
1404,ga,"Georgia",Volleyball,"10-7 South Cobb 1-20 Northview 6p"
1405,ga,"Georgia",Volleyball,"5-2 Griffin Christian 0-3 The Campus 6p"
1406,ga,"Georgia",Volleyball,"17-7 Dunwoody 8-10 Hart County 6p"
1407,ga,"Georgia",Volleyball,"15-10 Calhoun 9-9 Alexander 6p"
1408,ga,"Georgia",Volleyball,"17-6 Jackson County 5-10 Oglethorpe County 6p"
1409,ga,"Georgia",Volleyball,"0-14 Groves 13-8 Bradwell Institute 6p"
1410,ga,"Georgia",Volleyball,"8-8-2 Lakeside 11-4 (#23) Johns Creek 6p"
1411,ga,"Georgia",Volleyball,"5-14 Social Circle 1-6 Peachtree Academy 6p"
1412,ga,"Georgia",Volleyball,"5-4 Calvary Day 15-0 (#16) Savannah Christian 6p"
1413,ga,"Georgia",Volleyball,"4-9 Savannah Classical Academy 10-7 Bryan County 6p"
1414,ga,"Georgia",Volleyball,"11-0 Burke County 4-16 Cross Creek 6p"
1415,ga,"Georgia",Volleyball,"12-11 Paulding County 13-5 East Paulding 6p"
1416,ga,"Georgia",Volleyball,"4-2 Covenant Christian School 0-2 Excel Christian Academy 6p"
1417,ga,"Georgia",Volleyball,"0-13 Spalding 14-7 Northside 6p"
1418,ga,"Georgia",Volleyball,"1-11 Alcovy 4-13 Columbia 6p"
1419,ga,"Georgia",Volleyball,"15-10 Madison County 16-2 Greenbrier 6p"
1420,ga,"Georgia",Volleyball,"0-3 Georgia School for the Deaf 0-0 Tennessee School for the Deaf 5p"
1421,ga,"Georgia",Volleyball,"14-3 Brookstone 4-5 Heritage 6p"
1422,ga,"Georgia",Volleyball,"5-9 Howard 6-9 Northside 6p"
1423,ga,"Georgia",Volleyball,"3-7 Brunswick Christian Academy 4-5 Savannah Athletic Association 6p"
1424,ga,"Georgia",Volleyball,"8-10 Lakeview-Fort Oglethorpe 7-17 Gilmer 6p"
1425,ga,"Georgia",Volleyball,"0-7 Glenn Hills 4-15 Jasper County 6p"
1426,ga,"Georgia",Volleyball,"9-4 Lamar County 9-8 Jackson 6p"
1427,ga,"Georgia",Volleyball,"8-0 Byne Christian 0-5A ALCA 6p"
1428,ga,"Georgia",Volleyball,"12-8 Tallulah Falls 13-12 George Walton Academy 6p"
1429,ga,"Georgia",Volleyball,"11-6 Pierce County 15-6 South Effingham 6p"
1430,ga,"Georgia",Volleyball,"8-10 East Coweta 7-11 Northgate 6p"
1431,ga,"Georgia",Volleyball,"11-5 Hardaway 11-7 Shaw 6p"
1432,ga,"Georgia",Volleyball,"14-9 Coahulla Creek 13-7 Ringgold 6p"
1433,ga,"Georgia",Volleyball,"8-15 Winder-Barrow 7-10 Rabun County 6p"
1434,ga,"Georgia",Volleyball,"1-8 Savannah 1-11 McIntosh County Academy 6p"
1435,ga,"Georgia",Volleyball,"7-11 Jordan 3-7 Chattahoochee County 6p"
1436,ga,"Georgia",Volleyball,"21-3 (#12) Westminster 13-7 Etowah 6p"
1437,ga,"Georgia",Volleyball,"1-8 Monsignor Donovan Catholic 9-2 Trinity Prep 6p"
1438,ga,"Georgia",Volleyball,"15-1 Stephenson 0-13 Lithonia 6p"
1439,ga,"Georgia",Volleyball,"3-5 Northeast 6-9 Callaway 6p"
1440,ga,"Georgia",Volleyball,"17-6 Chamblee 16-7 East Forsyth 6p"
1441,ga,"Georgia",Volleyball,"11-9 South Paulding 4-4 Praise Academy 6p"
1442,ga,"Georgia",Volleyball,"2-19 Sprayberry 12-8 Hillgrove 6p"
1443,ga,"Georgia",Volleyball,"9-5 Grovetown 12-3 Westminster Schools of Augusta 6p"
1444,ga,"Georgia",Volleyball,"9-7 Landmark Christian 5-5 Galloway 6p"
1445,ga,"Georgia",Volleyball,"6-9 Horizon Christian Academy 7-5 St. John Bosco Academy 6p"
1446,ga,"Georgia",Volleyball,"1-20 Northview 5-12 Duluth 6p"
1447,ga,"Georgia",Volleyball,"1-8 Taylorsville 0-2 MSD 5p"
1448,ga,"Georgia",Volleyball,"14-10 South Forsyth 6-17 West Forsyth 6p"
1449,ga,"Georgia",Volleyball,"11-6 Habersham Central 16-14 Loganville 6p"
1450,ga,"Georgia",Volleyball,"1-6 Greene County 5-8 Hephzibah 6p"
1451,ga,"Georgia",Volleyball,"5-9 Howard 17-5 Jones County 6p"
1452,ga,"Georgia",Volleyball,"8-5 Troup County 6-9 LaGrange 6p"
1453,ga,"Georgia",Volleyball,"10-2 FBCA 7-8 Brantley County 6p"
1454,ga,"Georgia",Volleyball,"8-6 Southeast Bulloch 5-7 Windsor Forest 6p"
1455,ga,"Georgia",Volleyball,"18-2 (#6) North Forsyth 14-5 Forsyth Central 6p"
1456,ga,"Georgia",Volleyball,"11-6 Denmark 15-5 (#20) Lambert 6p"
1457,ga,"Georgia",Volleyball,"2-13 RCTCM 10-7 Richmond Academy 6p"
1458,ga,"Georgia",Volleyball,"6-9 Stockbridge 9-12 Eagle's Landing 6p"
1459,ga,"Georgia",Volleyball,"19-1 (#1) Hebron Christian 8-13 Darlington 6p"
1460,ga,"Georgia",Volleyball,"5-3 Sumter County 7-11 Jordan 6p"
1461,ga,"Georgia",Volleyball,"7-6 Georgia Christian 7-9 Colquitt County 6p"
1462,ga,"Georgia",Volleyball,"5-7 Bethlehem Christian Academy 4-6 Athens Christian 6p"
1463,ga,"Georgia",Volleyball,"14-8 Ola 7-8 Heard County 6p"
1464,ga,"Georgia",Volleyball,"8-6 Victory Baptist 5-3 Providence Classical Christian 6p"
1465,ga,"Georgia",Volleyball,"0-10 Dougherty 4-13 Crisp County 6p"
1466,ga,"Georgia",Volleyball,"2-15 Stephens County 11-9 Pickens 6p"
1467,ga,"Georgia",Volleyball,"11-5 Harris County 14-4 Valdosta 6p"
1468,ga,"Georgia",Volleyball,"0-7 Community Christian 12-7 Scholars Guild Academy 6p"
1469,ga,"Georgia",Volleyball,"17-4 Riverwood 9-9 Starr's Mill 6p"
1470,ga,"Georgia",Volleyball,"10-9 Whitewater 16-6 Locust Grove 6p"
1471,ga,"Georgia",Volleyball,"10-8 Statesboro 7-4 Wayne County 6p"
1472,ga,"Georgia",Volleyball,"6-9 Loganville Christian Academy 4-9 Lakeview Academy 6p"
1473,ga,"Georgia",Volleyball,"8-4 Warner Robins 13-7 Brunswick 6p"
1474,ga,"Georgia",Volleyball,"2-4 Westminster Christian Academy 7-1 Piedmont Academy 6p"
1475,ga,"Georgia",Volleyball,"7-8 Mountain View 10-14 Walnut Grove 6p"
1476,ga,"Georgia",Volleyball,"0-3 Atlanta Jewish Academy 1-1T The New School 6:15p"
1477,ga,"Georgia",Volleyball,"8-1 Pinecrest Academy 4-9 Lanier Christian Academy 6:30p"
1478,ga,"Georgia",Volleyball,"2-3 Atlanta International 5-13 Mt. Bethel Christian Academy 6:30p"
1479,ga,"Georgia",Volleyball,"5-6 Drew Charter 12-4 Campbell 6:30p"
1480,ga,"Georgia",Volleyball,"4-9 Tattnall Square Academy 4-10 Strong Rock Christian 6:30p"
1481,ga,"Georgia",Volleyball,"5-4 Konos Academy 7-12 Creekside Christian Academy 6:30p"
1482,ga,"Georgia",Volleyball,"12-8 Kell 12-4 (#10) Pope 6:30p"
1483,ga,"Georgia",Volleyball,"9-2 Stratford Academy 11-6 First Presbyterian Day 6:30p"
1484,ga,"Georgia",Volleyball,"12-6 Rock Springs Christian Academy 4-4 New Creation Christian Academy 6:30p"
1485,ga,"Georgia",Volleyball,"2-3 CFCA 4-7 Mount de Sales Academy 6:30p"
1486,ga,"Georgia",Volleyball,"3-8 Fulton Science Academy 8-8 Dominion Christian 6:30p"
1487,ga,"Georgia",Volleyball,"4-8 Mitchell County 7-4 Early County 6:30p"
1488,ga,"Georgia",Volleyball,"10-6 Cook 10-5 Baker County 6:30p"
1489,ga,"Georgia",Volleyball,"4-14C Coretta Scott King YWLA 5-5 Banneker 6:30p"
1490,ga,"Georgia",Volleyball,"5-16 Tri-Cities 1-6 North Springs 6:30p"
1491,ga,"Georgia",Volleyball,"3-5 Calhoun County 9-5 Thomasville 6:30p"
1492,ga,"Georgia",Volleyball,"7-9 Carrollton 10-2 North Cobb Christian 6:30p"
1493,ga,"Georgia",Volleyball,"1-6 Holy Ground Baptist Academy 8-6 Harvester Christian Academy 6:30p"
1494,ga,"Georgia",Volleyball,"10-9 Lassiter 7-13 Rome 6:30p"
1495,ga,"Georgia",Volleyball,"18-3 Woodland 1-14 Sandy Creek 6:30p"
1496,ga,"Georgia",Volleyball,"3-6 Heathwood Hall Episcopal 4-4 Augusta Christian 6:30p"
1497,ga,"Georgia",Volleyball,"1-7 Scintilla Charter Academy 3-4 Madison County 6:30p"
1498,ga,"Georgia",Volleyball,"3-12 Temple 5-8 Taylor County 6:30p"
1499,ga,"Georgia",Volleyball,"3-15 Woodstock 13-8 Creekview 6:30p"
1500,ga,"Georgia",Volleyball,"5-11 Thomas County Central 10-3 Grace Christian Academy 6:30p"
1501,ga,"Georgia",Volleyball,"7-10 Union Grove 19-6 Armuchee 6:30p"
1502,ga,"Georgia",Volleyball,"15-2 (#11) Sequoyah 15-8 River Ridge 6:30p"
1503,ga,"Georgia",Volleyball,"11-12 Sonoraville 5-10 Adairsville 7p"
1504,ga,"Georgia",Volleyball,"8-4 Warner Robins 13-5 Tift County 7p"
1505,ga,"Georgia",Volleyball,"8-9 Long County 13-8 Bradwell Institute 7p"
1506,ga,"Georgia",Volleyball,"3-4 GSIC 15-3 Lake Oconee Academy 7p"
1507,ga,"Georgia",Volleyball,"8-5 Troup County 9-10 Columbus 7p"
1508,ga,"Georgia",Volleyball,"15-10 Calhoun 15-0 Bremen 7p"
1509,ga,"Georgia",Volleyball,"11-6 Habersham Central 13-7 Clarke Central 7p"
1510,ga,"Georgia",Volleyball,"10-10 Southeast Whitfield 4-16 North Murray 7p"
1511,ga,"Georgia",Volleyball,"1-10 Mays 0-6 Salem 7p"
1512,ga,"Georgia",Volleyball,"15-0 (#16) Savannah Christian 5-7 Vidalia 7p"
1513,ga,"Georgia",Volleyball,"9-4 Lamar County 3-10 Pike County 7p"
1514,ga,"Georgia",Volleyball,"2-3 Beaufort 8-4 Savannah Arts Academy 7p"
1515,ga,"Georgia",Volleyball,"10-14 Walnut Grove 10-13 Apalachee 7p"
1516,ga,"Georgia",Volleyball,"9-7 Landmark Christian 10-9-2 Druid Hills 7p"
1517,ga,"Georgia",Volleyball,"0-0 Ringgold 7-11 Dade County 7p"
1518,ga,"Georgia",Volleyball,"16-6 Murray County 4-16 North Murray 7p"
1519,ga,"Georgia",Volleyball,"8-15 Chestatee 3-12F Flowery Branch 7p"
1520,ga,"Georgia",Volleyball,"13-1 Gordon Lee 11-8 Pepperell 7p"
1521,ga,"Georgia",Volleyball,"4-16 Cross Creek 6-9 Butler 7p"
1522,ga,"Georgia",Volleyball,"14-8 Ola 12-8 Upson-Lee 7p"
1523,ga,"Georgia",Volleyball,"12-6 Heritage 9-4C CSLA 6p"
1524,ga,"Georgia",Volleyball,"7-10 Rabun County 5-9 Johnson 7p"
1525,ga,"Georgia",Volleyball,"4-8 Oakwood Christian 6-16 Ridgeland 7p"
1526,ga,"Georgia",Volleyball,"17-7 Dunwoody 15-4 Jefferson 7p"
1527,ga,"Georgia",Volleyball,"8-12 Newnan 8-10 East Coweta 7p"
1528,ga,"Georgia",Volleyball,"9-5 Grovetown 5-7 Aquinas 7p"
1529,ga,"Georgia",Volleyball,"10-0 Fideles Christian 10-4 The King's Academy 7p"
1530,ga,"Georgia",Volleyball,"4-11 Woodland 11-8 Pepperell 7p"
1531,ga,"Georgia",Volleyball,"4-13 Columbia 8-12 Eastside 7p"
1532,ga,"Georgia",Volleyball,"10-8 Statesboro 3-14 Evans 7p"
1533,ga,"Georgia",Volleyball,"8-10 Lakeview-Fort Oglethorpe 17-4 LaFayette 7p"
1534,ga,"Georgia",Volleyball,"19-1 (#1) Hebron Christian 6-10 Allatoona 7p"
1535,ga,"Georgia",Volleyball,"13-7 Ringgold 7-11 Dade County 7p"
1536,ga,"Georgia",Volleyball,"10-2 FBCA 5-8 Appling County 7p"
1537,ga,"Georgia",Volleyball,"15-10 Madison County 14-8 Elbert County 7p"
1538,ga,"Georgia",Volleyball,"0-11 West Hall 8-6 Monroe Area 7p"
1539,ga,"Georgia",Volleyball,"15-6 South Effingham 6-7 Islands 7p"
1540,ga,"Georgia",Volleyball,"5-10 Oglethorpe County 4-13 Cedar Shoals 7p"
1541,ga,"Georgia",Volleyball,"1-8 Savannah 12-4 St. Vincent's 7p"
1542,ga,"Georgia",Volleyball,"2-13 RCTCM 12-7 Davidson Fine Arts 7p"
1543,ga,"Georgia",Volleyball,"10-7 Camden County 5-3-3 Cross 7p"
1544,ga,"Georgia",Volleyball,"6-9 Commerce 8-8 Banks County 7p"
1545,ga,"Georgia",Volleyball,"11-7 Morrow 9-6-2 Decatur 7p"
1546,ga,"Georgia",Volleyball,"6-5 St. Mary's Academy 1-10 Northwest Classical Academy 7p"
1547,ga,"Georgia",Volleyball,"7-6 Georgia Christian 4-10 Ware County 7p"
1548,ga,"Georgia",Volleyball,"6-11 Jenkins 9-8 Savannah Country Day 7p"
1549,ga,"Georgia",Volleyball,"12-5 East Jackson 16-8 Oconee County 7p"
1550,ga,"Georgia",Volleyball,"17-6 Chamblee 9-7 North Gwinnett 7p"
1551,ga,"Georgia",Volleyball,"10-9 (#21) Alpharetta 7-6 Pace Academy 7p"
1552,ga,"Georgia",Volleyball,"8-6 Southeast Bulloch 5-9 New Hampstead 7p"
1553,ga,"Georgia",Volleyball,"8-15 Chestatee 15-7 Lumpkin County 7p"
1554,ga,"Georgia",Volleyball,"4-14 St. Anne-Pacelli 9-2 Calvary Christian 7p"
1555,ga,"Georgia",Volleyball,"4-9 Woodville-Tompkins 3-12 Tattnall County 7p"
1556,ga,"Georgia",Volleyball,"0-11 Johnson 3-8 Toombs County 7p"
1557,ga,"Georgia",Volleyball,"0-6 Luella 9-5 Hampton 7p"
1558,ga,"Georgia",Volleyball,"1-3 Smiths Station 11-5 Hardaway 7p"
1559,ga,"Georgia",Volleyball,"4-15 Jasper County 3-9 Washington-Wilkes 7p"
1560,ga,"Georgia",Volleyball,"0-13 Spalding 12-7 Houston County 7p"
1561,ga,"Georgia",Volleyball,"4-9 Savannah Classical Academy 13-3 Liberty County 7p"
1562,ga,"Georgia",Volleyball,"10-9 Whitewater 7-8 Dutchtown 7p"
1563,ga,"Georgia",Volleyball,"0-14 Cass 11-9 Pickens 7p"
1564,ga,"Georgia",Volleyball,"5-12 Duluth 4-14 Centennial 7p"
1565,ga,"Georgia",Volleyball,"8-8-2 Lakeside 9-10 Norcross 7p"
1566,ga,"Georgia",Volleyball,"17-4 Riverwood 15-3 (#9) McIntosh 7p"
1567,ga,"Georgia",Volleyball,"1-14 Sandy Creek 1-17 Riverdale 7:30p"
1568,ga,"Georgia",Volleyball,"10-5 Baker County 0-5 Randolph-Clay 7:30p"
1569,ga,"Georgia",Volleyball,"3-5 Calhoun County 0-9 Quitman County 7:30p"
1570,ga,"Georgia",Volleyball,"5-5 Banneker 4-5 South Atlanta 7:30p"
1571,ga,"Georgia",Volleyball,"6-7 North Clayton 4-12 McDonough 7:30p"
1572,ga,"Georgia",Volleyball,"10-2 North Cobb Christian 16-6 (#19) North Paulding 7:30p"
1573,ga,"Georgia",Volleyball,"1-6 North Springs 9-11 Osborne 7:30p"
1574,ga,"Georgia",Volleyball,"11-4 Chapel Hill 12-8 Villa Rica 7:30p"
1575,ga,"Georgia",Volleyball,"2-3 Atlanta International 12-8 Walker 7:30p"
1576,ga,"Georgia",Volleyball,"15-8 Model 3-15 Unity Christian 7:30p"
1577,ga,"Georgia",Volleyball,"6-5-1 Cross Keys 4-12-1 Clarkston 7:30p"
1578,ga,"Georgia",Volleyball,"0-6 Luella 9-19 Fayette County 7:30p"
1579,ga,"Georgia",Volleyball,"7-10 Union Grove 6-7 Elite Scholars Academy 7:30p"
1580,ga,"Georgia",Volleyball,"4-8 Mitchell County 6-11 Brooks County 7:30p"
1581,ga,"Georgia",Volleyball,"2-8 Central Christian 3-2 Ballard Christian 6:30p"
1582,ga,"Georgia",Volleyball,"8-12 Newnan 7-11 Northgate 8p"
1583,ga,"Georgia",Volleyball,"7-8 Dutchtown 16-6 Locust Grove 8p"
1584,ga,"Georgia",Volleyball,"5-7 Windsor Forest 5-9 New Hampstead"
1585,ga,"Georgia",Volleyball,"9-12 Gainesville 12-9 White County"
1586,ga,"Georgia",Volleyball,"13-5 East Paulding 1-9 Hiram"
1587,ga,"Georgia",Volleyball,"0-0 Oneonta 16-4 North Hall"
1588,ga,"Georgia",Volleyball,"3-11 KIPP Atlanta Collegiate 6-3 The Weber School"
1589,ga,"Georgia",Volleyball,"4-14C Coretta Scott King YWLA 4-5 South Atlanta"
1590,ga,"Georgia",Volleyball,"15-9 ACE 10-7 Perry"
1591,ga,"Georgia",Volleyball,"3-15 McEachern 4-10 New Manchester"
1592,ga,"Georgia",Volleyball,"3-4 Carver 1-10 Mays"
1593,ga,"Georgia",Volleyball,"1-10 Mays 11-3 Therrell"
1594,ga,"Georgia",Volleyball,"5-15 Chattahoochee 3-15 Cherokee"
1595,ga,"Georgia",Volleyball,"1-10 Mays 1-11 Douglass"
1596,ga,"Georgia",Volleyball,"3-12 Temple 3-9 Spencer"
1597,ga,"Georgia",Volleyball,"11-16 Fannin County 12-9 White County"
1598,ga,"Georgia",Volleyball,"5-5 Carver 15-9 ACE"
1599,ga,"Georgia",Volleyball,"0-14 Cass 2-15 Stephens County"
1600,ga,"Georgia",Volleyball,"1-12 Mundy's Mill 4-18 Forest Park"
1601,ga,"Georgia",Volleyball,"9-11 Douglas County 4-10 New Manchester"
1602,ga,"Georgia",Volleyball,"5-5 Carver 10-7 Perry"
1603,ga,"Georgia",Volleyball,"8-4 Arabia Mountain 15-1 Stephenson"
1604,ga,"Georgia",Volleyball,"17-6 Jackson County 4-13 Cedar Shoals"
1605,ga,"Georgia",Volleyball,"10-9 Southwest DeKalb 4-18 Forest Park"
1606,ga,"Georgia",Volleyball,"9-11 Douglas County 3-15 McEachern"
1607,ga,"Georgia",Volleyball,"8-4 Arabia Mountain 0-13 Lithonia"
1608,ga,"Georgia",Volleyball,"6-9 Stockbridge 2-14 Griffin"
1609,ga,"Georgia",Volleyball,"6-7 Lithia Springs 4-8 Langston Hughes"
1610,ga,"Georgia",Volleyball,"3-5 Northeast 7-4 Central"
1611,ga,"Georgia",Volleyball,"15-2 (#24) Archer 2-9 Newton"
1612,ga,"Georgia",Volleyball,"5-8 Redan 6-5-1 Cross Keys"
1613,ga,"Georgia",Volleyball,"5-12 Cherokee Bluff 8-6 Monroe Area"
1614,ga,"Georgia",Volleyball,"8-9 Long County 0-14 Groves"
1615,ga,"Georgia",Volleyball,"12-5 East Jackson 6-9 East Hall"
1616,ga,"Georgia",Volleyball,"11-4 Chapel Hill 5-8 Haralson County"
1617,ga,"Georgia",Volleyball,"4-9 Woodville-Tompkins 2-4 Beach"
1618,ga,"Georgia",Volleyball,"9-12 Gainesville 11-16 Fannin County"
1619,ga,"Georgia",Volleyball,"2-7 M.L. King 6-8 Miller Grove"
1620,ga,"Georgia",Volleyball,"3-4 Carver 1-11 Douglass"
1621,ga,"Georgia",Volleyball,"3-8 Cedar Grove 3-10 Stone Mountain"
1622,ga,"Georgia",Volleyball,"5-7 Windsor Forest V Varsity Opponent"
1623,ga,"Georgia",Volleyball,"7-8 Mountain View 10-13 Apalachee"
1624,ga,"Georgia",Volleyball,"10-9 Southwest DeKalb 1-12 Mundy's Mill"
1625,ga,"Georgia",Volleyball,"Related ScoreboardsRegions 1A Region 11A Region 21A Region 31A Region 41A Region 51A Region 61A Region 71A Region 82A Region 12A Region 2 Associations Georgia Association of Private & Parochial SchoolsGeorgia High School AssociationGeorgia Independent Athletic AssociationGeorgia Volleyball Coaches Association Metros Albany, GaAtlantaAugustaMaconSavannah"
1626,ga,"Georgia",Volleyball,"Thursday, Sep. 3 3-0 Bishop Moore 4-0 (#4) Orangewood Christian 6p 7-0 (#22) Mother McAuley 5-2 Lincoln-Way East 5p 0-2 Berkeley Prep 7-0 (#21) Calvary Christian 6:30p 10-0 (#3) Assumption 10-3 Providence 7p 3-0 (#10) Harrisburg 1-1 Washington 6:30p 2-4 Avon 10-0 (#25) Hamilton Southeastern 7:30p 1-0 (#11) Torrey Pines 11-0 (#1) Sierra Canyon 5:30p 6-3 Mira Costa 6-0 (#2) Mater Dei 5:45p 1-0 (#13) Cathedral Catholic 6-6 Southeast Career Tech 7p 0-2 Lincoln Christian 6-0 (#15) Norris"
1627,ga,"Georgia",Volleyball,"3-0 Bishop Moore 4-0 (#4) Orangewood Christian 6p"
1628,ga,"Georgia",Volleyball,"7-0 (#22) Mother McAuley 5-2 Lincoln-Way East 5p"
1629,ga,"Georgia",Volleyball,"0-2 Berkeley Prep 7-0 (#21) Calvary Christian 6:30p"
1630,ga,"Georgia",Volleyball,"10-0 (#3) Assumption 10-3 Providence 7p"
1631,ga,"Georgia",Volleyball,"3-0 (#10) Harrisburg 1-1 Washington 6:30p"
1632,ga,"Georgia",Volleyball,"2-4 Avon 10-0 (#25) Hamilton Southeastern 7:30p"
1633,ga,"Georgia",Volleyball,"1-0 (#11) Torrey Pines 11-0 (#1) Sierra Canyon 5:30p"
1634,ga,"Georgia",Volleyball,"6-3 Mira Costa 6-0 (#2) Mater Dei 5:45p"
1635,ga,"Georgia",Volleyball,"1-0 (#13) Cathedral Catholic 6-6 Southeast Career Tech 7p"
1636,ga,"Georgia",Volleyball,"0-2 Lincoln Christian 6-0 (#15) Norris"
1637,hi,"Hawaii",Volleyball,"There are 19 matches for Hawaii volleyball on Thu, 9/3/2026. The featured matches are by Hawaii top ranked teams #2 Moanalua (Honolulu, HI) vs. Camarillo (CA), #14 Hawaii Baptist Academy (Honolulu, HI) vs. Oviedo (FL), and #15 Kahuku (HI) vs. Village Christian (Sun Valley, CA). The first match, #14 Hawaii Baptist Academy (Honolulu, HI) vs. Oviedo (FL), starts at 3p. Related Content Hawaii Girls Volleyball Stat LeadersHawaii Girls Volleyball PlayoffsHawaii Girls Volleyball Rankings Recent Hawaii Girls Volleyball HeadlinesVOLLEYBALL: Preseason All-AmericansVOLLEYBALL: Preseason MaxPreps Top 25 Hawaii High School Volleyball Schedule 19 Matches 2-5H (#14) Hawaii Baptist Academy 5-0 Oviedo 3p 3-7 (#15) Kahuku 1-3 Village Christian 4p console.log('MaxPrepsAds - createMark: Element Defined - leaderboard-banner-inc1');performance && performance.mark && performance.mark('MaxPrepsAds - Element Defined: leaderboard-banner-inc1'); 10-1 (#2) Moanalua 6-1 Camarillo 4p 0-0K Konawaena 5-6 Point Loma 4p 0-0 Ka'u 5-5 Redlands 4p 1-0 Hilo 6-6 Southeast Career Tech 5p 0-1 Pendleton 4-3 Kamehameha Kapalama 3p 3-7 (#15) Kahuku 4-3 Roseville 6p 3-7 (#15) Kahuku 1-10 Cypress 8p 0-0 Ka'u 4-3 Kamehameha Kapalama 5p 0-2K King Kekaulike 0-2 Baldwin 6:30p 1-0 Maui 1-1L Lahainaluna 6:30p 0-0 McKinley 0-1K Kaimuki 7p 0-0' 'Anuenue 0-1 Radford 7p 1-3 (#21) Kailua 1-0W Waialua 7p 0-2K Kaiser 0-0 Wai'anae 7p 0-1 'Aiea 1-5 (#18) Kalani 7p 9-6 Dana Hills 1-3W (#23) Waiakea 7p 5-5 Redlands 4-3 Kamehameha Kapalama 8p"
1638,hi,"Hawaii",Volleyball,"2-5H (#14) Hawaii Baptist Academy 5-0 Oviedo 3p"
1639,hi,"Hawaii",Volleyball,"3-7 (#15) Kahuku 1-3 Village Christian 4p"
1640,hi,"Hawaii",Volleyball,"10-1 (#2) Moanalua 6-1 Camarillo 4p"
1641,hi,"Hawaii",Volleyball,"0-0K Konawaena 5-6 Point Loma 4p"
1642,hi,"Hawaii",Volleyball,"0-0 Ka'u 5-5 Redlands 4p"
1643,hi,"Hawaii",Volleyball,"1-0 Hilo 6-6 Southeast Career Tech 5p"
1644,hi,"Hawaii",Volleyball,"0-1 Pendleton 4-3 Kamehameha Kapalama 3p"
1645,hi,"Hawaii",Volleyball,"3-7 (#15) Kahuku 4-3 Roseville 6p"
1646,hi,"Hawaii",Volleyball,"3-7 (#15) Kahuku 1-10 Cypress 8p"
1647,hi,"Hawaii",Volleyball,"0-0 Ka'u 4-3 Kamehameha Kapalama 5p"
1648,hi,"Hawaii",Volleyball,"0-2K King Kekaulike 0-2 Baldwin 6:30p"
1649,hi,"Hawaii",Volleyball,"1-0 Maui 1-1L Lahainaluna 6:30p"
1650,hi,"Hawaii",Volleyball,"0-0 McKinley 0-1K Kaimuki 7p"
1651,hi,"Hawaii",Volleyball,"0-0' 'Anuenue 0-1 Radford 7p"
1652,hi,"Hawaii",Volleyball,"1-3 (#21) Kailua 1-0W Waialua 7p"
1653,hi,"Hawaii",Volleyball,"0-2K Kaiser 0-0 Wai'anae 7p"
1654,hi,"Hawaii",Volleyball,"0-1 'Aiea 1-5 (#18) Kalani 7p"
1655,hi,"Hawaii",Volleyball,"9-6 Dana Hills 1-3W (#23) Waiakea 7p"
1656,hi,"Hawaii",Volleyball,"5-5 Redlands 4-3 Kamehameha Kapalama 8p"
1657,hi,"Hawaii",Volleyball,"Related ScoreboardsLeagues Big Island IInterscholastic LeagueKauaiMauiOahu EastOahu West Associations Hawaii High School Athletic Association Metros Honolulu"
1658,hi,"Hawaii",Volleyball,"Thursday, Sep. 3 3-0 Bishop Moore 4-0 (#4) Orangewood Christian 6p 7-0 (#22) Mother McAuley 5-2 Lincoln-Way East 5p 0-2 Berkeley Prep 7-0 (#21) Calvary Christian 6:30p 10-0 (#3) Assumption 10-3 Providence 7p 3-0 (#10) Harrisburg 1-1 Washington 6:30p 2-4 Avon 10-0 (#25) Hamilton Southeastern 7:30p 1-0 (#11) Torrey Pines 11-0 (#1) Sierra Canyon 5:30p 6-3 Mira Costa 6-0 (#2) Mater Dei 5:45p 1-0 (#13) Cathedral Catholic 6-6 Southeast Career Tech 7p 0-2 Lincoln Christian 6-0 (#15) Norris"
1659,hi,"Hawaii",Volleyball,"3-0 Bishop Moore 4-0 (#4) Orangewood Christian 6p"
1660,hi,"Hawaii",Volleyball,"7-0 (#22) Mother McAuley 5-2 Lincoln-Way East 5p"
1661,hi,"Hawaii",Volleyball,"0-2 Berkeley Prep 7-0 (#21) Calvary Christian 6:30p"
1662,hi,"Hawaii",Volleyball,"10-0 (#3) Assumption 10-3 Providence 7p"
1663,hi,"Hawaii",Volleyball,"3-0 (#10) Harrisburg 1-1 Washington 6:30p"
1664,hi,"Hawaii",Volleyball,"2-4 Avon 10-0 (#25) Hamilton Southeastern 7:30p"
1665,hi,"Hawaii",Volleyball,"1-0 (#11) Torrey Pines 11-0 (#1) Sierra Canyon 5:30p"
1666,hi,"Hawaii",Volleyball,"6-3 Mira Costa 6-0 (#2) Mater Dei 5:45p"
1667,hi,"Hawaii",Volleyball,"1-0 (#13) Cathedral Catholic 6-6 Southeast Career Tech 7p"
1668,hi,"Hawaii",Volleyball,"0-2 Lincoln Christian 6-0 (#15) Norris"
1669,id,"Idaho",Volleyball,"There are 53 matches for Idaho volleyball on Thu, 9/3/2026. The featured matches are by Idaho top ranked teams Thunder Ridge (Idaho Falls, ID) @ #1 Rigby (ID), Vallivue (Caldwell, ID) @ #2 The Ambrose School (Meridian, ID), and #24 Sandpoint (ID) @ #3 Coeur d'Alene (ID). The first match, #21 Mackay (ID) @ Leadore (ID), starts at 4p. Related Content Idaho Girls Volleyball Stat LeadersIdaho Girls Volleyball PlayoffsIdaho Girls Volleyball Rankings Recent Idaho Girls Volleyball HeadlinesVOLLEYBALL: Top 10 senior liberos Idaho High School Volleyball Schedule 53 Matches 4-0 (#21) Mackay 0-0L Leadore 4p 1-4 Taylor's Crossing 1-4 Watersprings 4p console.log('MaxPrepsAds - createMark: Element Defined - leaderboard-banner-inc1');performance && performance.mark && performance.mark('MaxPrepsAds - Element Defined: leaderboard-banner-inc1'); 5-6 (#25) Horseshoe Bend 0-2 Lewiston 4p 0-1 Raft River 2-1 American Falls 4:30p 0-1 Raft River 0-1 Rockland 5:30p 2-1 Troy 5-6 (#25) Horseshoe Bend 5:30p 0-2 American Heritage 1-4 Taylor's Crossing 5:30p 0-2 Riverstone International 2-2 Tri-Valley 6p 0-2 Genesis Prep Academy 2-0C Clark Fork 6p 0-5 Mountain Home 2-6 Jerome 6p 3-0 (#19) Coeur du Christ Academy V Varsity Opponent 6p 4-6 Borah 2-1 Timberline 6:30p 2-1 Vallivue 11-0 (#2) The Ambrose School 6:30p 6-4 Meridian 7-4 Kuna 6:30p 1-1 Caldwell 3-6 Gooding 6:30p 6-3 South Fremont 3-4 Firth 6:30p 3-0 (#8) Eagle 6-3 (#20) Middleton 6:30p 4-5 Capital 3-0 Owyhee 6:30p 3-4 Homedale 3-0 Parma 6:30p 7-3 (#9) Mountain View 3-5C Centennial 6:30p 1-2 Nampa Christian 3-7 Nampa 6:30p 0-1 Rockland 2-1 American Falls 6:30p 0-2 Gem State Adventist Academy 3-3 Centennial Baptist 7p 0-2 Clearwater Valley 0-3 Lapwai 7p 1-2 Boise 1-1 Rocky Mountain 7p 9-2 (#11) Pocatello 5-2 Hillcrest 7p 0-0 Prairie 3-0L Logos 7p 1-0 Clark County 0-0L Leadore 7p 1-2 Kamiah 3-0 Potlatch 7p 1-2 Kendrick 0-2S St. John Bosco Academy 7p 0-5 TVCA 1-1 Vision 7p 7-6 (#15) Shelley 1-7 Century 7p 4-4 Skyline 7-2 (#12) Blackfoot 7p 7-4 (#10) Idaho Falls 1-1 Bonneville 7p 8-2 (#7) Kimberly 4-3 (#16) Twin Falls 7p 3-3 (#24) Sandpoint 10-2 (#3) Coeur d'Alene 7p 0-2 American Heritage 1-4 Watersprings 7p 0-3 Thunder Ridge 10-0 (#1) Rigby 7p 1-0O Oakley 0-3 Hansen 7p 2-1 Troy 0-2 Lewiston 7p 1-2S Soda Springs 1-4 Aberdeen 7p 0-3 Grangeville 1-8 McCall-Donnelly 7p 1-0 Sun Valley Community 2-0 Murtaugh 7p 2-0 Idaho City 1-2 Wilder 7p 0-0 North Fremont 0-1 Teton 7p 3-4 Lakeland 3-0 Lake City 7p 1-3 Highland 1-2 Timberline 7p 1-2 Liberty Charter 1-1 Rimrock 7p 3-1 Deary 2-2 Genesee 7:30p 2-2 Timberlake 0-0 Riverside 6:30p 2-1 Payette 0-1 Ontario 7p 3-5 Melba 0-1 Vale 7p 1-0 Clark County 4-0 (#21) Mackay"
1670,id,"Idaho",Volleyball,"4-0 (#21) Mackay 0-0L Leadore 4p"
1671,id,"Idaho",Volleyball,"1-4 Taylor's Crossing 1-4 Watersprings 4p"
1672,id,"Idaho",Volleyball,"5-6 (#25) Horseshoe Bend 0-2 Lewiston 4p"
1673,id,"Idaho",Volleyball,"0-1 Raft River 2-1 American Falls 4:30p"
1674,id,"Idaho",Volleyball,"0-1 Raft River 0-1 Rockland 5:30p"
1675,id,"Idaho",Volleyball,"2-1 Troy 5-6 (#25) Horseshoe Bend 5:30p"
1676,id,"Idaho",Volleyball,"0-2 American Heritage 1-4 Taylor's Crossing 5:30p"
1677,id,"Idaho",Volleyball,"0-2 Riverstone International 2-2 Tri-Valley 6p"
1678,id,"Idaho",Volleyball,"0-2 Genesis Prep Academy 2-0C Clark Fork 6p"
1679,id,"Idaho",Volleyball,"0-5 Mountain Home 2-6 Jerome 6p"
1680,id,"Idaho",Volleyball,"3-0 (#19) Coeur du Christ Academy V Varsity Opponent 6p"
1681,id,"Idaho",Volleyball,"4-6 Borah 2-1 Timberline 6:30p"
1682,id,"Idaho",Volleyball,"2-1 Vallivue 11-0 (#2) The Ambrose School 6:30p"
1683,id,"Idaho",Volleyball,"6-4 Meridian 7-4 Kuna 6:30p"
1684,id,"Idaho",Volleyball,"1-1 Caldwell 3-6 Gooding 6:30p"
1685,id,"Idaho",Volleyball,"6-3 South Fremont 3-4 Firth 6:30p"
1686,id,"Idaho",Volleyball,"3-0 (#8) Eagle 6-3 (#20) Middleton 6:30p"
1687,id,"Idaho",Volleyball,"4-5 Capital 3-0 Owyhee 6:30p"
1688,id,"Idaho",Volleyball,"3-4 Homedale 3-0 Parma 6:30p"
1689,id,"Idaho",Volleyball,"7-3 (#9) Mountain View 3-5C Centennial 6:30p"
1690,id,"Idaho",Volleyball,"1-2 Nampa Christian 3-7 Nampa 6:30p"
1691,id,"Idaho",Volleyball,"0-1 Rockland 2-1 American Falls 6:30p"
1692,id,"Idaho",Volleyball,"0-2 Gem State Adventist Academy 3-3 Centennial Baptist 7p"
1693,id,"Idaho",Volleyball,"0-2 Clearwater Valley 0-3 Lapwai 7p"
1694,id,"Idaho",Volleyball,"1-2 Boise 1-1 Rocky Mountain 7p"
1695,id,"Idaho",Volleyball,"9-2 (#11) Pocatello 5-2 Hillcrest 7p"
1696,id,"Idaho",Volleyball,"0-0 Prairie 3-0L Logos 7p"
1697,id,"Idaho",Volleyball,"1-0 Clark County 0-0L Leadore 7p"
1698,id,"Idaho",Volleyball,"1-2 Kamiah 3-0 Potlatch 7p"
1699,id,"Idaho",Volleyball,"1-2 Kendrick 0-2S St. John Bosco Academy 7p"
1700,id,"Idaho",Volleyball,"0-5 TVCA 1-1 Vision 7p"
1701,id,"Idaho",Volleyball,"7-6 (#15) Shelley 1-7 Century 7p"
1702,id,"Idaho",Volleyball,"4-4 Skyline 7-2 (#12) Blackfoot 7p"
1703,id,"Idaho",Volleyball,"7-4 (#10) Idaho Falls 1-1 Bonneville 7p"
1704,id,"Idaho",Volleyball,"8-2 (#7) Kimberly 4-3 (#16) Twin Falls 7p"
1705,id,"Idaho",Volleyball,"3-3 (#24) Sandpoint 10-2 (#3) Coeur d'Alene 7p"
1706,id,"Idaho",Volleyball,"0-2 American Heritage 1-4 Watersprings 7p"
1707,id,"Idaho",Volleyball,"0-3 Thunder Ridge 10-0 (#1) Rigby 7p"
1708,id,"Idaho",Volleyball,"1-0O Oakley 0-3 Hansen 7p"
1709,id,"Idaho",Volleyball,"2-1 Troy 0-2 Lewiston 7p"
1710,id,"Idaho",Volleyball,"1-2S Soda Springs 1-4 Aberdeen 7p"
1711,id,"Idaho",Volleyball,"0-3 Grangeville 1-8 McCall-Donnelly 7p"
1712,id,"Idaho",Volleyball,"1-0 Sun Valley Community 2-0 Murtaugh 7p"
1713,id,"Idaho",Volleyball,"2-0 Idaho City 1-2 Wilder 7p"
1714,id,"Idaho",Volleyball,"0-0 North Fremont 0-1 Teton 7p"
1715,id,"Idaho",Volleyball,"3-4 Lakeland 3-0 Lake City 7p"
1716,id,"Idaho",Volleyball,"1-3 Highland 1-2 Timberline 7p"
1717,id,"Idaho",Volleyball,"1-2 Liberty Charter 1-1 Rimrock 7p"
1718,id,"Idaho",Volleyball,"3-1 Deary 2-2 Genesee 7:30p"
1719,id,"Idaho",Volleyball,"2-2 Timberlake 0-0 Riverside 6:30p"
1720,id,"Idaho",Volleyball,"2-1 Payette 0-1 Ontario 7p"
1721,id,"Idaho",Volleyball,"3-5 Melba 0-1 Vale 7p"
1722,id,"Idaho",Volleyball,"1-0 Clark County 4-0 (#21) Mackay"
1723,id,"Idaho",Volleyball,"Related ScoreboardsConferences 1A Long Pin1A North Star1A Rocky Mountain1A Sawtooth1A Whitepine2A High Desert2A Scenic Idaho2A Snake River 2A Western Idaho2A Whitepine Associations Idaho High School Activities Association Metros BoiseIdaho FallsTwin Falls"
1724,id,"Idaho",Volleyball,"Thursday, Sep. 3 3-0 Bishop Moore 4-0 (#4) Orangewood Christian 6p 7-0 (#22) Mother McAuley 5-2 Lincoln-Way East 5p 0-2 Berkeley Prep 7-0 (#21) Calvary Christian 6:30p 10-0 (#3) Assumption 10-3 Providence 7p 3-0 (#10) Harrisburg 1-1 Washington 6:30p 2-4 Avon 10-0 (#25) Hamilton Southeastern 7:30p 1-0 (#11) Torrey Pines 11-0 (#1) Sierra Canyon 5:30p 6-3 Mira Costa 6-0 (#2) Mater Dei 5:45p 1-0 (#13) Cathedral Catholic 6-6 Southeast Career Tech 7p 0-2 Lincoln Christian 6-0 (#15) Norris"
1725,id,"Idaho",Volleyball,"3-0 Bishop Moore 4-0 (#4) Orangewood Christian 6p"
1726,id,"Idaho",Volleyball,"7-0 (#22) Mother McAuley 5-2 Lincoln-Way East 5p"
1727,id,"Idaho",Volleyball,"0-2 Berkeley Prep 7-0 (#21) Calvary Christian 6:30p"
1728,id,"Idaho",Volleyball,"10-0 (#3) Assumption 10-3 Providence 7p"
1729,id,"Idaho",Volleyball,"3-0 (#10) Harrisburg 1-1 Washington 6:30p"
1730,id,"Idaho",Volleyball,"2-4 Avon 10-0 (#25) Hamilton Southeastern 7:30p"
1731,id,"Idaho",Volleyball,"1-0 (#11) Torrey Pines 11-0 (#1) Sierra Canyon 5:30p"
1732,id,"Idaho",Volleyball,"6-3 Mira Costa 6-0 (#2) Mater Dei 5:45p"
1733,id,"Idaho",Volleyball,"1-0 (#13) Cathedral Catholic 6-6 Southeast Career Tech 7p"
1734,id,"Idaho",Volleyball,"0-2 Lincoln Christian 6-0 (#15) Norris"
1735,il,"Illinois",Volleyball,"There are 221 matches for Illinois volleyball on Thu, 9/3/2026. The featured matches are by Illinois top ranked teams #2 Glenwood (Chatham, IL) @ Lincoln (IL), #3 Mother McAuley (Chicago, IL) @ Lincoln-Way East (Frankfort, IL), and #4 Newton (IL) @ Salem (IL). The first match, Seymour (Payson, IL) vs. West Prairie (Sciota, IL), starts at 4p. Related Content Illinois Girls Volleyball Stat LeadersIllinois Girls Volleyball PlayoffsIllinois Girls Volleyball Rankings Recent Illinois Girls Volleyball HeadlinesVOLLEYBALL: Preseason top 100VOLLEYBALL: Preseason All-Americans Illinois High School Volleyball Schedule 221 Matches 2-4 Seymour 5-3W West Prairie 4p 0-1 Triopia 0-2 North Greene 4p console.log('MaxPrepsAds - createMark: Element Defined - leaderboard-banner-inc1');performance && performance.mark && performance.mark('MaxPrepsAds - Element Defined: leaderboard-banner-inc1'); 1-1 Thornton 0-2 HAST 5p 0-3 Marian Central Catholic 1-4 Elgin 4:30p 5-3 Oak Lawn 5-1 Thornton Fractional South 4:30p 4-2 Batavia 3-5 Plainfield North 4:30p 3-3 Bremen 0-3 Evergreen Park 4:30p 1-5 Tinley Park 5-2 Argo 4:30p 0-0F First Baptist Christian 0-0 Illinois School for the Deaf 4:30p 6-5 Crossroads Christian N Non Varsity Opponent 4:30p 0-4 Blue Island Eisenhower 0-1 Hillcrest 4:30p 2-4 Shepard 2-2 Thornton Fractional North 4:30p 4-1 Heyworth 3-4 Deer Creek-Mackinaw 4:45p 3-0 Teutopolis 3-1 St. Joseph-Ogden 4:45p 4-5 Parkview Christian Academy 0-1 Mooseheart 4:50p 2-1 Robinson 2-4 Neoga 4:55p 0-0 Chicago Mathematics & Science 1-1 Uplift 5p 2-0 Armstrong 5-3 LeRoy 5p 2-1 Cumberland 1-0 Windsor/Stewardson-Strasburg 5p 2-1 Solorio 2-1 Agricultural Science 5p 2-0 Intrinsic Charter 0-0 Marine Leadership Academy 5p 8-0 (#9) Stockton 1-0 Lena-Winslow 5p 0-2 Leyden 4-1 Niles West 5p 0-1 ACERO Garcia 0-4 Proviso East 5p 1-1 Effingham 0-1 Mt. Zion 5p 3-2-2 Streator 5-2 Coal City 5p 7-0 Pontiac 7-1 LaSalle-Peru 5p 5-2 (#11) Loyola Academy 4-3 Glenbrook South 5p 4-2E East Moline Christian 1-3T Tri-State Christian 5p 0-3 Rantoul 0-2 Urbana 5p 2-3 Gibson City-Melvin-Sibley 5-3 El Paso-Gridley 5p 3-2 DuQuoin 2-2 Hamilton County 5p 0-0 Farragut 0-0P Perspectives Leadership 5p 2-1 HSAS 4-0 Thornridge 5p 0-2 Flanagan-Cornell 7-2 Eureka 5p 1-3 South Beloit 2-1 Orangeville 5p 0-0E Erie 2-3 Newman Central Catholic 5p 7-0 (#4) Newton 3-5 Salem 5p 5-3 Geneseo 2-0 Rock Island 5p 3-3 Normal Community 2-1 Centennial 5p 0-5-2 Sherrard 3-4 Riverdale 5p 1-6 East Alton-Wood River 7-1 Red Bud 5p 7-0 (#3) Mother McAuley 5-2 Lincoln-Way East 5p 0-0 Steinmetz College Prep 6-1 Chicago Academy 5p 2-2 Tolono Unity 0-4 Tuscola 5p 0-2 Schurz 0-2 Simeon 5p 3-1 Liberty 6-2 Illini West 5p 0-2 Scales Mound 0-1P Polo 5p 0-0 Clemente 0-0 Alcott 5p 1-5R Reavis 3-4 Lemont 5p 0-6 Lebanon 0-0 Dupo 5p 1-3 Yorkville Christian 1-5 Plano 5p 0-2 Lanphier 1-3 Jacksonville 5p 2-3-1 Hubbard 2-3 Westinghouse 5p 6-1-1 Galena 4-0-2 Byron 5p 0-0N Northeast 1-1 Fulton 5p 5-1-1 Rock River United 4-0 Unity Christian 5p 1-2 Henry-Senachwine 6-1 Seneca 5p 2-1 Pawnee 2-1N New Berlin 5:15p 1-1 Tri-Valley 0-5 Ridgeview 5:20p 6-2 (#14) Lockport 2-4 Plainfield East 5:30p 2-0 Lake Park 1-1 South Elgin 5:30p 4-3 St. Charles North 5-2 Naperville Central 5:30p 2-2 Bishop McNamara 5-1 (#10) Providence Catholic 5:30p 3-1 Plainfield South 1-2 Aurora East 5:30p 0-7 Woodland 3-5-1 Roanoke-Benson 5:30p 3-3 River Valley Christian School 3-4 Aurora Christian 5:30p 4-1 (#16) Joliet West 3-5 Joliet Catholic 5:30p 3-0 Huntley 0-3 Cary-Grove 5:30p 2-2 DeLand-Weldon 0-1 Blue Ridge 5:30p 2-1 Hampshire 2-1 Dundee-Crown 5:30p 1-1 Francis W. Parker 0-2 Morgan Park Academy 5:30p 0-2 College Prep of America 0-0 Hinsdale Adventist Academy 5:30p 2-3 Andrew 1-1 Joliet Central 5:30p 0-2 Chicago Hope Academy 1-4 Prosser 5:30p 3-3 Elmwood Park 0-0 ITW David Speer Academy 5:30p 6-1 York 2-5 Wheaton North 5:30p 6-2 Central 3-1 Prairie Ridge 5:30p 0-5 Crystal Lake Central 1-2 Crystal Lake South 5:30p 1-2 McHenry 0-3 Jacobs 5:30p 0-0G Griggsville-Perry 0-3P Pleasant Hill 5:45p 2-0 Mascoutah 1-5 Granite City 5:45p 1-3 Hinsdale South 3-3 De La Salle 5:45p 1-1 Belleville East 1-1 O'Fallon 5:45p 2-1 Schaumburg Christian 2-0 Christian Heritage Academy 5:50p 1-2 BHRA (CO-OP) 0-1 Villa Grove 6p 3-0 Georgetown-Ridge Farm 7-0 Arthur-Okaw Christian 6p 2-3 Downers Grove South 5-2 Stagg 6p 1-6 Tri-City 0-3 Lutheran 6p 1-2 Rochelle Zell Jewish 1-3 Woodlands Academy 6p 1-3 Harrisburg 1-2 Hardin County 6p 1-0 Carrier Mills-Stonefort 1-1 Cobden 6p 2-6 Alton 4-4 Triad 6p 0-4 Hiawatha 1-0 Ashton-Franklin Center 6p 2-3 Newman Central Catholic 2-1 Erie-Prophetstown 6p 0-4 East St. Louis 1-2 Collinsville 6p 3-1 Hoffman Estates 0-2 West Chicago 6p 0-1 Back of the Yards College Prep 3-0 Mansueto 6p 4-0 St. Anne 0-1 Grace Christian Academy 6p 1-2 Pittsfield 5-1 Carrollton 6p 1-5 Dugger Union 2-1 Hutsonville/Palestine 6p 1-1 Lake Forest 4-4 Wheeling 6p 1-5 Wauconda 0-0 North Chicago 6p 2-4 Galesburg Christian 2-2 Morning Star Academy 6p 6-1 (#20) Bolingbrook 2-4 Lane Tech 6p 1-4 Elgin 2-0 Conant 6p 0-4 Faith Christian 4-1P Pathway Christian 6p 1-6 North Clay 4-2 Lawrenceville 6p 0-2 East Moline United 6-1 (#17) Quincy 6p 1-0 Momence 2-6 Tri-Point 6p 8-0 Sterling 2-1 Alleman 6p 4-2 Saint Ignatius College Prep 1-5 Payton College Prep 6p 0-2 Cristo Rey Jesuit 1-2 Juarez 6p 1-2 Antioch 1-6 Grant Community 6p 0-4 Anna-Jonesboro 3-3 Steeleville 6p 2-4 Kaneland 2-0 DeKalb 6p 2-5 Lewistown 0-3 Peoria Heights 6p 1-3-2 Mendota 3-4 Princeton 6p 7-1 Williamsville 6-1 Hartsburg-Emden 6p 1-2 Rockford Auburn 0-6-1 Jefferson 6p 1-1 St. Francis 3-5 Nazareth Academy 6p 2-1 Victoria Soto 4-1 Kelly 6p 0-2 Northtown 5-1-1 Amundsen 6p 0-3 Kennedy 3-0 Hancock 6p 0-8 Farmington 0-3 Abingdon/Avon 6p 4-1 Paris 3-1 Martinsville 6p 3-3 Dunlap 0-2 Pekin 6p 6-1 Oswego 1-6 West Aurora 6p 2-2 Pope County 2-2 Century 6p 1-0 New Trier 5-2 Resurrection 6p 1-3 Reed-Custer 6-0 (#21) Manteno 6p 2-3 Grayslake Central 0-4 Round Lake 6p 3-0 Illini Bluffs 4-2 Elmwood 6p 0-3 Gillespie 5-3 Bunker Hill 6p 1-2 Thornwood 3-0 Chicago Washington 6p 6-2 Lakes 0-1 Grayslake North 6p 2-2 Elverado 0-0 Meridian 6p 2-6 Morris 1-1 Bradley-Bourbonnais 6p 1-3 Gardner-South Wilmington 0-3 Beecher 6p 5-2 Kewanee 2-4-2 Hall 6p 0-3 Monticello 4-3 Warrensburg-Latham 6p 3-4 Lisle 1-2 Peotone 6p 0-2 Eldorado 3-3 Christopher 6p 0-5 Southland College Prep 1-1 Proviso West 6p 1-2 Goreville 3-1 Zeigler-Royalton 6p 0-2 Mendon Unity 3-1 Barry Western 6p 0-4 Sandoval 4-4C Cisne 6p 1-2 Illinois Lutheran 3-2C Clifton Central 6p 3-4 Herscher 4-4 Wilmington 6p 2-1 Gallatin County 6-1 (#19) Carmi-White County 6p 2-1 Webber 1-3 Galatia 6:15p 2-4 Jersey 3-1 Waterloo 6:15p 4-2 Mt. Vernon 2-1 Highland 6:15p 0-6 Belleville West 1-0 Edwardsville 6:15p 6-2 Marengo 1-1 Rockford Christian 6:30p 0-0 FFCA 8-1-1 HomeSchool Resource Center 6:30p 0-3 CAHF 4-2 Walther Christian Academy 6:30p 5-2 Aurora Central Catholic 1-1R Rosary 6:30p 0-2 Schaumburg 3-4 Fenton 6:30p 1-8 St. Edward 0-5 Larkin 6:30p 2-6 Indian Creek 2-4 Hinckley-Big Rock 6:30p 3-0 Newark 5-2-2 Serena 6:30p 0-5 IMSA 0-2 DePue 6:30p 4-1 Somonauk 3-2E Earlville 6:30p 2-2 Hoopeston 4-1 Fisher 6:55p 4-0 Pana 2-2 Central A & M 7p 2-1 Clinton 3-3 Olympia 7p 2-3 Roxana 1-2 Lincolnwood 7p 1-3 Dieterich 1-1 Marshall 7p 3-1 St. Elmo/Brownstown 5-1 Farina South Central 7p 4-1 Fairfield 4-4 Wayne City 7p N Non Varsity Opponent 2-1 Centralia 7p 0-4 Riverton 1-2 Carlinville 7p 3-0 ALAH (CO-OP) 0-3 St. Teresa 7p 6-2 Marquette 5-1-2 St. Bede 7p 5-1 Calhoun 5-2 Father McGivney Catholic 7p 1-7 Rockridge 6-1 Mercer County 7p 2-1 Freeburg 2-1 Centralia 7p 2-5 Monmouth United 0-3 Bushnell-Prairie City 7p 0-3 Litchfield 2-3 Auburn 7p 0-3 ROWVA/Williamsfield 2-2 Delavan 7p 0-2 Charleston 1-1 Mattoon 7p 1-1 Peoria 5-2 Peoria Christian 7p 1-2L Lowpoint-Washburn 4-6 Dwight 7p 2-0 Unity Christian 2-3 Maroa-Forsyth 7p 5-1 Argenta-Oreana 1-4 Meridian 7p 1-1 Shelbyville 4-0 Nokomis 7p 0-4 Decatur Eisenhower 5-0 (#24) Rochester 7p 1-1 Watseka 2-3 Paxton-Buckley-Loda 7p 6-2 Knoxville 2-0 Cuba/Spoon River Valley 7p 1-2 Calvary Christian Academy 1-1 Calvary 7p 2-1 Harlem 2-1 Belvidere North 7p 2-1S Sparta 2-1 Carlyle 7p 1-1 Edwards County 0-2 Flora 7p 4-3 Springfield 3-4 Normal University 7p 7-1 Putnam County 3-0M Midland 7p 4-4 Hononegah 1-3 Belvidere 7p 3-4 Oblong 0-3 Red Hill 7p 3-6 Havana 1-2 Illini Central 7p 1-1 North Mac 2-6 PORTAACC (CO-OP) 7p 0-8 Althoff Catholic 3-1 Maryville Christian 7p 4-2-2 Lexington 6-2 Tremont 7p 7-0 (#2) Glenwood 1-2 Lincoln 7p 2-0 Mascoutah 4-2-1 Staunton 7p 6-1 (#12) Civic Memorial 5-2 Columbia 7p 3-1 Boylan Catholic 3-5 Guilford 7p 2-4 Jersey 5-1-1 Greenfield/Northwestern 7p 1-1 Mt. Pulaski 6-2 Athens 7p 5-0L (#7) Limestone 3-4 Peoria Notre Dame 7p 7-0 Wesclin 4-5 Gibault Catholic 7p 5-2 Benton 4-2 Carterville 7p 5-3 Orion 4-3 Monmouth-Roseville 7p 2-4 Murphysboro 2-4 Carbondale 7p 3-2 Freeport 0-5 Rockford East 7p 2-2B Bureau Valley 2-2 Amboy 7p 0-2 Christian Life 0-3 Urbana University 7p 2-1 Midwest Central 4-0 Brimfield 7p 3-2 Moline 4-3 Galesburg 7p 1-4 Richland County 0-3 Altamont 7:15p 0-0 WC (CO-OP) 1-0S South County 7:30p 3-3 Southwestern 3-4 Marquette Catholic 7:30p"
1736,il,"Illinois",Volleyball,"2-4 Seymour 5-3W West Prairie 4p"
1737,il,"Illinois",Volleyball,"0-1 Triopia 0-2 North Greene 4p"
1738,il,"Illinois",Volleyball,"1-1 Thornton 0-2 HAST 5p"
1739,il,"Illinois",Volleyball,"0-3 Marian Central Catholic 1-4 Elgin 4:30p"
1740,il,"Illinois",Volleyball,"5-3 Oak Lawn 5-1 Thornton Fractional South 4:30p"
1741,il,"Illinois",Volleyball,"4-2 Batavia 3-5 Plainfield North 4:30p"
1742,il,"Illinois",Volleyball,"3-3 Bremen 0-3 Evergreen Park 4:30p"
1743,il,"Illinois",Volleyball,"1-5 Tinley Park 5-2 Argo 4:30p"
1744,il,"Illinois",Volleyball,"0-0F First Baptist Christian 0-0 Illinois School for the Deaf 4:30p"
1745,il,"Illinois",Volleyball,"6-5 Crossroads Christian N Non Varsity Opponent 4:30p"
1746,il,"Illinois",Volleyball,"0-4 Blue Island Eisenhower 0-1 Hillcrest 4:30p"
1747,il,"Illinois",Volleyball,"2-4 Shepard 2-2 Thornton Fractional North 4:30p"
1748,il,"Illinois",Volleyball,"4-1 Heyworth 3-4 Deer Creek-Mackinaw 4:45p"
1749,il,"Illinois",Volleyball,"3-0 Teutopolis 3-1 St. Joseph-Ogden 4:45p"
1750,il,"Illinois",Volleyball,"4-5 Parkview Christian Academy 0-1 Mooseheart 4:50p"
1751,il,"Illinois",Volleyball,"2-1 Robinson 2-4 Neoga 4:55p"
1752,il,"Illinois",Volleyball,"0-0 Chicago Mathematics & Science 1-1 Uplift 5p"
1753,il,"Illinois",Volleyball,"2-0 Armstrong 5-3 LeRoy 5p"
1754,il,"Illinois",Volleyball,"2-1 Cumberland 1-0 Windsor/Stewardson-Strasburg 5p"
1755,il,"Illinois",Volleyball,"2-1 Solorio 2-1 Agricultural Science 5p"
1756,il,"Illinois",Volleyball,"2-0 Intrinsic Charter 0-0 Marine Leadership Academy 5p"
1757,il,"Illinois",Volleyball,"8-0 (#9) Stockton 1-0 Lena-Winslow 5p"
1758,il,"Illinois",Volleyball,"0-2 Leyden 4-1 Niles West 5p"
1759,il,"Illinois",Volleyball,"0-1 ACERO Garcia 0-4 Proviso East 5p"
1760,il,"Illinois",Volleyball,"1-1 Effingham 0-1 Mt. Zion 5p"
1761,il,"Illinois",Volleyball,"3-2-2 Streator 5-2 Coal City 5p"
1762,il,"Illinois",Volleyball,"7-0 Pontiac 7-1 LaSalle-Peru 5p"
1763,il,"Illinois",Volleyball,"5-2 (#11) Loyola Academy 4-3 Glenbrook South 5p"
1764,il,"Illinois",Volleyball,"4-2E East Moline Christian 1-3T Tri-State Christian 5p"
1765,il,"Illinois",Volleyball,"0-3 Rantoul 0-2 Urbana 5p"
1766,il,"Illinois",Volleyball,"2-3 Gibson City-Melvin-Sibley 5-3 El Paso-Gridley 5p"
1767,il,"Illinois",Volleyball,"3-2 DuQuoin 2-2 Hamilton County 5p"
1768,il,"Illinois",Volleyball,"0-0 Farragut 0-0P Perspectives Leadership 5p"
1769,il,"Illinois",Volleyball,"2-1 HSAS 4-0 Thornridge 5p"
1770,il,"Illinois",Volleyball,"0-2 Flanagan-Cornell 7-2 Eureka 5p"
1771,il,"Illinois",Volleyball,"1-3 South Beloit 2-1 Orangeville 5p"
1772,il,"Illinois",Volleyball,"0-0E Erie 2-3 Newman Central Catholic 5p"
1773,il,"Illinois",Volleyball,"7-0 (#4) Newton 3-5 Salem 5p"
1774,il,"Illinois",Volleyball,"5-3 Geneseo 2-0 Rock Island 5p"
1775,il,"Illinois",Volleyball,"3-3 Normal Community 2-1 Centennial 5p"
1776,il,"Illinois",Volleyball,"0-5-2 Sherrard 3-4 Riverdale 5p"
1777,il,"Illinois",Volleyball,"1-6 East Alton-Wood River 7-1 Red Bud 5p"
1778,il,"Illinois",Volleyball,"7-0 (#3) Mother McAuley 5-2 Lincoln-Way East 5p"
1779,il,"Illinois",Volleyball,"0-0 Steinmetz College Prep 6-1 Chicago Academy 5p"
1780,il,"Illinois",Volleyball,"2-2 Tolono Unity 0-4 Tuscola 5p"
1781,il,"Illinois",Volleyball,"0-2 Schurz 0-2 Simeon 5p"
1782,il,"Illinois",Volleyball,"3-1 Liberty 6-2 Illini West 5p"
1783,il,"Illinois",Volleyball,"0-2 Scales Mound 0-1P Polo 5p"
1784,il,"Illinois",Volleyball,"0-0 Clemente 0-0 Alcott 5p"
1785,il,"Illinois",Volleyball,"1-5R Reavis 3-4 Lemont 5p"
1786,il,"Illinois",Volleyball,"0-6 Lebanon 0-0 Dupo 5p"
1787,il,"Illinois",Volleyball,"1-3 Yorkville Christian 1-5 Plano 5p"
1788,il,"Illinois",Volleyball,"0-2 Lanphier 1-3 Jacksonville 5p"
1789,il,"Illinois",Volleyball,"2-3-1 Hubbard 2-3 Westinghouse 5p"
1790,il,"Illinois",Volleyball,"6-1-1 Galena 4-0-2 Byron 5p"
1791,il,"Illinois",Volleyball,"0-0N Northeast 1-1 Fulton 5p"
1792,il,"Illinois",Volleyball,"5-1-1 Rock River United 4-0 Unity Christian 5p"
1793,il,"Illinois",Volleyball,"1-2 Henry-Senachwine 6-1 Seneca 5p"
1794,il,"Illinois",Volleyball,"2-1 Pawnee 2-1N New Berlin 5:15p"
1795,il,"Illinois",Volleyball,"1-1 Tri-Valley 0-5 Ridgeview 5:20p"
1796,il,"Illinois",Volleyball,"6-2 (#14) Lockport 2-4 Plainfield East 5:30p"
1797,il,"Illinois",Volleyball,"2-0 Lake Park 1-1 South Elgin 5:30p"
1798,il,"Illinois",Volleyball,"4-3 St. Charles North 5-2 Naperville Central 5:30p"
1799,il,"Illinois",Volleyball,"2-2 Bishop McNamara 5-1 (#10) Providence Catholic 5:30p"
1800,il,"Illinois",Volleyball,"3-1 Plainfield South 1-2 Aurora East 5:30p"
1801,il,"Illinois",Volleyball,"0-7 Woodland 3-5-1 Roanoke-Benson 5:30p"
1802,il,"Illinois",Volleyball,"3-3 River Valley Christian School 3-4 Aurora Christian 5:30p"
1803,il,"Illinois",Volleyball,"4-1 (#16) Joliet West 3-5 Joliet Catholic 5:30p"
1804,il,"Illinois",Volleyball,"3-0 Huntley 0-3 Cary-Grove 5:30p"
1805,il,"Illinois",Volleyball,"2-2 DeLand-Weldon 0-1 Blue Ridge 5:30p"
1806,il,"Illinois",Volleyball,"2-1 Hampshire 2-1 Dundee-Crown 5:30p"
1807,il,"Illinois",Volleyball,"1-1 Francis W. Parker 0-2 Morgan Park Academy 5:30p"
1808,il,"Illinois",Volleyball,"0-2 College Prep of America 0-0 Hinsdale Adventist Academy 5:30p"
1809,il,"Illinois",Volleyball,"2-3 Andrew 1-1 Joliet Central 5:30p"
1810,il,"Illinois",Volleyball,"0-2 Chicago Hope Academy 1-4 Prosser 5:30p"
1811,il,"Illinois",Volleyball,"3-3 Elmwood Park 0-0 ITW David Speer Academy 5:30p"
1812,il,"Illinois",Volleyball,"6-1 York 2-5 Wheaton North 5:30p"
1813,il,"Illinois",Volleyball,"6-2 Central 3-1 Prairie Ridge 5:30p"
1814,il,"Illinois",Volleyball,"0-5 Crystal Lake Central 1-2 Crystal Lake South 5:30p"
1815,il,"Illinois",Volleyball,"1-2 McHenry 0-3 Jacobs 5:30p"
1816,il,"Illinois",Volleyball,"0-0G Griggsville-Perry 0-3P Pleasant Hill 5:45p"
1817,il,"Illinois",Volleyball,"2-0 Mascoutah 1-5 Granite City 5:45p"
1818,il,"Illinois",Volleyball,"1-3 Hinsdale South 3-3 De La Salle 5:45p"
1819,il,"Illinois",Volleyball,"1-1 Belleville East 1-1 O'Fallon 5:45p"
1820,il,"Illinois",Volleyball,"2-1 Schaumburg Christian 2-0 Christian Heritage Academy 5:50p"
1821,il,"Illinois",Volleyball,"1-2 BHRA (CO-OP) 0-1 Villa Grove 6p"
1822,il,"Illinois",Volleyball,"3-0 Georgetown-Ridge Farm 7-0 Arthur-Okaw Christian 6p"
1823,il,"Illinois",Volleyball,"2-3 Downers Grove South 5-2 Stagg 6p"
1824,il,"Illinois",Volleyball,"1-6 Tri-City 0-3 Lutheran 6p"
1825,il,"Illinois",Volleyball,"1-2 Rochelle Zell Jewish 1-3 Woodlands Academy 6p"
1826,il,"Illinois",Volleyball,"1-3 Harrisburg 1-2 Hardin County 6p"
1827,il,"Illinois",Volleyball,"1-0 Carrier Mills-Stonefort 1-1 Cobden 6p"
1828,il,"Illinois",Volleyball,"2-6 Alton 4-4 Triad 6p"
1829,il,"Illinois",Volleyball,"0-4 Hiawatha 1-0 Ashton-Franklin Center 6p"
1830,il,"Illinois",Volleyball,"2-3 Newman Central Catholic 2-1 Erie-Prophetstown 6p"
1831,il,"Illinois",Volleyball,"0-4 East St. Louis 1-2 Collinsville 6p"
1832,il,"Illinois",Volleyball,"3-1 Hoffman Estates 0-2 West Chicago 6p"
1833,il,"Illinois",Volleyball,"0-1 Back of the Yards College Prep 3-0 Mansueto 6p"
1834,il,"Illinois",Volleyball,"4-0 St. Anne 0-1 Grace Christian Academy 6p"
1835,il,"Illinois",Volleyball,"1-2 Pittsfield 5-1 Carrollton 6p"
1836,il,"Illinois",Volleyball,"1-5 Dugger Union 2-1 Hutsonville/Palestine 6p"
1837,il,"Illinois",Volleyball,"1-1 Lake Forest 4-4 Wheeling 6p"
1838,il,"Illinois",Volleyball,"1-5 Wauconda 0-0 North Chicago 6p"
1839,il,"Illinois",Volleyball,"2-4 Galesburg Christian 2-2 Morning Star Academy 6p"
1840,il,"Illinois",Volleyball,"6-1 (#20) Bolingbrook 2-4 Lane Tech 6p"
1841,il,"Illinois",Volleyball,"1-4 Elgin 2-0 Conant 6p"
1842,il,"Illinois",Volleyball,"0-4 Faith Christian 4-1P Pathway Christian 6p"
1843,il,"Illinois",Volleyball,"1-6 North Clay 4-2 Lawrenceville 6p"
1844,il,"Illinois",Volleyball,"0-2 East Moline United 6-1 (#17) Quincy 6p"
1845,il,"Illinois",Volleyball,"1-0 Momence 2-6 Tri-Point 6p"
1846,il,"Illinois",Volleyball,"8-0 Sterling 2-1 Alleman 6p"
1847,il,"Illinois",Volleyball,"4-2 Saint Ignatius College Prep 1-5 Payton College Prep 6p"
1848,il,"Illinois",Volleyball,"0-2 Cristo Rey Jesuit 1-2 Juarez 6p"
1849,il,"Illinois",Volleyball,"1-2 Antioch 1-6 Grant Community 6p"
1850,il,"Illinois",Volleyball,"0-4 Anna-Jonesboro 3-3 Steeleville 6p"
1851,il,"Illinois",Volleyball,"2-4 Kaneland 2-0 DeKalb 6p"
1852,il,"Illinois",Volleyball,"2-5 Lewistown 0-3 Peoria Heights 6p"
1853,il,"Illinois",Volleyball,"1-3-2 Mendota 3-4 Princeton 6p"
1854,il,"Illinois",Volleyball,"7-1 Williamsville 6-1 Hartsburg-Emden 6p"
1855,il,"Illinois",Volleyball,"1-2 Rockford Auburn 0-6-1 Jefferson 6p"
1856,il,"Illinois",Volleyball,"1-1 St. Francis 3-5 Nazareth Academy 6p"
1857,il,"Illinois",Volleyball,"2-1 Victoria Soto 4-1 Kelly 6p"
1858,il,"Illinois",Volleyball,"0-2 Northtown 5-1-1 Amundsen 6p"
1859,il,"Illinois",Volleyball,"0-3 Kennedy 3-0 Hancock 6p"
1860,il,"Illinois",Volleyball,"0-8 Farmington 0-3 Abingdon/Avon 6p"
1861,il,"Illinois",Volleyball,"4-1 Paris 3-1 Martinsville 6p"
1862,il,"Illinois",Volleyball,"3-3 Dunlap 0-2 Pekin 6p"
1863,il,"Illinois",Volleyball,"6-1 Oswego 1-6 West Aurora 6p"
1864,il,"Illinois",Volleyball,"2-2 Pope County 2-2 Century 6p"
1865,il,"Illinois",Volleyball,"1-0 New Trier 5-2 Resurrection 6p"
1866,il,"Illinois",Volleyball,"1-3 Reed-Custer 6-0 (#21) Manteno 6p"
1867,il,"Illinois",Volleyball,"2-3 Grayslake Central 0-4 Round Lake 6p"
1868,il,"Illinois",Volleyball,"3-0 Illini Bluffs 4-2 Elmwood 6p"
1869,il,"Illinois",Volleyball,"0-3 Gillespie 5-3 Bunker Hill 6p"
1870,il,"Illinois",Volleyball,"1-2 Thornwood 3-0 Chicago Washington 6p"
1871,il,"Illinois",Volleyball,"6-2 Lakes 0-1 Grayslake North 6p"
1872,il,"Illinois",Volleyball,"2-2 Elverado 0-0 Meridian 6p"
1873,il,"Illinois",Volleyball,"2-6 Morris 1-1 Bradley-Bourbonnais 6p"
1874,il,"Illinois",Volleyball,"1-3 Gardner-South Wilmington 0-3 Beecher 6p"
1875,il,"Illinois",Volleyball,"5-2 Kewanee 2-4-2 Hall 6p"
1876,il,"Illinois",Volleyball,"0-3 Monticello 4-3 Warrensburg-Latham 6p"
1877,il,"Illinois",Volleyball,"3-4 Lisle 1-2 Peotone 6p"
1878,il,"Illinois",Volleyball,"0-2 Eldorado 3-3 Christopher 6p"
1879,il,"Illinois",Volleyball,"0-5 Southland College Prep 1-1 Proviso West 6p"
1880,il,"Illinois",Volleyball,"1-2 Goreville 3-1 Zeigler-Royalton 6p"
1881,il,"Illinois",Volleyball,"0-2 Mendon Unity 3-1 Barry Western 6p"
1882,il,"Illinois",Volleyball,"0-4 Sandoval 4-4C Cisne 6p"
1883,il,"Illinois",Volleyball,"1-2 Illinois Lutheran 3-2C Clifton Central 6p"
1884,il,"Illinois",Volleyball,"3-4 Herscher 4-4 Wilmington 6p"
1885,il,"Illinois",Volleyball,"2-1 Gallatin County 6-1 (#19) Carmi-White County 6p"
1886,il,"Illinois",Volleyball,"2-1 Webber 1-3 Galatia 6:15p"
1887,il,"Illinois",Volleyball,"2-4 Jersey 3-1 Waterloo 6:15p"
1888,il,"Illinois",Volleyball,"4-2 Mt. Vernon 2-1 Highland 6:15p"
1889,il,"Illinois",Volleyball,"0-6 Belleville West 1-0 Edwardsville 6:15p"
1890,il,"Illinois",Volleyball,"6-2 Marengo 1-1 Rockford Christian 6:30p"
1891,il,"Illinois",Volleyball,"0-0 FFCA 8-1-1 HomeSchool Resource Center 6:30p"
1892,il,"Illinois",Volleyball,"0-3 CAHF 4-2 Walther Christian Academy 6:30p"
1893,il,"Illinois",Volleyball,"5-2 Aurora Central Catholic 1-1R Rosary 6:30p"
1894,il,"Illinois",Volleyball,"0-2 Schaumburg 3-4 Fenton 6:30p"
1895,il,"Illinois",Volleyball,"1-8 St. Edward 0-5 Larkin 6:30p"
1896,il,"Illinois",Volleyball,"2-6 Indian Creek 2-4 Hinckley-Big Rock 6:30p"
1897,il,"Illinois",Volleyball,"3-0 Newark 5-2-2 Serena 6:30p"
1898,il,"Illinois",Volleyball,"0-5 IMSA 0-2 DePue 6:30p"
1899,il,"Illinois",Volleyball,"4-1 Somonauk 3-2E Earlville 6:30p"
1900,il,"Illinois",Volleyball,"2-2 Hoopeston 4-1 Fisher 6:55p"
1901,il,"Illinois",Volleyball,"4-0 Pana 2-2 Central A & M 7p"
1902,il,"Illinois",Volleyball,"2-1 Clinton 3-3 Olympia 7p"
1903,il,"Illinois",Volleyball,"2-3 Roxana 1-2 Lincolnwood 7p"
1904,il,"Illinois",Volleyball,"1-3 Dieterich 1-1 Marshall 7p"
1905,il,"Illinois",Volleyball,"3-1 St. Elmo/Brownstown 5-1 Farina South Central 7p"
1906,il,"Illinois",Volleyball,"4-1 Fairfield 4-4 Wayne City 7p"
1907,il,"Illinois",Volleyball,"N Non Varsity Opponent 2-1 Centralia 7p"
1908,il,"Illinois",Volleyball,"0-4 Riverton 1-2 Carlinville 7p"
1909,il,"Illinois",Volleyball,"3-0 ALAH (CO-OP) 0-3 St. Teresa 7p"
1910,il,"Illinois",Volleyball,"6-2 Marquette 5-1-2 St. Bede 7p"
1911,il,"Illinois",Volleyball,"5-1 Calhoun 5-2 Father McGivney Catholic 7p"
1912,il,"Illinois",Volleyball,"1-7 Rockridge 6-1 Mercer County 7p"
1913,il,"Illinois",Volleyball,"2-1 Freeburg 2-1 Centralia 7p"
1914,il,"Illinois",Volleyball,"2-5 Monmouth United 0-3 Bushnell-Prairie City 7p"
1915,il,"Illinois",Volleyball,"0-3 Litchfield 2-3 Auburn 7p"
1916,il,"Illinois",Volleyball,"0-3 ROWVA/Williamsfield 2-2 Delavan 7p"
1917,il,"Illinois",Volleyball,"0-2 Charleston 1-1 Mattoon 7p"
1918,il,"Illinois",Volleyball,"1-1 Peoria 5-2 Peoria Christian 7p"
1919,il,"Illinois",Volleyball,"1-2L Lowpoint-Washburn 4-6 Dwight 7p"
1920,il,"Illinois",Volleyball,"2-0 Unity Christian 2-3 Maroa-Forsyth 7p"
1921,il,"Illinois",Volleyball,"5-1 Argenta-Oreana 1-4 Meridian 7p"
1922,il,"Illinois",Volleyball,"1-1 Shelbyville 4-0 Nokomis 7p"
1923,il,"Illinois",Volleyball,"0-4 Decatur Eisenhower 5-0 (#24) Rochester 7p"
1924,il,"Illinois",Volleyball,"1-1 Watseka 2-3 Paxton-Buckley-Loda 7p"
1925,il,"Illinois",Volleyball,"6-2 Knoxville 2-0 Cuba/Spoon River Valley 7p"
1926,il,"Illinois",Volleyball,"1-2 Calvary Christian Academy 1-1 Calvary 7p"
1927,il,"Illinois",Volleyball,"2-1 Harlem 2-1 Belvidere North 7p"
1928,il,"Illinois",Volleyball,"2-1S Sparta 2-1 Carlyle 7p"
1929,il,"Illinois",Volleyball,"1-1 Edwards County 0-2 Flora 7p"
1930,il,"Illinois",Volleyball,"4-3 Springfield 3-4 Normal University 7p"
1931,il,"Illinois",Volleyball,"7-1 Putnam County 3-0M Midland 7p"
1932,il,"Illinois",Volleyball,"4-4 Hononegah 1-3 Belvidere 7p"
1933,il,"Illinois",Volleyball,"3-4 Oblong 0-3 Red Hill 7p"
1934,il,"Illinois",Volleyball,"3-6 Havana 1-2 Illini Central 7p"
1935,il,"Illinois",Volleyball,"1-1 North Mac 2-6 PORTAACC (CO-OP) 7p"
1936,il,"Illinois",Volleyball,"0-8 Althoff Catholic 3-1 Maryville Christian 7p"
1937,il,"Illinois",Volleyball,"4-2-2 Lexington 6-2 Tremont 7p"
1938,il,"Illinois",Volleyball,"7-0 (#2) Glenwood 1-2 Lincoln 7p"
1939,il,"Illinois",Volleyball,"2-0 Mascoutah 4-2-1 Staunton 7p"
1940,il,"Illinois",Volleyball,"6-1 (#12) Civic Memorial 5-2 Columbia 7p"
1941,il,"Illinois",Volleyball,"3-1 Boylan Catholic 3-5 Guilford 7p"
1942,il,"Illinois",Volleyball,"2-4 Jersey 5-1-1 Greenfield/Northwestern 7p"
1943,il,"Illinois",Volleyball,"1-1 Mt. Pulaski 6-2 Athens 7p"
1944,il,"Illinois",Volleyball,"5-0L (#7) Limestone 3-4 Peoria Notre Dame 7p"
1945,il,"Illinois",Volleyball,"7-0 Wesclin 4-5 Gibault Catholic 7p"
1946,il,"Illinois",Volleyball,"5-2 Benton 4-2 Carterville 7p"
1947,il,"Illinois",Volleyball,"5-3 Orion 4-3 Monmouth-Roseville 7p"
1948,il,"Illinois",Volleyball,"2-4 Murphysboro 2-4 Carbondale 7p"
1949,il,"Illinois",Volleyball,"3-2 Freeport 0-5 Rockford East 7p"
1950,il,"Illinois",Volleyball,"2-2B Bureau Valley 2-2 Amboy 7p"
1951,il,"Illinois",Volleyball,"0-2 Christian Life 0-3 Urbana University 7p"
1952,il,"Illinois",Volleyball,"2-1 Midwest Central 4-0 Brimfield 7p"
1953,il,"Illinois",Volleyball,"3-2 Moline 4-3 Galesburg 7p"
1954,il,"Illinois",Volleyball,"1-4 Richland County 0-3 Altamont 7:15p"
1955,il,"Illinois",Volleyball,"0-0 WC (CO-OP) 1-0S South County 7:30p"
1956,il,"Illinois",Volleyball,"3-3 Southwestern 3-4 Marquette Catholic 7:30p"
1957,il,"Illinois",Volleyball,"Related ScoreboardsConferences ApolloBig NorthernBig TwelveBlack Diamond EastBlack Diamond WestCahokia (Illinois Division)Cahokia (Kaskaskia Division)Cahokia (Mississippi Division) Central IllinoisCentral State Eight Associations Chicago Public SchoolsIllinois High School AssociationIllinois Volleyball Coaches Association Metros Champaign-SpringfieldChicagoDavenportPaducahPeoriaQuincyRockford"
1958,il,"Illinois",Volleyball,"Thursday, Sep. 3 3-0 Bishop Moore 4-0 (#4) Orangewood Christian 6p 7-0 (#22) Mother McAuley 5-2 Lincoln-Way East 5p 0-2 Berkeley Prep 7-0 (#21) Calvary Christian 6:30p 10-0 (#3) Assumption 10-3 Providence 7p 3-0 (#10) Harrisburg 1-1 Washington 6:30p 2-4 Avon 10-0 (#25) Hamilton Southeastern 7:30p 1-0 (#11) Torrey Pines 11-0 (#1) Sierra Canyon 5:30p 6-3 Mira Costa 6-0 (#2) Mater Dei 5:45p 1-0 (#13) Cathedral Catholic 6-6 Southeast Career Tech 7p 0-2 Lincoln Christian 6-0 (#15) Norris"
1959,il,"Illinois",Volleyball,"3-0 Bishop Moore 4-0 (#4) Orangewood Christian 6p"
1960,il,"Illinois",Volleyball,"7-0 (#22) Mother McAuley 5-2 Lincoln-Way East 5p"
1961,il,"Illinois",Volleyball,"0-2 Berkeley Prep 7-0 (#21) Calvary Christian 6:30p"
1962,il,"Illinois",Volleyball,"10-0 (#3) Assumption 10-3 Providence 7p"
1963,il,"Illinois",Volleyball,"3-0 (#10) Harrisburg 1-1 Washington 6:30p"
1964,il,"Illinois",Volleyball,"2-4 Avon 10-0 (#25) Hamilton Southeastern 7:30p"
1965,il,"Illinois",Volleyball,"1-0 (#11) Torrey Pines 11-0 (#1) Sierra Canyon 5:30p"
1966,il,"Illinois",Volleyball,"6-3 Mira Costa 6-0 (#2) Mater Dei 5:45p"
1967,il,"Illinois",Volleyball,"1-0 (#13) Cathedral Catholic 6-6 Southeast Career Tech 7p"
1968,il,"Illinois",Volleyball,"0-2 Lincoln Christian 6-0 (#15) Norris"
1969,in,"Indiana",Volleyball,"There are 175 matches for Indiana volleyball on Thu, 9/3/2026. The featured matches are by Indiana top ranked teams Avon (IN) @ #2 Hamilton Southeastern (Fishers, IN), #3 Westfield (IN) @ #21 Zionsville (IN), and Pendleton Heights (Pendleton, IN) @ #4 Yorktown (IN). The first match, South Bend Saint Joseph (South Bend, IN) @ New Prairie (New Carlisle, IN), starts at 5p. Related Content Indiana Girls Volleyball Stat LeadersIndiana Girls Volleyball PlayoffsIndiana Girls Volleyball Rankings Recent Indiana Girls Volleyball HeadlinesMaxPreps/AVCA Players of the WeekVOLLEYBALL: Preseason top 100 Indiana High School Volleyball Schedule 175 Matches 3-5 South Bend Saint Joseph 6-8 New Prairie 5p 6-5 East Central 7-4 Lawrenceburg 5p console.log('MaxPrepsAds - createMark: Element Defined - leaderboard-banner-inc1');performance && performance.mark && performance.mark('MaxPrepsAds - Element Defined: leaderboard-banner-inc1'); 3-1 Portage 4-4 Lake Central 5p 1-6 Michigan City 7-3 La Porte 5p 1-1 Thornton 0-2 HAST 5p 11-2 (#8) Chesterton 6-6 Crown Point 5p 7-5 Valparaiso 0-12 Merrillville 5p 6-1 Silver Creek 9-3 Charlestown 5p 1-1 Plum Creek Christian Academy 0-0 Bible Baptist 5:30p 4-3 North Posey 5-3 Heritage Hills 5:30p 5-11 Edinburgh 4-6 Southwestern 5:30p 1-7 DeMotte Christian 10-3 West Central 5:30p 7-2 Culver Community 6-3 Triton 5:30p 6-5 Winamac 4-11 North Newton 5:30p 2-3I Indianapolis Arsenal Technical 0-3 Indianapolis Crispus Attucks 5:30p 6-4 McCutcheon 0-6 Lafayette Jefferson 5:30p 3-11 LaVille 8-3 Glenn 5:30p 0-8 Rising Sun 4-2 South Ripley 5:30p 5-3 Milan 4-6 Jac-Cen-Del 5:30p 5-3 Sheridan 8-3 Eastern 6p 5-1 South Vermillion 3-1 Fountain Central 6p 1-7 Cambridge City Lincoln 6-3 Shenandoah 6p 1-4 Southwestern 0-10 Austin 6p 8-4 Mitchell 3-8 Salem 6p 4-5 Alexandria-Monroe 6-8 Elwood 6p 0-5 Irvington Preparatory Academy 3-4 Providence Cristo Rey 6p 4-1 South Decatur 3-6 Brown County 6p 4-3 Griffith 0-6 Lake Station Edison 6p 4-1 West Lafayette 2-7 Western 6p 1-3 Bethany Christian 3-5 Prairie Heights 6p 0-2 Tindley 1-5 Christel House 6p 2-6 Franklin County 2-5 Randolph Southern 6p 2-5 Bluffton 7-5 Manchester 6p 4-5 North Central 4-4 Lebanon 6p 4-5 Madison-Grant 0-3 Anderson 6p 2-7 Tri-County 8-3 North White 6p 1-6 Crothersville 0-4 Medora 6p 3-2 Purdue Broad Ripple 0-0 Victory College Prep 6p 1-11 Logansport 9-3 Hamilton Heights 6p 3-6 Eastbrook 6-2 Mississinewa 6p 2-10 Rensselaer Central 10-4 Twin Lakes 6p 6-3 North Harrison 2-7 Clarksville 6p 2-3 Cloverdale 5-2-1 Greencastle 6p 6-4 Cowan 4-4 Monroe Central 6p 2-3 Loogootee 5-4 Orleans 6p 4-4 Seymour 2-6 Jennings County 6p 5-5 Wapahani 2-3 Jay County 6p 5-3 Purdue Polytechnic 9-1 Morristown 6p 2-4 Owen Valley 4-3 Clay City 6p 3-5 Covenant Christian 2-0 Community Baptist Christian 6p 1-4 Tipton 0-8 Taylor 6p 8-4 Hauser 5-4 Columbus Christian 6p 7-2 Springs Valley 4-9 Southridge 6p 8-0 Shoals 0-5 Pike Central 6p 3-1 Blue River Valley 1-4 Wes-Del 6p 8-1 Rochester 5-7 Peru 6p 0-9 Churubusco 4-5 Eastside 6p 3-2 Benton Central 8-3 Frontier 6p 0-7 University 1-5 Liberty Christian 6p 4-6 Fort Wayne Concordia Lutheran 7-4 Columbia City 6p 0-1 Seven Oaks Classical V Varsity Opponent 6p 9-3 Union County 12-0 Winchester Community 6p 1-4 North Vermillion 8-2 Covington 6p 9-3 Northridge 7-8 East Noble 6p 9-4 Henryville 2-5 Eastern 6p 0-1 Seven Oaks Classical 3-4 Tabernacle Christian 6p 4-6 Knightstown 4-4 Waldron 6p 1-10 Richmond 4-8 Muncie Central 6p 9-3 Jimtown 5-7 Tippecanoe Valley 6p 9-1 (#3) Westfield 9-3 (#21) Zionsville 6p 4-6 Northeast Dubois 10-3 North Daviess 6p 0-2 Heritage Christian 0-0 La Lumiere 6p 6-0 (#11) Greensburg 8-4 Madison 6p 4-5 Crawfordsville 0-8 Attica 6p 0-2 Tindley 0-0 Christel House at Manual 6p 0-0 Central Christian Academy 0-1 Riverside 6p 0-4 Tri 0-6 Union City 6p 0-13 Paoli 7-3 Forest Park 6p 9-2 Maconaquah 3-4 Lewis Cass 6p 6-1 Tecumseh 15-0 (#16) Perry Central 6:30p 3-9 Bellmont 5-9 Fort Wayne Snider 6:30p 2-6 Pike 2-5 Decatur Central 6:30p 9-1 Marquette Catholic 5-6 Westville 6:30p 6-4 Guerin Catholic 5-3 (#17) Roncalli 6:30p 5-1 South Knox 0-6 Evansville Harrison 6:30p 6-3 Illiana Christian 12-2 Hanover Central 6:30p 0-1 Saint Thomas More Academy 0-0W West Gary Lighthouse 6:30p 3-8 Hebron 3-8 Kouts 6:30p 0-0 21st Century Charter 0-3 East Chicago Central 6:30p 1-8 Indianapolis Bishop Chatard 8-4 (#22) Lawrence North 6:30p 1-10 Western Boone 4-5 Danville 6:30p 2-4 White River Valley 6-2 Shakamak 6:30p 4-6 Andrean 5-4 Hobart 6:30p 6-6 Warsaw 0-7 Goshen 7p 1-3 Indianapolis Metropolitan 1-1 IMSAN 7p 4-5 South Dearborn 1-5 Rushville 7p 3-4 Munster 4-4 Lowell 7p 1-5 Dugger Union 2-1 Hutsonville/Palestine 6p 7-2 (#23) Franklin Central 3-6 Brownsburg 7p 3-5 Seeger 5-2 Parke Heritage 7p 9-3 Fort Wayne Blackhawk Christian 1-4 New Haven 7p 2-7 Delphi Community 7-3 Rossville 7p 0-6 Evansville Bosse 1-8 Evansville Central 7p 1-10 Mishawaka 12-2 (#5) Penn 7p 8-2 (#12) Carmel 6-4 Lawrence Central 7p 4-0 St. Anne 0-1 Grace Christian Academy 6p 3-4 Carroll 3-7 Clinton Central 7p 5-8-2 Mooresville 11-2 Southport 7p 0-0 Highland 5-7 Kankakee Valley 7p 4-4 Clinton Prairie 3-3 North Montgomery 7p 6-4 Greenwood Christian Academy 3-5 Covenant Christian 7p 7-3 Christian Academy 5-7 Trinity Lutheran 7p 2-5 Monrovia 2-8 Speedway 7p 3-5 Evansville Mater Dei 4-2 Boonville 7p 7-3 Lakeland 5-3 Westview 7p 5-5 Norwell 7-2 (#25) South Adams 7p 2-6 Pendleton Heights 9-1 (#4) Yorktown 7p 6-3 Triton Central 5-3 Shelbyville 7p 3-3 Heritage Christian 8-1 Indianapolis Lutheran 7p 10-0 Assumption 10-3 (#9) Providence 7p 2-6 Central Noble 7-4 DeKalb 7p 3-5 Brownstown Central 3-2 New Albany 7p 5-2 (#15) Center Grove 4-2 Franklin Community 7p 7-4 Washington 5-3 Gibson Southern 7p 4-5 Bedford North Lawrence 6-2 (#18) Floyd Central 7p 6-2 Mishawaka Marian 6-1 South Bend Adams 7p 5-7 Linton-Stockton 7-4 (#24) Northview 7p 7-6 NorthWood 4-4 Concord 7p 8-4 Highland 5-7 Kankakee Valley 7p 9-2I Indy Fire 1-2 Legacy Christian 7p 4-7 North Judson-San Pierre 2-8 Argos 7p 4-4 Knox 3-9 Bremen 7p 4-3 Indianapolis Scecina Memorial 6-1 Indianapolis Cardinal Ritter 7p 7-3 Oak Hill 6-0 (#14) Southwood 7p 0-8 Fort Wayne Northrop 0-7 Fort Wayne North Side 7p 11-2 Evansville Christian 3-7 Princeton 7p 10-4 Hammond Bishop Noll 1-5 River Forest 7p 2-5 New Washington 4-4 Jeffersonville 7p 4-6 Fort Wayne Wayne 8-5 Huntington North 7p 2-4 Southmont 6-2 Cascade 7p 9-1 South Newton 5-5 Faith Christian 7p 5-4 Elkhart Christian Academy 4-1 Fairfield 7p 1-6 South Bend Washington 7-4 Elkhart 7p 7-1 Whitko 5-4 Northwestern 7p V Varsity Opponent 20-2 Indy Genesis HomeSchool 7p 4-6 Frankton 3-7 Daleville 7p 0-1 Cornerstone Baptist Academy 4-3 Emmanuel Christian 7p 1-5 Evansville Reitz 3-5 Mt. Vernon 7p 1-5 Bloomfield 7-3 Sullivan 7p 7-3 South Putnam 7-4 North Putnam 7p 2-8 Plymouth 6-4 Wawasee 7p 5-5 Beech Grove 3-8 Greenwood 7p 9-4 Fort Wayne Bishop Luers 10-2 Adams Central 7p 3-6 Suburban Christian 1-2 Traders Point Christian 7p 5-1 Hagerstown 0-3 Seton Catholic 7:15p 4-7 Fremont 5-2 Garrett 7:15p 9-2 (#13) Tri-West Hendricks 4-4 Indian Creek 7:15p 3-2 Delta 7-3 Mt. Vernon 7:15p 2-7 North Knox 0-7 Eastern Greene 7:30p 4-7 Vincennes Rivet 6-3 Lighthouse Christian Academy 7:30p 8-0 (#19) Evansville North 8-1 Jasper 7:30p 4-1 Homestead 1-5 Fort Wayne Bishop Dwenger 7:30p 4-3 Edgewood 12-1 Vincennes Lincoln 7:30p 9-0 (#7) New Palestine 5-5 Greenfield-Central 7:30p 0-0 Andrews Academy 0-2 Clinton Christian 7:30p 5-5 Lakeland Christian Academy V Varsity Opponent 7:30p 0-3E Eman 2-7 Bethesda Christian 7:30p 3-9 Herron 2-5 Indianapolis Shortridge 7:30p 9-1 West Noble 4-5 Angola 7:30p 2-4 Avon 10-0 (#2) Hamilton Southeastern 7:30p 6-5 Martinsville 7-4 Columbus North 7:30p 4-4 Fishers 5-2 Noblesville 7:30p 0-4 Fort Wayne South Side 0-1 Hamilton 7:30p 11-0 (#6) Bloomington South 2-4 Bloomington North 7:30p 3-5 Pleasant View Christian V Varsity Opponent"
1970,in,"Indiana",Volleyball,"3-5 South Bend Saint Joseph 6-8 New Prairie 5p"
1971,in,"Indiana",Volleyball,"6-5 East Central 7-4 Lawrenceburg 5p"
1972,in,"Indiana",Volleyball,"3-1 Portage 4-4 Lake Central 5p"
1973,in,"Indiana",Volleyball,"1-6 Michigan City 7-3 La Porte 5p"
1974,in,"Indiana",Volleyball,"1-1 Thornton 0-2 HAST 5p"
1975,in,"Indiana",Volleyball,"11-2 (#8) Chesterton 6-6 Crown Point 5p"
1976,in,"Indiana",Volleyball,"7-5 Valparaiso 0-12 Merrillville 5p"
1977,in,"Indiana",Volleyball,"6-1 Silver Creek 9-3 Charlestown 5p"
1978,in,"Indiana",Volleyball,"1-1 Plum Creek Christian Academy 0-0 Bible Baptist 5:30p"
1979,in,"Indiana",Volleyball,"4-3 North Posey 5-3 Heritage Hills 5:30p"
1980,in,"Indiana",Volleyball,"5-11 Edinburgh 4-6 Southwestern 5:30p"
1981,in,"Indiana",Volleyball,"1-7 DeMotte Christian 10-3 West Central 5:30p"
1982,in,"Indiana",Volleyball,"7-2 Culver Community 6-3 Triton 5:30p"
1983,in,"Indiana",Volleyball,"6-5 Winamac 4-11 North Newton 5:30p"
1984,in,"Indiana",Volleyball,"2-3I Indianapolis Arsenal Technical 0-3 Indianapolis Crispus Attucks 5:30p"
1985,in,"Indiana",Volleyball,"6-4 McCutcheon 0-6 Lafayette Jefferson 5:30p"
1986,in,"Indiana",Volleyball,"3-11 LaVille 8-3 Glenn 5:30p"
1987,in,"Indiana",Volleyball,"0-8 Rising Sun 4-2 South Ripley 5:30p"
1988,in,"Indiana",Volleyball,"5-3 Milan 4-6 Jac-Cen-Del 5:30p"
1989,in,"Indiana",Volleyball,"5-3 Sheridan 8-3 Eastern 6p"
1990,in,"Indiana",Volleyball,"5-1 South Vermillion 3-1 Fountain Central 6p"
1991,in,"Indiana",Volleyball,"1-7 Cambridge City Lincoln 6-3 Shenandoah 6p"
1992,in,"Indiana",Volleyball,"1-4 Southwestern 0-10 Austin 6p"
1993,in,"Indiana",Volleyball,"8-4 Mitchell 3-8 Salem 6p"
1994,in,"Indiana",Volleyball,"4-5 Alexandria-Monroe 6-8 Elwood 6p"
1995,in,"Indiana",Volleyball,"0-5 Irvington Preparatory Academy 3-4 Providence Cristo Rey 6p"
1996,in,"Indiana",Volleyball,"4-1 South Decatur 3-6 Brown County 6p"
1997,in,"Indiana",Volleyball,"4-3 Griffith 0-6 Lake Station Edison 6p"
1998,in,"Indiana",Volleyball,"4-1 West Lafayette 2-7 Western 6p"
1999,in,"Indiana",Volleyball,"1-3 Bethany Christian 3-5 Prairie Heights 6p"
2000,in,"Indiana",Volleyball,"0-2 Tindley 1-5 Christel House 6p"
2001,in,"Indiana",Volleyball,"2-6 Franklin County 2-5 Randolph Southern 6p"
2002,in,"Indiana",Volleyball,"2-5 Bluffton 7-5 Manchester 6p"
2003,in,"Indiana",Volleyball,"4-5 North Central 4-4 Lebanon 6p"
2004,in,"Indiana",Volleyball,"4-5 Madison-Grant 0-3 Anderson 6p"
2005,in,"Indiana",Volleyball,"2-7 Tri-County 8-3 North White 6p"
2006,in,"Indiana",Volleyball,"1-6 Crothersville 0-4 Medora 6p"
2007,in,"Indiana",Volleyball,"3-2 Purdue Broad Ripple 0-0 Victory College Prep 6p"
2008,in,"Indiana",Volleyball,"1-11 Logansport 9-3 Hamilton Heights 6p"
2009,in,"Indiana",Volleyball,"3-6 Eastbrook 6-2 Mississinewa 6p"
2010,in,"Indiana",Volleyball,"2-10 Rensselaer Central 10-4 Twin Lakes 6p"
2011,in,"Indiana",Volleyball,"6-3 North Harrison 2-7 Clarksville 6p"
2012,in,"Indiana",Volleyball,"2-3 Cloverdale 5-2-1 Greencastle 6p"
2013,in,"Indiana",Volleyball,"6-4 Cowan 4-4 Monroe Central 6p"
2014,in,"Indiana",Volleyball,"2-3 Loogootee 5-4 Orleans 6p"
2015,in,"Indiana",Volleyball,"4-4 Seymour 2-6 Jennings County 6p"
2016,in,"Indiana",Volleyball,"5-5 Wapahani 2-3 Jay County 6p"
2017,in,"Indiana",Volleyball,"5-3 Purdue Polytechnic 9-1 Morristown 6p"
2018,in,"Indiana",Volleyball,"2-4 Owen Valley 4-3 Clay City 6p"
2019,in,"Indiana",Volleyball,"3-5 Covenant Christian 2-0 Community Baptist Christian 6p"
2020,in,"Indiana",Volleyball,"1-4 Tipton 0-8 Taylor 6p"
2021,in,"Indiana",Volleyball,"8-4 Hauser 5-4 Columbus Christian 6p"
2022,in,"Indiana",Volleyball,"7-2 Springs Valley 4-9 Southridge 6p"
2023,in,"Indiana",Volleyball,"8-0 Shoals 0-5 Pike Central 6p"
2024,in,"Indiana",Volleyball,"3-1 Blue River Valley 1-4 Wes-Del 6p"
2025,in,"Indiana",Volleyball,"8-1 Rochester 5-7 Peru 6p"
2026,in,"Indiana",Volleyball,"0-9 Churubusco 4-5 Eastside 6p"
2027,in,"Indiana",Volleyball,"3-2 Benton Central 8-3 Frontier 6p"
2028,in,"Indiana",Volleyball,"0-7 University 1-5 Liberty Christian 6p"
2029,in,"Indiana",Volleyball,"4-6 Fort Wayne Concordia Lutheran 7-4 Columbia City 6p"
2030,in,"Indiana",Volleyball,"0-1 Seven Oaks Classical V Varsity Opponent 6p"
2031,in,"Indiana",Volleyball,"9-3 Union County 12-0 Winchester Community 6p"
2032,in,"Indiana",Volleyball,"1-4 North Vermillion 8-2 Covington 6p"
2033,in,"Indiana",Volleyball,"9-3 Northridge 7-8 East Noble 6p"
2034,in,"Indiana",Volleyball,"9-4 Henryville 2-5 Eastern 6p"
2035,in,"Indiana",Volleyball,"0-1 Seven Oaks Classical 3-4 Tabernacle Christian 6p"
2036,in,"Indiana",Volleyball,"4-6 Knightstown 4-4 Waldron 6p"
2037,in,"Indiana",Volleyball,"1-10 Richmond 4-8 Muncie Central 6p"
2038,in,"Indiana",Volleyball,"9-3 Jimtown 5-7 Tippecanoe Valley 6p"
2039,in,"Indiana",Volleyball,"9-1 (#3) Westfield 9-3 (#21) Zionsville 6p"
2040,in,"Indiana",Volleyball,"4-6 Northeast Dubois 10-3 North Daviess 6p"
2041,in,"Indiana",Volleyball,"0-2 Heritage Christian 0-0 La Lumiere 6p"
2042,in,"Indiana",Volleyball,"6-0 (#11) Greensburg 8-4 Madison 6p"
2043,in,"Indiana",Volleyball,"4-5 Crawfordsville 0-8 Attica 6p"
2044,in,"Indiana",Volleyball,"0-2 Tindley 0-0 Christel House at Manual 6p"
2045,in,"Indiana",Volleyball,"0-0 Central Christian Academy 0-1 Riverside 6p"
2046,in,"Indiana",Volleyball,"0-4 Tri 0-6 Union City 6p"
2047,in,"Indiana",Volleyball,"0-13 Paoli 7-3 Forest Park 6p"
2048,in,"Indiana",Volleyball,"9-2 Maconaquah 3-4 Lewis Cass 6p"
2049,in,"Indiana",Volleyball,"6-1 Tecumseh 15-0 (#16) Perry Central 6:30p"
2050,in,"Indiana",Volleyball,"3-9 Bellmont 5-9 Fort Wayne Snider 6:30p"
2051,in,"Indiana",Volleyball,"2-6 Pike 2-5 Decatur Central 6:30p"
2052,in,"Indiana",Volleyball,"9-1 Marquette Catholic 5-6 Westville 6:30p"
2053,in,"Indiana",Volleyball,"6-4 Guerin Catholic 5-3 (#17) Roncalli 6:30p"
2054,in,"Indiana",Volleyball,"5-1 South Knox 0-6 Evansville Harrison 6:30p"
2055,in,"Indiana",Volleyball,"6-3 Illiana Christian 12-2 Hanover Central 6:30p"
2056,in,"Indiana",Volleyball,"0-1 Saint Thomas More Academy 0-0W West Gary Lighthouse 6:30p"
2057,in,"Indiana",Volleyball,"3-8 Hebron 3-8 Kouts 6:30p"
2058,in,"Indiana",Volleyball,"0-0 21st Century Charter 0-3 East Chicago Central 6:30p"
2059,in,"Indiana",Volleyball,"1-8 Indianapolis Bishop Chatard 8-4 (#22) Lawrence North 6:30p"
2060,in,"Indiana",Volleyball,"1-10 Western Boone 4-5 Danville 6:30p"
2061,in,"Indiana",Volleyball,"2-4 White River Valley 6-2 Shakamak 6:30p"
2062,in,"Indiana",Volleyball,"4-6 Andrean 5-4 Hobart 6:30p"
2063,in,"Indiana",Volleyball,"6-6 Warsaw 0-7 Goshen 7p"
2064,in,"Indiana",Volleyball,"1-3 Indianapolis Metropolitan 1-1 IMSAN 7p"
2065,in,"Indiana",Volleyball,"4-5 South Dearborn 1-5 Rushville 7p"
2066,in,"Indiana",Volleyball,"3-4 Munster 4-4 Lowell 7p"
2067,in,"Indiana",Volleyball,"1-5 Dugger Union 2-1 Hutsonville/Palestine 6p"
2068,in,"Indiana",Volleyball,"7-2 (#23) Franklin Central 3-6 Brownsburg 7p"
2069,in,"Indiana",Volleyball,"3-5 Seeger 5-2 Parke Heritage 7p"
2070,in,"Indiana",Volleyball,"9-3 Fort Wayne Blackhawk Christian 1-4 New Haven 7p"
2071,in,"Indiana",Volleyball,"2-7 Delphi Community 7-3 Rossville 7p"
2072,in,"Indiana",Volleyball,"0-6 Evansville Bosse 1-8 Evansville Central 7p"
2073,in,"Indiana",Volleyball,"1-10 Mishawaka 12-2 (#5) Penn 7p"
2074,in,"Indiana",Volleyball,"8-2 (#12) Carmel 6-4 Lawrence Central 7p"
2075,in,"Indiana",Volleyball,"4-0 St. Anne 0-1 Grace Christian Academy 6p"
2076,in,"Indiana",Volleyball,"3-4 Carroll 3-7 Clinton Central 7p"
2077,in,"Indiana",Volleyball,"5-8-2 Mooresville 11-2 Southport 7p"
2078,in,"Indiana",Volleyball,"0-0 Highland 5-7 Kankakee Valley 7p"
2079,in,"Indiana",Volleyball,"4-4 Clinton Prairie 3-3 North Montgomery 7p"
2080,in,"Indiana",Volleyball,"6-4 Greenwood Christian Academy 3-5 Covenant Christian 7p"
2081,in,"Indiana",Volleyball,"7-3 Christian Academy 5-7 Trinity Lutheran 7p"
2082,in,"Indiana",Volleyball,"2-5 Monrovia 2-8 Speedway 7p"
2083,in,"Indiana",Volleyball,"3-5 Evansville Mater Dei 4-2 Boonville 7p"
2084,in,"Indiana",Volleyball,"7-3 Lakeland 5-3 Westview 7p"
2085,in,"Indiana",Volleyball,"5-5 Norwell 7-2 (#25) South Adams 7p"
2086,in,"Indiana",Volleyball,"2-6 Pendleton Heights 9-1 (#4) Yorktown 7p"
2087,in,"Indiana",Volleyball,"6-3 Triton Central 5-3 Shelbyville 7p"
2088,in,"Indiana",Volleyball,"3-3 Heritage Christian 8-1 Indianapolis Lutheran 7p"
2089,in,"Indiana",Volleyball,"10-0 Assumption 10-3 (#9) Providence 7p"
2090,in,"Indiana",Volleyball,"2-6 Central Noble 7-4 DeKalb 7p"
2091,in,"Indiana",Volleyball,"3-5 Brownstown Central 3-2 New Albany 7p"
2092,in,"Indiana",Volleyball,"5-2 (#15) Center Grove 4-2 Franklin Community 7p"
2093,in,"Indiana",Volleyball,"7-4 Washington 5-3 Gibson Southern 7p"
2094,in,"Indiana",Volleyball,"4-5 Bedford North Lawrence 6-2 (#18) Floyd Central 7p"
2095,in,"Indiana",Volleyball,"6-2 Mishawaka Marian 6-1 South Bend Adams 7p"
2096,in,"Indiana",Volleyball,"5-7 Linton-Stockton 7-4 (#24) Northview 7p"
2097,in,"Indiana",Volleyball,"7-6 NorthWood 4-4 Concord 7p"
2098,in,"Indiana",Volleyball,"8-4 Highland 5-7 Kankakee Valley 7p"
2099,in,"Indiana",Volleyball,"9-2I Indy Fire 1-2 Legacy Christian 7p"
2100,in,"Indiana",Volleyball,"4-7 North Judson-San Pierre 2-8 Argos 7p"
2101,in,"Indiana",Volleyball,"4-4 Knox 3-9 Bremen 7p"
2102,in,"Indiana",Volleyball,"4-3 Indianapolis Scecina Memorial 6-1 Indianapolis Cardinal Ritter 7p"
2103,in,"Indiana",Volleyball,"7-3 Oak Hill 6-0 (#14) Southwood 7p"
2104,in,"Indiana",Volleyball,"0-8 Fort Wayne Northrop 0-7 Fort Wayne North Side 7p"
2105,in,"Indiana",Volleyball,"11-2 Evansville Christian 3-7 Princeton 7p"
2106,in,"Indiana",Volleyball,"10-4 Hammond Bishop Noll 1-5 River Forest 7p"
2107,in,"Indiana",Volleyball,"2-5 New Washington 4-4 Jeffersonville 7p"
2108,in,"Indiana",Volleyball,"4-6 Fort Wayne Wayne 8-5 Huntington North 7p"
2109,in,"Indiana",Volleyball,"2-4 Southmont 6-2 Cascade 7p"
2110,in,"Indiana",Volleyball,"9-1 South Newton 5-5 Faith Christian 7p"
2111,in,"Indiana",Volleyball,"5-4 Elkhart Christian Academy 4-1 Fairfield 7p"
2112,in,"Indiana",Volleyball,"1-6 South Bend Washington 7-4 Elkhart 7p"
2113,in,"Indiana",Volleyball,"7-1 Whitko 5-4 Northwestern 7p"
2114,in,"Indiana",Volleyball,"V Varsity Opponent 20-2 Indy Genesis HomeSchool 7p"
2115,in,"Indiana",Volleyball,"4-6 Frankton 3-7 Daleville 7p"
2116,in,"Indiana",Volleyball,"0-1 Cornerstone Baptist Academy 4-3 Emmanuel Christian 7p"
2117,in,"Indiana",Volleyball,"1-5 Evansville Reitz 3-5 Mt. Vernon 7p"
2118,in,"Indiana",Volleyball,"1-5 Bloomfield 7-3 Sullivan 7p"
2119,in,"Indiana",Volleyball,"7-3 South Putnam 7-4 North Putnam 7p"
2120,in,"Indiana",Volleyball,"2-8 Plymouth 6-4 Wawasee 7p"
2121,in,"Indiana",Volleyball,"5-5 Beech Grove 3-8 Greenwood 7p"
2122,in,"Indiana",Volleyball,"9-4 Fort Wayne Bishop Luers 10-2 Adams Central 7p"
2123,in,"Indiana",Volleyball,"3-6 Suburban Christian 1-2 Traders Point Christian 7p"
2124,in,"Indiana",Volleyball,"5-1 Hagerstown 0-3 Seton Catholic 7:15p"
2125,in,"Indiana",Volleyball,"4-7 Fremont 5-2 Garrett 7:15p"
2126,in,"Indiana",Volleyball,"9-2 (#13) Tri-West Hendricks 4-4 Indian Creek 7:15p"
2127,in,"Indiana",Volleyball,"3-2 Delta 7-3 Mt. Vernon 7:15p"
2128,in,"Indiana",Volleyball,"2-7 North Knox 0-7 Eastern Greene 7:30p"
2129,in,"Indiana",Volleyball,"4-7 Vincennes Rivet 6-3 Lighthouse Christian Academy 7:30p"
2130,in,"Indiana",Volleyball,"8-0 (#19) Evansville North 8-1 Jasper 7:30p"
2131,in,"Indiana",Volleyball,"4-1 Homestead 1-5 Fort Wayne Bishop Dwenger 7:30p"
2132,in,"Indiana",Volleyball,"4-3 Edgewood 12-1 Vincennes Lincoln 7:30p"
2133,in,"Indiana",Volleyball,"9-0 (#7) New Palestine 5-5 Greenfield-Central 7:30p"
2134,in,"Indiana",Volleyball,"0-0 Andrews Academy 0-2 Clinton Christian 7:30p"
2135,in,"Indiana",Volleyball,"5-5 Lakeland Christian Academy V Varsity Opponent 7:30p"
2136,in,"Indiana",Volleyball,"0-3E Eman 2-7 Bethesda Christian 7:30p"
2137,in,"Indiana",Volleyball,"3-9 Herron 2-5 Indianapolis Shortridge 7:30p"
2138,in,"Indiana",Volleyball,"9-1 West Noble 4-5 Angola 7:30p"
2139,in,"Indiana",Volleyball,"2-4 Avon 10-0 (#2) Hamilton Southeastern 7:30p"
2140,in,"Indiana",Volleyball,"6-5 Martinsville 7-4 Columbus North 7:30p"
2141,in,"Indiana",Volleyball,"4-4 Fishers 5-2 Noblesville 7:30p"
2142,in,"Indiana",Volleyball,"0-4 Fort Wayne South Side 0-1 Hamilton 7:30p"
2143,in,"Indiana",Volleyball,"11-0 (#6) Bloomington South 2-4 Bloomington North 7:30p"
2144,in,"Indiana",Volleyball,"3-5 Pleasant View Christian V Varsity Opponent"
2145,in,"Indiana",Volleyball,"Related ScoreboardsConferences Allen CountyBig EightBlue ChipCentral IndianaCentral Indiana ChristianCircle CityDunelandEastern CrossroadsEastern IndianaGreat Lakes Associations Indiana High School Athletic AssociationIndiana High School Volleyball Coaches Association Metros EvansvilleFt. WayneIndianapolisLafayetteSouth BendTerre Haute"
2146,in,"Indiana",Volleyball,"Thursday, Sep. 3 3-0 Bishop Moore 4-0 (#4) Orangewood Christian 6p 7-0 (#22) Mother McAuley 5-2 Lincoln-Way East 5p 0-2 Berkeley Prep 7-0 (#21) Calvary Christian 6:30p 10-0 (#3) Assumption 10-3 Providence 7p 3-0 (#10) Harrisburg 1-1 Washington 6:30p 2-4 Avon 10-0 (#25) Hamilton Southeastern 7:30p 1-0 (#11) Torrey Pines 11-0 (#1) Sierra Canyon 5:30p 6-3 Mira Costa 6-0 (#2) Mater Dei 5:45p 1-0 (#13) Cathedral Catholic 6-6 Southeast Career Tech 7p 0-2 Lincoln Christian 6-0 (#15) Norris"
2147,in,"Indiana",Volleyball,"3-0 Bishop Moore 4-0 (#4) Orangewood Christian 6p"
2148,in,"Indiana",Volleyball,"7-0 (#22) Mother McAuley 5-2 Lincoln-Way East 5p"
2149,in,"Indiana",Volleyball,"0-2 Berkeley Prep 7-0 (#21) Calvary Christian 6:30p"
2150,in,"Indiana",Volleyball,"10-0 (#3) Assumption 10-3 Providence 7p"
2151,in,"Indiana",Volleyball,"3-0 (#10) Harrisburg 1-1 Washington 6:30p"
2152,in,"Indiana",Volleyball,"2-4 Avon 10-0 (#25) Hamilton Southeastern 7:30p"
2153,in,"Indiana",Volleyball,"1-0 (#11) Torrey Pines 11-0 (#1) Sierra Canyon 5:30p"
2154,in,"Indiana",Volleyball,"6-3 Mira Costa 6-0 (#2) Mater Dei 5:45p"
2155,in,"Indiana",Volleyball,"1-0 (#13) Cathedral Catholic 6-6 Southeast Career Tech 7p"
2156,in,"Indiana",Volleyball,"0-2 Lincoln Christian 6-0 (#15) Norris"
2157,ia,"Iowa",Volleyball,"There are 117 matches for Iowa volleyball on Thu, 9/3/2026. The featured matches are by Iowa top ranked teams Colo-NESCO (Colo, IA) @ #5 North Tama (Traer, IA), #5 North Tama (Traer, IA) @ Valley Lutheran (Cedar Falls, IA), and Faith Christian (Dixon, IL) @ #11 Pathway Christian (Kalona, IA). The first match, South Tama County (Tama, IA) @ Prairie City-Monroe (Monroe, IA), starts at 4p. Related Content Iowa Girls Volleyball Stat LeadersIowa Girls Volleyball PlayoffsIowa Girls Volleyball Rankings Iowa High School Volleyball Schedule 117 Matches 0-0 South Tama County 0-0 Prairie City-Monroe 4p 0-0W West Marshall 0-0 Boone 4p console.log('MaxPrepsAds - createMark: Element Defined - leaderboard-banner-inc1');performance && performance.mark && performance.mark('MaxPrepsAds - Element Defined: leaderboard-banner-inc1'); 1-2 (#18) Norwalk 0-0N Nevada 4:30p 1-0 Boyden-Hull 1-1 Unity Christian 4:30p 0-0 Des Moines Christian 0-0 Gilbert 4:30p 1-0 A-D-M 0-0W Woodward-Granger 4:30p 0-0 Grinnell 0-1 Center Point-Urbana 5p 0-0 Chariton 0-0 Saydel 5p 0-0N Northeast 1-1 Fulton 5p 0-0M MFL MarMac 0-0T Turkey Valley 5p 0-0 Wayne 0-0S Southeast Warren 5p 0-0 Colo-NESCO 3-0 (#5) North Tama 5p 0-0A Adair-Casey/Guthrie Center 0-0 West Central Valley 5p 0-0W Woodward-Granger 0-0 Des Moines Christian 5:20p 1-2 (#18) Norwalk 0-0 Gilbert 5:20p 1-0 A-D-M 0-0N Nevada 5:20p 1-0 Mount Ayr 0-0E East Union 5:30p 0-0 Rock Valley 0-0 Spirit Lake 5:30p 0-0 Charles City 0-0 Clear Lake 5:30p 0-0 Aplington-Parkersburg 0-0 Columbus Catholic 5:30p 0-0C Clarksville 0-0 Don Bosco 5:30p 0-0 Essex 0-0 Bedford 5:30p 0-0 Marion 0-1 Waterloo West 5:30p 1-0 Decorah-North Winneshiek 0-0 St. Ansgar 5:30p 0-2 Davis County 0-0 Pella Christian 5:30p 0-6 Jefferson TBA 5:30p 0-0 Prairie City-Monroe 0-0 Boone 5:30p 0-0W West Marshall 0-0 South Tama County 5:30p 0-0M Martensdale-St. Mary's 1-0D Diagonal 5:30p 0-0M Mormon Trail 0-0S Seymour 5:30p 0-0 Woodbine 0-2 Underwood 5:30p 0-0 Hampton-Dumont 0-0 Algona 5:30p 0-0 Lenox 0-0C Central Decatur 5:30p 0-0C Crestwood 0-0O Oelwein 5:30p 0-0N North Mahaska 0-1 North Cedar 5:30p 1-1E Earlham 0-0C Coon Rapids-Bayard 5:45p 0-4 Faith Christian 4-1P (#11) Pathway Christian 6p 0-0A Adair-Casey/Guthrie Center 0-0 Exira-EHK 6p 2-4 Galesburg Christian 2-2 Morning Star Academy 6p 1-2 (#20) Williamsburg 0-0 Jefferson 6p 0-1 Linn-Mar 0-0 West Delaware 6p 0-0N Nevada 0-0 Gilbert 6:10p 1-2 (#18) Norwalk 0-0W Woodward-Granger 6:10p 1-0 A-D-M 0-0 Des Moines Christian 6:10p 1-1 Unity Christian 0-0 Rock Valley 6:15p 3-0 (#5) North Tama 0-2 Valley Lutheran 6:15p 0-0M Meskwaki Settlement 0-0 GMG 6:30p 1-1 Iowa City West 0-1 Waterloo West 6:45p 0-0 GTRA (CO-OP) 0-0 South Central Calhoun 6:45p 1-0D Diagonal 0-0T Twin Cedars 6:45p 0-0W West Marshall 0-0 Prairie City-Monroe 7p 0-0 Woodbine 0-0 Logan-Magnolia 7p 0-0 Sioux Central 0-0 Alta-Aurelia 7p 0-0 Alburnett 0-0 Bellevue 7p 0-0 Boone 0-0 South Tama County 7p 0-1 Pekin 0-0 Lone Tree 7p 0-0 OABCIG 1-0 Storm Lake 7p 0-0A Akron-Westfield 0-0 South O'Brien 7p 0-0 Newell-Fonda 0-0 Southeast Valley 7p 1-0 Mt. Pleasant 0-0A Albia 7p 0-0 Lisbon 0-0 Wilton 7p 0-1H Hillcrest Academy 0-0 WACO 7p 0-0 Northwest Webster 0-0W West Bend-Mallard 7p 0-0 West Liberty 0-0 West Branch 7p 0-0 Camanche 0-0 Maquoketa 7p 0-0 Regina 0-0 Durant 7p 1-5 Luverne 0-0 West Lyon 7p 0-0 Wayne 0-0M Moulton-Udell 7p 0-0E Eagle Grove 0-0G Garner-Hayfield/Ventura 7p 0-0A Adair-Casey/Guthrie Center 0-0N Nodaway Valley 7p 0-1 Sidney 1-2 Stanton 7p 0-1 Linn-Mar 1-2 (#20) Williamsburg 7p 0-1 Tipton 0-1M Mid-Prairie 7p 0-0 Collins-Maxwell 0-0 Baxter 7p 0-0 Woodbury Central 0-0M MMCRU (CO-OP) 7p 0-1 Fremont-Mills 0-0 Griswold 7p 0-0 Monticello 0-0 Anamosa 7p 1-0 Boyden-Hull 0-0 Spirit Lake 7p 1-0R Riceville 2-0 Rockford 7p 0-0T Trinity Christian 0-1 Gehlen Catholic 7p 0-0 East Sac County 0-0P Pocahontas 7p 0-0 Humboldt 0-0W Webster City 7p 0-0 Hartley-Melvin-Sanborn 0-0 Hinton 7p 0-0 Algona 0-0H Hampton-Dumont/CAL 7p 0-0S St. Edmond 0-0C Clarion-Goldfield/DOWS 7p 0-0 West Delaware 0-0 Jefferson 7p 0-0H Harris-Lake Park 0-0 Sibley-Ocheyedan 7p 0-0 Beckman 0-0C Cascade 7p 0-0 Waukon 0-1R Rushford-Peterson 7:15p 0-0 Fort Dodge 1-0 Ottumwa 7:15p 2-1 George-Little Rock 0-0 St. Mary's 7:15p 0-1 Mason City 0-0 Des Moines North 7:15p 0-0 Keokuk 0-0 Central Lee 7:15p 0-0 Hoover 0-0 Lincoln 7:15p 0-0 Creston 0-0 Winterset 7:15p 1-0 A-D-M 0-0 Gilbert 7:20p 0-0N Nevada 0-0W Woodward-Granger 7:20p 1-2 (#18) Norwalk 0-0 Des Moines Christian 7:20p 0-0 Colo-NESCO 0-2 Valley Lutheran 7:30p 0-0E Easton Valley 0-1E East Buchanan 7:30p 0-1 Center Point-Urbana 0-0 Grinnell 7:30p 0-1M Marquette 0-1E Edgewood-Colesburg 7:30p 0-0 Iowa Falls-Alden 0-0F Forest City 7:30p 0-0 Midland 0-0M Maquoketa Valley 7:30p 0-0M Montezuma 1-0 B-G-M 7:30p 0-0P Prince of Peace Prep 0-0 Springville 7:30p 0-0 Calamus-Wheatland 0-0 Central City 7:30p 0-2 Dike-New Hartford 0-0 Hudson 7:30p 0-1 North Cedar 0-1 North Linn 7:30p 0-0W Wapello 0-0C Columbus 7:30p 1-1 Unity Christian 0-0 Spirit Lake 7:45p 0-0M Martensdale-St. Mary's 0-0T Twin Cedars 8p 0-0 Marion 1-1 Iowa City West 8p 0-0W Woodward-Granger 0-0 Gilbert 8:10p 0-0 Des Moines Christian 0-0N Nevada 8:10p 1-0 A-D-M 1-2 (#18) Norwalk 8:10p 1-0 Boyden-Hull 0-0 Rock Valley 8:30p"
2158,ia,"Iowa",Volleyball,"0-0 South Tama County 0-0 Prairie City-Monroe 4p"
2159,ia,"Iowa",Volleyball,"0-0W West Marshall 0-0 Boone 4p"
2160,ia,"Iowa",Volleyball,"1-2 (#18) Norwalk 0-0N Nevada 4:30p"
2161,ia,"Iowa",Volleyball,"1-0 Boyden-Hull 1-1 Unity Christian 4:30p"
2162,ia,"Iowa",Volleyball,"0-0 Des Moines Christian 0-0 Gilbert 4:30p"
2163,ia,"Iowa",Volleyball,"1-0 A-D-M 0-0W Woodward-Granger 4:30p"
2164,ia,"Iowa",Volleyball,"0-0 Grinnell 0-1 Center Point-Urbana 5p"
2165,ia,"Iowa",Volleyball,"0-0 Chariton 0-0 Saydel 5p"
2166,ia,"Iowa",Volleyball,"0-0N Northeast 1-1 Fulton 5p"
2167,ia,"Iowa",Volleyball,"0-0M MFL MarMac 0-0T Turkey Valley 5p"
2168,ia,"Iowa",Volleyball,"0-0 Wayne 0-0S Southeast Warren 5p"
2169,ia,"Iowa",Volleyball,"0-0 Colo-NESCO 3-0 (#5) North Tama 5p"
2170,ia,"Iowa",Volleyball,"0-0A Adair-Casey/Guthrie Center 0-0 West Central Valley 5p"
2171,ia,"Iowa",Volleyball,"0-0W Woodward-Granger 0-0 Des Moines Christian 5:20p"
2172,ia,"Iowa",Volleyball,"1-2 (#18) Norwalk 0-0 Gilbert 5:20p"
2173,ia,"Iowa",Volleyball,"1-0 A-D-M 0-0N Nevada 5:20p"
2174,ia,"Iowa",Volleyball,"1-0 Mount Ayr 0-0E East Union 5:30p"
2175,ia,"Iowa",Volleyball,"0-0 Rock Valley 0-0 Spirit Lake 5:30p"
2176,ia,"Iowa",Volleyball,"0-0 Charles City 0-0 Clear Lake 5:30p"
2177,ia,"Iowa",Volleyball,"0-0 Aplington-Parkersburg 0-0 Columbus Catholic 5:30p"
2178,ia,"Iowa",Volleyball,"0-0C Clarksville 0-0 Don Bosco 5:30p"
2179,ia,"Iowa",Volleyball,"0-0 Essex 0-0 Bedford 5:30p"
2180,ia,"Iowa",Volleyball,"0-0 Marion 0-1 Waterloo West 5:30p"
2181,ia,"Iowa",Volleyball,"1-0 Decorah-North Winneshiek 0-0 St. Ansgar 5:30p"
2182,ia,"Iowa",Volleyball,"0-2 Davis County 0-0 Pella Christian 5:30p"
2183,ia,"Iowa",Volleyball,"0-6 Jefferson TBA 5:30p"
2184,ia,"Iowa",Volleyball,"0-0 Prairie City-Monroe 0-0 Boone 5:30p"
2185,ia,"Iowa",Volleyball,"0-0W West Marshall 0-0 South Tama County 5:30p"
2186,ia,"Iowa",Volleyball,"0-0M Martensdale-St. Mary's 1-0D Diagonal 5:30p"
2187,ia,"Iowa",Volleyball,"0-0M Mormon Trail 0-0S Seymour 5:30p"
2188,ia,"Iowa",Volleyball,"0-0 Woodbine 0-2 Underwood 5:30p"
2189,ia,"Iowa",Volleyball,"0-0 Hampton-Dumont 0-0 Algona 5:30p"
2190,ia,"Iowa",Volleyball,"0-0 Lenox 0-0C Central Decatur 5:30p"
2191,ia,"Iowa",Volleyball,"0-0C Crestwood 0-0O Oelwein 5:30p"
2192,ia,"Iowa",Volleyball,"0-0N North Mahaska 0-1 North Cedar 5:30p"
2193,ia,"Iowa",Volleyball,"1-1E Earlham 0-0C Coon Rapids-Bayard 5:45p"
2194,ia,"Iowa",Volleyball,"0-4 Faith Christian 4-1P (#11) Pathway Christian 6p"
2195,ia,"Iowa",Volleyball,"0-0A Adair-Casey/Guthrie Center 0-0 Exira-EHK 6p"
2196,ia,"Iowa",Volleyball,"2-4 Galesburg Christian 2-2 Morning Star Academy 6p"
2197,ia,"Iowa",Volleyball,"1-2 (#20) Williamsburg 0-0 Jefferson 6p"
2198,ia,"Iowa",Volleyball,"0-1 Linn-Mar 0-0 West Delaware 6p"
2199,ia,"Iowa",Volleyball,"0-0N Nevada 0-0 Gilbert 6:10p"
2200,ia,"Iowa",Volleyball,"1-2 (#18) Norwalk 0-0W Woodward-Granger 6:10p"
2201,ia,"Iowa",Volleyball,"1-0 A-D-M 0-0 Des Moines Christian 6:10p"
2202,ia,"Iowa",Volleyball,"1-1 Unity Christian 0-0 Rock Valley 6:15p"
2203,ia,"Iowa",Volleyball,"3-0 (#5) North Tama 0-2 Valley Lutheran 6:15p"
2204,ia,"Iowa",Volleyball,"0-0M Meskwaki Settlement 0-0 GMG 6:30p"
2205,ia,"Iowa",Volleyball,"1-1 Iowa City West 0-1 Waterloo West 6:45p"
2206,ia,"Iowa",Volleyball,"0-0 GTRA (CO-OP) 0-0 South Central Calhoun 6:45p"
2207,ia,"Iowa",Volleyball,"1-0D Diagonal 0-0T Twin Cedars 6:45p"
2208,ia,"Iowa",Volleyball,"0-0W West Marshall 0-0 Prairie City-Monroe 7p"
2209,ia,"Iowa",Volleyball,"0-0 Woodbine 0-0 Logan-Magnolia 7p"
2210,ia,"Iowa",Volleyball,"0-0 Sioux Central 0-0 Alta-Aurelia 7p"
2211,ia,"Iowa",Volleyball,"0-0 Alburnett 0-0 Bellevue 7p"
2212,ia,"Iowa",Volleyball,"0-0 Boone 0-0 South Tama County 7p"
2213,ia,"Iowa",Volleyball,"0-1 Pekin 0-0 Lone Tree 7p"
2214,ia,"Iowa",Volleyball,"0-0 OABCIG 1-0 Storm Lake 7p"
2215,ia,"Iowa",Volleyball,"0-0A Akron-Westfield 0-0 South O'Brien 7p"
2216,ia,"Iowa",Volleyball,"0-0 Newell-Fonda 0-0 Southeast Valley 7p"
2217,ia,"Iowa",Volleyball,"1-0 Mt. Pleasant 0-0A Albia 7p"
2218,ia,"Iowa",Volleyball,"0-0 Lisbon 0-0 Wilton 7p"
2219,ia,"Iowa",Volleyball,"0-1H Hillcrest Academy 0-0 WACO 7p"
2220,ia,"Iowa",Volleyball,"0-0 Northwest Webster 0-0W West Bend-Mallard 7p"
2221,ia,"Iowa",Volleyball,"0-0 West Liberty 0-0 West Branch 7p"
2222,ia,"Iowa",Volleyball,"0-0 Camanche 0-0 Maquoketa 7p"
2223,ia,"Iowa",Volleyball,"0-0 Regina 0-0 Durant 7p"
2224,ia,"Iowa",Volleyball,"1-5 Luverne 0-0 West Lyon 7p"
2225,ia,"Iowa",Volleyball,"0-0 Wayne 0-0M Moulton-Udell 7p"
2226,ia,"Iowa",Volleyball,"0-0E Eagle Grove 0-0G Garner-Hayfield/Ventura 7p"
2227,ia,"Iowa",Volleyball,"0-0A Adair-Casey/Guthrie Center 0-0N Nodaway Valley 7p"
2228,ia,"Iowa",Volleyball,"0-1 Sidney 1-2 Stanton 7p"
2229,ia,"Iowa",Volleyball,"0-1 Linn-Mar 1-2 (#20) Williamsburg 7p"
2230,ia,"Iowa",Volleyball,"0-1 Tipton 0-1M Mid-Prairie 7p"
2231,ia,"Iowa",Volleyball,"0-0 Collins-Maxwell 0-0 Baxter 7p"
2232,ia,"Iowa",Volleyball,"0-0 Woodbury Central 0-0M MMCRU (CO-OP) 7p"
2233,ia,"Iowa",Volleyball,"0-1 Fremont-Mills 0-0 Griswold 7p"
2234,ia,"Iowa",Volleyball,"0-0 Monticello 0-0 Anamosa 7p"
2235,ia,"Iowa",Volleyball,"1-0 Boyden-Hull 0-0 Spirit Lake 7p"
2236,ia,"Iowa",Volleyball,"1-0R Riceville 2-0 Rockford 7p"
2237,ia,"Iowa",Volleyball,"0-0T Trinity Christian 0-1 Gehlen Catholic 7p"
2238,ia,"Iowa",Volleyball,"0-0 East Sac County 0-0P Pocahontas 7p"
2239,ia,"Iowa",Volleyball,"0-0 Humboldt 0-0W Webster City 7p"
2240,ia,"Iowa",Volleyball,"0-0 Hartley-Melvin-Sanborn 0-0 Hinton 7p"
2241,ia,"Iowa",Volleyball,"0-0 Algona 0-0H Hampton-Dumont/CAL 7p"
2242,ia,"Iowa",Volleyball,"0-0S St. Edmond 0-0C Clarion-Goldfield/DOWS 7p"
2243,ia,"Iowa",Volleyball,"0-0 West Delaware 0-0 Jefferson 7p"
2244,ia,"Iowa",Volleyball,"0-0H Harris-Lake Park 0-0 Sibley-Ocheyedan 7p"
2245,ia,"Iowa",Volleyball,"0-0 Beckman 0-0C Cascade 7p"
2246,ia,"Iowa",Volleyball,"0-0 Waukon 0-1R Rushford-Peterson 7:15p"
2247,ia,"Iowa",Volleyball,"0-0 Fort Dodge 1-0 Ottumwa 7:15p"
2248,ia,"Iowa",Volleyball,"2-1 George-Little Rock 0-0 St. Mary's 7:15p"
2249,ia,"Iowa",Volleyball,"0-1 Mason City 0-0 Des Moines North 7:15p"
2250,ia,"Iowa",Volleyball,"0-0 Keokuk 0-0 Central Lee 7:15p"
2251,ia,"Iowa",Volleyball,"0-0 Hoover 0-0 Lincoln 7:15p"
2252,ia,"Iowa",Volleyball,"0-0 Creston 0-0 Winterset 7:15p"
2253,ia,"Iowa",Volleyball,"1-0 A-D-M 0-0 Gilbert 7:20p"
2254,ia,"Iowa",Volleyball,"0-0N Nevada 0-0W Woodward-Granger 7:20p"
2255,ia,"Iowa",Volleyball,"1-2 (#18) Norwalk 0-0 Des Moines Christian 7:20p"
2256,ia,"Iowa",Volleyball,"0-0 Colo-NESCO 0-2 Valley Lutheran 7:30p"
2257,ia,"Iowa",Volleyball,"0-0E Easton Valley 0-1E East Buchanan 7:30p"
2258,ia,"Iowa",Volleyball,"0-1 Center Point-Urbana 0-0 Grinnell 7:30p"
2259,ia,"Iowa",Volleyball,"0-1M Marquette 0-1E Edgewood-Colesburg 7:30p"
2260,ia,"Iowa",Volleyball,"0-0 Iowa Falls-Alden 0-0F Forest City 7:30p"
2261,ia,"Iowa",Volleyball,"0-0 Midland 0-0M Maquoketa Valley 7:30p"
2262,ia,"Iowa",Volleyball,"0-0M Montezuma 1-0 B-G-M 7:30p"
2263,ia,"Iowa",Volleyball,"0-0P Prince of Peace Prep 0-0 Springville 7:30p"
2264,ia,"Iowa",Volleyball,"0-0 Calamus-Wheatland 0-0 Central City 7:30p"
2265,ia,"Iowa",Volleyball,"0-2 Dike-New Hartford 0-0 Hudson 7:30p"
2266,ia,"Iowa",Volleyball,"0-1 North Cedar 0-1 North Linn 7:30p"
2267,ia,"Iowa",Volleyball,"0-0W Wapello 0-0C Columbus 7:30p"
2268,ia,"Iowa",Volleyball,"1-1 Unity Christian 0-0 Spirit Lake 7:45p"
2269,ia,"Iowa",Volleyball,"0-0M Martensdale-St. Mary's 0-0T Twin Cedars 8p"
2270,ia,"Iowa",Volleyball,"0-0 Marion 1-1 Iowa City West 8p"
2271,ia,"Iowa",Volleyball,"0-0W Woodward-Granger 0-0 Gilbert 8:10p"
2272,ia,"Iowa",Volleyball,"0-0 Des Moines Christian 0-0N Nevada 8:10p"
2273,ia,"Iowa",Volleyball,"1-0 A-D-M 1-2 (#18) Norwalk 8:10p"
2274,ia,"Iowa",Volleyball,"1-0 Boyden-Hull 0-0 Rock Valley 8:30p"
2275,ia,"Iowa",Volleyball,"Related ScoreboardsConferences BluegrassCIMLCornerHawkeye TenHeart of IowaIndependentIowa Alliance - NorthIowa Alliance - SouthIowa Star SouthLakes Associations Iowa Girls High School Athletic UnionIowa High School Athletic Association Metros Cedar RapidsDes MoinesSioux City"
2276,ia,"Iowa",Volleyball,"Thursday, Sep. 3 3-0 Bishop Moore 4-0 (#4) Orangewood Christian 6p 7-0 (#22) Mother McAuley 5-2 Lincoln-Way East 5p 0-2 Berkeley Prep 7-0 (#21) Calvary Christian 6:30p 10-0 (#3) Assumption 10-3 Providence 7p 3-0 (#10) Harrisburg 1-1 Washington 6:30p 2-4 Avon 10-0 (#25) Hamilton Southeastern 7:30p 1-0 (#11) Torrey Pines 11-0 (#1) Sierra Canyon 5:30p 6-3 Mira Costa 6-0 (#2) Mater Dei 5:45p 1-0 (#13) Cathedral Catholic 6-6 Southeast Career Tech 7p 0-2 Lincoln Christian 6-0 (#15) Norris"
2277,ia,"Iowa",Volleyball,"3-0 Bishop Moore 4-0 (#4) Orangewood Christian 6p"
2278,ia,"Iowa",Volleyball,"7-0 (#22) Mother McAuley 5-2 Lincoln-Way East 5p"
2279,ia,"Iowa",Volleyball,"0-2 Berkeley Prep 7-0 (#21) Calvary Christian 6:30p"
2280,ia,"Iowa",Volleyball,"10-0 (#3) Assumption 10-3 Providence 7p"
2281,ia,"Iowa",Volleyball,"3-0 (#10) Harrisburg 1-1 Washington 6:30p"
2282,ia,"Iowa",Volleyball,"2-4 Avon 10-0 (#25) Hamilton Southeastern 7:30p"
2283,ia,"Iowa",Volleyball,"1-0 (#11) Torrey Pines 11-0 (#1) Sierra Canyon 5:30p"
2284,ia,"Iowa",Volleyball,"6-3 Mira Costa 6-0 (#2) Mater Dei 5:45p"
2285,ia,"Iowa",Volleyball,"1-0 (#13) Cathedral Catholic 6-6 Southeast Career Tech 7p"
2286,ia,"Iowa",Volleyball,"0-2 Lincoln Christian 6-0 (#15) Norris"
2287,ks,"Kansas",Volleyball,"There are 120 matches for Kansas volleyball on Thu, 9/3/2026. The featured matches are by Kansas top ranked teams Holcomb (KS) vs. #3 Hoisington (KS), #3 Hoisington (KS) @ Dodge City (KS), and Olathe South (Olathe, KS) @ #4 Lawrence Free State (Lawrence, KS). The first match, Chase (KS) vs. Pretty Prairie (KS), starts at 3:30p. Related Content Kansas Girls Volleyball Stat LeadersKansas Girls Volleyball PlayoffsKansas Girls Volleyball Rankings Recent Kansas Girls Volleyball HeadlinesVOLLEYBALL: Preseason top 100VOLLEYBALL: Preseason All-Americans Kansas High School Volleyball Schedule 120 Matches 0-1 Chase 1-1 Pretty Prairie 3:30p 0-2 Moscow 1-1 Cimarron 4p console.log('MaxPrepsAds - createMark: Element Defined - leaderboard-banner-inc1');performance && performance.mark && performance.mark('MaxPrepsAds - Element Defined: leaderboard-banner-inc1'); 2-0 Maywood/Hayes Center 0-1 Rawlins County 4p 3-0 Holcomb 4-0 (#3) Hoisington 4p 0-2 Prairie View 3-2 Osawatomie 4p 2-2 Alma 0-4 Northern Valley 4p 0-4 Northern Valley 0-1 Wilcox-Hildreth 4p 3-2 Osawatomie 3-3 Central Heights 4p 1-0 Goodland 4-1 (#21) Garden City 4p 3-2 Wallace County 2-0 Wauneta-Palisade 4p 0-0 Central Plains 0-1 Fairfield 4:30p 0-0 West 0-0 Junction City 4:30p 0-5 Ellis 0-0 Hill City 4:30p 0-2 Hoxie 0-0 Hill City 4:30p 4-3 Minneapolis 3-1 Hesston 5p 0-0 Southwestern Heights 0-0 Elkhart 5p 0-3 Remington 2-1 Central Christian Academy 5p 0-1 Oswego 0-0 Fort Scott 5p 0-3 West 5-0 (#7) Kapaun Mt. Carmel 5p 0-2 Crest 0-0 West Elk 5p 0-0 Southeast of Saline 1-2 Sacred Heart 5p 4-3 (#24) Holton 0-3 Sabetha 5p 0-0 Southeast 0-0 Northwest 5p 0-0 Stanton County 0-0 Sublette 5p 1-1 Galena 2-0 St. Paul 5p 0-2 Northeast 2-0 St. Paul 5p 0-0 Chetopa 2-0 St. Paul 5p 0-0 Southeast 2-2 East 5p 0-4 Larned 2-0 Victoria 5p 0-2 Neodesha 0-0 Columbus 5p 0-1 Chaparral 3-0 Medicine Lodge 5p 1-3 Idalia 1-2 St. Francis 5p 0-2 Topeka 0-0 Junction City 5p 1-4 Heights 0-3 South 5p 1-5 Haysville Campus 0-0 Great Bend 5p 0-0 Southwestern Heights 0-2 Guymon 5p 3-4 Rock Creek 2-2 Smoky Valley 5p 0-0 Flinthills 0-0 Eureka 5p 1-3 Heritage Christian Academy 1-0 Ottawa 5p 0-0 Eureka 3-2 Conway Springs 5p 1-3 Waverly 0-0 West Elk 5p 0-0 Riverton 0-0 Erie 5p 4-0 (#3) Hoisington 1-4 Dodge City 5p 0-0 Douglass 5-0 Central 5p 2-0 Valley Falls 0-2 Kansas City Christian School 5p 0-2 Holdrege 2-5 Norton 5p 3-4 Emporia 0-0 Junction City 5p 2-2 Smoky Valley 1-1 Abilene 5p 5-0 (#8) Beloit 2-0 Ellinwood 5p 4-0 Cheylin 3-2 Wallace County 5:30p 4-0 Cheylin 2-0 Wauneta-Palisade 5:30p 0-2 Hoxie 0-5 Ellis 5:30p 5-2-1 (#25) Overland Christian 2-2 Clinton Christian Academy 5:30p 0-0 East 1-0 Guadalupe Centers 5:30p 1-0 Goodland 1-1 Liberal 5:30p 0-0 Harmon 0-0 PAPA 6p 0-0 Cherryvale 0-2 Neodesha 6p 0-0C Clay Center/Wakefield 0-2 Tescott 6p 0-0 Northwest 2-2 East 6p 3-2 Bishop Carroll 5-0 (#7) Kapaun Mt. Carmel 6p 3-0 Medicine Lodge 4-2 South Barber 6p 0-0 Hugoton 0-0 Sublette 6p 0-2 Crest 1-3 Waverly 6p 0-3 Bishop Ward 0-2 Lutheran 6p 0-0 Riverton 0-1 Southeast 6p 3-4 Emporia 0-2 Topeka 6p 2-0 Bennington 2-0 Goessel 6p 3-0 Holcomb 1-4 Dodge City 6p 2-0 North 0-3 South 6p 1-1 Meade 1-1 Cimarron 6p 0-0 Elkhart 0-2 Guymon 6p 0-0 Baxter Springs 0-0 Erie 6p 1-1 Paola 0-0 Leavenworth 6p 0-0 Burrton 0-0 Douglass 6p 0-1 Faith Christian Academy 2-0 Maranatha Christian Academy 6p 0-2 Seaman 1-0 Jefferson West 6p 0-0 Trinity Academy 4-3 Minneapolis 6p 1-3 Heritage Christian Academy 2-0 West Franklin 6p 1-1 Olathe South 6-0 (#4) Lawrence Free State 6:30p 5-1 (#16) Olathe North 2-1 Olathe East 6:30p 1-1 Pretty Prairie 0-0 Central Plains 6:30p 1-0 Shawnee Mission West 1-0 Shawnee Mission East 6:30p 0-1 Shawnee Mission South 0-1 Shawnee Mission North 6:30p 1-1 Olathe Northwest 0-1 Blue Valley North 6:30p 0-2 Olathe West 0-1 Lawrence 6:30p 0-0 Atchison 0-1 Bonner Springs 6:30p 0-0 Turner 0-0 Tonganoxie 6:30p 2-3-1 Summit Christian Academy 0-0 Christ Prep Academy 6:30p 0-1 Santa Fe Trail 1-0 Louisburg 6:30p 0-0 Flinthills 3-2 Conway Springs 7p 0-0 Baxter Springs 0-0 Riverton 7p 0-3 Remington 2-1 Central Christian Academy 7p 0-1 Southeast 0-0 Erie 7p 2-2 Eisenhower 0-0 Great Bend 7p 3-4 Emporia 0-0 West 7p 3-4 Eudora 0-0 De Soto 7p 2-5 Thomas More Prep-Marian 2-2 Smoky Valley 7p 2-0 West Franklin 1-0 Ottawa 7p 0-0 West 0-2 Topeka 7p 1-0 Riverside [Wathena/Elwood] 2-0 Valley Falls 7p 0-2 South Central 1-1 Belle Plaine 7p 0-0 Sublette 2-6 Ulysses 7p 0-5 Otis-Bison 2-1 Macksville 7p 0-3 West 3-2 Bishop Carroll 7p 1-0 Russell 0-4 Larned 7p 1-0 Russell 2-0 Victoria 7p 0-0 Trinity Academy 3-1 Hesston 7p 1-2 St. Francis 0-4 Cheyenne Wells 6p 1-1 Belle Plaine 0-3 Attica 8p 0-1 Reno County HomeSchool 0-3 Norwich 3-3 Central Heights 0-2 Prairie View 0-0 Wichita County 1-0 Dighton 0-2 LaCrosse 2-1 Macksville 2-2 Southwest 0-1 Rawlins County 2-5 Bishop LeBlond 1-1 Sacred Heart 0-0 Western Plains/Healy 0-0 Wichita County 0-0 Garden Plain 2-3 Sedgwick 0-5 Otis-Bison 0-2 LaCrosse 0-1 Life Prep 0-3 Norwich 0-0 Bluestem 2-3 Sedgwick"
2288,ks,"Kansas",Volleyball,"0-1 Chase 1-1 Pretty Prairie 3:30p"
2289,ks,"Kansas",Volleyball,"0-2 Moscow 1-1 Cimarron 4p"
2290,ks,"Kansas",Volleyball,"2-0 Maywood/Hayes Center 0-1 Rawlins County 4p"
2291,ks,"Kansas",Volleyball,"3-0 Holcomb 4-0 (#3) Hoisington 4p"
2292,ks,"Kansas",Volleyball,"0-2 Prairie View 3-2 Osawatomie 4p"
2293,ks,"Kansas",Volleyball,"2-2 Alma 0-4 Northern Valley 4p"
2294,ks,"Kansas",Volleyball,"0-4 Northern Valley 0-1 Wilcox-Hildreth 4p"
2295,ks,"Kansas",Volleyball,"3-2 Osawatomie 3-3 Central Heights 4p"
2296,ks,"Kansas",Volleyball,"1-0 Goodland 4-1 (#21) Garden City 4p"
2297,ks,"Kansas",Volleyball,"3-2 Wallace County 2-0 Wauneta-Palisade 4p"
2298,ks,"Kansas",Volleyball,"0-0 Central Plains 0-1 Fairfield 4:30p"
2299,ks,"Kansas",Volleyball,"0-0 West 0-0 Junction City 4:30p"
2300,ks,"Kansas",Volleyball,"0-5 Ellis 0-0 Hill City 4:30p"
2301,ks,"Kansas",Volleyball,"0-2 Hoxie 0-0 Hill City 4:30p"
2302,ks,"Kansas",Volleyball,"4-3 Minneapolis 3-1 Hesston 5p"
2303,ks,"Kansas",Volleyball,"0-0 Southwestern Heights 0-0 Elkhart 5p"
2304,ks,"Kansas",Volleyball,"0-3 Remington 2-1 Central Christian Academy 5p"
2305,ks,"Kansas",Volleyball,"0-1 Oswego 0-0 Fort Scott 5p"
2306,ks,"Kansas",Volleyball,"0-3 West 5-0 (#7) Kapaun Mt. Carmel 5p"
2307,ks,"Kansas",Volleyball,"0-2 Crest 0-0 West Elk 5p"
2308,ks,"Kansas",Volleyball,"0-0 Southeast of Saline 1-2 Sacred Heart 5p"
2309,ks,"Kansas",Volleyball,"4-3 (#24) Holton 0-3 Sabetha 5p"
2310,ks,"Kansas",Volleyball,"0-0 Southeast 0-0 Northwest 5p"
2311,ks,"Kansas",Volleyball,"0-0 Stanton County 0-0 Sublette 5p"
2312,ks,"Kansas",Volleyball,"1-1 Galena 2-0 St. Paul 5p"
2313,ks,"Kansas",Volleyball,"0-2 Northeast 2-0 St. Paul 5p"
2314,ks,"Kansas",Volleyball,"0-0 Chetopa 2-0 St. Paul 5p"
2315,ks,"Kansas",Volleyball,"0-0 Southeast 2-2 East 5p"
2316,ks,"Kansas",Volleyball,"0-4 Larned 2-0 Victoria 5p"
2317,ks,"Kansas",Volleyball,"0-2 Neodesha 0-0 Columbus 5p"
2318,ks,"Kansas",Volleyball,"0-1 Chaparral 3-0 Medicine Lodge 5p"
2319,ks,"Kansas",Volleyball,"1-3 Idalia 1-2 St. Francis 5p"
2320,ks,"Kansas",Volleyball,"0-2 Topeka 0-0 Junction City 5p"
2321,ks,"Kansas",Volleyball,"1-4 Heights 0-3 South 5p"
2322,ks,"Kansas",Volleyball,"1-5 Haysville Campus 0-0 Great Bend 5p"
2323,ks,"Kansas",Volleyball,"0-0 Southwestern Heights 0-2 Guymon 5p"
2324,ks,"Kansas",Volleyball,"3-4 Rock Creek 2-2 Smoky Valley 5p"
2325,ks,"Kansas",Volleyball,"0-0 Flinthills 0-0 Eureka 5p"
2326,ks,"Kansas",Volleyball,"1-3 Heritage Christian Academy 1-0 Ottawa 5p"
2327,ks,"Kansas",Volleyball,"0-0 Eureka 3-2 Conway Springs 5p"
2328,ks,"Kansas",Volleyball,"1-3 Waverly 0-0 West Elk 5p"
2329,ks,"Kansas",Volleyball,"0-0 Riverton 0-0 Erie 5p"
2330,ks,"Kansas",Volleyball,"4-0 (#3) Hoisington 1-4 Dodge City 5p"
2331,ks,"Kansas",Volleyball,"0-0 Douglass 5-0 Central 5p"
2332,ks,"Kansas",Volleyball,"2-0 Valley Falls 0-2 Kansas City Christian School 5p"
2333,ks,"Kansas",Volleyball,"0-2 Holdrege 2-5 Norton 5p"
2334,ks,"Kansas",Volleyball,"3-4 Emporia 0-0 Junction City 5p"
2335,ks,"Kansas",Volleyball,"2-2 Smoky Valley 1-1 Abilene 5p"
2336,ks,"Kansas",Volleyball,"5-0 (#8) Beloit 2-0 Ellinwood 5p"
2337,ks,"Kansas",Volleyball,"4-0 Cheylin 3-2 Wallace County 5:30p"
2338,ks,"Kansas",Volleyball,"4-0 Cheylin 2-0 Wauneta-Palisade 5:30p"
2339,ks,"Kansas",Volleyball,"0-2 Hoxie 0-5 Ellis 5:30p"
2340,ks,"Kansas",Volleyball,"5-2-1 (#25) Overland Christian 2-2 Clinton Christian Academy 5:30p"
2341,ks,"Kansas",Volleyball,"0-0 East 1-0 Guadalupe Centers 5:30p"
2342,ks,"Kansas",Volleyball,"1-0 Goodland 1-1 Liberal 5:30p"
2343,ks,"Kansas",Volleyball,"0-0 Harmon 0-0 PAPA 6p"
2344,ks,"Kansas",Volleyball,"0-0 Cherryvale 0-2 Neodesha 6p"
2345,ks,"Kansas",Volleyball,"0-0C Clay Center/Wakefield 0-2 Tescott 6p"
2346,ks,"Kansas",Volleyball,"0-0 Northwest 2-2 East 6p"
2347,ks,"Kansas",Volleyball,"3-2 Bishop Carroll 5-0 (#7) Kapaun Mt. Carmel 6p"
2348,ks,"Kansas",Volleyball,"3-0 Medicine Lodge 4-2 South Barber 6p"
2349,ks,"Kansas",Volleyball,"0-0 Hugoton 0-0 Sublette 6p"
2350,ks,"Kansas",Volleyball,"0-2 Crest 1-3 Waverly 6p"
2351,ks,"Kansas",Volleyball,"0-3 Bishop Ward 0-2 Lutheran 6p"
2352,ks,"Kansas",Volleyball,"0-0 Riverton 0-1 Southeast 6p"
2353,ks,"Kansas",Volleyball,"3-4 Emporia 0-2 Topeka 6p"
2354,ks,"Kansas",Volleyball,"2-0 Bennington 2-0 Goessel 6p"
2355,ks,"Kansas",Volleyball,"3-0 Holcomb 1-4 Dodge City 6p"
2356,ks,"Kansas",Volleyball,"2-0 North 0-3 South 6p"
2357,ks,"Kansas",Volleyball,"1-1 Meade 1-1 Cimarron 6p"
2358,ks,"Kansas",Volleyball,"0-0 Elkhart 0-2 Guymon 6p"
2359,ks,"Kansas",Volleyball,"0-0 Baxter Springs 0-0 Erie 6p"
2360,ks,"Kansas",Volleyball,"1-1 Paola 0-0 Leavenworth 6p"
2361,ks,"Kansas",Volleyball,"0-0 Burrton 0-0 Douglass 6p"
2362,ks,"Kansas",Volleyball,"0-1 Faith Christian Academy 2-0 Maranatha Christian Academy 6p"
2363,ks,"Kansas",Volleyball,"0-2 Seaman 1-0 Jefferson West 6p"
2364,ks,"Kansas",Volleyball,"0-0 Trinity Academy 4-3 Minneapolis 6p"
2365,ks,"Kansas",Volleyball,"1-3 Heritage Christian Academy 2-0 West Franklin 6p"
2366,ks,"Kansas",Volleyball,"1-1 Olathe South 6-0 (#4) Lawrence Free State 6:30p"
2367,ks,"Kansas",Volleyball,"5-1 (#16) Olathe North 2-1 Olathe East 6:30p"
2368,ks,"Kansas",Volleyball,"1-1 Pretty Prairie 0-0 Central Plains 6:30p"
2369,ks,"Kansas",Volleyball,"1-0 Shawnee Mission West 1-0 Shawnee Mission East 6:30p"
2370,ks,"Kansas",Volleyball,"0-1 Shawnee Mission South 0-1 Shawnee Mission North 6:30p"
2371,ks,"Kansas",Volleyball,"1-1 Olathe Northwest 0-1 Blue Valley North 6:30p"
2372,ks,"Kansas",Volleyball,"0-2 Olathe West 0-1 Lawrence 6:30p"
2373,ks,"Kansas",Volleyball,"0-0 Atchison 0-1 Bonner Springs 6:30p"
2374,ks,"Kansas",Volleyball,"0-0 Turner 0-0 Tonganoxie 6:30p"
2375,ks,"Kansas",Volleyball,"2-3-1 Summit Christian Academy 0-0 Christ Prep Academy 6:30p"
2376,ks,"Kansas",Volleyball,"0-1 Santa Fe Trail 1-0 Louisburg 6:30p"
2377,ks,"Kansas",Volleyball,"0-0 Flinthills 3-2 Conway Springs 7p"
2378,ks,"Kansas",Volleyball,"0-0 Baxter Springs 0-0 Riverton 7p"
2379,ks,"Kansas",Volleyball,"0-3 Remington 2-1 Central Christian Academy 7p"
2380,ks,"Kansas",Volleyball,"0-1 Southeast 0-0 Erie 7p"
2381,ks,"Kansas",Volleyball,"2-2 Eisenhower 0-0 Great Bend 7p"
2382,ks,"Kansas",Volleyball,"3-4 Emporia 0-0 West 7p"
2383,ks,"Kansas",Volleyball,"3-4 Eudora 0-0 De Soto 7p"
2384,ks,"Kansas",Volleyball,"2-5 Thomas More Prep-Marian 2-2 Smoky Valley 7p"
2385,ks,"Kansas",Volleyball,"2-0 West Franklin 1-0 Ottawa 7p"
2386,ks,"Kansas",Volleyball,"0-0 West 0-2 Topeka 7p"
2387,ks,"Kansas",Volleyball,"1-0 Riverside [Wathena/Elwood] 2-0 Valley Falls 7p"
2388,ks,"Kansas",Volleyball,"0-2 South Central 1-1 Belle Plaine 7p"
2389,ks,"Kansas",Volleyball,"0-0 Sublette 2-6 Ulysses 7p"
2390,ks,"Kansas",Volleyball,"0-5 Otis-Bison 2-1 Macksville 7p"
2391,ks,"Kansas",Volleyball,"0-3 West 3-2 Bishop Carroll 7p"
2392,ks,"Kansas",Volleyball,"1-0 Russell 0-4 Larned 7p"
2393,ks,"Kansas",Volleyball,"1-0 Russell 2-0 Victoria 7p"
2394,ks,"Kansas",Volleyball,"0-0 Trinity Academy 3-1 Hesston 7p"
2395,ks,"Kansas",Volleyball,"1-2 St. Francis 0-4 Cheyenne Wells 6p"
2396,ks,"Kansas",Volleyball,"1-1 Belle Plaine 0-3 Attica 8p"
2397,ks,"Kansas",Volleyball,"0-1 Reno County HomeSchool 0-3 Norwich"
2398,ks,"Kansas",Volleyball,"3-3 Central Heights 0-2 Prairie View"
2399,ks,"Kansas",Volleyball,"0-0 Wichita County 1-0 Dighton"
2400,ks,"Kansas",Volleyball,"0-2 LaCrosse 2-1 Macksville"
2401,ks,"Kansas",Volleyball,"2-2 Southwest 0-1 Rawlins County"
2402,ks,"Kansas",Volleyball,"2-5 Bishop LeBlond 1-1 Sacred Heart"
2403,ks,"Kansas",Volleyball,"0-0 Western Plains/Healy 0-0 Wichita County"
2404,ks,"Kansas",Volleyball,"0-0 Garden Plain 2-3 Sedgwick"
2405,ks,"Kansas",Volleyball,"0-5 Otis-Bison 0-2 LaCrosse"
2406,ks,"Kansas",Volleyball,"0-1 Life Prep 0-3 Norwich"
2407,ks,"Kansas",Volleyball,"0-0 Bluestem 2-3 Sedgwick"
2408,ks,"Kansas",Volleyball,"Related ScoreboardsDistricts Approved SchoolArk Valley-Chisholm Trail Division IArk Valley-Chisholm Trail Division IIArk Valley-Chisholm Trail Division IIIArk Valley-Chisholm Trail Division IVBig EastCentennialCentral KansasCentral PlainsCentral Prairie Associations Kansas State High School Activities AssociationKansas Volleyball Coach Association Metros JoplinTopekaWichita"
2409,ks,"Kansas",Volleyball,"Thursday, Sep. 3 3-0 Bishop Moore 4-0 (#4) Orangewood Christian 6p 7-0 (#22) Mother McAuley 5-2 Lincoln-Way East 5p 0-2 Berkeley Prep 7-0 (#21) Calvary Christian 6:30p 10-0 (#3) Assumption 10-3 Providence 7p 3-0 (#10) Harrisburg 1-1 Washington 6:30p 2-4 Avon 10-0 (#25) Hamilton Southeastern 7:30p 1-0 (#11) Torrey Pines 11-0 (#1) Sierra Canyon 5:30p 6-3 Mira Costa 6-0 (#2) Mater Dei 5:45p 1-0 (#13) Cathedral Catholic 6-6 Southeast Career Tech 7p 0-2 Lincoln Christian 6-0 (#15) Norris"
2410,ks,"Kansas",Volleyball,"3-0 Bishop Moore 4-0 (#4) Orangewood Christian 6p"
2411,ks,"Kansas",Volleyball,"7-0 (#22) Mother McAuley 5-2 Lincoln-Way East 5p"
2412,ks,"Kansas",Volleyball,"0-2 Berkeley Prep 7-0 (#21) Calvary Christian 6:30p"
2413,ks,"Kansas",Volleyball,"10-0 (#3) Assumption 10-3 Providence 7p"
2414,ks,"Kansas",Volleyball,"3-0 (#10) Harrisburg 1-1 Washington 6:30p"
2415,ks,"Kansas",Volleyball,"2-4 Avon 10-0 (#25) Hamilton Southeastern 7:30p"
2416,ks,"Kansas",Volleyball,"1-0 (#11) Torrey Pines 11-0 (#1) Sierra Canyon 5:30p"
2417,ks,"Kansas",Volleyball,"6-3 Mira Costa 6-0 (#2) Mater Dei 5:45p"
2418,ks,"Kansas",Volleyball,"1-0 (#13) Cathedral Catholic 6-6 Southeast Career Tech 7p"
2419,ks,"Kansas",Volleyball,"0-2 Lincoln Christian 6-0 (#15) Norris"
2420,ky,"Kentucky",Volleyball,"There are 104 matches for Kentucky volleyball on Thu, 9/3/2026. The featured matches are by Kentucky top ranked teams #1 Assumption (Louisville, KY) @ Providence (Clarksville, IN), #3 Apollo (Owensboro, KY) @ Logan County (Russellville, KY), and #5 Mercy (Louisville, KY) @ Whitefield Academy (Louisville, KY). The first match, Boyle County (Danville, KY) @ Danville Christian Academy (Danville, KY), starts at 5a. Related Content Kentucky Girls Volleyball Stat LeadersKentucky Girls Volleyball PlayoffsKentucky Girls Volleyball Rankings Recent Kentucky Girls Volleyball HeadlinesVOLLEYBALL: Preseason top 100VOLLEYBALL: Preseason All-Americans Kentucky High School Volleyball Schedule 104 Matches 3-4 Boyle County 0-4 Danville Christian Academy 5a 2-2 Paul Laurence Dunbar 1-0 Ursuline 12:45p console.log('MaxPrepsAds - createMark: Element Defined - leaderboard-banner-inc1');performance && performance.mark && performance.mark('MaxPrepsAds - Element Defined: leaderboard-banner-inc1'); 1-5G Green County 3-6 Glasgow 5:30p 3-8 Harlan County 5-1 Bell County 5:30p 1-7 Butler County 1-9 Barren County 5:30p 0-5L Lynn Camp 6-3-1B Barbourville 5:30p 1-2-1 Western 1-2 Iroquois 5:30p 11-1 (#22) Shelby Valley 1-0S Southern Gap 7p 3-3 Estill County 2-6-1W Wolfe County 6p 0-1C Cordia 5-2 Jenkins 6p 7-4-2 Clay County 6-5 Knox Central 6p 4-3 Male 1-6 Louisville Collegiate 6p 0-5 Jackson County 4-3 Leslie County 6p 10-0 (#1) Assumption 10-3 Providence 7p 0-7 Martin County 2-3 June Buchanan 6p 5-4-1 Middlesboro 0-7-1 Harlan 6p 3-6 Floyd Central 8-4 Pikeville 6p 6-8 Johnson Central 5-3-1 Letcher County Central 6p 3-4L Lee County 3-5 Morgan County 6:30p 10-3 Graves County 4-0 (#24) Marshall County 6:30p 7-4-1 Somerset 2-4 Rockcastle County 6:30p 3-3 Eastern 3-2W Walden 6:30p 4-3 Lincoln County 0-5 Danville 6:30p 10-2-1M Metcalfe County 3-9-1A Allen County-Scottsville 6:30p 6-4 Hart County 2-6 Warren Central 6:30p 3-1-1 Waggener 1-5 Jeffersontown 6:30p 9-7-1 Ohio County 5-6 Grayson County 6:30p 3-0 Central 1-7F Francis Parker 6:30p 5-1 Butler 0-6D Doss 6:30p 12-0 (#3) Apollo 6-3-1 Logan County 6:30p 3-2-2H Highlands Latin 6-1 Portland Christian 6:30p 7-1 (#7) Christian Academy-Louisville 5-2 Kentucky Country Day 6:30p 12-2 (#15) Bullitt East 3-2 Southern 6:30p 6-3 DuPont Manual 0-6 Seneca 6:30p 2-6 Fulton County 3-4H Hickman County 6:30p 5-2 Fort Campbell 4-7 Northeast 6:33p 7-4 Raceland 4-1 Boyd County 7p 2-1 Heritage Christian Academy 0-6 Russellville 7p 5-7 North Laurel 1-5-1 Oneida Baptist Institute 7p 5-4 Pulaski County 2-9 Casey County 7p 9-0 Campbellsville 6-5 Adair County 7p 3-2 Highlands 2-2 Conner 7p 0-4-2 Lloyd Memorial 1-4 Newport 7p 2-1 Cooper 3-6 Boone County 7p 3-1P Paris 5-5 Mason County 7p 8-4 Meade County 4-2-1 Breckinridge County 7p 3-2 Holy Cross 5-4 Walton-Verona 7p 5-2 Fort Campbell N Non Varsity Opponent 7p 2-5 Gallatin County 3-4 Owen County 7p 7-1 Blazer 4-5 Russell 7p 5-1 LKY 4-3 Fern Creek 7p 2-5-1L Livingston Central 1-2 Fulton City 7p 6-4 Central Hardin 3-3-2 Greenwood 7p 2-2 Pleasure Ridge Park 8-3 (#25) Holy Cross 7p 1-1 McCracken County 1-7-1S St. Mary 7p 3-2 Greenup County 5-4 Fairview 7p 7-3-2 South Warren 8-4-2 Warren East 7p 0-6 Owsley County 3-4 Magoffin County 7p 2-2 Union County 5-3 Daviess County 7p 0-7 Caverna 2-4-1C Cumberland County 7p 4-3-1 Williamstown 0-6 Holmes 7p 3-1 Trimble County 3-4 Carroll County 7p 8-4-1 Ballard Memorial 4-9-1C Carlisle County 7:15p 7-4-2 Murray 5-4-1 Mayfield 7:15p 7-2 (#16) West Jessamine 7-3 Mercer County 7:30p 7-2 (#5) Mercy 2-3-1 Whitefield Academy 7:30p 3-5 Ludlow 2-6 Bellevue 7:30p 10-1 (#23) Paintsville 4-7 Pike County Central 7:30p 1-5 Henry County 3-0-1 Eminence 7:30p 4-1 (#13) Whitley County 5-4 Madison Southern 7:30p 4-4 Russell County 3-1 Monroe County 7:30p 3-6 Dayton 3-3 Newport Central Catholic 7:30p 4-2 Madison Central 7-2 George Rogers Clark 7:30p 0-10 Hopkins County Central 3-5 Trigg County 7:30p 3-3 Scott County 3-6 Bryan Station 7:30p 6-2 (#6) North Oldham 5-2 Oldham County 7:30p 5-5 Thomas Nelson 6-1 (#17) Elizabethtown 7:30p 4-2 Frederick Douglass 2-7 Lafayette 7:30p 2-1-2 Trinity Christian Academy 5-5 East Jessamine 7:30p 1-5 Western Hills 1-3 Lexington Christian 7:30p 6-6 Owensboro 16-2 Muhlenberg County 7:30p 3-4 Washington County 3-6 Bardstown 7:30p 1-4 Pendleton County 6-0 Bishop Brossart 7:30p 6-2 Bracken County 2-7 St. Patrick 7:30p 4-5-1 North Bullitt 3-2 Bullitt Central 7:30p 5-5 Henry Clay 5-2 (#14) Montgomery County 7:30p 3-2-1 Williamsburg 3-2-1 Corbin 7:30p 5-6 East Carter 0-5 Elliott County 7:30p 3-8-1 McLean County 4-8-1 Hancock County 7:30p 2-8 North Hardin 7-4-1 Bethlehem 7:30p 4-4 Southwestern 7-3 McCreary Central 7:30p 4-2 Shelby County 1-2 Franklin County 7:30p 3-4 Phelps 2-5 Belfry 7:30p 4-5 Grant County 1-3-1 Dixie Heights 7:30p 4-3 Lewis County 5-3 Augusta 7:30p 0-3-2 Community Christian 2-2 Christian Fellowship 7:30p 2-2-1 Woodford County 1-4 Collins 7:30p 2-5 Frankfort 5-4 Harrison County 7:45p 2-7 Bath County 2-3 Menifee County 8p 7-5 Crittenden County 6-12 Todd County Central 8p 4-2 Somerset Christian 8-1 Wayne County 8p 10-2 (#9) Rowan County 4-7 Fleming County 8p 3-9-1 Madisonville-North Hopkins 2-5-1 Calloway County 8:30p 5-2 Lexington Catholic 6-1-1 Tates Creek"
2421,ky,"Kentucky",Volleyball,"3-4 Boyle County 0-4 Danville Christian Academy 5a"
2422,ky,"Kentucky",Volleyball,"2-2 Paul Laurence Dunbar 1-0 Ursuline 12:45p"
2423,ky,"Kentucky",Volleyball,"1-5G Green County 3-6 Glasgow 5:30p"
2424,ky,"Kentucky",Volleyball,"3-8 Harlan County 5-1 Bell County 5:30p"
2425,ky,"Kentucky",Volleyball,"1-7 Butler County 1-9 Barren County 5:30p"
2426,ky,"Kentucky",Volleyball,"0-5L Lynn Camp 6-3-1B Barbourville 5:30p"
2427,ky,"Kentucky",Volleyball,"1-2-1 Western 1-2 Iroquois 5:30p"
2428,ky,"Kentucky",Volleyball,"11-1 (#22) Shelby Valley 1-0S Southern Gap 7p"
2429,ky,"Kentucky",Volleyball,"3-3 Estill County 2-6-1W Wolfe County 6p"
2430,ky,"Kentucky",Volleyball,"0-1C Cordia 5-2 Jenkins 6p"
2431,ky,"Kentucky",Volleyball,"7-4-2 Clay County 6-5 Knox Central 6p"
2432,ky,"Kentucky",Volleyball,"4-3 Male 1-6 Louisville Collegiate 6p"
2433,ky,"Kentucky",Volleyball,"0-5 Jackson County 4-3 Leslie County 6p"
2434,ky,"Kentucky",Volleyball,"10-0 (#1) Assumption 10-3 Providence 7p"
2435,ky,"Kentucky",Volleyball,"0-7 Martin County 2-3 June Buchanan 6p"
2436,ky,"Kentucky",Volleyball,"5-4-1 Middlesboro 0-7-1 Harlan 6p"
2437,ky,"Kentucky",Volleyball,"3-6 Floyd Central 8-4 Pikeville 6p"
2438,ky,"Kentucky",Volleyball,"6-8 Johnson Central 5-3-1 Letcher County Central 6p"
2439,ky,"Kentucky",Volleyball,"3-4L Lee County 3-5 Morgan County 6:30p"
2440,ky,"Kentucky",Volleyball,"10-3 Graves County 4-0 (#24) Marshall County 6:30p"
2441,ky,"Kentucky",Volleyball,"7-4-1 Somerset 2-4 Rockcastle County 6:30p"
2442,ky,"Kentucky",Volleyball,"3-3 Eastern 3-2W Walden 6:30p"
2443,ky,"Kentucky",Volleyball,"4-3 Lincoln County 0-5 Danville 6:30p"
2444,ky,"Kentucky",Volleyball,"10-2-1M Metcalfe County 3-9-1A Allen County-Scottsville 6:30p"
2445,ky,"Kentucky",Volleyball,"6-4 Hart County 2-6 Warren Central 6:30p"
2446,ky,"Kentucky",Volleyball,"3-1-1 Waggener 1-5 Jeffersontown 6:30p"
2447,ky,"Kentucky",Volleyball,"9-7-1 Ohio County 5-6 Grayson County 6:30p"
2448,ky,"Kentucky",Volleyball,"3-0 Central 1-7F Francis Parker 6:30p"
2449,ky,"Kentucky",Volleyball,"5-1 Butler 0-6D Doss 6:30p"
2450,ky,"Kentucky",Volleyball,"12-0 (#3) Apollo 6-3-1 Logan County 6:30p"
2451,ky,"Kentucky",Volleyball,"3-2-2H Highlands Latin 6-1 Portland Christian 6:30p"
2452,ky,"Kentucky",Volleyball,"7-1 (#7) Christian Academy-Louisville 5-2 Kentucky Country Day 6:30p"
2453,ky,"Kentucky",Volleyball,"12-2 (#15) Bullitt East 3-2 Southern 6:30p"
2454,ky,"Kentucky",Volleyball,"6-3 DuPont Manual 0-6 Seneca 6:30p"
2455,ky,"Kentucky",Volleyball,"2-6 Fulton County 3-4H Hickman County 6:30p"
2456,ky,"Kentucky",Volleyball,"5-2 Fort Campbell 4-7 Northeast 6:33p"
2457,ky,"Kentucky",Volleyball,"7-4 Raceland 4-1 Boyd County 7p"
2458,ky,"Kentucky",Volleyball,"2-1 Heritage Christian Academy 0-6 Russellville 7p"
2459,ky,"Kentucky",Volleyball,"5-7 North Laurel 1-5-1 Oneida Baptist Institute 7p"
2460,ky,"Kentucky",Volleyball,"5-4 Pulaski County 2-9 Casey County 7p"
2461,ky,"Kentucky",Volleyball,"9-0 Campbellsville 6-5 Adair County 7p"
2462,ky,"Kentucky",Volleyball,"3-2 Highlands 2-2 Conner 7p"
2463,ky,"Kentucky",Volleyball,"0-4-2 Lloyd Memorial 1-4 Newport 7p"
2464,ky,"Kentucky",Volleyball,"2-1 Cooper 3-6 Boone County 7p"
2465,ky,"Kentucky",Volleyball,"3-1P Paris 5-5 Mason County 7p"
2466,ky,"Kentucky",Volleyball,"8-4 Meade County 4-2-1 Breckinridge County 7p"
2467,ky,"Kentucky",Volleyball,"3-2 Holy Cross 5-4 Walton-Verona 7p"
2468,ky,"Kentucky",Volleyball,"5-2 Fort Campbell N Non Varsity Opponent 7p"
2469,ky,"Kentucky",Volleyball,"2-5 Gallatin County 3-4 Owen County 7p"
2470,ky,"Kentucky",Volleyball,"7-1 Blazer 4-5 Russell 7p"
2471,ky,"Kentucky",Volleyball,"5-1 LKY 4-3 Fern Creek 7p"
2472,ky,"Kentucky",Volleyball,"2-5-1L Livingston Central 1-2 Fulton City 7p"
2473,ky,"Kentucky",Volleyball,"6-4 Central Hardin 3-3-2 Greenwood 7p"
2474,ky,"Kentucky",Volleyball,"2-2 Pleasure Ridge Park 8-3 (#25) Holy Cross 7p"
2475,ky,"Kentucky",Volleyball,"1-1 McCracken County 1-7-1S St. Mary 7p"
2476,ky,"Kentucky",Volleyball,"3-2 Greenup County 5-4 Fairview 7p"
2477,ky,"Kentucky",Volleyball,"7-3-2 South Warren 8-4-2 Warren East 7p"
2478,ky,"Kentucky",Volleyball,"0-6 Owsley County 3-4 Magoffin County 7p"
2479,ky,"Kentucky",Volleyball,"2-2 Union County 5-3 Daviess County 7p"
2480,ky,"Kentucky",Volleyball,"0-7 Caverna 2-4-1C Cumberland County 7p"
2481,ky,"Kentucky",Volleyball,"4-3-1 Williamstown 0-6 Holmes 7p"
2482,ky,"Kentucky",Volleyball,"3-1 Trimble County 3-4 Carroll County 7p"
2483,ky,"Kentucky",Volleyball,"8-4-1 Ballard Memorial 4-9-1C Carlisle County 7:15p"
2484,ky,"Kentucky",Volleyball,"7-4-2 Murray 5-4-1 Mayfield 7:15p"
2485,ky,"Kentucky",Volleyball,"7-2 (#16) West Jessamine 7-3 Mercer County 7:30p"
2486,ky,"Kentucky",Volleyball,"7-2 (#5) Mercy 2-3-1 Whitefield Academy 7:30p"
2487,ky,"Kentucky",Volleyball,"3-5 Ludlow 2-6 Bellevue 7:30p"
2488,ky,"Kentucky",Volleyball,"10-1 (#23) Paintsville 4-7 Pike County Central 7:30p"
2489,ky,"Kentucky",Volleyball,"1-5 Henry County 3-0-1 Eminence 7:30p"
2490,ky,"Kentucky",Volleyball,"4-1 (#13) Whitley County 5-4 Madison Southern 7:30p"
2491,ky,"Kentucky",Volleyball,"4-4 Russell County 3-1 Monroe County 7:30p"
2492,ky,"Kentucky",Volleyball,"3-6 Dayton 3-3 Newport Central Catholic 7:30p"
2493,ky,"Kentucky",Volleyball,"4-2 Madison Central 7-2 George Rogers Clark 7:30p"
2494,ky,"Kentucky",Volleyball,"0-10 Hopkins County Central 3-5 Trigg County 7:30p"
2495,ky,"Kentucky",Volleyball,"3-3 Scott County 3-6 Bryan Station 7:30p"
2496,ky,"Kentucky",Volleyball,"6-2 (#6) North Oldham 5-2 Oldham County 7:30p"
2497,ky,"Kentucky",Volleyball,"5-5 Thomas Nelson 6-1 (#17) Elizabethtown 7:30p"
2498,ky,"Kentucky",Volleyball,"4-2 Frederick Douglass 2-7 Lafayette 7:30p"
2499,ky,"Kentucky",Volleyball,"2-1-2 Trinity Christian Academy 5-5 East Jessamine 7:30p"
2500,ky,"Kentucky",Volleyball,"1-5 Western Hills 1-3 Lexington Christian 7:30p"
2501,ky,"Kentucky",Volleyball,"6-6 Owensboro 16-2 Muhlenberg County 7:30p"
2502,ky,"Kentucky",Volleyball,"3-4 Washington County 3-6 Bardstown 7:30p"
2503,ky,"Kentucky",Volleyball,"1-4 Pendleton County 6-0 Bishop Brossart 7:30p"
2504,ky,"Kentucky",Volleyball,"6-2 Bracken County 2-7 St. Patrick 7:30p"
2505,ky,"Kentucky",Volleyball,"4-5-1 North Bullitt 3-2 Bullitt Central 7:30p"
2506,ky,"Kentucky",Volleyball,"5-5 Henry Clay 5-2 (#14) Montgomery County 7:30p"
2507,ky,"Kentucky",Volleyball,"3-2-1 Williamsburg 3-2-1 Corbin 7:30p"
2508,ky,"Kentucky",Volleyball,"5-6 East Carter 0-5 Elliott County 7:30p"
2509,ky,"Kentucky",Volleyball,"3-8-1 McLean County 4-8-1 Hancock County 7:30p"
2510,ky,"Kentucky",Volleyball,"2-8 North Hardin 7-4-1 Bethlehem 7:30p"
2511,ky,"Kentucky",Volleyball,"4-4 Southwestern 7-3 McCreary Central 7:30p"
2512,ky,"Kentucky",Volleyball,"4-2 Shelby County 1-2 Franklin County 7:30p"
2513,ky,"Kentucky",Volleyball,"3-4 Phelps 2-5 Belfry 7:30p"
2514,ky,"Kentucky",Volleyball,"4-5 Grant County 1-3-1 Dixie Heights 7:30p"
2515,ky,"Kentucky",Volleyball,"4-3 Lewis County 5-3 Augusta 7:30p"
2516,ky,"Kentucky",Volleyball,"0-3-2 Community Christian 2-2 Christian Fellowship 7:30p"
2517,ky,"Kentucky",Volleyball,"2-2-1 Woodford County 1-4 Collins 7:30p"
2518,ky,"Kentucky",Volleyball,"2-5 Frankfort 5-4 Harrison County 7:45p"
2519,ky,"Kentucky",Volleyball,"2-7 Bath County 2-3 Menifee County 8p"
2520,ky,"Kentucky",Volleyball,"7-5 Crittenden County 6-12 Todd County Central 8p"
2521,ky,"Kentucky",Volleyball,"4-2 Somerset Christian 8-1 Wayne County 8p"
2522,ky,"Kentucky",Volleyball,"10-2 (#9) Rowan County 4-7 Fleming County 8p"
2523,ky,"Kentucky",Volleyball,"3-9-1 Madisonville-North Hopkins 2-5-1 Calloway County 8:30p"
2524,ky,"Kentucky",Volleyball,"5-2 Lexington Catholic 6-1-1 Tates Creek"
2525,ky,"Kentucky",Volleyball,"Related ScoreboardsDistricts District 1District 10District 11District 12District 13District 14District 15District 16District 17District 18 Associations Kentucky High School Athletic Association Metros Bowling GreenLexingtonLouisville"
2526,ky,"Kentucky",Volleyball,"Thursday, Sep. 3 3-0 Bishop Moore 4-0 (#4) Orangewood Christian 6p 7-0 (#22) Mother McAuley 5-2 Lincoln-Way East 5p 0-2 Berkeley Prep 7-0 (#21) Calvary Christian 6:30p 10-0 (#3) Assumption 10-3 Providence 7p 3-0 (#10) Harrisburg 1-1 Washington 6:30p 2-4 Avon 10-0 (#25) Hamilton Southeastern 7:30p 1-0 (#11) Torrey Pines 11-0 (#1) Sierra Canyon 5:30p 6-3 Mira Costa 6-0 (#2) Mater Dei 5:45p 1-0 (#13) Cathedral Catholic 6-6 Southeast Career Tech 7p 0-2 Lincoln Christian 6-0 (#15) Norris"
2527,ky,"Kentucky",Volleyball,"3-0 Bishop Moore 4-0 (#4) Orangewood Christian 6p"
2528,ky,"Kentucky",Volleyball,"7-0 (#22) Mother McAuley 5-2 Lincoln-Way East 5p"
2529,ky,"Kentucky",Volleyball,"0-2 Berkeley Prep 7-0 (#21) Calvary Christian 6:30p"
2530,ky,"Kentucky",Volleyball,"10-0 (#3) Assumption 10-3 Providence 7p"
2531,ky,"Kentucky",Volleyball,"3-0 (#10) Harrisburg 1-1 Washington 6:30p"
2532,ky,"Kentucky",Volleyball,"2-4 Avon 10-0 (#25) Hamilton Southeastern 7:30p"
2533,ky,"Kentucky",Volleyball,"1-0 (#11) Torrey Pines 11-0 (#1) Sierra Canyon 5:30p"
2534,ky,"Kentucky",Volleyball,"6-3 Mira Costa 6-0 (#2) Mater Dei 5:45p"
2535,ky,"Kentucky",Volleyball,"1-0 (#13) Cathedral Catholic 6-6 Southeast Career Tech 7p"
2536,ky,"Kentucky",Volleyball,"0-2 Lincoln Christian 6-0 (#15) Norris"
2537,la,"Louisiana",Volleyball,"There are 82 matches for Louisiana volleyball on Thu, 9/3/2026. The featured matches are by Louisiana top ranked teams #1 Shreveport HomeSchool Sports (Shreveport, LA) @ #8 Acadiana Home School Athletics (Lafayette, LA), and Red River (Coushatta, LA) @ #2 Airline (Bossier City, LA). The first match, Newman (New Orleans, LA) @ Assumption (Napoleonville, LA), starts at 4p. Related Content Louisiana Girls Volleyball Stat LeadersLouisiana Girls Volleyball PlayoffsLouisiana Girls Volleyball Rankings Recent Louisiana Girls Volleyball HeadlinesVOLLEYBALL: Preseason top 100 Louisiana High School Volleyball Schedule 82 Matches 0-0 Newman 0-0 Assumption 4p 2-0C Covenant Christian Academy 0-1 West St. Mary 4p console.log('MaxPrepsAds - createMark: Element Defined - leaderboard-banner-inc1');performance && performance.mark && performance.mark('MaxPrepsAds - Element Defined: leaderboard-banner-inc1'); 0-2 Parkway 2-0 West Ouachita 4:30p 0-0 Livingston Collegiate Academy 0-0L Landry 4:30p 0-0 Booker T. Washington 1-0 Academy of Our Lady 4:30p 0-1 McDonogh 35 0-1Y Young Audiences 4:30p 0-1 Thomas Jefferson 0-0 Edna Karr 4:30p 0-0 Livingston Collegiate Academy 0-0 Lord Beaconsfield Landry 4:30p 0-0 Washington-Marion 0-0 DeQuincy 4:30p 0-0J Jefferson RISE Charter 0-0 Lutheran 4:30p 0-0 Christ Episcopal School 1-0 Slidell 4:30p 1-0 NOMMA 0-0 Bonnabel 4:30p 1-0 KDHSA 1-0 Fisher 4:30p 0-0 Loranger 0-0 Pearl River 4:30p 0-1 St. Michael 0-0 Archbishop Chapelle 4:30p 1-0S Sarah T. Reed 0-0 Lord Beaconsfield Landry 4:30p 0-0 Riverdale 0-0 St. Martin's Episcopal 4:30p 0-0 Hammond 0-0 Salmen 4:30p 0-2 Wossman 0-0 Richwood 5p 0-1 East Jefferson 1-0 NOCSM 5p 0-0 Northeast 1-0 Ascension Christian 5p 0-0 Academy of the Sacred Heart 1-0 Lafayette Christian Academy 5p 0-0 Red River 2-1 (#2) Airline 5p 1-0 Ascension Episcopal 1-1 Beau Chene 5p 1-0 Natchitoches Central 0-2 Ouachita Parish 5p 0-0 Downsville 0-1 Neville 5p 1-0 NOCSM 0-0 Warren Easton 5p 0-0I Istrouma 0-0 Collegiate 5p 0-0 Woodlawn-B.R. 0-1 Slaughter Community Charter 5p 0-1 SHCACA 0-1 Varnado 5p 0-0 Woodlawn-Shreveport 0-1 North Caddo 5p 0-0 Downsville 2-0 West Monroe 5p 0-0 Dutchtown 0-0 St. Joseph's Academy 5p 1-0 St. Mary 1-0 Loyola College Prep 5p 0-1 Pope John Paul II 1-0 Covington 5p 0-1F False River 0-1 Louisiana School for the Deaf 5p 0-1 Crowley 0-0 Delcambre 5p 0-0 GEO Next Generation 0-1 White Castle 5p 1-0 Notre Dame 1-0 Dunham 5p 1-0 Southside 0-1A ARCA 5:30p 0-1 Eunice 0-1 Elton 5:30p 1-0 Haynes Academy 0-1 John Curtis Christian 5:30p 0-1 Morgan City 0-1 South Terrebonne 5:30p 1-0 Independence 0-0 Franklinton 5:30p 0-1 Family Christian 0-0 Springfield 5:30p 0-0K Kennedy 1-0 L.W. Higgins 5:30p 1-0 Terrebonne 1-0 Houma Christian 5:30p 0-1 Leesville 2-0 Alexandria 5:30p 0-0 Northshore 0-1 Lakeshore 5:30p 0-1 Highland Baptist Christian 1-0 Hanson Memorial 5:30p 1-3 Evangel Christian Academy 0-1 Northwood 5:30p 0-0 St. Scholastica 0-1 St. Mary's Dominican 5:30p 0-0 New Iberia 0-1 St. Martinville 5:30p 0-0 West Jefferson 0-1 PTSTA 5:30p 0-1 Westminster Christian Academy 0-0 Sulphur 5:30p 1-0 Caddo Magnet 0-0 Bossier 5:30p 0-0 Franklin 0-1 Centerville 5:30p 1-0A Abramson 0-1 St. Katharine Drexel 5:30p 0-0 Many 1-0 Marksville 5:30p 1-0H Haughton 2-2 Captain Shreve 5:30p 1-0 Scotlandville 1-0 Glen Oaks 6p 0-1 St. Amant 1-0 Episcopal 6p 0-1 Doyle 0-0 Walker 6p 0-0 A.J. Ellender 0-1P Patterson 6p 0-1 St. Edmund 0-0 Vermilion Catholic 6p 2-0 Alexandria 0-1 Leesville 6p 1-1 Opelousas 1-0 Jennings 6p 1-0 Live Oak 0-1 Port Allen 6p 0-0 Breaux Bridge 0-0 Acadiana 6p 0-1 Livonia 0-1 Liberty Magnet 6p 0-0 East St. John 0-0B Belaire 6p 0-1 Iowa 0-0 Rayne 6p 0-1 Parkview Baptist 0-0 Central 6p 0-0 LRCA 0-1 Iota 6p 0-0 Church Point 0-0 Lake Charles College Prep 6p 0-1 Northwest 0-0 Northside 6:30p 1-0 St. Thomas More 0-0 Westminster Christian Academy 6:30p 6-0 (#1) Shreveport HomeSchool Sports 3-3 (#8) Acadiana Home School Athletics 6:30p 0-0 Woodlawn-Shreveport 0-1 North Caddo 6:30p 1-0 Opelousas Catholic 1-0 Lafayette 6:30p 1-0 Episcopal of Acadiana 0-0 David Thibodaux 6:30p 4-1 Magnolia 0-0 Byrd 7p"
2538,la,"Louisiana",Volleyball,"0-0 Newman 0-0 Assumption 4p"
2539,la,"Louisiana",Volleyball,"2-0C Covenant Christian Academy 0-1 West St. Mary 4p"
2540,la,"Louisiana",Volleyball,"0-2 Parkway 2-0 West Ouachita 4:30p"
2541,la,"Louisiana",Volleyball,"0-0 Livingston Collegiate Academy 0-0L Landry 4:30p"
2542,la,"Louisiana",Volleyball,"0-0 Booker T. Washington 1-0 Academy of Our Lady 4:30p"
2543,la,"Louisiana",Volleyball,"0-1 McDonogh 35 0-1Y Young Audiences 4:30p"
2544,la,"Louisiana",Volleyball,"0-1 Thomas Jefferson 0-0 Edna Karr 4:30p"
2545,la,"Louisiana",Volleyball,"0-0 Livingston Collegiate Academy 0-0 Lord Beaconsfield Landry 4:30p"
2546,la,"Louisiana",Volleyball,"0-0 Washington-Marion 0-0 DeQuincy 4:30p"
2547,la,"Louisiana",Volleyball,"0-0J Jefferson RISE Charter 0-0 Lutheran 4:30p"
2548,la,"Louisiana",Volleyball,"0-0 Christ Episcopal School 1-0 Slidell 4:30p"
2549,la,"Louisiana",Volleyball,"1-0 NOMMA 0-0 Bonnabel 4:30p"
2550,la,"Louisiana",Volleyball,"1-0 KDHSA 1-0 Fisher 4:30p"
2551,la,"Louisiana",Volleyball,"0-0 Loranger 0-0 Pearl River 4:30p"
2552,la,"Louisiana",Volleyball,"0-1 St. Michael 0-0 Archbishop Chapelle 4:30p"
2553,la,"Louisiana",Volleyball,"1-0S Sarah T. Reed 0-0 Lord Beaconsfield Landry 4:30p"
2554,la,"Louisiana",Volleyball,"0-0 Riverdale 0-0 St. Martin's Episcopal 4:30p"
2555,la,"Louisiana",Volleyball,"0-0 Hammond 0-0 Salmen 4:30p"
2556,la,"Louisiana",Volleyball,"0-2 Wossman 0-0 Richwood 5p"
2557,la,"Louisiana",Volleyball,"0-1 East Jefferson 1-0 NOCSM 5p"
2558,la,"Louisiana",Volleyball,"0-0 Northeast 1-0 Ascension Christian 5p"
2559,la,"Louisiana",Volleyball,"0-0 Academy of the Sacred Heart 1-0 Lafayette Christian Academy 5p"
2560,la,"Louisiana",Volleyball,"0-0 Red River 2-1 (#2) Airline 5p"
2561,la,"Louisiana",Volleyball,"1-0 Ascension Episcopal 1-1 Beau Chene 5p"
2562,la,"Louisiana",Volleyball,"1-0 Natchitoches Central 0-2 Ouachita Parish 5p"
2563,la,"Louisiana",Volleyball,"0-0 Downsville 0-1 Neville 5p"
2564,la,"Louisiana",Volleyball,"1-0 NOCSM 0-0 Warren Easton 5p"
2565,la,"Louisiana",Volleyball,"0-0I Istrouma 0-0 Collegiate 5p"
2566,la,"Louisiana",Volleyball,"0-0 Woodlawn-B.R. 0-1 Slaughter Community Charter 5p"
2567,la,"Louisiana",Volleyball,"0-1 SHCACA 0-1 Varnado 5p"
2568,la,"Louisiana",Volleyball,"0-0 Woodlawn-Shreveport 0-1 North Caddo 5p"
2569,la,"Louisiana",Volleyball,"0-0 Downsville 2-0 West Monroe 5p"
2570,la,"Louisiana",Volleyball,"0-0 Dutchtown 0-0 St. Joseph's Academy 5p"
2571,la,"Louisiana",Volleyball,"1-0 St. Mary 1-0 Loyola College Prep 5p"
2572,la,"Louisiana",Volleyball,"0-1 Pope John Paul II 1-0 Covington 5p"
2573,la,"Louisiana",Volleyball,"0-1F False River 0-1 Louisiana School for the Deaf 5p"
2574,la,"Louisiana",Volleyball,"0-1 Crowley 0-0 Delcambre 5p"
2575,la,"Louisiana",Volleyball,"0-0 GEO Next Generation 0-1 White Castle 5p"
2576,la,"Louisiana",Volleyball,"1-0 Notre Dame 1-0 Dunham 5p"
2577,la,"Louisiana",Volleyball,"1-0 Southside 0-1A ARCA 5:30p"
2578,la,"Louisiana",Volleyball,"0-1 Eunice 0-1 Elton 5:30p"
2579,la,"Louisiana",Volleyball,"1-0 Haynes Academy 0-1 John Curtis Christian 5:30p"
2580,la,"Louisiana",Volleyball,"0-1 Morgan City 0-1 South Terrebonne 5:30p"
2581,la,"Louisiana",Volleyball,"1-0 Independence 0-0 Franklinton 5:30p"
2582,la,"Louisiana",Volleyball,"0-1 Family Christian 0-0 Springfield 5:30p"
2583,la,"Louisiana",Volleyball,"0-0K Kennedy 1-0 L.W. Higgins 5:30p"
2584,la,"Louisiana",Volleyball,"1-0 Terrebonne 1-0 Houma Christian 5:30p"
2585,la,"Louisiana",Volleyball,"0-1 Leesville 2-0 Alexandria 5:30p"
2586,la,"Louisiana",Volleyball,"0-0 Northshore 0-1 Lakeshore 5:30p"
2587,la,"Louisiana",Volleyball,"0-1 Highland Baptist Christian 1-0 Hanson Memorial 5:30p"
2588,la,"Louisiana",Volleyball,"1-3 Evangel Christian Academy 0-1 Northwood 5:30p"
2589,la,"Louisiana",Volleyball,"0-0 St. Scholastica 0-1 St. Mary's Dominican 5:30p"
2590,la,"Louisiana",Volleyball,"0-0 New Iberia 0-1 St. Martinville 5:30p"
2591,la,"Louisiana",Volleyball,"0-0 West Jefferson 0-1 PTSTA 5:30p"
2592,la,"Louisiana",Volleyball,"0-1 Westminster Christian Academy 0-0 Sulphur 5:30p"
2593,la,"Louisiana",Volleyball,"1-0 Caddo Magnet 0-0 Bossier 5:30p"
2594,la,"Louisiana",Volleyball,"0-0 Franklin 0-1 Centerville 5:30p"
2595,la,"Louisiana",Volleyball,"1-0A Abramson 0-1 St. Katharine Drexel 5:30p"
2596,la,"Louisiana",Volleyball,"0-0 Many 1-0 Marksville 5:30p"
2597,la,"Louisiana",Volleyball,"1-0H Haughton 2-2 Captain Shreve 5:30p"
2598,la,"Louisiana",Volleyball,"1-0 Scotlandville 1-0 Glen Oaks 6p"
2599,la,"Louisiana",Volleyball,"0-1 St. Amant 1-0 Episcopal 6p"
2600,la,"Louisiana",Volleyball,"0-1 Doyle 0-0 Walker 6p"
2601,la,"Louisiana",Volleyball,"0-0 A.J. Ellender 0-1P Patterson 6p"
2602,la,"Louisiana",Volleyball,"0-1 St. Edmund 0-0 Vermilion Catholic 6p"
2603,la,"Louisiana",Volleyball,"2-0 Alexandria 0-1 Leesville 6p"
2604,la,"Louisiana",Volleyball,"1-1 Opelousas 1-0 Jennings 6p"
2605,la,"Louisiana",Volleyball,"1-0 Live Oak 0-1 Port Allen 6p"
2606,la,"Louisiana",Volleyball,"0-0 Breaux Bridge 0-0 Acadiana 6p"
2607,la,"Louisiana",Volleyball,"0-1 Livonia 0-1 Liberty Magnet 6p"
2608,la,"Louisiana",Volleyball,"0-0 East St. John 0-0B Belaire 6p"
2609,la,"Louisiana",Volleyball,"0-1 Iowa 0-0 Rayne 6p"
2610,la,"Louisiana",Volleyball,"0-1 Parkview Baptist 0-0 Central 6p"
2611,la,"Louisiana",Volleyball,"0-0 LRCA 0-1 Iota 6p"
2612,la,"Louisiana",Volleyball,"0-0 Church Point 0-0 Lake Charles College Prep 6p"
2613,la,"Louisiana",Volleyball,"0-1 Northwest 0-0 Northside 6:30p"
2614,la,"Louisiana",Volleyball,"1-0 St. Thomas More 0-0 Westminster Christian Academy 6:30p"
2615,la,"Louisiana",Volleyball,"6-0 (#1) Shreveport HomeSchool Sports 3-3 (#8) Acadiana Home School Athletics 6:30p"
2616,la,"Louisiana",Volleyball,"0-0 Woodlawn-Shreveport 0-1 North Caddo 6:30p"
2617,la,"Louisiana",Volleyball,"1-0 Opelousas Catholic 1-0 Lafayette 6:30p"
2618,la,"Louisiana",Volleyball,"1-0 Episcopal of Acadiana 0-0 David Thibodaux 6:30p"
2619,la,"Louisiana",Volleyball,"4-1 Magnolia 0-0 Byrd 7p"
2620,la,"Louisiana",Volleyball,"Related ScoreboardsDistricts ACELDistrict Division I District 1Division I District 2Division I District 3Division I District 4Division I District 5Division I District 6Division I District 7Division I District 8 Associations Louisiana High School Athletic Association Metros AlexandriaBaton RougeLafayette, LaLake CharlesMonroeNew OrleansShreveport"
2621,la,"Louisiana",Volleyball,"Thursday, Sep. 3 3-0 Bishop Moore 4-0 (#4) Orangewood Christian 6p 7-0 (#22) Mother McAuley 5-2 Lincoln-Way East 5p 0-2 Berkeley Prep 7-0 (#21) Calvary Christian 6:30p 10-0 (#3) Assumption 10-3 Providence 7p 3-0 (#10) Harrisburg 1-1 Washington 6:30p 2-4 Avon 10-0 (#25) Hamilton Southeastern 7:30p 1-0 (#11) Torrey Pines 11-0 (#1) Sierra Canyon 5:30p 6-3 Mira Costa 6-0 (#2) Mater Dei 5:45p 1-0 (#13) Cathedral Catholic 6-6 Southeast Career Tech 7p 0-2 Lincoln Christian 6-0 (#15) Norris"
2622,la,"Louisiana",Volleyball,"3-0 Bishop Moore 4-0 (#4) Orangewood Christian 6p"
2623,la,"Louisiana",Volleyball,"7-0 (#22) Mother McAuley 5-2 Lincoln-Way East 5p"
2624,la,"Louisiana",Volleyball,"0-2 Berkeley Prep 7-0 (#21) Calvary Christian 6:30p"
2625,la,"Louisiana",Volleyball,"10-0 (#3) Assumption 10-3 Providence 7p"
2626,la,"Louisiana",Volleyball,"3-0 (#10) Harrisburg 1-1 Washington 6:30p"
2627,la,"Louisiana",Volleyball,"2-4 Avon 10-0 (#25) Hamilton Southeastern 7:30p"
2628,la,"Louisiana",Volleyball,"1-0 (#11) Torrey Pines 11-0 (#1) Sierra Canyon 5:30p"
2629,la,"Louisiana",Volleyball,"6-3 Mira Costa 6-0 (#2) Mater Dei 5:45p"
2630,la,"Louisiana",Volleyball,"1-0 (#13) Cathedral Catholic 6-6 Southeast Career Tech 7p"
2631,la,"Louisiana",Volleyball,"0-2 Lincoln Christian 6-0 (#15) Norris"
2632,me,"Maine",Volleyball,"There are 18 matches for Maine volleyball on Thu, 9/3/2026. The first match, Wiscasset (ME) @ North Yarmouth Academy (Yarmouth, ME), starts at 5p. Related Content Maine Girls Volleyball Stat LeadersMaine Girls Volleyball PlayoffsMaine Girls Volleyball Rankings Maine High School Volleyball Schedule 18 Matches 0-0 Wiscasset 0-0 North Yarmouth Academy 5p 0-0 Camden Hills 0-0 Cony 5p console.log('MaxPrepsAds - createMark: Element Defined - leaderboard-banner-inc1');performance && performance.mark && performance.mark('MaxPrepsAds - Element Defined: leaderboard-banner-inc1'); 0-0 Westbrook 0-0 Sanford 5:30p 0-0 Mt. Ararat 0-0 Medomak Valley 5:30p 1-0 George Stevens Academy 1-0 Bucksport 5:30p 0-0 Massabesic 0-0 Biddeford 5:30p 0-0 Calais 0-0 Narraguagus 5:30p 0-0 Nokomis 0-1 Maranacook 5:30p 0-0 Orono 0-1 Sumner 5:30p 0-0 Deering 0-0 Marshwood 6p 0-0 Lewiston 1-0 Brunswick 6p 0-0 Scarborough 0-0 Portland 6p 0-0 South Portland 0-0 Cheverus 6p 0-0 Ellsworth 1-2 Brewer 6p 0-0 Yarmouth 0-0 Greely 6:30p 0-0 Windham 0-0 Thornton Academy 6:30p 0-0 Gardiner 0-1 Messalonskee 6:30p 0-0 Kennebunk 0-0 Falmouth 6:30p"
2633,me,"Maine",Volleyball,"0-0 Wiscasset 0-0 North Yarmouth Academy 5p"
2634,me,"Maine",Volleyball,"0-0 Camden Hills 0-0 Cony 5p"
2635,me,"Maine",Volleyball,"0-0 Westbrook 0-0 Sanford 5:30p"
2636,me,"Maine",Volleyball,"0-0 Mt. Ararat 0-0 Medomak Valley 5:30p"
2637,me,"Maine",Volleyball,"1-0 George Stevens Academy 1-0 Bucksport 5:30p"
2638,me,"Maine",Volleyball,"0-0 Massabesic 0-0 Biddeford 5:30p"
2639,me,"Maine",Volleyball,"0-0 Calais 0-0 Narraguagus 5:30p"
2640,me,"Maine",Volleyball,"0-0 Nokomis 0-1 Maranacook 5:30p"
2641,me,"Maine",Volleyball,"0-0 Orono 0-1 Sumner 5:30p"
2642,me,"Maine",Volleyball,"0-0 Deering 0-0 Marshwood 6p"
2643,me,"Maine",Volleyball,"0-0 Lewiston 1-0 Brunswick 6p"
2644,me,"Maine",Volleyball,"0-0 Scarborough 0-0 Portland 6p"
2645,me,"Maine",Volleyball,"0-0 South Portland 0-0 Cheverus 6p"
2646,me,"Maine",Volleyball,"0-0 Ellsworth 1-2 Brewer 6p"
2647,me,"Maine",Volleyball,"0-0 Yarmouth 0-0 Greely 6:30p"
2648,me,"Maine",Volleyball,"0-0 Windham 0-0 Thornton Academy 6:30p"
2649,me,"Maine",Volleyball,"0-0 Gardiner 0-1 Messalonskee 6:30p"
2650,me,"Maine",Volleyball,"0-0 Kennebunk 0-0 Falmouth 6:30p"
2651,me,"Maine",Volleyball,"Related ScoreboardsRegions Class AClass BClass C Associations Maine Principals' Association Metros BangorPortland-AuburnPresque Isle"
2652,me,"Maine",Volleyball,"Thursday, Sep. 3 3-0 Bishop Moore 4-0 (#4) Orangewood Christian 6p 7-0 (#22) Mother McAuley 5-2 Lincoln-Way East 5p 0-2 Berkeley Prep 7-0 (#21) Calvary Christian 6:30p 10-0 (#3) Assumption 10-3 Providence 7p 3-0 (#10) Harrisburg 1-1 Washington 6:30p 2-4 Avon 10-0 (#25) Hamilton Southeastern 7:30p 1-0 (#11) Torrey Pines 11-0 (#1) Sierra Canyon 5:30p 6-3 Mira Costa 6-0 (#2) Mater Dei 5:45p 1-0 (#13) Cathedral Catholic 6-6 Southeast Career Tech 7p 0-2 Lincoln Christian 6-0 (#15) Norris"
2653,me,"Maine",Volleyball,"3-0 Bishop Moore 4-0 (#4) Orangewood Christian 6p"
2654,me,"Maine",Volleyball,"7-0 (#22) Mother McAuley 5-2 Lincoln-Way East 5p"
2655,me,"Maine",Volleyball,"0-2 Berkeley Prep 7-0 (#21) Calvary Christian 6:30p"
2656,me,"Maine",Volleyball,"10-0 (#3) Assumption 10-3 Providence 7p"
2657,me,"Maine",Volleyball,"3-0 (#10) Harrisburg 1-1 Washington 6:30p"
2658,me,"Maine",Volleyball,"2-4 Avon 10-0 (#25) Hamilton Southeastern 7:30p"
2659,me,"Maine",Volleyball,"1-0 (#11) Torrey Pines 11-0 (#1) Sierra Canyon 5:30p"
2660,me,"Maine",Volleyball,"6-3 Mira Costa 6-0 (#2) Mater Dei 5:45p"
2661,me,"Maine",Volleyball,"1-0 (#13) Cathedral Catholic 6-6 Southeast Career Tech 7p"
2662,me,"Maine",Volleyball,"0-2 Lincoln Christian 6-0 (#15) Norris"
2663,md,"Maryland",Volleyball,"There are 29 matches for Maryland volleyball on Thu, 9/3/2026. The first match, Greenwood Mennonite (Greenwood, DE) @ Worcester Prep (Berlin, MD), starts at 4p. Related Content Maryland Girls Volleyball Stat LeadersMaryland Girls Volleyball PlayoffsMaryland Girls Volleyball Rankings Recent Maryland Girls Volleyball HeadlinesVOLLEYBALL: Preseason top 100 Maryland High School Volleyball Schedule 29 Matches 0-1 Greenwood Mennonite 0-0W Worcester Prep 4p 0-1 Takoma Academy 1-0 Chestertown Christian Academy 4p console.log('MaxPrepsAds - createMark: Element Defined - leaderboard-banner-inc1');performance && performance.mark && performance.mark('MaxPrepsAds - Element Defined: leaderboard-banner-inc1'); 0-0 Spencerville Adventist Academy 0-0 Sandy Spring Friends 4p 2-0 Rockbridge Academy 0-0 Covenant Life 4p 0-0 Washington International 0-0 McLean 4p 0-0 Smith Jewish Day School 1-0 SRSSH 4:15p 1-1 Bishop Ireton 0-1 Episcopal 4:30p 2-0 Annapolis Area Christian 1-0 St. John's 5p 0-0 Arlington Baptist 0-1 Calvary Baptist Church Academy 5p 1-0 Martinsburg Christian Academy V Varsity Opponent 5p 0-0S St. Timothy's 0-0 Perry Hall 5p 0-0 The Gunston School 0-0 Severn School 5:15p 0-0 Park School 0-0 Poly 5:15p 2-1 Maryland School for the Deaf 0-0G GGCA 5:15p 0-1 FCA Bravehearts V Varsity Opponent 5:30p 0-0 St. Mary's 0-0 McDonogh 5:30p 0-1 National Cathedral 0-0 St. Stephen's & St. Agnes 5:30p 0-0B Beth Tfiloh 0-0 Bryn Mawr 5:30p 0-0 John Carroll 0-0N Notre Dame Prep 5:30p 0-4 Arcadia 0-0 Holly Grove Christian 5:30p 2-1 Grace Academy 0-1 Cumberland Valley Christian 6p 0-2 Lanham Christian 0-0 SMCA 6p 0-0 Saint James 0-1 Forbes Road 6p 0-0 The Academy of the Holy Cross 0-0 Bishop O'Connell 6:30p 2-0 Heritage Academy 0-1G GVCS Broadfording 6:30p 0-0 Manchester Valley 0-0 Linganore 6:30p 1-1 Shalom Christian Academy 0-2 Fairfield 7p 1-0 Virginia Academy 0-0 Trinity Christian 7p 0-0C College Park Academy 0-0 DuVal"
2664,md,"Maryland",Volleyball,"0-1 Greenwood Mennonite 0-0W Worcester Prep 4p"
2665,md,"Maryland",Volleyball,"0-1 Takoma Academy 1-0 Chestertown Christian Academy 4p"
2666,md,"Maryland",Volleyball,"0-0 Spencerville Adventist Academy 0-0 Sandy Spring Friends 4p"
2667,md,"Maryland",Volleyball,"2-0 Rockbridge Academy 0-0 Covenant Life 4p"
2668,md,"Maryland",Volleyball,"0-0 Washington International 0-0 McLean 4p"
2669,md,"Maryland",Volleyball,"0-0 Smith Jewish Day School 1-0 SRSSH 4:15p"
2670,md,"Maryland",Volleyball,"1-1 Bishop Ireton 0-1 Episcopal 4:30p"
2671,md,"Maryland",Volleyball,"2-0 Annapolis Area Christian 1-0 St. John's 5p"
2672,md,"Maryland",Volleyball,"0-0 Arlington Baptist 0-1 Calvary Baptist Church Academy 5p"
2673,md,"Maryland",Volleyball,"1-0 Martinsburg Christian Academy V Varsity Opponent 5p"
2674,md,"Maryland",Volleyball,"0-0S St. Timothy's 0-0 Perry Hall 5p"
2675,md,"Maryland",Volleyball,"0-0 The Gunston School 0-0 Severn School 5:15p"
2676,md,"Maryland",Volleyball,"0-0 Park School 0-0 Poly 5:15p"
2677,md,"Maryland",Volleyball,"2-1 Maryland School for the Deaf 0-0G GGCA 5:15p"
2678,md,"Maryland",Volleyball,"0-1 FCA Bravehearts V Varsity Opponent 5:30p"
2679,md,"Maryland",Volleyball,"0-0 St. Mary's 0-0 McDonogh 5:30p"
2680,md,"Maryland",Volleyball,"0-1 National Cathedral 0-0 St. Stephen's & St. Agnes 5:30p"
2681,md,"Maryland",Volleyball,"0-0B Beth Tfiloh 0-0 Bryn Mawr 5:30p"
2682,md,"Maryland",Volleyball,"0-0 John Carroll 0-0N Notre Dame Prep 5:30p"
2683,md,"Maryland",Volleyball,"0-4 Arcadia 0-0 Holly Grove Christian 5:30p"
2684,md,"Maryland",Volleyball,"2-1 Grace Academy 0-1 Cumberland Valley Christian 6p"
2685,md,"Maryland",Volleyball,"0-2 Lanham Christian 0-0 SMCA 6p"
2686,md,"Maryland",Volleyball,"0-0 Saint James 0-1 Forbes Road 6p"
2687,md,"Maryland",Volleyball,"0-0 The Academy of the Holy Cross 0-0 Bishop O'Connell 6:30p"
2688,md,"Maryland",Volleyball,"2-0 Heritage Academy 0-1G GVCS Broadfording 6:30p"
2689,md,"Maryland",Volleyball,"0-0 Manchester Valley 0-0 Linganore 6:30p"
2690,md,"Maryland",Volleyball,"1-1 Shalom Christian Academy 0-2 Fairfield 7p"
2691,md,"Maryland",Volleyball,"1-0 Virginia Academy 0-0 Trinity Christian 7p"
2692,md,"Maryland",Volleyball,"0-0C College Park Academy 0-0 DuVal"
2693,md,"Maryland",Volleyball,"Related ScoreboardsRegions ABCSAAnne Arundel CountyAppalachian MountainBaltimore City Division IBaltimore City Division IIBaltimore County 2A/1ABaltimore County 3A/2ABaltimore County 4A/3ABayside - NorthBayside - South Associations Maryland Public Secondary Schools Athletic Association Metros BaltimoreSalisburyWashington DC Metro"
2694,md,"Maryland",Volleyball,"Thursday, Sep. 3 3-0 Bishop Moore 4-0 (#4) Orangewood Christian 6p 7-0 (#22) Mother McAuley 5-2 Lincoln-Way East 5p 0-2 Berkeley Prep 7-0 (#21) Calvary Christian 6:30p 10-0 (#3) Assumption 10-3 Providence 7p 3-0 (#10) Harrisburg 1-1 Washington 6:30p 2-4 Avon 10-0 (#25) Hamilton Southeastern 7:30p 1-0 (#11) Torrey Pines 11-0 (#1) Sierra Canyon 5:30p 6-3 Mira Costa 6-0 (#2) Mater Dei 5:45p 1-0 (#13) Cathedral Catholic 6-6 Southeast Career Tech 7p 0-2 Lincoln Christian 6-0 (#15) Norris"
2695,md,"Maryland",Volleyball,"3-0 Bishop Moore 4-0 (#4) Orangewood Christian 6p"
2696,md,"Maryland",Volleyball,"7-0 (#22) Mother McAuley 5-2 Lincoln-Way East 5p"
2697,md,"Maryland",Volleyball,"0-2 Berkeley Prep 7-0 (#21) Calvary Christian 6:30p"
2698,md,"Maryland",Volleyball,"10-0 (#3) Assumption 10-3 Providence 7p"
2699,md,"Maryland",Volleyball,"3-0 (#10) Harrisburg 1-1 Washington 6:30p"
2700,md,"Maryland",Volleyball,"2-4 Avon 10-0 (#25) Hamilton Southeastern 7:30p"
2701,md,"Maryland",Volleyball,"1-0 (#11) Torrey Pines 11-0 (#1) Sierra Canyon 5:30p"
2702,md,"Maryland",Volleyball,"6-3 Mira Costa 6-0 (#2) Mater Dei 5:45p"
2703,md,"Maryland",Volleyball,"1-0 (#13) Cathedral Catholic 6-6 Southeast Career Tech 7p"
2704,md,"Maryland",Volleyball,"0-2 Lincoln Christian 6-0 (#15) Norris"
2705,ma,"Massachusetts",Volleyball,"There are 27 matches for Massachusetts volleyball on Thu, 9/3/2026. The first match, Bay Path RVT (Charlton, MA) @ Montachusett RVT (Fitchburg, MA), starts at 3:30a. Related Content Massachusetts Girls Volleyball Stat LeadersMassachusetts Girls Volleyball PlayoffsMassachusetts Girls Volleyball Rankings Massachusetts High School Volleyball Schedule 27 Matches 0-0 Bay Path RVT 0-0 Montachusett RVT 3:30a 0-0 Chicopee 0-0 Agawam 3p console.log('MaxPrepsAds - createMark: Element Defined - leaderboard-banner-inc1');performance && performance.mark && performance.mark('MaxPrepsAds - Element Defined: leaderboard-banner-inc1'); 0-0 Blackstone Valley RVT 0-0 Douglas 3:30p 0-0A Avon 0-0 Boston English 3:30p 0-0 Putnam Vo-Tech 0-0C Commerce 4p 0-0 Tewksbury Memorial 0-0 Westport 4p 0-0 Rockland 0-0 Plymouth North 4p 0-0 Watertown 0-0 Minuteman Regional 4p 0-0 Salem Academy Charter 0-0 Gloucester 4:30p 0-0 Blue Hills RVT 0-0 Norwell 4:30p 0-0 Medford 0-0 Wilmington 4:30p 0-0 Framingham 0-0 Hudson 4:45p 0-0S Sutton 0-0 Grafton 4:45p 0-0 Assabet Valley RVT 0-0 Marlborough 4:45p 0-0 Mansfield 0-0 Norton 5p 0-0 Randolph 0-0M Maimonides 5p 0-0 CCSL 0-0 Lowell Catholic 5p 0-0 Groton-Dunstable 0-0 Westford Academy 5p 0-0 King Philip Regional 0-0 Needham 5:15p 0-0F Fontbonne Academy 1-0 Weymouth 5:15p 0-0 Millbury 0-0 Wachusett Regional 5:15p 0-0 Austin Prep 0-0E ENSATS 5:30p 0-0 Sabis International 0-0 Ludlow 5:30p 0-0 Abington 0-0 Scituate 5:30p 0-0 Norfolk County Agricultural 0-0 Medway 5:30p 0-0 Middleborough 0-0 Seekonk 6p 0-0M Madison Park RVT 0-0 Brookline 6p"
2706,ma,"Massachusetts",Volleyball,"0-0 Bay Path RVT 0-0 Montachusett RVT 3:30a"
2707,ma,"Massachusetts",Volleyball,"0-0 Chicopee 0-0 Agawam 3p"
2708,ma,"Massachusetts",Volleyball,"0-0 Blackstone Valley RVT 0-0 Douglas 3:30p"
2709,ma,"Massachusetts",Volleyball,"0-0A Avon 0-0 Boston English 3:30p"
2710,ma,"Massachusetts",Volleyball,"0-0 Putnam Vo-Tech 0-0C Commerce 4p"
2711,ma,"Massachusetts",Volleyball,"0-0 Tewksbury Memorial 0-0 Westport 4p"
2712,ma,"Massachusetts",Volleyball,"0-0 Rockland 0-0 Plymouth North 4p"
2713,ma,"Massachusetts",Volleyball,"0-0 Watertown 0-0 Minuteman Regional 4p"
2714,ma,"Massachusetts",Volleyball,"0-0 Salem Academy Charter 0-0 Gloucester 4:30p"
2715,ma,"Massachusetts",Volleyball,"0-0 Blue Hills RVT 0-0 Norwell 4:30p"
2716,ma,"Massachusetts",Volleyball,"0-0 Medford 0-0 Wilmington 4:30p"
2717,ma,"Massachusetts",Volleyball,"0-0 Framingham 0-0 Hudson 4:45p"
2718,ma,"Massachusetts",Volleyball,"0-0S Sutton 0-0 Grafton 4:45p"
2719,ma,"Massachusetts",Volleyball,"0-0 Assabet Valley RVT 0-0 Marlborough 4:45p"
2720,ma,"Massachusetts",Volleyball,"0-0 Mansfield 0-0 Norton 5p"
2721,ma,"Massachusetts",Volleyball,"0-0 Randolph 0-0M Maimonides 5p"
2722,ma,"Massachusetts",Volleyball,"0-0 CCSL 0-0 Lowell Catholic 5p"
2723,ma,"Massachusetts",Volleyball,"0-0 Groton-Dunstable 0-0 Westford Academy 5p"
2724,ma,"Massachusetts",Volleyball,"0-0 King Philip Regional 0-0 Needham 5:15p"
2725,ma,"Massachusetts",Volleyball,"0-0F Fontbonne Academy 1-0 Weymouth 5:15p"
2726,ma,"Massachusetts",Volleyball,"0-0 Millbury 0-0 Wachusett Regional 5:15p"
2727,ma,"Massachusetts",Volleyball,"0-0 Austin Prep 0-0E ENSATS 5:30p"
2728,ma,"Massachusetts",Volleyball,"0-0 Sabis International 0-0 Ludlow 5:30p"
2729,ma,"Massachusetts",Volleyball,"0-0 Abington 0-0 Scituate 5:30p"
2730,ma,"Massachusetts",Volleyball,"0-0 Norfolk County Agricultural 0-0 Medway 5:30p"
2731,ma,"Massachusetts",Volleyball,"0-0 Middleborough 0-0 Seekonk 6p"
2732,ma,"Massachusetts",Volleyball,"0-0M Madison Park RVT 0-0 Brookline 6p"
2733,ma,"Massachusetts",Volleyball,"Related ScoreboardsLeagues Atlantic CoastBay State - CareyBay State - HergetBerkshire County - NorthBerkshire County - SouthBoston City - NorthBoston City - SouthCape and Islands- AtlanticCape and Islands- LighthouseCape Ann Associations Massachusetts Interscholastic Athletic Association Inc. Metros BostonSpringfield-Holyoke"
2734,ma,"Massachusetts",Volleyball,"Thursday, Sep. 3 3-0 Bishop Moore 4-0 (#4) Orangewood Christian 6p 7-0 (#22) Mother McAuley 5-2 Lincoln-Way East 5p 0-2 Berkeley Prep 7-0 (#21) Calvary Christian 6:30p 10-0 (#3) Assumption 10-3 Providence 7p 3-0 (#10) Harrisburg 1-1 Washington 6:30p 2-4 Avon 10-0 (#25) Hamilton Southeastern 7:30p 1-0 (#11) Torrey Pines 11-0 (#1) Sierra Canyon 5:30p 6-3 Mira Costa 6-0 (#2) Mater Dei 5:45p 1-0 (#13) Cathedral Catholic 6-6 Southeast Career Tech 7p 0-2 Lincoln Christian 6-0 (#15) Norris"
2735,ma,"Massachusetts",Volleyball,"3-0 Bishop Moore 4-0 (#4) Orangewood Christian 6p"
2736,ma,"Massachusetts",Volleyball,"7-0 (#22) Mother McAuley 5-2 Lincoln-Way East 5p"
2737,ma,"Massachusetts",Volleyball,"0-2 Berkeley Prep 7-0 (#21) Calvary Christian 6:30p"
2738,ma,"Massachusetts",Volleyball,"10-0 (#3) Assumption 10-3 Providence 7p"
2739,ma,"Massachusetts",Volleyball,"3-0 (#10) Harrisburg 1-1 Washington 6:30p"
2740,ma,"Massachusetts",Volleyball,"2-4 Avon 10-0 (#25) Hamilton Southeastern 7:30p"
2741,ma,"Massachusetts",Volleyball,"1-0 (#11) Torrey Pines 11-0 (#1) Sierra Canyon 5:30p"
2742,ma,"Massachusetts",Volleyball,"6-3 Mira Costa 6-0 (#2) Mater Dei 5:45p"
2743,ma,"Massachusetts",Volleyball,"1-0 (#13) Cathedral Catholic 6-6 Southeast Career Tech 7p"
2744,ma,"Massachusetts",Volleyball,"0-2 Lincoln Christian 6-0 (#15) Norris"
2745,mi,"Michigan",Volleyball,"There are 106 matches for Michigan volleyball on Thu, 9/3/2026. The featured matches are by Michigan top ranked teams #7 South Lyon East (South Lyon, MI) @ Detroit Country Day (Beverly Hills, MI), #7 South Lyon East (South Lyon, MI) @ TBA, and #12 Clarkston (MI) @ Northville (MI). The first match, Lenawee Christian (Adrian, MI) @ Erie-Mason (Erie, MI), starts at 12:01a. Related Content Michigan Girls Volleyball Stat LeadersMichigan Girls Volleyball PlayoffsMichigan Girls Volleyball Rankings Recent Michigan Girls Volleyball HeadlinesVOLLEYBALL: Preseason top 100VOLLEYBALL: Preseason All-Americans Michigan High School Volleyball Schedule 106 Matches 1-1 Lenawee Christian 0-2 Erie-Mason 12:01a 2-0 Tecumseh 1-2 Ida 12:01a console.log('MaxPrepsAds - createMark: Element Defined - leaderboard-banner-inc1');performance && performance.mark && performance.mark('MaxPrepsAds - Element Defined: leaderboard-banner-inc1'); 1-1 Plymouth Christian Academy 5-5 Divine Child 4p 0-5 Woodhaven 5-5 Divine Child 4p 11-1 (#22) Lutheran North 5-5 Divine Child 4p 0-0 Summerfield 2-0 Tecumseh 4p 0-0 Wellspring Prep 0-1 Ravenna 4p 1-1 Meridian 1-2 Breckenridge 4:30p 1-0J Jeffers 2-4 Houghton 4:30p 0-0 Monroe 3-1 Pinckney 5p 0-5 Romeo 5-4-1 Lake Orion 5p 0-2 Jonesville 2-0 Tecumseh 5p 1-0 Roosevelt 0-0 Edison Academy 5p 0-0 Robichaud 0-1C Center Line Prep 5p 0-0A Atlanta 0-1 Onaway 5p 1-0 Sand Creek 0-1 Britton Deerfield 5p 0-0 Coleman 1-3 Buckley 5p 4-1-1 Johannesburg-Lewiston 0-1 Mackinaw City 5p 0-0 Evart 1-3 Buckley 5p 0-0 East English Village Prep 0-0 Osborn 5p 0-0 Pershing 0-0D Detroit International Academy 5p 1-2 Buchanan 0-0 River Valley 5p 3-1 Davison 2-1 Detroit Country Day 5p 0-0 Glenn 0-0 Mumford 5p 0-1-1 Bridgman 0-0 River Valley 5p 0-1 Cedarville 0-1 Onaway 5p 0-0 Academy for Business & Tech 0-0 Communication Media Arts 5p 1-1 Lakeland 7-3 Bloomfield Hills 5p 0-0 Denby 0-0 Cody 5p 2-4 Fellowship Baptist Academy 1-1 Heritage Christian Academy 5p 2-2-1 Huron 3-1 Pinckney 5p 1-3 Schoolcraft 0-0 Galesburg-Augusta 5p 3-0-1 (#15) West Catholic 4-5-1 Coopersville 5p 2-1 Detroit Country Day 2-2 Brighton 5p 6-5-1 Harbor Springs 0-0-1 Grayling 5:30p 2-1 Charlevoix 2-6-1 Boyne City 5:30p 3-2 Marion 0-0 Crossroads Charter Academy 5:30p 0-3 Benzie Central 2-0 Traverse City Christian 5:30p 0-0 Auburn Hills Christian 0-0 Springfield Christian Academy 5:30p 5-2 Will Carleton Academy V Varsity Opponent 5:30p 0-2 Lee 0-1 Holland 6p 0-5 Romeo 7-3 Bloomfield Hills 6p 1-0 Roosevelt 1-1-2 Renaissance 6p 1-1 Hackett Catholic Prep 1-2 Gobles 6p 2-5 Brown City 1-3 Almont 6p 2-5 Allendale 4-0 Western Michigan Christian 6p 0-1 Rogers City 0-1 Mackinaw City 6p 0-5 Royal Oak 3-3 Lamphere 6p 0-1 Godwin Heights 2-1 Fruitport 6p 0-4 Troy 5-4-1 Lake Orion 6p 2-4 Fellowship Baptist Academy 1-0S Sacred Heart Academy 6p 1-0 Kellogg 0-0 Constantine 6p 1-2 Parchment 0-1 Black River 6p 0-0 St. Mary Cathedral 1-1 Inland Lakes 6p 7-3-1 (#20) St. Mary's Prep 2-4 St. Ursula Academy 6:15p 0-0 Bentley 0-0 Beecher 6:30p 1-0 Ypsilanti 0-0 Arbor Prep 6:30p 0-0 Jackson Christian 0-0 Livingston Christian 6:30p 6-2 (#12) Clarkston 5-0 Northville 6:30p 4-8-2 Stevenson 4-3 Salem 6:30p 0-0 Genesee 0-2 Morrice 6:30p 1-1I Ishpeming 1-0 Iron Mountain 6:30p 2-0 Bloomfield Christian School 0-1O Oakdale Academy 6:30p 1-1 West Iron County 0-2 Calumet 6:30p 0-1 International Academy 0-1 Hamady 6:30p 2-0M Mason County Eastern 1-0 Grand Traverse Academy 6:30p 2-3 Bear Lake 2-1 Baldwin 6:30p 0-0 Center Line 0-3 Parkway Christian 6:30p 2-1 White Cloud 0-0 Hesperia 6:30p 2-1 Fordson 2-2-1 Inter-City Baptist 6:30p 0-0 JPEC 0-0 Marshall Academy 6:30p 2-0 Whiteford 2-0 Morenci 6:30p 4-1 Richard 0-0 Consortium College Prep 6:45p 0-0 Farmington 1-1 Avondale 7p 4-1 Richard 0-0 Voyageur Academy 7p 1-0 Kelloggsville 1-0 Calvin Christian 7p 1-1 Munising 1-0 Carney-Nadeau 7p 0-0 Kalkaska 0-0 Kingsley 7p 2-0M Maplewood Baptist Academy 0-2 Newberry 7p 1-3-1 Suttons Bay 0-1-1 Manistee 7p 5-4-1 Lake Orion 7-3 Bloomfield Hills 7p 2-6-1 Ovid-Elsie 0-0-1 Byron 7p 1-3 Saline 5-3-1 Milford 7p 1-0 Cheboygan 1-0-1 Elk Rapids 7p 0-1-1 Comstock Park 1-0 Calvin Christian 7p 0-1 SASA 0-0 Bridgeport 7p 1-0 Anderson 0-0-1 Annapolis 7p 0-0 St. Ignace 1-0 Manistique 7p 4-1-1 Johannesburg-Lewiston 0-1 Rogers City 7p 0-0 West Bloomfield 1-2 Kettering 7p 1-1 Gwinn 2-0 Gladstone 7p 4-1 Dexter 6-4 Bedford 7p 1-3 Menominee 1-0 Escanaba 7p 0-1 Caro 1-1 Carrollton 7p 0-0 Edison Academy 1-1-2 Renaissance 7p 7-2 (#7) South Lyon East 2-1 Detroit Country Day 7p 1-1 Meridian 1-2 Breckenridge 7p 1-1 Plymouth Christian Academy 5-5 Divine Child 7p 0-1 Birch Run 0-2 Lakeville 7p 1-0 Ypsilanti 0-0 Dearborn 7p 0-1 Pentwater 0-0 Mesick 7:30p 0-0 Andrews Academy 0-2 Clinton Christian 7:30p 7-2 (#7) South Lyon East TBA 1-0 Lansing Catholic 6-1 Portage Central 0-5 Romeo 0-0 West Bloomfield 1-1 Shelby 1-3 Buckley"
2746,mi,"Michigan",Volleyball,"1-1 Lenawee Christian 0-2 Erie-Mason 12:01a"
2747,mi,"Michigan",Volleyball,"2-0 Tecumseh 1-2 Ida 12:01a"
2748,mi,"Michigan",Volleyball,"1-1 Plymouth Christian Academy 5-5 Divine Child 4p"
2749,mi,"Michigan",Volleyball,"0-5 Woodhaven 5-5 Divine Child 4p"
2750,mi,"Michigan",Volleyball,"11-1 (#22) Lutheran North 5-5 Divine Child 4p"
2751,mi,"Michigan",Volleyball,"0-0 Summerfield 2-0 Tecumseh 4p"
2752,mi,"Michigan",Volleyball,"0-0 Wellspring Prep 0-1 Ravenna 4p"
2753,mi,"Michigan",Volleyball,"1-1 Meridian 1-2 Breckenridge 4:30p"
2754,mi,"Michigan",Volleyball,"1-0J Jeffers 2-4 Houghton 4:30p"
2755,mi,"Michigan",Volleyball,"0-0 Monroe 3-1 Pinckney 5p"
2756,mi,"Michigan",Volleyball,"0-5 Romeo 5-4-1 Lake Orion 5p"
2757,mi,"Michigan",Volleyball,"0-2 Jonesville 2-0 Tecumseh 5p"
2758,mi,"Michigan",Volleyball,"1-0 Roosevelt 0-0 Edison Academy 5p"
2759,mi,"Michigan",Volleyball,"0-0 Robichaud 0-1C Center Line Prep 5p"
2760,mi,"Michigan",Volleyball,"0-0A Atlanta 0-1 Onaway 5p"
2761,mi,"Michigan",Volleyball,"1-0 Sand Creek 0-1 Britton Deerfield 5p"
2762,mi,"Michigan",Volleyball,"0-0 Coleman 1-3 Buckley 5p"
2763,mi,"Michigan",Volleyball,"4-1-1 Johannesburg-Lewiston 0-1 Mackinaw City 5p"
2764,mi,"Michigan",Volleyball,"0-0 Evart 1-3 Buckley 5p"
2765,mi,"Michigan",Volleyball,"0-0 East English Village Prep 0-0 Osborn 5p"
2766,mi,"Michigan",Volleyball,"0-0 Pershing 0-0D Detroit International Academy 5p"
2767,mi,"Michigan",Volleyball,"1-2 Buchanan 0-0 River Valley 5p"
2768,mi,"Michigan",Volleyball,"3-1 Davison 2-1 Detroit Country Day 5p"
2769,mi,"Michigan",Volleyball,"0-0 Glenn 0-0 Mumford 5p"
2770,mi,"Michigan",Volleyball,"0-1-1 Bridgman 0-0 River Valley 5p"
2771,mi,"Michigan",Volleyball,"0-1 Cedarville 0-1 Onaway 5p"
2772,mi,"Michigan",Volleyball,"0-0 Academy for Business & Tech 0-0 Communication Media Arts 5p"
2773,mi,"Michigan",Volleyball,"1-1 Lakeland 7-3 Bloomfield Hills 5p"
2774,mi,"Michigan",Volleyball,"0-0 Denby 0-0 Cody 5p"
2775,mi,"Michigan",Volleyball,"2-4 Fellowship Baptist Academy 1-1 Heritage Christian Academy 5p"
2776,mi,"Michigan",Volleyball,"2-2-1 Huron 3-1 Pinckney 5p"
2777,mi,"Michigan",Volleyball,"1-3 Schoolcraft 0-0 Galesburg-Augusta 5p"
2778,mi,"Michigan",Volleyball,"3-0-1 (#15) West Catholic 4-5-1 Coopersville 5p"
2779,mi,"Michigan",Volleyball,"2-1 Detroit Country Day 2-2 Brighton 5p"
2780,mi,"Michigan",Volleyball,"6-5-1 Harbor Springs 0-0-1 Grayling 5:30p"
2781,mi,"Michigan",Volleyball,"2-1 Charlevoix 2-6-1 Boyne City 5:30p"
2782,mi,"Michigan",Volleyball,"3-2 Marion 0-0 Crossroads Charter Academy 5:30p"
2783,mi,"Michigan",Volleyball,"0-3 Benzie Central 2-0 Traverse City Christian 5:30p"
2784,mi,"Michigan",Volleyball,"0-0 Auburn Hills Christian 0-0 Springfield Christian Academy 5:30p"
2785,mi,"Michigan",Volleyball,"5-2 Will Carleton Academy V Varsity Opponent 5:30p"
2786,mi,"Michigan",Volleyball,"0-2 Lee 0-1 Holland 6p"
2787,mi,"Michigan",Volleyball,"0-5 Romeo 7-3 Bloomfield Hills 6p"
2788,mi,"Michigan",Volleyball,"1-0 Roosevelt 1-1-2 Renaissance 6p"
2789,mi,"Michigan",Volleyball,"1-1 Hackett Catholic Prep 1-2 Gobles 6p"
2790,mi,"Michigan",Volleyball,"2-5 Brown City 1-3 Almont 6p"
2791,mi,"Michigan",Volleyball,"2-5 Allendale 4-0 Western Michigan Christian 6p"
2792,mi,"Michigan",Volleyball,"0-1 Rogers City 0-1 Mackinaw City 6p"
2793,mi,"Michigan",Volleyball,"0-5 Royal Oak 3-3 Lamphere 6p"
2794,mi,"Michigan",Volleyball,"0-1 Godwin Heights 2-1 Fruitport 6p"
2795,mi,"Michigan",Volleyball,"0-4 Troy 5-4-1 Lake Orion 6p"
2796,mi,"Michigan",Volleyball,"2-4 Fellowship Baptist Academy 1-0S Sacred Heart Academy 6p"
2797,mi,"Michigan",Volleyball,"1-0 Kellogg 0-0 Constantine 6p"
2798,mi,"Michigan",Volleyball,"1-2 Parchment 0-1 Black River 6p"
2799,mi,"Michigan",Volleyball,"0-0 St. Mary Cathedral 1-1 Inland Lakes 6p"
2800,mi,"Michigan",Volleyball,"7-3-1 (#20) St. Mary's Prep 2-4 St. Ursula Academy 6:15p"
2801,mi,"Michigan",Volleyball,"0-0 Bentley 0-0 Beecher 6:30p"
2802,mi,"Michigan",Volleyball,"1-0 Ypsilanti 0-0 Arbor Prep 6:30p"
2803,mi,"Michigan",Volleyball,"0-0 Jackson Christian 0-0 Livingston Christian 6:30p"
2804,mi,"Michigan",Volleyball,"6-2 (#12) Clarkston 5-0 Northville 6:30p"
2805,mi,"Michigan",Volleyball,"4-8-2 Stevenson 4-3 Salem 6:30p"
2806,mi,"Michigan",Volleyball,"0-0 Genesee 0-2 Morrice 6:30p"
2807,mi,"Michigan",Volleyball,"1-1I Ishpeming 1-0 Iron Mountain 6:30p"
2808,mi,"Michigan",Volleyball,"2-0 Bloomfield Christian School 0-1O Oakdale Academy 6:30p"
2809,mi,"Michigan",Volleyball,"1-1 West Iron County 0-2 Calumet 6:30p"
2810,mi,"Michigan",Volleyball,"0-1 International Academy 0-1 Hamady 6:30p"
2811,mi,"Michigan",Volleyball,"2-0M Mason County Eastern 1-0 Grand Traverse Academy 6:30p"
2812,mi,"Michigan",Volleyball,"2-3 Bear Lake 2-1 Baldwin 6:30p"
2813,mi,"Michigan",Volleyball,"0-0 Center Line 0-3 Parkway Christian 6:30p"
2814,mi,"Michigan",Volleyball,"2-1 White Cloud 0-0 Hesperia 6:30p"
2815,mi,"Michigan",Volleyball,"2-1 Fordson 2-2-1 Inter-City Baptist 6:30p"
2816,mi,"Michigan",Volleyball,"0-0 JPEC 0-0 Marshall Academy 6:30p"
2817,mi,"Michigan",Volleyball,"2-0 Whiteford 2-0 Morenci 6:30p"
2818,mi,"Michigan",Volleyball,"4-1 Richard 0-0 Consortium College Prep 6:45p"
2819,mi,"Michigan",Volleyball,"0-0 Farmington 1-1 Avondale 7p"
2820,mi,"Michigan",Volleyball,"4-1 Richard 0-0 Voyageur Academy 7p"
2821,mi,"Michigan",Volleyball,"1-0 Kelloggsville 1-0 Calvin Christian 7p"
2822,mi,"Michigan",Volleyball,"1-1 Munising 1-0 Carney-Nadeau 7p"
2823,mi,"Michigan",Volleyball,"0-0 Kalkaska 0-0 Kingsley 7p"
2824,mi,"Michigan",Volleyball,"2-0M Maplewood Baptist Academy 0-2 Newberry 7p"
2825,mi,"Michigan",Volleyball,"1-3-1 Suttons Bay 0-1-1 Manistee 7p"
2826,mi,"Michigan",Volleyball,"5-4-1 Lake Orion 7-3 Bloomfield Hills 7p"
2827,mi,"Michigan",Volleyball,"2-6-1 Ovid-Elsie 0-0-1 Byron 7p"
2828,mi,"Michigan",Volleyball,"1-3 Saline 5-3-1 Milford 7p"
2829,mi,"Michigan",Volleyball,"1-0 Cheboygan 1-0-1 Elk Rapids 7p"
2830,mi,"Michigan",Volleyball,"0-1-1 Comstock Park 1-0 Calvin Christian 7p"
2831,mi,"Michigan",Volleyball,"0-1 SASA 0-0 Bridgeport 7p"
2832,mi,"Michigan",Volleyball,"1-0 Anderson 0-0-1 Annapolis 7p"
2833,mi,"Michigan",Volleyball,"0-0 St. Ignace 1-0 Manistique 7p"
2834,mi,"Michigan",Volleyball,"4-1-1 Johannesburg-Lewiston 0-1 Rogers City 7p"
2835,mi,"Michigan",Volleyball,"0-0 West Bloomfield 1-2 Kettering 7p"
2836,mi,"Michigan",Volleyball,"1-1 Gwinn 2-0 Gladstone 7p"
2837,mi,"Michigan",Volleyball,"4-1 Dexter 6-4 Bedford 7p"
2838,mi,"Michigan",Volleyball,"1-3 Menominee 1-0 Escanaba 7p"
2839,mi,"Michigan",Volleyball,"0-1 Caro 1-1 Carrollton 7p"
2840,mi,"Michigan",Volleyball,"0-0 Edison Academy 1-1-2 Renaissance 7p"
2841,mi,"Michigan",Volleyball,"7-2 (#7) South Lyon East 2-1 Detroit Country Day 7p"
2842,mi,"Michigan",Volleyball,"1-1 Meridian 1-2 Breckenridge 7p"
2843,mi,"Michigan",Volleyball,"1-1 Plymouth Christian Academy 5-5 Divine Child 7p"
2844,mi,"Michigan",Volleyball,"0-1 Birch Run 0-2 Lakeville 7p"
2845,mi,"Michigan",Volleyball,"1-0 Ypsilanti 0-0 Dearborn 7p"
2846,mi,"Michigan",Volleyball,"0-1 Pentwater 0-0 Mesick 7:30p"
2847,mi,"Michigan",Volleyball,"0-0 Andrews Academy 0-2 Clinton Christian 7:30p"
2848,mi,"Michigan",Volleyball,"7-2 (#7) South Lyon East TBA"
2849,mi,"Michigan",Volleyball,"1-0 Lansing Catholic 6-1 Portage Central"
2850,mi,"Michigan",Volleyball,"0-5 Romeo 0-0 West Bloomfield"
2851,mi,"Michigan",Volleyball,"1-1 Shelby 1-3 Buckley"
2852,mi,"Michigan",Volleyball,"Related ScoreboardsLeagues AllianceBCS - RedBCS - WhiteBig 8Big NorthBig ThumbBlue Water AreaCapital Area - BlueCapital Area - RedCapital Area - White Associations Michigan High School State Association Metros AlpenaDetroitFlintGrand RapidsLansingMarquetteTraverse City"
2853,mi,"Michigan",Volleyball,"Thursday, Sep. 3 3-0 Bishop Moore 4-0 (#4) Orangewood Christian 6p 7-0 (#22) Mother McAuley 5-2 Lincoln-Way East 5p 0-2 Berkeley Prep 7-0 (#21) Calvary Christian 6:30p 10-0 (#3) Assumption 10-3 Providence 7p 3-0 (#10) Harrisburg 1-1 Washington 6:30p 2-4 Avon 10-0 (#25) Hamilton Southeastern 7:30p 1-0 (#11) Torrey Pines 11-0 (#1) Sierra Canyon 5:30p 6-3 Mira Costa 6-0 (#2) Mater Dei 5:45p 1-0 (#13) Cathedral Catholic 6-6 Southeast Career Tech 7p 0-2 Lincoln Christian 6-0 (#15) Norris"
2854,mi,"Michigan",Volleyball,"3-0 Bishop Moore 4-0 (#4) Orangewood Christian 6p"
2855,mi,"Michigan",Volleyball,"7-0 (#22) Mother McAuley 5-2 Lincoln-Way East 5p"
2856,mi,"Michigan",Volleyball,"0-2 Berkeley Prep 7-0 (#21) Calvary Christian 6:30p"
2857,mi,"Michigan",Volleyball,"10-0 (#3) Assumption 10-3 Providence 7p"
2858,mi,"Michigan",Volleyball,"3-0 (#10) Harrisburg 1-1 Washington 6:30p"
2859,mi,"Michigan",Volleyball,"2-4 Avon 10-0 (#25) Hamilton Southeastern 7:30p"
2860,mi,"Michigan",Volleyball,"1-0 (#11) Torrey Pines 11-0 (#1) Sierra Canyon 5:30p"
2861,mi,"Michigan",Volleyball,"6-3 Mira Costa 6-0 (#2) Mater Dei 5:45p"
2862,mi,"Michigan",Volleyball,"1-0 (#13) Cathedral Catholic 6-6 Southeast Career Tech 7p"
2863,mi,"Michigan",Volleyball,"0-2 Lincoln Christian 6-0 (#15) Norris"
2864,mn,"Minnesota",Volleyball,"There are 111 matches for Minnesota volleyball on Thu, 9/3/2026. The featured matches are by Minnesota top ranked teams Rosemount (MN) @ #2 Century (Rochester, MN), #3 Chisago Lakes Area (Lindstrom, MN) @ Camden (Minneapolis, MN), and #5 Foley (MN) @ Milaca (MN). The first match, Hill-Murray (Maplewood, MN) @ Faribault (MN), starts at 7:15a. Related Content Minnesota Girls Volleyball Stat LeadersMinnesota Girls Volleyball PlayoffsMinnesota Girls Volleyball Rankings Minnesota High School Volleyball Schedule 111 Matches 2-2 Hill-Murray 0-1 Faribault 7:15a 1-0G Grygla-Gatzke 1-0R Red Lake Falls 12:30p console.log('MaxPrepsAds - createMark: Element Defined - leaderboard-banner-inc1');performance && performance.mark && performance.mark('MaxPrepsAds - Element Defined: leaderboard-banner-inc1'); 0-3 Pillager 0-1 Upsala 1p 0-1 Bertha-Hewitt 1-0B Battle Lake 3p 2-1 Wyndmere/Lidgerwood 3-2 Maple River 4:45p 1-0S St. Mary's 0-0 GHECMLT (CO-OP) 4:45p 1-3 Humboldt 0-0H Heritage Christian Academy 5p 0-1B Badger/Greenbush-Middle River 2-2 (#7) Lake of the Woods 5p 2-2 Atwater-Cosmos-Grove City 3-0 Eden Valley-Watkins 5:30p 1-0 Alexandria 2-0 Willmar 5:30p 1-4 Little Falls 2-3 Albany 5:30p V Varsity Opponent 0-0 MSAD 5:30p 0-1 Brainerd 0-1 Sartell-St. Stephen 5:30p 0-2W Washington Tech 1-0H Hmong Academy 5:30p 0-0 Detroit Lakes 0-2 Bemidji 5:45p 1-3F Floodwood 0-2B Bigfork 5:45p 0-1E East Central 0-0 Hill City 5:45p 1-1L Littlefork-Big Falls 1-0 Chisholm 5:45p 1-0 East Grand Forks 1-0 Frazee 6p 1-0 Perham 0-1 Wadena-Deer Creek 6p 4-2 Providence Academy 0-1M Mounds Park Academy 6p 2-0L Lake Crystal-Wellcome Memorial 0-3 St. James 6p 1-0 St. Agnes 0-0 St. Anthony Village 6:30p 3-3 Highland Park 0-2 Mahtomedi 6:30p 0-0L Liberty Classical Academy 0-1 St. Croix Lutheran 6:30p 0-0 Park 2-0 North 6:30p 2-2 Simley 0-0 Johnson 6:30p 0-0F Fond du Lac Ojibwe Ogichida 0-0 Cass Lake-Bena 6:45p 0-1 Delano 3-0 Waconia 7p 1-5 Luverne 0-0 West Lyon 7p 0-3 Minneapolis South 0-0 Camden 7p 0-0S St. Paul Academy-Summit 4-1 Minnehaha Academy 7p 0-0 Columbia Heights 1-0 St. Louis Park 7p 1-3 Cherry 0-0 Mesabi East 7p 1-0C Cedar Mountain 1-0M Madelia 7p 0-1 Esko 0-0 Barnum 7p 0-2 Prior Lake 1-1 Northfield 7p 1-3 Northwestern 3-8 Superior 7p 1-0 St. Clair 2-0M Martin County West 7p 1-0 Spring Grove 0-2 Schaeffer Academy 7p 0-1 Delano 2-0 DeLaSalle 7p 1-0 Eagan 0-0 Jefferson 7p 2-0B Blake 0-0 Breck 7p 0-0M Mabel-Canton 1-2L Lanesboro 7p 0-1M Marshall 1-1 Grand Rapids 7p 2-2K Kelley 0-1 McGregor 7p 0-1M Minneapolis North 2-4 Minneapolis Southwest 7p 2-0 Fergus Falls 2-2 Rocori 7p 0-0 Barnum 0-1 Ogilvie 7p 1-0 Rosemount 5-1 (#2) Century 7p 2-0 Princeton 1-0 Hermantown 7p 2-0 Minnewaska Area 1-0M Montevideo 7p 0-0 St. Paul Central 1-0 White Bear Lake 7p 0-1E East Central 4-0H Hill City/Northland 7p 1-1 Forest Lake 2-2 Cambridge-Isanti 7p 0-1 Holdingford 0-1 Rockford 7p 0-1 Triton 0-2 Janesville-Waldorf-Pemberton 7p 0-0 Apollo 1-1S St. Cloud Tech 7p 5-1 (#3) Chisago Lakes Area 0-0 Camden 7p 0-2 Hills-Beaver Creek 2-1 Canton 7p 1-6 Park Center 1-0 Irondale 7p 0-0P Pine River-Backus 0-2 Crosby-Ironton 7p 1-2-1 (#8) Washburn 0-1 Edison 7p 1-2 Mayer Lutheran 2-0 Chaska 7p 4-2 South St. Paul 2-2 Roosevelt 7p 0-0 St. Francis 1-0 Orono 7p 0-0G Glenville-Emmons 2-0S Southland 7p 1-1 International Falls 2-3 North Woods 7p 2-0 South Ridge 4-1 Cook County 7p 0-0 Woodbury 1-1 Eastview 7p 4-1F (#5) Foley 4-1 Milaca 7p 1-0R Roseau 0-1T Thief River Falls 7p 0-2 Edina 1-1 Maple Grove 7p 0-0 Woodbury 0-2 Mahtomedi 7p 0-1 Medford 1-0 Loyola 7p 1-4 Litchfield 0-2 Hutchinson 7p 2-3L Lyle/Pacelli 1-0 LeRoy-Ostrander 7p 1-0 Pequot Lakes 1-4 Pierz 7p 0-0S Sleepy Eye 3-0C Cleveland 7p 1-2 Elk River 1-1 Blaine 7p 1-0 Sauk Rapids-Rice 2-2 Annandale 7p 0-1 Pelican Rapids 0-1 Lake Park-Audubon 7p 1-1 Cotter 1-3P Plainview-Elgin-Millville 7:15p 2-0 Marshall 0-1 Waseca 7:15p 4-2 Wabasha-Kellogg 0-0 La Crescent 7:15p 1-3 Blooming Prairie 0-1G Goodhue 7:15p 2-3 West Central Area 2-2 Sauk Centre 7:15p 4-0 Central Minnesota Christian 1-1W Wabasso 7:15p 1-1 B O L D 0-1 Morris Area/Chokio-Alberta 7:15p 0-1P Parkers Prairie 3-1 Verndale 7:15p 1-0 Chatfield 0-0 Lewiston-Altura 7:15p 1-1 Fairmont 4-3 Worthington 7:15p 3-3L Lake City 1-1 Stewartville 7:15p 2-0 Fillmore Central 0-1 St. Charles 7:15p 1-0 Zumbrota-Mazeppa 2-0 Kasson-Mantorville 7:15p 0-0 Clinton-Graceville-Beardsley 0-1 Breckenridge 7:15p 0-1D Dawson-Boyd 0-0B Benson 7:15p 0-0R RLCCRLF (CO-OP) 0-0F Fosston 7:15p 2-0 Caledonia 1-1 Dover-Eyota 7:15p 5-1 Mankato East 0-1 Winona 7:15p 0-3 Cannon Falls 2-0 Byron 7:15p 0-0 Waukon 0-1R Rushford-Peterson 7:15p 2-2 Hill-Murray 0-1 Faribault 7:15p 2-0 Moorhead 0-0 Hawley 7:15p 0-1 Warroad 0-1 NF (CO-OP) 7:15p 2-0W Wheaton 0-1 Breckenridge 7:15p 0-1 Murray County Central 1-1 Lakeview 7:15p 1-1 Red Wing 4-1 Pine Island 7:15p 0-1 Alden-Conger 0-1 Hayfield 7:15p 1-0S Stephen-Argyle Central 0-0 PCW (CO-OP) 7:20p 0-4 Buffalo Lake-Hector-Stewart 1-0 Renville County West 7:30p"
2865,mn,"Minnesota",Volleyball,"2-2 Hill-Murray 0-1 Faribault 7:15a"
2866,mn,"Minnesota",Volleyball,"1-0G Grygla-Gatzke 1-0R Red Lake Falls 12:30p"
2867,mn,"Minnesota",Volleyball,"0-3 Pillager 0-1 Upsala 1p"
2868,mn,"Minnesota",Volleyball,"0-1 Bertha-Hewitt 1-0B Battle Lake 3p"
2869,mn,"Minnesota",Volleyball,"2-1 Wyndmere/Lidgerwood 3-2 Maple River 4:45p"
2870,mn,"Minnesota",Volleyball,"1-0S St. Mary's 0-0 GHECMLT (CO-OP) 4:45p"
2871,mn,"Minnesota",Volleyball,"1-3 Humboldt 0-0H Heritage Christian Academy 5p"
2872,mn,"Minnesota",Volleyball,"0-1B Badger/Greenbush-Middle River 2-2 (#7) Lake of the Woods 5p"
2873,mn,"Minnesota",Volleyball,"2-2 Atwater-Cosmos-Grove City 3-0 Eden Valley-Watkins 5:30p"
2874,mn,"Minnesota",Volleyball,"1-0 Alexandria 2-0 Willmar 5:30p"
2875,mn,"Minnesota",Volleyball,"1-4 Little Falls 2-3 Albany 5:30p"
2876,mn,"Minnesota",Volleyball,"V Varsity Opponent 0-0 MSAD 5:30p"
2877,mn,"Minnesota",Volleyball,"0-1 Brainerd 0-1 Sartell-St. Stephen 5:30p"
2878,mn,"Minnesota",Volleyball,"0-2W Washington Tech 1-0H Hmong Academy 5:30p"
2879,mn,"Minnesota",Volleyball,"0-0 Detroit Lakes 0-2 Bemidji 5:45p"
2880,mn,"Minnesota",Volleyball,"1-3F Floodwood 0-2B Bigfork 5:45p"
2881,mn,"Minnesota",Volleyball,"0-1E East Central 0-0 Hill City 5:45p"
2882,mn,"Minnesota",Volleyball,"1-1L Littlefork-Big Falls 1-0 Chisholm 5:45p"
2883,mn,"Minnesota",Volleyball,"1-0 East Grand Forks 1-0 Frazee 6p"
2884,mn,"Minnesota",Volleyball,"1-0 Perham 0-1 Wadena-Deer Creek 6p"
2885,mn,"Minnesota",Volleyball,"4-2 Providence Academy 0-1M Mounds Park Academy 6p"
2886,mn,"Minnesota",Volleyball,"2-0L Lake Crystal-Wellcome Memorial 0-3 St. James 6p"
2887,mn,"Minnesota",Volleyball,"1-0 St. Agnes 0-0 St. Anthony Village 6:30p"
2888,mn,"Minnesota",Volleyball,"3-3 Highland Park 0-2 Mahtomedi 6:30p"
2889,mn,"Minnesota",Volleyball,"0-0L Liberty Classical Academy 0-1 St. Croix Lutheran 6:30p"
2890,mn,"Minnesota",Volleyball,"0-0 Park 2-0 North 6:30p"
2891,mn,"Minnesota",Volleyball,"2-2 Simley 0-0 Johnson 6:30p"
2892,mn,"Minnesota",Volleyball,"0-0F Fond du Lac Ojibwe Ogichida 0-0 Cass Lake-Bena 6:45p"
2893,mn,"Minnesota",Volleyball,"0-1 Delano 3-0 Waconia 7p"
2894,mn,"Minnesota",Volleyball,"1-5 Luverne 0-0 West Lyon 7p"
2895,mn,"Minnesota",Volleyball,"0-3 Minneapolis South 0-0 Camden 7p"
2896,mn,"Minnesota",Volleyball,"0-0S St. Paul Academy-Summit 4-1 Minnehaha Academy 7p"
2897,mn,"Minnesota",Volleyball,"0-0 Columbia Heights 1-0 St. Louis Park 7p"
2898,mn,"Minnesota",Volleyball,"1-3 Cherry 0-0 Mesabi East 7p"
2899,mn,"Minnesota",Volleyball,"1-0C Cedar Mountain 1-0M Madelia 7p"
2900,mn,"Minnesota",Volleyball,"0-1 Esko 0-0 Barnum 7p"
2901,mn,"Minnesota",Volleyball,"0-2 Prior Lake 1-1 Northfield 7p"
2902,mn,"Minnesota",Volleyball,"1-3 Northwestern 3-8 Superior 7p"
2903,mn,"Minnesota",Volleyball,"1-0 St. Clair 2-0M Martin County West 7p"
2904,mn,"Minnesota",Volleyball,"1-0 Spring Grove 0-2 Schaeffer Academy 7p"
2905,mn,"Minnesota",Volleyball,"0-1 Delano 2-0 DeLaSalle 7p"
2906,mn,"Minnesota",Volleyball,"1-0 Eagan 0-0 Jefferson 7p"
2907,mn,"Minnesota",Volleyball,"2-0B Blake 0-0 Breck 7p"
2908,mn,"Minnesota",Volleyball,"0-0M Mabel-Canton 1-2L Lanesboro 7p"
2909,mn,"Minnesota",Volleyball,"0-1M Marshall 1-1 Grand Rapids 7p"
2910,mn,"Minnesota",Volleyball,"2-2K Kelley 0-1 McGregor 7p"
2911,mn,"Minnesota",Volleyball,"0-1M Minneapolis North 2-4 Minneapolis Southwest 7p"
2912,mn,"Minnesota",Volleyball,"2-0 Fergus Falls 2-2 Rocori 7p"
2913,mn,"Minnesota",Volleyball,"0-0 Barnum 0-1 Ogilvie 7p"
2914,mn,"Minnesota",Volleyball,"1-0 Rosemount 5-1 (#2) Century 7p"
2915,mn,"Minnesota",Volleyball,"2-0 Princeton 1-0 Hermantown 7p"
2916,mn,"Minnesota",Volleyball,"2-0 Minnewaska Area 1-0M Montevideo 7p"
2917,mn,"Minnesota",Volleyball,"0-0 St. Paul Central 1-0 White Bear Lake 7p"
2918,mn,"Minnesota",Volleyball,"0-1E East Central 4-0H Hill City/Northland 7p"
2919,mn,"Minnesota",Volleyball,"1-1 Forest Lake 2-2 Cambridge-Isanti 7p"
2920,mn,"Minnesota",Volleyball,"0-1 Holdingford 0-1 Rockford 7p"
2921,mn,"Minnesota",Volleyball,"0-1 Triton 0-2 Janesville-Waldorf-Pemberton 7p"
2922,mn,"Minnesota",Volleyball,"0-0 Apollo 1-1S St. Cloud Tech 7p"
2923,mn,"Minnesota",Volleyball,"5-1 (#3) Chisago Lakes Area 0-0 Camden 7p"
2924,mn,"Minnesota",Volleyball,"0-2 Hills-Beaver Creek 2-1 Canton 7p"
2925,mn,"Minnesota",Volleyball,"1-6 Park Center 1-0 Irondale 7p"
2926,mn,"Minnesota",Volleyball,"0-0P Pine River-Backus 0-2 Crosby-Ironton 7p"
2927,mn,"Minnesota",Volleyball,"1-2-1 (#8) Washburn 0-1 Edison 7p"
2928,mn,"Minnesota",Volleyball,"1-2 Mayer Lutheran 2-0 Chaska 7p"
2929,mn,"Minnesota",Volleyball,"4-2 South St. Paul 2-2 Roosevelt 7p"
2930,mn,"Minnesota",Volleyball,"0-0 St. Francis 1-0 Orono 7p"
2931,mn,"Minnesota",Volleyball,"0-0G Glenville-Emmons 2-0S Southland 7p"
2932,mn,"Minnesota",Volleyball,"1-1 International Falls 2-3 North Woods 7p"
2933,mn,"Minnesota",Volleyball,"2-0 South Ridge 4-1 Cook County 7p"
2934,mn,"Minnesota",Volleyball,"0-0 Woodbury 1-1 Eastview 7p"
2935,mn,"Minnesota",Volleyball,"4-1F (#5) Foley 4-1 Milaca 7p"
2936,mn,"Minnesota",Volleyball,"1-0R Roseau 0-1T Thief River Falls 7p"
2937,mn,"Minnesota",Volleyball,"0-2 Edina 1-1 Maple Grove 7p"
2938,mn,"Minnesota",Volleyball,"0-0 Woodbury 0-2 Mahtomedi 7p"
2939,mn,"Minnesota",Volleyball,"0-1 Medford 1-0 Loyola 7p"
2940,mn,"Minnesota",Volleyball,"1-4 Litchfield 0-2 Hutchinson 7p"
2941,mn,"Minnesota",Volleyball,"2-3L Lyle/Pacelli 1-0 LeRoy-Ostrander 7p"
2942,mn,"Minnesota",Volleyball,"1-0 Pequot Lakes 1-4 Pierz 7p"
2943,mn,"Minnesota",Volleyball,"0-0S Sleepy Eye 3-0C Cleveland 7p"
2944,mn,"Minnesota",Volleyball,"1-2 Elk River 1-1 Blaine 7p"
2945,mn,"Minnesota",Volleyball,"1-0 Sauk Rapids-Rice 2-2 Annandale 7p"
2946,mn,"Minnesota",Volleyball,"0-1 Pelican Rapids 0-1 Lake Park-Audubon 7p"
2947,mn,"Minnesota",Volleyball,"1-1 Cotter 1-3P Plainview-Elgin-Millville 7:15p"
2948,mn,"Minnesota",Volleyball,"2-0 Marshall 0-1 Waseca 7:15p"
2949,mn,"Minnesota",Volleyball,"4-2 Wabasha-Kellogg 0-0 La Crescent 7:15p"
2950,mn,"Minnesota",Volleyball,"1-3 Blooming Prairie 0-1G Goodhue 7:15p"
2951,mn,"Minnesota",Volleyball,"2-3 West Central Area 2-2 Sauk Centre 7:15p"
2952,mn,"Minnesota",Volleyball,"4-0 Central Minnesota Christian 1-1W Wabasso 7:15p"
2953,mn,"Minnesota",Volleyball,"1-1 B O L D 0-1 Morris Area/Chokio-Alberta 7:15p"
2954,mn,"Minnesota",Volleyball,"0-1P Parkers Prairie 3-1 Verndale 7:15p"
2955,mn,"Minnesota",Volleyball,"1-0 Chatfield 0-0 Lewiston-Altura 7:15p"
2956,mn,"Minnesota",Volleyball,"1-1 Fairmont 4-3 Worthington 7:15p"
2957,mn,"Minnesota",Volleyball,"3-3L Lake City 1-1 Stewartville 7:15p"
2958,mn,"Minnesota",Volleyball,"2-0 Fillmore Central 0-1 St. Charles 7:15p"
2959,mn,"Minnesota",Volleyball,"1-0 Zumbrota-Mazeppa 2-0 Kasson-Mantorville 7:15p"
2960,mn,"Minnesota",Volleyball,"0-0 Clinton-Graceville-Beardsley 0-1 Breckenridge 7:15p"
2961,mn,"Minnesota",Volleyball,"0-1D Dawson-Boyd 0-0B Benson 7:15p"
2962,mn,"Minnesota",Volleyball,"0-0R RLCCRLF (CO-OP) 0-0F Fosston 7:15p"
2963,mn,"Minnesota",Volleyball,"2-0 Caledonia 1-1 Dover-Eyota 7:15p"
2964,mn,"Minnesota",Volleyball,"5-1 Mankato East 0-1 Winona 7:15p"
2965,mn,"Minnesota",Volleyball,"0-3 Cannon Falls 2-0 Byron 7:15p"
2966,mn,"Minnesota",Volleyball,"0-0 Waukon 0-1R Rushford-Peterson 7:15p"
2967,mn,"Minnesota",Volleyball,"2-2 Hill-Murray 0-1 Faribault 7:15p"
2968,mn,"Minnesota",Volleyball,"2-0 Moorhead 0-0 Hawley 7:15p"
2969,mn,"Minnesota",Volleyball,"0-1 Warroad 0-1 NF (CO-OP) 7:15p"
2970,mn,"Minnesota",Volleyball,"2-0W Wheaton 0-1 Breckenridge 7:15p"
2971,mn,"Minnesota",Volleyball,"0-1 Murray County Central 1-1 Lakeview 7:15p"
2972,mn,"Minnesota",Volleyball,"1-1 Red Wing 4-1 Pine Island 7:15p"
2973,mn,"Minnesota",Volleyball,"0-1 Alden-Conger 0-1 Hayfield 7:15p"
2974,mn,"Minnesota",Volleyball,"1-0S Stephen-Argyle Central 0-0 PCW (CO-OP) 7:20p"
2975,mn,"Minnesota",Volleyball,"0-4 Buffalo Lake-Hector-Stewart 1-0 Renville County West 7:30p"
2976,mn,"Minnesota",Volleyball,"Related ScoreboardsConferences ArrowheadBig 9Big South - EastBig South - WestCamdenCentral LakesCentral MinnesotaChristian Athletic ConferenceClassic SuburbanEastern Associations Minnesota State High School League Metros DuluthMankatoMinneapolisRochester-Mason"
2977,mn,"Minnesota",Volleyball,"Thursday, Sep. 3 3-0 Bishop Moore 4-0 (#4) Orangewood Christian 6p 7-0 (#22) Mother McAuley 5-2 Lincoln-Way East 5p 0-2 Berkeley Prep 7-0 (#21) Calvary Christian 6:30p 10-0 (#3) Assumption 10-3 Providence 7p 3-0 (#10) Harrisburg 1-1 Washington 6:30p 2-4 Avon 10-0 (#25) Hamilton Southeastern 7:30p 1-0 (#11) Torrey Pines 11-0 (#1) Sierra Canyon 5:30p 6-3 Mira Costa 6-0 (#2) Mater Dei 5:45p 1-0 (#13) Cathedral Catholic 6-6 Southeast Career Tech 7p 0-2 Lincoln Christian 6-0 (#15) Norris"
2978,mn,"Minnesota",Volleyball,"3-0 Bishop Moore 4-0 (#4) Orangewood Christian 6p"
2979,mn,"Minnesota",Volleyball,"7-0 (#22) Mother McAuley 5-2 Lincoln-Way East 5p"
2980,mn,"Minnesota",Volleyball,"0-2 Berkeley Prep 7-0 (#21) Calvary Christian 6:30p"
2981,mn,"Minnesota",Volleyball,"10-0 (#3) Assumption 10-3 Providence 7p"
2982,mn,"Minnesota",Volleyball,"3-0 (#10) Harrisburg 1-1 Washington 6:30p"
2983,mn,"Minnesota",Volleyball,"2-4 Avon 10-0 (#25) Hamilton Southeastern 7:30p"
2984,mn,"Minnesota",Volleyball,"1-0 (#11) Torrey Pines 11-0 (#1) Sierra Canyon 5:30p"
2985,mn,"Minnesota",Volleyball,"6-3 Mira Costa 6-0 (#2) Mater Dei 5:45p"
2986,mn,"Minnesota",Volleyball,"1-0 (#13) Cathedral Catholic 6-6 Southeast Career Tech 7p"
2987,mn,"Minnesota",Volleyball,"0-2 Lincoln Christian 6-0 (#15) Norris"
2988,ms,"Mississippi",Volleyball,"There are 99 matches for Mississippi volleyball on Thu, 9/3/2026. The featured matches are by Mississippi top ranked teams Tishomingo County (Iuka, MS) @ #1 East Union (Blue Springs, MS), #2 Newton County (Decatur, MS) @ Northeast Lauderdale (Meridian, MS), and Desoto County Academy (Olive Branch, MS) @ #3 Jackson Academy (Jackson, MS). The first match, Regents (Oxford, MS) @ West Memphis Christian (West Memphis, AR), starts at 4p. Related Content Mississippi Girls Volleyball Stat LeadersMississippi Girls Volleyball PlayoffsMississippi Girls Volleyball Rankings Recent Mississippi Girls Volleyball HeadlinesVOLLEYBALL: Preseason All-Americans Mississippi High School Volleyball Schedule 99 Matches 9-6 Regents 8-2 West Memphis Christian 4p 1-8 Taylorsville 0-2 MSD 5p console.log('MaxPrepsAds - createMark: Element Defined - leaderboard-banner-inc1');performance && performance.mark && performance.mark('MaxPrepsAds - Element Defined: leaderboard-banner-inc1'); 4-3 Clarksdale 1-4 Rosa Fort 5p 1-7 Gentry 3-10 Louisville 5p 5-4V Victory Christian Academy 0-1 Victory Christian 5p 5-2 North Side 1-4 Charleston 5p 5-4 Houlka 4-0W West Bolivar 5p 1-4 Leland 5-5J J.Z. George 5p 2-10 West Jones 7-3 Forest Hill 5:30p 7-5 Florence 1-6 Provine 5:30p 2-2 Crystal Springs 0-9 Port Gibson 5:30p 0-4 Noxubee County 1-13 Winona 5:30p 3-4 Yazoo County 9-0 Amanda Elzy 5:30p 2-4 Lanier 4-4 Cleveland Central 5:30p 6-7 Amite County 2-4 Jefferson County 5:30p 6-1 North Panola 1-5 West Tallahatchie 5:30p 9-3O O'Bannon 2-4 Edwards 5:30p 1-5 Yazoo City 3-3 Greenwood 5:30p 0-5 Simpson Academy 4-5 Jackson Prep 6p 8-6 Grenada 5-6 Saltillo 6p 2-14C Clinton 16-7 (#9) Oxford 6p 14-2 (#12) Walnut 2-8 Hamilton 6p 10-6 Stringer 9-6 Resurrection Catholic 6p 0-1 Desoto County Academy 24-3 (#3) Jackson Academy 6p 10-19-1 Starkville 14-5 (#19) Germantown 6p 3-5 Southaven 5-8 South Panola 6p 3-10 Meridian 14-9 Northwest Rankin 6p 2-7 Lumberton 9-6 Resurrection Catholic 6p 0-0 Central Hinds Academy 0-3 Hillcrest Christian 6p 10-4 Potts Camp 1-7 Byhalia 6p 1-16 Pearl 13-6 Oak Grove 6p 16-4 (#15) Kossuth 4-12 Amory 6p 3-5M Mendenhall 7-3 McLaurin 6p 7-5 Hattiesburg HomeSchool 2-2 Heritage Christian Academy 6p 1-2 Okolona 13-7 Smithville 6p 2-5 West Point 8-3 Heritage Academy 6p 5-3-1 Canton 2-10 Greenville 6p 12-4 Pontotoc 16-7 Caledonia 6p 7-2 Puckett 11-5 Newton 6p 13-2 (#6) Hartfield Academy 4-1 St. Joseph Catholic 6p 1-6 Aberdeen 4-10 Nettleton 6p 7-9-1 East Webster 9-9-1 New Hope 6p 5-8 Lake Cormorant 6-4 Olive Branch 6p 2-7 Holly Springs 4-5 Ashland 6p 7-8 Baldwyn 10-2N New Site 6p 0-7 Holmes County Central 4-7 Vicksburg 6p 8-3 Franklin County 6-9 Wesson 6p 11-4 Pisgah 4-2 Nanih Waiya 6p 6-7 Lamar 14-5 (#8) Madison-Ridgeland Academy 6p 6-8 Ridgeland 9-6-1 Warren Central 6:15p 6-7 Amite County 2-4 Jefferson County 6:30p 3-14 D'Iberville 13-7 Biloxi 6:30p 9-7 Tupelo Christian Prep 0-9 Tupelo Titans 6:30p 4-4 Mize 16-1 (#7) Enterprise 6:30p 10-4 Noxapater 6-6 Ethel 6:30p 1-2 Choctaw County 1-9 Southeast Lauderdale 6:30p 10-4 Sacred Heart 4-9 East Marion 6:30p 9-4 Madison Central 2-4 Murrah 6:30p 4-5 Raymond 14-4 Forest 6:30p 13-4 Pass Christian 8-1 Greene County 6:30p 6-6 Morton 1-10 Richland 6:30p 14-5 (#13) Ocean Springs 4-8 Harrison Central 6:30p 6-6 Pearl River Central 3-6 Long Beach 6:30p 12-13G Gautier 5-13 Picayune 6:30p 1-6 Perry Central 3-7 North Forrest 6:30p 18-7 East Central 23-6 (#10) Vancleave 6:30p 4-8 South Jones 3-12 Brookhaven 6:30p 5-9 Wayne County 18-6 (#18) Northeast Jones 6:30p 0-6 South Pike 10-5 Lawrence County 6:30p 3-4 Bay Springs 7-6 Clarkdale 6:30p 9-8 Hickory Flat 7-9 Ripley 6:30p 7-3 Raleigh 10-2 Seminary 6:30p 5-14 Belmont 6-9 Alcorn Central 6:30p 7-10 Union 4-1 St. Andrew's Episcopal 6:30p 16-5 (#22) Sumrall 10-4 Poplarville 6:30p 18-3 (#2) Newton County 13-10 Northeast Lauderdale 6:30p 0-12 Bogue Chitto 10-6 Stringer 6:30p 0-3V Velma Jackson 3-9 Philadelphia 6:30p 7-15 St. Martin 17-8 (#21) West Harrison 6:30p 3-11 St. Patrick 9-3 (#23) Presbyterian Christian 6:30p 13-5 Eupora 5-17 Kosciusko 6:30p 2-11 Shannon 6-7 Itawamba Agricultural 6:30p 8-8 Stone 12-6 (#24) Purvis 6:30p 12-5 Ingomar 6-4 West Lowndes 6:30p 10-4 Mooreville 3-10 Houston 6:30p 6-8 Forrest County Agricultural 11-11 Bay 6:30p 7-2 Richton 1-12 Moss Point 6:30p 14-6 (#14) Hancock 2-12 Pascagoula 6:30p 5-8 Tishomingo County 20-0 (#1) East Union 6:30p 5-4 Terry 5-10 Hattiesburg 6:30p 9-10 Petal 14-8 Brandon 6:30p 4-9 North Pontotoc 17-6 (#5) New Albany 6:30p 0-4 Noxubee County 1-13 Winona 6:30p 11-8 Pine Grove 4-8 Falkner 7p 14-5 (#17) Our Lady Academy 0-6 Tylertown 7p 16-6 (#11) Lewisburg 9-8 DeSoto Central 7p 0-1 Wilkinson County 10-5 Loyd Star 7p 3-3 Strayhorn 5-5 Water Valley 7p 1-10T Thrasher 15-6 Booneville 7p"
2989,ms,"Mississippi",Volleyball,"9-6 Regents 8-2 West Memphis Christian 4p"
2990,ms,"Mississippi",Volleyball,"1-8 Taylorsville 0-2 MSD 5p"
2991,ms,"Mississippi",Volleyball,"4-3 Clarksdale 1-4 Rosa Fort 5p"
2992,ms,"Mississippi",Volleyball,"1-7 Gentry 3-10 Louisville 5p"
2993,ms,"Mississippi",Volleyball,"5-4V Victory Christian Academy 0-1 Victory Christian 5p"
2994,ms,"Mississippi",Volleyball,"5-2 North Side 1-4 Charleston 5p"
2995,ms,"Mississippi",Volleyball,"5-4 Houlka 4-0W West Bolivar 5p"
2996,ms,"Mississippi",Volleyball,"1-4 Leland 5-5J J.Z. George 5p"
2997,ms,"Mississippi",Volleyball,"2-10 West Jones 7-3 Forest Hill 5:30p"
2998,ms,"Mississippi",Volleyball,"7-5 Florence 1-6 Provine 5:30p"
2999,ms,"Mississippi",Volleyball,"2-2 Crystal Springs 0-9 Port Gibson 5:30p"
3000,ms,"Mississippi",Volleyball,"0-4 Noxubee County 1-13 Winona 5:30p"
3001,ms,"Mississippi",Volleyball,"3-4 Yazoo County 9-0 Amanda Elzy 5:30p"
3002,ms,"Mississippi",Volleyball,"2-4 Lanier 4-4 Cleveland Central 5:30p"
3003,ms,"Mississippi",Volleyball,"6-7 Amite County 2-4 Jefferson County 5:30p"
3004,ms,"Mississippi",Volleyball,"6-1 North Panola 1-5 West Tallahatchie 5:30p"
3005,ms,"Mississippi",Volleyball,"9-3O O'Bannon 2-4 Edwards 5:30p"
3006,ms,"Mississippi",Volleyball,"1-5 Yazoo City 3-3 Greenwood 5:30p"
3007,ms,"Mississippi",Volleyball,"0-5 Simpson Academy 4-5 Jackson Prep 6p"
3008,ms,"Mississippi",Volleyball,"8-6 Grenada 5-6 Saltillo 6p"
3009,ms,"Mississippi",Volleyball,"2-14C Clinton 16-7 (#9) Oxford 6p"
3010,ms,"Mississippi",Volleyball,"14-2 (#12) Walnut 2-8 Hamilton 6p"
3011,ms,"Mississippi",Volleyball,"10-6 Stringer 9-6 Resurrection Catholic 6p"
3012,ms,"Mississippi",Volleyball,"0-1 Desoto County Academy 24-3 (#3) Jackson Academy 6p"
3013,ms,"Mississippi",Volleyball,"10-19-1 Starkville 14-5 (#19) Germantown 6p"
3014,ms,"Mississippi",Volleyball,"3-5 Southaven 5-8 South Panola 6p"
3015,ms,"Mississippi",Volleyball,"3-10 Meridian 14-9 Northwest Rankin 6p"
3016,ms,"Mississippi",Volleyball,"2-7 Lumberton 9-6 Resurrection Catholic 6p"
3017,ms,"Mississippi",Volleyball,"0-0 Central Hinds Academy 0-3 Hillcrest Christian 6p"
3018,ms,"Mississippi",Volleyball,"10-4 Potts Camp 1-7 Byhalia 6p"
3019,ms,"Mississippi",Volleyball,"1-16 Pearl 13-6 Oak Grove 6p"
3020,ms,"Mississippi",Volleyball,"16-4 (#15) Kossuth 4-12 Amory 6p"
3021,ms,"Mississippi",Volleyball,"3-5M Mendenhall 7-3 McLaurin 6p"
3022,ms,"Mississippi",Volleyball,"7-5 Hattiesburg HomeSchool 2-2 Heritage Christian Academy 6p"
3023,ms,"Mississippi",Volleyball,"1-2 Okolona 13-7 Smithville 6p"
3024,ms,"Mississippi",Volleyball,"2-5 West Point 8-3 Heritage Academy 6p"
3025,ms,"Mississippi",Volleyball,"5-3-1 Canton 2-10 Greenville 6p"
3026,ms,"Mississippi",Volleyball,"12-4 Pontotoc 16-7 Caledonia 6p"
3027,ms,"Mississippi",Volleyball,"7-2 Puckett 11-5 Newton 6p"
3028,ms,"Mississippi",Volleyball,"13-2 (#6) Hartfield Academy 4-1 St. Joseph Catholic 6p"
3029,ms,"Mississippi",Volleyball,"1-6 Aberdeen 4-10 Nettleton 6p"
3030,ms,"Mississippi",Volleyball,"7-9-1 East Webster 9-9-1 New Hope 6p"
3031,ms,"Mississippi",Volleyball,"5-8 Lake Cormorant 6-4 Olive Branch 6p"
3032,ms,"Mississippi",Volleyball,"2-7 Holly Springs 4-5 Ashland 6p"
3033,ms,"Mississippi",Volleyball,"7-8 Baldwyn 10-2N New Site 6p"
3034,ms,"Mississippi",Volleyball,"0-7 Holmes County Central 4-7 Vicksburg 6p"
3035,ms,"Mississippi",Volleyball,"8-3 Franklin County 6-9 Wesson 6p"
3036,ms,"Mississippi",Volleyball,"11-4 Pisgah 4-2 Nanih Waiya 6p"
3037,ms,"Mississippi",Volleyball,"6-7 Lamar 14-5 (#8) Madison-Ridgeland Academy 6p"
3038,ms,"Mississippi",Volleyball,"6-8 Ridgeland 9-6-1 Warren Central 6:15p"
3039,ms,"Mississippi",Volleyball,"6-7 Amite County 2-4 Jefferson County 6:30p"
3040,ms,"Mississippi",Volleyball,"3-14 D'Iberville 13-7 Biloxi 6:30p"
3041,ms,"Mississippi",Volleyball,"9-7 Tupelo Christian Prep 0-9 Tupelo Titans 6:30p"
3042,ms,"Mississippi",Volleyball,"4-4 Mize 16-1 (#7) Enterprise 6:30p"
3043,ms,"Mississippi",Volleyball,"10-4 Noxapater 6-6 Ethel 6:30p"
3044,ms,"Mississippi",Volleyball,"1-2 Choctaw County 1-9 Southeast Lauderdale 6:30p"
3045,ms,"Mississippi",Volleyball,"10-4 Sacred Heart 4-9 East Marion 6:30p"
3046,ms,"Mississippi",Volleyball,"9-4 Madison Central 2-4 Murrah 6:30p"
3047,ms,"Mississippi",Volleyball,"4-5 Raymond 14-4 Forest 6:30p"
3048,ms,"Mississippi",Volleyball,"13-4 Pass Christian 8-1 Greene County 6:30p"
3049,ms,"Mississippi",Volleyball,"6-6 Morton 1-10 Richland 6:30p"
3050,ms,"Mississippi",Volleyball,"14-5 (#13) Ocean Springs 4-8 Harrison Central 6:30p"
3051,ms,"Mississippi",Volleyball,"6-6 Pearl River Central 3-6 Long Beach 6:30p"
3052,ms,"Mississippi",Volleyball,"12-13G Gautier 5-13 Picayune 6:30p"
3053,ms,"Mississippi",Volleyball,"1-6 Perry Central 3-7 North Forrest 6:30p"
3054,ms,"Mississippi",Volleyball,"18-7 East Central 23-6 (#10) Vancleave 6:30p"
3055,ms,"Mississippi",Volleyball,"4-8 South Jones 3-12 Brookhaven 6:30p"
3056,ms,"Mississippi",Volleyball,"5-9 Wayne County 18-6 (#18) Northeast Jones 6:30p"
3057,ms,"Mississippi",Volleyball,"0-6 South Pike 10-5 Lawrence County 6:30p"
3058,ms,"Mississippi",Volleyball,"3-4 Bay Springs 7-6 Clarkdale 6:30p"
3059,ms,"Mississippi",Volleyball,"9-8 Hickory Flat 7-9 Ripley 6:30p"
3060,ms,"Mississippi",Volleyball,"7-3 Raleigh 10-2 Seminary 6:30p"
3061,ms,"Mississippi",Volleyball,"5-14 Belmont 6-9 Alcorn Central 6:30p"
3062,ms,"Mississippi",Volleyball,"7-10 Union 4-1 St. Andrew's Episcopal 6:30p"
3063,ms,"Mississippi",Volleyball,"16-5 (#22) Sumrall 10-4 Poplarville 6:30p"
3064,ms,"Mississippi",Volleyball,"18-3 (#2) Newton County 13-10 Northeast Lauderdale 6:30p"
3065,ms,"Mississippi",Volleyball,"0-12 Bogue Chitto 10-6 Stringer 6:30p"
3066,ms,"Mississippi",Volleyball,"0-3V Velma Jackson 3-9 Philadelphia 6:30p"
3067,ms,"Mississippi",Volleyball,"7-15 St. Martin 17-8 (#21) West Harrison 6:30p"
3068,ms,"Mississippi",Volleyball,"3-11 St. Patrick 9-3 (#23) Presbyterian Christian 6:30p"
3069,ms,"Mississippi",Volleyball,"13-5 Eupora 5-17 Kosciusko 6:30p"
3070,ms,"Mississippi",Volleyball,"2-11 Shannon 6-7 Itawamba Agricultural 6:30p"
3071,ms,"Mississippi",Volleyball,"8-8 Stone 12-6 (#24) Purvis 6:30p"
3072,ms,"Mississippi",Volleyball,"12-5 Ingomar 6-4 West Lowndes 6:30p"
3073,ms,"Mississippi",Volleyball,"10-4 Mooreville 3-10 Houston 6:30p"
3074,ms,"Mississippi",Volleyball,"6-8 Forrest County Agricultural 11-11 Bay 6:30p"
3075,ms,"Mississippi",Volleyball,"7-2 Richton 1-12 Moss Point 6:30p"
3076,ms,"Mississippi",Volleyball,"14-6 (#14) Hancock 2-12 Pascagoula 6:30p"
3077,ms,"Mississippi",Volleyball,"5-8 Tishomingo County 20-0 (#1) East Union 6:30p"
3078,ms,"Mississippi",Volleyball,"5-4 Terry 5-10 Hattiesburg 6:30p"
3079,ms,"Mississippi",Volleyball,"9-10 Petal 14-8 Brandon 6:30p"
3080,ms,"Mississippi",Volleyball,"4-9 North Pontotoc 17-6 (#5) New Albany 6:30p"
3081,ms,"Mississippi",Volleyball,"0-4 Noxubee County 1-13 Winona 6:30p"
3082,ms,"Mississippi",Volleyball,"11-8 Pine Grove 4-8 Falkner 7p"
3083,ms,"Mississippi",Volleyball,"14-5 (#17) Our Lady Academy 0-6 Tylertown 7p"
3084,ms,"Mississippi",Volleyball,"16-6 (#11) Lewisburg 9-8 DeSoto Central 7p"
3085,ms,"Mississippi",Volleyball,"0-1 Wilkinson County 10-5 Loyd Star 7p"
3086,ms,"Mississippi",Volleyball,"3-3 Strayhorn 5-5 Water Valley 7p"
3087,ms,"Mississippi",Volleyball,"1-10T Thrasher 15-6 Booneville 7p"
3088,ms,"Mississippi",Volleyball,"Related ScoreboardsDistricts Class 1A Region 1Class 1A Region 2Class 1A Region 3Class 1A Region 4Class 1A Region 5Class 1A Region 6Class 1A Region 7Class 1A Region 8Class 2A Region 1Class 2A Region 2 Associations Mississippi High School Activities Association Metros BiloxiColumbus-TupeloGreenwoodHattiesburgJacksonMeridian"
3089,ms,"Mississippi",Volleyball,"Thursday, Sep. 3 3-0 Bishop Moore 4-0 (#4) Orangewood Christian 6p 7-0 (#22) Mother McAuley 5-2 Lincoln-Way East 5p 0-2 Berkeley Prep 7-0 (#21) Calvary Christian 6:30p 10-0 (#3) Assumption 10-3 Providence 7p 3-0 (#10) Harrisburg 1-1 Washington 6:30p 2-4 Avon 10-0 (#25) Hamilton Southeastern 7:30p 1-0 (#11) Torrey Pines 11-0 (#1) Sierra Canyon 5:30p 6-3 Mira Costa 6-0 (#2) Mater Dei 5:45p 1-0 (#13) Cathedral Catholic 6-6 Southeast Career Tech 7p 0-2 Lincoln Christian 6-0 (#15) Norris"
3090,ms,"Mississippi",Volleyball,"3-0 Bishop Moore 4-0 (#4) Orangewood Christian 6p"
3091,ms,"Mississippi",Volleyball,"7-0 (#22) Mother McAuley 5-2 Lincoln-Way East 5p"
3092,ms,"Mississippi",Volleyball,"0-2 Berkeley Prep 7-0 (#21) Calvary Christian 6:30p"
3093,ms,"Mississippi",Volleyball,"10-0 (#3) Assumption 10-3 Providence 7p"
3094,ms,"Mississippi",Volleyball,"3-0 (#10) Harrisburg 1-1 Washington 6:30p"
3095,ms,"Mississippi",Volleyball,"2-4 Avon 10-0 (#25) Hamilton Southeastern 7:30p"
3096,ms,"Mississippi",Volleyball,"1-0 (#11) Torrey Pines 11-0 (#1) Sierra Canyon 5:30p"
3097,ms,"Mississippi",Volleyball,"6-3 Mira Costa 6-0 (#2) Mater Dei 5:45p"
3098,ms,"Mississippi",Volleyball,"1-0 (#13) Cathedral Catholic 6-6 Southeast Career Tech 7p"
3099,ms,"Mississippi",Volleyball,"0-2 Lincoln Christian 6-0 (#15) Norris"
3100,mo,"Missouri",Volleyball,"There are 189 matches for Missouri volleyball on Thu, 9/3/2026. The featured matches are by Missouri top ranked teams #1 Mid-Buchanan (Faucett, MO) @ Maysville (MO), Logan-Rogersville (Rogersville, MO) vs. #2 Helias (Jefferson City, MO), and West Plains (MO) vs. #2 Helias (Jefferson City, MO). The first match, Logan-Rogersville (Rogersville, MO) vs. #2 Helias (Jefferson City, MO), starts at 2:15p. Related Content Missouri Girls Volleyball Stat LeadersMissouri Girls Volleyball PlayoffsMissouri Girls Volleyball Rankings Missouri High School Volleyball Schedule 189 Matches 0-2 Logan-Rogersville 6-0-1 (#2) Helias 2:15p 2-0 Battle 1-5 Bolivar 2:15p console.log('MaxPrepsAds - createMark: Element Defined - leaderboard-banner-inc1');performance && performance.mark && performance.mark('MaxPrepsAds - Element Defined: leaderboard-banner-inc1'); 0-2 Logan-Rogersville 3-3 (#24) Rock Bridge 4p 2-4 St. Pius X 3-0 Marquette 4:15p 0-0C CPAGCAA (CO-OP) 0-0 KIPP 4:30p 0-0C CPAGCAA (CO-OP) 1-1 Vashon 4:30p 0-2 Caruthersville 0-0 Cooter 4:30p 0-2 St. James 3-4 Rolla 4:30p 1-2-4 Fair Grove 2-0 Battle 4:30p 0-2 Smith-Cotton 1-5 Bolivar 4:45p 5-0 (#4) Sullivan 1-0 Salem 4:45p 2-0 West Plains 6-0-1 (#2) Helias 4:45p 1-1 Howell 1-2 Fort Zumwalt West 5p 0-3 Lutheran 4-1-1 Westminster Christian 5p 1-0 Fort Zumwalt North 0-2 Timberland 5p 1-0-1 Plato 0-1 Conway 5p 0-3-4 Pierce City 1-4-2 East Newton 5p 4-3 Buffalo 2-6 El Dorado Springs 5p 5-3-1 Stockton 0-0 Lamar 5p 1-2 Troy-Buchanan 5-4 Howell Central 5p 1-0A Archie 1-0 Lone Jack 5p 1-1 Kingston 3-2-1 Bourbon 5p 1-0 Calvary Lutheran 0-1 Dixon 5p 0-4-3 Reeds Spring 0-1 Willow Springs 5p 0-1 Grain Valley 1-2 Park Hill South 5p 0-1 Liberty 0-3-1 Howell North 5p 2-0 Santa Fe 1-1 Northwest 5p 2-0 Valley Falls 0-2 Kansas City Christian School 5p 2-4 St. Charles West 1-2-3 Warrenton 5p 4-2 Holt 1-1 St. Charles 5p 3-3 North Point 0-2 Fort Zumwalt East 5p 0-3 Plattsburg 0-3 Wellington-Napoleon 5p 0-0 Ursuline Academy 4-2 (#14) St. Joseph's Academy 5:15p 4-4-1 Orchard Farm 3-0 Winfield 5:15p 0-0 Appleton City 0-2 Skyline 5:30p 1-0 Affton 1-0 Ladue Horton Watkins 5:30p 5-2-1 Overland Christian 2-2 Clinton Christian Academy 5:30p 1-1 Ozarks Christian Academy 1-1 Westwood Baptist Academy 5:30p 2-4 Northwest 2-4 Seckman 5:30p 0-1 Arcadia Valley 3-0 Lesterville 5:30p 1-1-1B Blue Ridge Christian 0-1N New Hope Christian 5:30p 0-0 Alton 5-5 Couch 5:30p 0-0 Cassville 5-3-2 Sarcoxie 5:30p 0-0 East 1-0 Guadalupe Centers 5:30p 0-1S South Holt 0-1N North Nodaway 5:30p 0-1 Greenfield 9-1 Ash Grove 5:30p 3-0 Otterville 0-0K Kingsville 5:30p 8-2 Gainesville 0-2 Dora 5:30p 2-2 STEAMAAMCSB 0-1 Parkway North 5:30p 0-0 Riverview Gardens 0-0 Roosevelt 5:30p 1-0 Verona 0-1G Golden City 5:30p 0-1 Valley 2-0 St. Paul Lutheran 5:30p 0-2 West County 0-1 Herculaneum 5:30p 1-0 Mansfield 0-2 Laquey 5:30p 0-0A Appleton City/Ballard/Montrose 0-2 Skyline 5:30p 0-1S Sheldon 0-0 Northeast Vernon County 5:30p 0-0 Cor Jesu Academy 2-0 Incarnate Word Academy 5:30p 2-1 Billings 1-0 Lockwood 5:30p 11-0B Blue Eye 0-1E Exeter 5:30p 1-2 Pattonville 2-1-1 Rockwood Summit 5:30p 0-2M McAuley Catholic 1-0 Jasper 5:30p 0-1 Cabool 2-0 Eminence 5:30p 0-4-3 Lutheran South 1-2-1 John Burroughs 5:30p 0-1 Hurley 1-0 Wheaton 5:30p 3-0 Otterville 0-1 Leeton 5:30p 4-4 Lutheran North 0-1 University City 5:30p 0-0 Bradleyville 0-1 School of the Ozarks 5:30p 0-0 GLCA 0-2 CMBHS 5:30p 3-0 Eureka 1-1 St. Francis Borgia 5:45p 2-0 Lindbergh 5-1-2 (#7) Oakville 5:45p 0-4 McCluer North 0-1 Gateway Tech 5:45p V Varsity Opponent 0-1L Lighthouse Prep Academy 6p 0-3 Bishop Ward 0-2 Lutheran 6p 0-2 Villa Duchesne 3-1 St. Dominic 6p 0-2N New Haven 1-1 Belle 6p 5-2 (#15) West Platte 4-3 Northland Christian 6p 0-2 Prairie Home 0-2 Bunceton 6p 1-0 Drexel 0-1 Sherwood 6p 0-1 Knob Noster 2-0 Odessa 6p 0-0 Kennett 0-1 Charleston 6p 0-1 East Prairie 0-0 Oran 6p 1-3P Pleasant Hope 2-2 Diamond 6p 0-1 Wright City 0-3 Bowling Green 6p 0-0 Sweet Springs 1-1 Lexington 6p 7-0 Nerinx Hall 1-6 Webster Groves 6p 0-3 Neosho 3-2 Gentry 6p 1-0 North Callaway 2-2-2 Montgomery County 6p 0-7 Lutie 2-4 Seymour 6p 7-0 (#1) Mid-Buchanan 1-3 Maysville 6p 0-6 Maryville 5-2 (#20) East Buchanan 6p 0-1 Holden 1-0 Barstow 6p 0-1H Hume 0-0 Miami 6p 1-0 Warrensburg 5-3N Notre Dame de Sion 6p 4-1 Cuba 0-1 St. Clair 6p 1-1 Washington 0-3 Fort Zumwalt South 6p 0-2 Bunker 0-3 Viburnum 6p 2-1 Clarkton 0-2 Richland 6p 1-3 McDonald County 2-2 Diamond 6p 0-2C Columbia Independent 0-0C Chamois 6p 0-0 La Monte 1-1 Russellville 6p 3-2 Savannah 2-3 St. Joseph Christian 6p 3-0 Lee's Summit West 4-2 Liberty North 6p 1-1 Everton 0-0G Gloria Deo Academy 6p 1-2 Blue Springs 1-2 Park Hill South 6p 0-0 Harmon 0-0 PAPA 6p 4-4-2 Father Tolton 1-5 Christian Fellowship 6p 0-1 Faith Christian Academy 2-0 Maranatha Christian Academy 6p 0-0 Crossroads 0-0 Central 6p 0-2 Senath-Hornersville 0-1 Southland 6p 2-0 Butler 0-0 Midway 6p 0-1 Early 0-1 Greenwood 6p 0-1 St. Teresa's Academy 0-1 Pembroke Hill 6:15p 0-0 Hayti 1-1 New Madrid County Central 6:15p 2-0 Bismarck 2-0 Crystal City 6:30p 0-7 Central 0-2 Oak Park 6:30p 1-1 Carrollton 0-3 Penney 6:30p 0-0 Fox 3-4-1 Poplar Bluff 6:30p 1-3 Liberty 2-1 Park Hill 6:30p 1-1 Staley 5-3 Blue Springs South 6:30p 1-0 Summersville 0-0 Thayer 6:30p 1-1 Fordland 2-7-1 Crane 6:30p 2-2-2 Notre Dame 1-0 Potosi 6:30p 0-1 Union 3-1-2 Windsor 6:30p 0-0 Winnetonka 1-4-2 Kearney 6:30p 0-0 Jackson 1-1 Dexter 6:30p 1-0 Crest Ridge 1-0 Sacred Heart 6:30p 4-0 Mound City 5-2 Rock Port 6:30p 0-1 Sunnydale Academy 7-0-2 (#19) Hallsville 6:30p 3-2 Farmington 2-0 Festus 6:30p 0-0 Joplin 0-1 Nevada 6:30p 2-3-1 (#23) Summit Christian Academy 0-0 Christ Prep Academy 6:30p 4-1 Belton 2-0 Chrisman 6:30p 0-4 North County 0-4-3 DeSoto 6:30p 6-1 Adrian 0-0 Clinton 6:30p 1-1 Bloomfield 1-1 Bernie 6:30p 1-6 Lafayette County 0-1 St. Paul Lutheran 6:30p 0-1 Truman 1-1 Fort Osage 6:30p 0-1 Lee's Summit 4-3 Raymore-Peculiar 6:30p 1-0 Southern Boone 0-1 New Bloomfield 6:30p 1-0 South Pemiscot 2-0 Malden 6:30p 2-3-1 Marionville 0-0 Southwest 6:30p 0-2 Marshall 1-0 Fulton 6:30p 1-1 Jefferson 4-0-1 Ste. Genevieve 6:30p 0-0 Ruskin 0-1 Raytown South 6:30p 1-2B Bakersfield 1-6 Koshkonong 6:30p 1-1 Stover 1-1 Eugene 6:30p 0-2 Raytown 3-3 Platte County 6:30p 1-0 Smithville 0-0 Grandview 6:30p 0-1 Lighthouse Christian 2-4-1 Springfield Catholic 6:30p 5-3 Farmington 2-0 Nixa 6:30p 3-0 Portageville 1-0 Scott City 6:30p 1-0 Doniphan 0-1 Twin Rivers 6:30p 1-0 Campbell 0-1 Risco 6:30p 1-4-3 New Heights Christian Academy 1-1P Purdy 6:30p 4-1C Christian Learning Center 7-0-1 (#3) PHCA 6:30p 0-0 King City/Union Star 0-3 East Atchison [Tarkio/Fairfax] 6:45p 1-0 Chillicothe 1-0 Trenton 7p 1-0 Ava 0-6 Sparta 7p 1-0 Pleasant Hill 1-1 St. Michael the Archangel 7p 2-0 New Covenant Academy 0-1 Willard 7p 3-0-5 Boonville 2-1 California 7p 0-0 Hollister 0-0 Galena 7p 0-2 Green Ridge 5-0-1O Osceola 7p 2-0 Valle Catholic 0-2 Central 7p 0-3 Lathrop 0-0 Richmond 7p 1-2 Blue Springs 0-1 Grain Valley 7p 1-4 Parkview 4-4-3 Monett 7p 0-0 Aurora 1-4 Clever 7p 3-6-1 Tipton 0-2 Versailles 7p 0-2 South Iron 1-1 Fredericktown 7p 1-5 Cameron 2-4 Lawson 7p 1-0 West Nodaway 1-2 North Platte 7p 0-1 Eldon 1-2 Centralia 7p 4-0-3 (#22) Lebanon 0-1 Central 7p 3-2 (#25) Smithton 0-0 Concordia 7p 0-2-4 Forsyth 1-0 Mountain Grove 7:15p T Tournament Opponent 2-0 Battle 7:30p TBA 1-5 Bolivar 7:30p 2-0 Osage 3-3 (#12) Blair Oaks 7:30p 0-4 St. Vincent 6-1-1 (#18) Hillsboro 7:30p 1-1 Delta 1-0 Holcomb 1-1 Jefferson City 6-0 Marshfield 2-5 Bishop LeBlond 1-1 Sacred Heart 0-1 Camdenton 6-0 Marshfield 4-1 Ritenour 0-1 Rosati-Kain 0-1 Webb City 3-1-3 Mt. Vernon 2-0 West Plains 3-3 (#24) Rock Bridge TBA 2-1 Oak Ridge TBA 1-1 Carl Junction"
3101,mo,"Missouri",Volleyball,"0-2 Logan-Rogersville 6-0-1 (#2) Helias 2:15p"
3102,mo,"Missouri",Volleyball,"2-0 Battle 1-5 Bolivar 2:15p"
3103,mo,"Missouri",Volleyball,"0-2 Logan-Rogersville 3-3 (#24) Rock Bridge 4p"
3104,mo,"Missouri",Volleyball,"2-4 St. Pius X 3-0 Marquette 4:15p"
3105,mo,"Missouri",Volleyball,"0-0C CPAGCAA (CO-OP) 0-0 KIPP 4:30p"
3106,mo,"Missouri",Volleyball,"0-0C CPAGCAA (CO-OP) 1-1 Vashon 4:30p"
3107,mo,"Missouri",Volleyball,"0-2 Caruthersville 0-0 Cooter 4:30p"
3108,mo,"Missouri",Volleyball,"0-2 St. James 3-4 Rolla 4:30p"
3109,mo,"Missouri",Volleyball,"1-2-4 Fair Grove 2-0 Battle 4:30p"
3110,mo,"Missouri",Volleyball,"0-2 Smith-Cotton 1-5 Bolivar 4:45p"
3111,mo,"Missouri",Volleyball,"5-0 (#4) Sullivan 1-0 Salem 4:45p"
3112,mo,"Missouri",Volleyball,"2-0 West Plains 6-0-1 (#2) Helias 4:45p"
3113,mo,"Missouri",Volleyball,"1-1 Howell 1-2 Fort Zumwalt West 5p"
3114,mo,"Missouri",Volleyball,"0-3 Lutheran 4-1-1 Westminster Christian 5p"
3115,mo,"Missouri",Volleyball,"1-0 Fort Zumwalt North 0-2 Timberland 5p"
3116,mo,"Missouri",Volleyball,"1-0-1 Plato 0-1 Conway 5p"
3117,mo,"Missouri",Volleyball,"0-3-4 Pierce City 1-4-2 East Newton 5p"
3118,mo,"Missouri",Volleyball,"4-3 Buffalo 2-6 El Dorado Springs 5p"
3119,mo,"Missouri",Volleyball,"5-3-1 Stockton 0-0 Lamar 5p"
3120,mo,"Missouri",Volleyball,"1-2 Troy-Buchanan 5-4 Howell Central 5p"
3121,mo,"Missouri",Volleyball,"1-0A Archie 1-0 Lone Jack 5p"
3122,mo,"Missouri",Volleyball,"1-1 Kingston 3-2-1 Bourbon 5p"
3123,mo,"Missouri",Volleyball,"1-0 Calvary Lutheran 0-1 Dixon 5p"
3124,mo,"Missouri",Volleyball,"0-4-3 Reeds Spring 0-1 Willow Springs 5p"
3125,mo,"Missouri",Volleyball,"0-1 Grain Valley 1-2 Park Hill South 5p"
3126,mo,"Missouri",Volleyball,"0-1 Liberty 0-3-1 Howell North 5p"
3127,mo,"Missouri",Volleyball,"2-0 Santa Fe 1-1 Northwest 5p"
3128,mo,"Missouri",Volleyball,"2-0 Valley Falls 0-2 Kansas City Christian School 5p"
3129,mo,"Missouri",Volleyball,"2-4 St. Charles West 1-2-3 Warrenton 5p"
3130,mo,"Missouri",Volleyball,"4-2 Holt 1-1 St. Charles 5p"
3131,mo,"Missouri",Volleyball,"3-3 North Point 0-2 Fort Zumwalt East 5p"
3132,mo,"Missouri",Volleyball,"0-3 Plattsburg 0-3 Wellington-Napoleon 5p"
3133,mo,"Missouri",Volleyball,"0-0 Ursuline Academy 4-2 (#14) St. Joseph's Academy 5:15p"
3134,mo,"Missouri",Volleyball,"4-4-1 Orchard Farm 3-0 Winfield 5:15p"
3135,mo,"Missouri",Volleyball,"0-0 Appleton City 0-2 Skyline 5:30p"
3136,mo,"Missouri",Volleyball,"1-0 Affton 1-0 Ladue Horton Watkins 5:30p"
3137,mo,"Missouri",Volleyball,"5-2-1 Overland Christian 2-2 Clinton Christian Academy 5:30p"
3138,mo,"Missouri",Volleyball,"1-1 Ozarks Christian Academy 1-1 Westwood Baptist Academy 5:30p"
3139,mo,"Missouri",Volleyball,"2-4 Northwest 2-4 Seckman 5:30p"
3140,mo,"Missouri",Volleyball,"0-1 Arcadia Valley 3-0 Lesterville 5:30p"
3141,mo,"Missouri",Volleyball,"1-1-1B Blue Ridge Christian 0-1N New Hope Christian 5:30p"
3142,mo,"Missouri",Volleyball,"0-0 Alton 5-5 Couch 5:30p"
3143,mo,"Missouri",Volleyball,"0-0 Cassville 5-3-2 Sarcoxie 5:30p"
3144,mo,"Missouri",Volleyball,"0-0 East 1-0 Guadalupe Centers 5:30p"
3145,mo,"Missouri",Volleyball,"0-1S South Holt 0-1N North Nodaway 5:30p"
3146,mo,"Missouri",Volleyball,"0-1 Greenfield 9-1 Ash Grove 5:30p"
3147,mo,"Missouri",Volleyball,"3-0 Otterville 0-0K Kingsville 5:30p"
3148,mo,"Missouri",Volleyball,"8-2 Gainesville 0-2 Dora 5:30p"
3149,mo,"Missouri",Volleyball,"2-2 STEAMAAMCSB 0-1 Parkway North 5:30p"
3150,mo,"Missouri",Volleyball,"0-0 Riverview Gardens 0-0 Roosevelt 5:30p"
3151,mo,"Missouri",Volleyball,"1-0 Verona 0-1G Golden City 5:30p"
3152,mo,"Missouri",Volleyball,"0-1 Valley 2-0 St. Paul Lutheran 5:30p"
3153,mo,"Missouri",Volleyball,"0-2 West County 0-1 Herculaneum 5:30p"
3154,mo,"Missouri",Volleyball,"1-0 Mansfield 0-2 Laquey 5:30p"
3155,mo,"Missouri",Volleyball,"0-0A Appleton City/Ballard/Montrose 0-2 Skyline 5:30p"
3156,mo,"Missouri",Volleyball,"0-1S Sheldon 0-0 Northeast Vernon County 5:30p"
3157,mo,"Missouri",Volleyball,"0-0 Cor Jesu Academy 2-0 Incarnate Word Academy 5:30p"
3158,mo,"Missouri",Volleyball,"2-1 Billings 1-0 Lockwood 5:30p"
3159,mo,"Missouri",Volleyball,"11-0B Blue Eye 0-1E Exeter 5:30p"
3160,mo,"Missouri",Volleyball,"1-2 Pattonville 2-1-1 Rockwood Summit 5:30p"
3161,mo,"Missouri",Volleyball,"0-2M McAuley Catholic 1-0 Jasper 5:30p"
3162,mo,"Missouri",Volleyball,"0-1 Cabool 2-0 Eminence 5:30p"
3163,mo,"Missouri",Volleyball,"0-4-3 Lutheran South 1-2-1 John Burroughs 5:30p"
3164,mo,"Missouri",Volleyball,"0-1 Hurley 1-0 Wheaton 5:30p"
3165,mo,"Missouri",Volleyball,"3-0 Otterville 0-1 Leeton 5:30p"
3166,mo,"Missouri",Volleyball,"4-4 Lutheran North 0-1 University City 5:30p"
3167,mo,"Missouri",Volleyball,"0-0 Bradleyville 0-1 School of the Ozarks 5:30p"
3168,mo,"Missouri",Volleyball,"0-0 GLCA 0-2 CMBHS 5:30p"
3169,mo,"Missouri",Volleyball,"3-0 Eureka 1-1 St. Francis Borgia 5:45p"
3170,mo,"Missouri",Volleyball,"2-0 Lindbergh 5-1-2 (#7) Oakville 5:45p"
3171,mo,"Missouri",Volleyball,"0-4 McCluer North 0-1 Gateway Tech 5:45p"
3172,mo,"Missouri",Volleyball,"V Varsity Opponent 0-1L Lighthouse Prep Academy 6p"
3173,mo,"Missouri",Volleyball,"0-3 Bishop Ward 0-2 Lutheran 6p"
3174,mo,"Missouri",Volleyball,"0-2 Villa Duchesne 3-1 St. Dominic 6p"
3175,mo,"Missouri",Volleyball,"0-2N New Haven 1-1 Belle 6p"
3176,mo,"Missouri",Volleyball,"5-2 (#15) West Platte 4-3 Northland Christian 6p"
3177,mo,"Missouri",Volleyball,"0-2 Prairie Home 0-2 Bunceton 6p"
3178,mo,"Missouri",Volleyball,"1-0 Drexel 0-1 Sherwood 6p"
3179,mo,"Missouri",Volleyball,"0-1 Knob Noster 2-0 Odessa 6p"
3180,mo,"Missouri",Volleyball,"0-0 Kennett 0-1 Charleston 6p"
3181,mo,"Missouri",Volleyball,"0-1 East Prairie 0-0 Oran 6p"
3182,mo,"Missouri",Volleyball,"1-3P Pleasant Hope 2-2 Diamond 6p"
3183,mo,"Missouri",Volleyball,"0-1 Wright City 0-3 Bowling Green 6p"
3184,mo,"Missouri",Volleyball,"0-0 Sweet Springs 1-1 Lexington 6p"
3185,mo,"Missouri",Volleyball,"7-0 Nerinx Hall 1-6 Webster Groves 6p"
3186,mo,"Missouri",Volleyball,"0-3 Neosho 3-2 Gentry 6p"
3187,mo,"Missouri",Volleyball,"1-0 North Callaway 2-2-2 Montgomery County 6p"
3188,mo,"Missouri",Volleyball,"0-7 Lutie 2-4 Seymour 6p"
3189,mo,"Missouri",Volleyball,"7-0 (#1) Mid-Buchanan 1-3 Maysville 6p"
3190,mo,"Missouri",Volleyball,"0-6 Maryville 5-2 (#20) East Buchanan 6p"
3191,mo,"Missouri",Volleyball,"0-1 Holden 1-0 Barstow 6p"
3192,mo,"Missouri",Volleyball,"0-1H Hume 0-0 Miami 6p"
3193,mo,"Missouri",Volleyball,"1-0 Warrensburg 5-3N Notre Dame de Sion 6p"
3194,mo,"Missouri",Volleyball,"4-1 Cuba 0-1 St. Clair 6p"
3195,mo,"Missouri",Volleyball,"1-1 Washington 0-3 Fort Zumwalt South 6p"
3196,mo,"Missouri",Volleyball,"0-2 Bunker 0-3 Viburnum 6p"
3197,mo,"Missouri",Volleyball,"2-1 Clarkton 0-2 Richland 6p"
3198,mo,"Missouri",Volleyball,"1-3 McDonald County 2-2 Diamond 6p"
3199,mo,"Missouri",Volleyball,"0-2C Columbia Independent 0-0C Chamois 6p"
3200,mo,"Missouri",Volleyball,"0-0 La Monte 1-1 Russellville 6p"
3201,mo,"Missouri",Volleyball,"3-2 Savannah 2-3 St. Joseph Christian 6p"
3202,mo,"Missouri",Volleyball,"3-0 Lee's Summit West 4-2 Liberty North 6p"
3203,mo,"Missouri",Volleyball,"1-1 Everton 0-0G Gloria Deo Academy 6p"
3204,mo,"Missouri",Volleyball,"1-2 Blue Springs 1-2 Park Hill South 6p"
3205,mo,"Missouri",Volleyball,"0-0 Harmon 0-0 PAPA 6p"
3206,mo,"Missouri",Volleyball,"4-4-2 Father Tolton 1-5 Christian Fellowship 6p"
3207,mo,"Missouri",Volleyball,"0-1 Faith Christian Academy 2-0 Maranatha Christian Academy 6p"
3208,mo,"Missouri",Volleyball,"0-0 Crossroads 0-0 Central 6p"
3209,mo,"Missouri",Volleyball,"0-2 Senath-Hornersville 0-1 Southland 6p"
3210,mo,"Missouri",Volleyball,"2-0 Butler 0-0 Midway 6p"
3211,mo,"Missouri",Volleyball,"0-1 Early 0-1 Greenwood 6p"
3212,mo,"Missouri",Volleyball,"0-1 St. Teresa's Academy 0-1 Pembroke Hill 6:15p"
3213,mo,"Missouri",Volleyball,"0-0 Hayti 1-1 New Madrid County Central 6:15p"
3214,mo,"Missouri",Volleyball,"2-0 Bismarck 2-0 Crystal City 6:30p"
3215,mo,"Missouri",Volleyball,"0-7 Central 0-2 Oak Park 6:30p"
3216,mo,"Missouri",Volleyball,"1-1 Carrollton 0-3 Penney 6:30p"
3217,mo,"Missouri",Volleyball,"0-0 Fox 3-4-1 Poplar Bluff 6:30p"
3218,mo,"Missouri",Volleyball,"1-3 Liberty 2-1 Park Hill 6:30p"
3219,mo,"Missouri",Volleyball,"1-1 Staley 5-3 Blue Springs South 6:30p"
3220,mo,"Missouri",Volleyball,"1-0 Summersville 0-0 Thayer 6:30p"
3221,mo,"Missouri",Volleyball,"1-1 Fordland 2-7-1 Crane 6:30p"
3222,mo,"Missouri",Volleyball,"2-2-2 Notre Dame 1-0 Potosi 6:30p"
3223,mo,"Missouri",Volleyball,"0-1 Union 3-1-2 Windsor 6:30p"
3224,mo,"Missouri",Volleyball,"0-0 Winnetonka 1-4-2 Kearney 6:30p"
3225,mo,"Missouri",Volleyball,"0-0 Jackson 1-1 Dexter 6:30p"
3226,mo,"Missouri",Volleyball,"1-0 Crest Ridge 1-0 Sacred Heart 6:30p"
3227,mo,"Missouri",Volleyball,"4-0 Mound City 5-2 Rock Port 6:30p"
3228,mo,"Missouri",Volleyball,"0-1 Sunnydale Academy 7-0-2 (#19) Hallsville 6:30p"
3229,mo,"Missouri",Volleyball,"3-2 Farmington 2-0 Festus 6:30p"
3230,mo,"Missouri",Volleyball,"0-0 Joplin 0-1 Nevada 6:30p"
3231,mo,"Missouri",Volleyball,"2-3-1 (#23) Summit Christian Academy 0-0 Christ Prep Academy 6:30p"
3232,mo,"Missouri",Volleyball,"4-1 Belton 2-0 Chrisman 6:30p"
3233,mo,"Missouri",Volleyball,"0-4 North County 0-4-3 DeSoto 6:30p"
3234,mo,"Missouri",Volleyball,"6-1 Adrian 0-0 Clinton 6:30p"
3235,mo,"Missouri",Volleyball,"1-1 Bloomfield 1-1 Bernie 6:30p"
3236,mo,"Missouri",Volleyball,"1-6 Lafayette County 0-1 St. Paul Lutheran 6:30p"
3237,mo,"Missouri",Volleyball,"0-1 Truman 1-1 Fort Osage 6:30p"
3238,mo,"Missouri",Volleyball,"0-1 Lee's Summit 4-3 Raymore-Peculiar 6:30p"
3239,mo,"Missouri",Volleyball,"1-0 Southern Boone 0-1 New Bloomfield 6:30p"
3240,mo,"Missouri",Volleyball,"1-0 South Pemiscot 2-0 Malden 6:30p"
3241,mo,"Missouri",Volleyball,"2-3-1 Marionville 0-0 Southwest 6:30p"
3242,mo,"Missouri",Volleyball,"0-2 Marshall 1-0 Fulton 6:30p"
3243,mo,"Missouri",Volleyball,"1-1 Jefferson 4-0-1 Ste. Genevieve 6:30p"
3244,mo,"Missouri",Volleyball,"0-0 Ruskin 0-1 Raytown South 6:30p"
3245,mo,"Missouri",Volleyball,"1-2B Bakersfield 1-6 Koshkonong 6:30p"
3246,mo,"Missouri",Volleyball,"1-1 Stover 1-1 Eugene 6:30p"
3247,mo,"Missouri",Volleyball,"0-2 Raytown 3-3 Platte County 6:30p"
3248,mo,"Missouri",Volleyball,"1-0 Smithville 0-0 Grandview 6:30p"
3249,mo,"Missouri",Volleyball,"0-1 Lighthouse Christian 2-4-1 Springfield Catholic 6:30p"
3250,mo,"Missouri",Volleyball,"5-3 Farmington 2-0 Nixa 6:30p"
3251,mo,"Missouri",Volleyball,"3-0 Portageville 1-0 Scott City 6:30p"
3252,mo,"Missouri",Volleyball,"1-0 Doniphan 0-1 Twin Rivers 6:30p"
3253,mo,"Missouri",Volleyball,"1-0 Campbell 0-1 Risco 6:30p"
3254,mo,"Missouri",Volleyball,"1-4-3 New Heights Christian Academy 1-1P Purdy 6:30p"
3255,mo,"Missouri",Volleyball,"4-1C Christian Learning Center 7-0-1 (#3) PHCA 6:30p"
3256,mo,"Missouri",Volleyball,"0-0 King City/Union Star 0-3 East Atchison [Tarkio/Fairfax] 6:45p"
3257,mo,"Missouri",Volleyball,"1-0 Chillicothe 1-0 Trenton 7p"
3258,mo,"Missouri",Volleyball,"1-0 Ava 0-6 Sparta 7p"
3259,mo,"Missouri",Volleyball,"1-0 Pleasant Hill 1-1 St. Michael the Archangel 7p"
3260,mo,"Missouri",Volleyball,"2-0 New Covenant Academy 0-1 Willard 7p"
3261,mo,"Missouri",Volleyball,"3-0-5 Boonville 2-1 California 7p"
3262,mo,"Missouri",Volleyball,"0-0 Hollister 0-0 Galena 7p"
3263,mo,"Missouri",Volleyball,"0-2 Green Ridge 5-0-1O Osceola 7p"
3264,mo,"Missouri",Volleyball,"2-0 Valle Catholic 0-2 Central 7p"
3265,mo,"Missouri",Volleyball,"0-3 Lathrop 0-0 Richmond 7p"
3266,mo,"Missouri",Volleyball,"1-2 Blue Springs 0-1 Grain Valley 7p"
3267,mo,"Missouri",Volleyball,"1-4 Parkview 4-4-3 Monett 7p"
3268,mo,"Missouri",Volleyball,"0-0 Aurora 1-4 Clever 7p"
3269,mo,"Missouri",Volleyball,"3-6-1 Tipton 0-2 Versailles 7p"
3270,mo,"Missouri",Volleyball,"0-2 South Iron 1-1 Fredericktown 7p"
3271,mo,"Missouri",Volleyball,"1-5 Cameron 2-4 Lawson 7p"
3272,mo,"Missouri",Volleyball,"1-0 West Nodaway 1-2 North Platte 7p"
3273,mo,"Missouri",Volleyball,"0-1 Eldon 1-2 Centralia 7p"
3274,mo,"Missouri",Volleyball,"4-0-3 (#22) Lebanon 0-1 Central 7p"
3275,mo,"Missouri",Volleyball,"3-2 (#25) Smithton 0-0 Concordia 7p"
3276,mo,"Missouri",Volleyball,"0-2-4 Forsyth 1-0 Mountain Grove 7:15p"
3277,mo,"Missouri",Volleyball,"T Tournament Opponent 2-0 Battle 7:30p"
3278,mo,"Missouri",Volleyball,"TBA 1-5 Bolivar 7:30p"
3279,mo,"Missouri",Volleyball,"2-0 Osage 3-3 (#12) Blair Oaks 7:30p"
3280,mo,"Missouri",Volleyball,"0-4 St. Vincent 6-1-1 (#18) Hillsboro 7:30p"
3281,mo,"Missouri",Volleyball,"1-1 Delta 1-0 Holcomb"
3282,mo,"Missouri",Volleyball,"1-1 Jefferson City 6-0 Marshfield"
3283,mo,"Missouri",Volleyball,"2-5 Bishop LeBlond 1-1 Sacred Heart"
3284,mo,"Missouri",Volleyball,"0-1 Camdenton 6-0 Marshfield"
3285,mo,"Missouri",Volleyball,"4-1 Ritenour 0-1 Rosati-Kain"
3286,mo,"Missouri",Volleyball,"0-1 Webb City 3-1-3 Mt. Vernon"
3287,mo,"Missouri",Volleyball,"2-0 West Plains 3-3 (#24) Rock Bridge"
3288,mo,"Missouri",Volleyball,"TBA 2-1 Oak Ridge"
3289,mo,"Missouri",Volleyball,"TBA 1-1 Carl Junction"
3290,mo,"Missouri",Volleyball,"Related ScoreboardsDistricts Black RiverCentral MissouriCentral OzarksClass 1 District 1Class 1 District 10Class 1 District 11Class 1 District 12Class 1 District 13Class 1 District 14Class 1 District 15 Associations Missouri 8-Man Football Coaches AssociationMissouri High School Volleyball Coaches AssociationMissouri State High School Activities Association Metros Columbia-Jefferson CityKansas CityOttumwaSpringfieldSt. JosephSt. Louis"
3291,mo,"Missouri",Volleyball,"Thursday, Sep. 3 3-0 Bishop Moore 4-0 (#4) Orangewood Christian 6p 7-0 (#22) Mother McAuley 5-2 Lincoln-Way East 5p 0-2 Berkeley Prep 7-0 (#21) Calvary Christian 6:30p 10-0 (#3) Assumption 10-3 Providence 7p 3-0 (#10) Harrisburg 1-1 Washington 6:30p 2-4 Avon 10-0 (#25) Hamilton Southeastern 7:30p 1-0 (#11) Torrey Pines 11-0 (#1) Sierra Canyon 5:30p 6-3 Mira Costa 6-0 (#2) Mater Dei 5:45p 1-0 (#13) Cathedral Catholic 6-6 Southeast Career Tech 7p 0-2 Lincoln Christian 6-0 (#15) Norris"
3292,mo,"Missouri",Volleyball,"3-0 Bishop Moore 4-0 (#4) Orangewood Christian 6p"
3293,mo,"Missouri",Volleyball,"7-0 (#22) Mother McAuley 5-2 Lincoln-Way East 5p"
3294,mo,"Missouri",Volleyball,"0-2 Berkeley Prep 7-0 (#21) Calvary Christian 6:30p"
3295,mo,"Missouri",Volleyball,"10-0 (#3) Assumption 10-3 Providence 7p"
3296,mo,"Missouri",Volleyball,"3-0 (#10) Harrisburg 1-1 Washington 6:30p"
3297,mo,"Missouri",Volleyball,"2-4 Avon 10-0 (#25) Hamilton Southeastern 7:30p"
3298,mo,"Missouri",Volleyball,"1-0 (#11) Torrey Pines 11-0 (#1) Sierra Canyon 5:30p"
3299,mo,"Missouri",Volleyball,"6-3 Mira Costa 6-0 (#2) Mater Dei 5:45p"
3300,mo,"Missouri",Volleyball,"1-0 (#13) Cathedral Catholic 6-6 Southeast Career Tech 7p"
3301,mo,"Missouri",Volleyball,"0-2 Lincoln Christian 6-0 (#15) Norris"
3302,mt,"Montana",Volleyball,"There are 36 matches for Montana volleyball on Thu, 9/3/2026. The featured matches are by Montana top ranked teams Jefferson (Boulder, MT) @ #4 Ennis (MT). The first match, Poplar (MT) @ Malta (MT), starts at 4p. Related Content Montana Girls Volleyball Stat LeadersMontana Girls Volleyball PlayoffsMontana Girls Volleyball Rankings Montana High School Volleyball Schedule 36 Matches 0-0P Poplar 0-1M Malta 4p 1-0P Plentywood 0-1G Glasgow 4p console.log('MaxPrepsAds - createMark: Element Defined - leaderboard-banner-inc1');performance && performance.mark && performance.mark('MaxPrepsAds - Element Defined: leaderboard-banner-inc1'); 0-2 Cut Bank 0-0-1 Conrad 4:15p 0-1 Beach 0-0 Alexander 5:30p 0-0 Bainville 0-0L Lambert/Richey 4:30p 0-0L Lustre Christian 0-1F Froid/Medicine Lake 4:30p 0-0 St. Labre Indian Catholic 0-1 Colstrip 5:30p 0-0T Two Eagle River 0-0 Alberton 5:30p 0-1 Whitehall 0-0 Lone Peak 5:45p 1-0 North Star 0-1 Centerville 5:50p 0-0 Arlee 0-0 Lincoln County 6p 1-5 Havre 0-0C Custer/Hysham 6p 0-0 Custer County 1-5 Havre 6p 0-0 St. Regis 1-0 Hot Springs 6p 0-0 Forsyth 0-0 Absarokee 6:30p 1-0G Gardiner 0-0 Manhattan Christian 6:30p 0-0 Park City 0-0P Plenty Coups 6:30p 1-0 Shields Valley 1-0T Twin Bridges 6:30p 1-0 Shelby 0-0 Rocky Boy 6:45p 0-0 Fort Benton 0-0 Chinook 6:45p 2-1 Helena 2-0 Russell 6:50p 1-1 Great Falls 0-3 Capital 7p 0-0G Granite 0-0 Drummond 7p 0-2 Cut Bank 0-0-1 Conrad 7p 0-0 Plains 0-0 Florence-Carlton 7p 0-0 Jefferson 0-3-2 (#4) Ennis 7p 0-0S Shepherd 1-0C Columbus 7p 0-0T Three Forks 9-1 Broadwater 7p 0-0 Thompson Falls 0-0 Loyola-Sacred Heart 7p 0-1 Victor 1-0 Valley Christian 7p 0-0 Seeley-Swan 0-0L Lincoln 7p 1-0 Choteau 0-0F Fairfield 7:15p 0-0 Polson 1-0 Corvallis 7:15p 1-1R Red Lodge 1-0 Huntley Project 7:30p 0-0C Circle 1-0G Garfield County 7:30p 1-0 Sweet Grass County 0-0-1M Manhattan 7:30p"
3303,mt,"Montana",Volleyball,"0-0P Poplar 0-1M Malta 4p"
3304,mt,"Montana",Volleyball,"1-0P Plentywood 0-1G Glasgow 4p"
3305,mt,"Montana",Volleyball,"0-2 Cut Bank 0-0-1 Conrad 4:15p"
3306,mt,"Montana",Volleyball,"0-1 Beach 0-0 Alexander 5:30p"
3307,mt,"Montana",Volleyball,"0-0 Bainville 0-0L Lambert/Richey 4:30p"
3308,mt,"Montana",Volleyball,"0-0L Lustre Christian 0-1F Froid/Medicine Lake 4:30p"
3309,mt,"Montana",Volleyball,"0-0 St. Labre Indian Catholic 0-1 Colstrip 5:30p"
3310,mt,"Montana",Volleyball,"0-0T Two Eagle River 0-0 Alberton 5:30p"
3311,mt,"Montana",Volleyball,"0-1 Whitehall 0-0 Lone Peak 5:45p"
3312,mt,"Montana",Volleyball,"1-0 North Star 0-1 Centerville 5:50p"
3313,mt,"Montana",Volleyball,"0-0 Arlee 0-0 Lincoln County 6p"
3314,mt,"Montana",Volleyball,"1-5 Havre 0-0C Custer/Hysham 6p"
3315,mt,"Montana",Volleyball,"0-0 Custer County 1-5 Havre 6p"
3316,mt,"Montana",Volleyball,"0-0 St. Regis 1-0 Hot Springs 6p"
3317,mt,"Montana",Volleyball,"0-0 Forsyth 0-0 Absarokee 6:30p"
3318,mt,"Montana",Volleyball,"1-0G Gardiner 0-0 Manhattan Christian 6:30p"
3319,mt,"Montana",Volleyball,"0-0 Park City 0-0P Plenty Coups 6:30p"
3320,mt,"Montana",Volleyball,"1-0 Shields Valley 1-0T Twin Bridges 6:30p"
3321,mt,"Montana",Volleyball,"1-0 Shelby 0-0 Rocky Boy 6:45p"
3322,mt,"Montana",Volleyball,"0-0 Fort Benton 0-0 Chinook 6:45p"
3323,mt,"Montana",Volleyball,"2-1 Helena 2-0 Russell 6:50p"
3324,mt,"Montana",Volleyball,"1-1 Great Falls 0-3 Capital 7p"
3325,mt,"Montana",Volleyball,"0-0G Granite 0-0 Drummond 7p"
3326,mt,"Montana",Volleyball,"0-2 Cut Bank 0-0-1 Conrad 7p"
3327,mt,"Montana",Volleyball,"0-0 Plains 0-0 Florence-Carlton 7p"
3328,mt,"Montana",Volleyball,"0-0 Jefferson 0-3-2 (#4) Ennis 7p"
3329,mt,"Montana",Volleyball,"0-0S Shepherd 1-0C Columbus 7p"
3330,mt,"Montana",Volleyball,"0-0T Three Forks 9-1 Broadwater 7p"
3331,mt,"Montana",Volleyball,"0-0 Thompson Falls 0-0 Loyola-Sacred Heart 7p"
3332,mt,"Montana",Volleyball,"0-1 Victor 1-0 Valley Christian 7p"
3333,mt,"Montana",Volleyball,"0-0 Seeley-Swan 0-0L Lincoln 7p"
3334,mt,"Montana",Volleyball,"1-0 Choteau 0-0F Fairfield 7:15p"
3335,mt,"Montana",Volleyball,"0-0 Polson 1-0 Corvallis 7:15p"
3336,mt,"Montana",Volleyball,"1-1R Red Lodge 1-0 Huntley Project 7:30p"
3337,mt,"Montana",Volleyball,"0-0C Circle 1-0G Garfield County 7:30p"
3338,mt,"Montana",Volleyball,"1-0 Sweet Grass County 0-0-1M Manhattan 7:30p"
3339,mt,"Montana",Volleyball,"Related ScoreboardsRegions A NortheastA NorthwestA SoutheastA SouthwestAA EasternAA WesternB District 1B District 2B District 3B District 4 Associations Montana High School Association Metros BillingsButteGlendiveGreat FallsHelenaMissoula"
3340,mt,"Montana",Volleyball,"Thursday, Sep. 3 3-0 Bishop Moore 4-0 (#4) Orangewood Christian 6p 7-0 (#22) Mother McAuley 5-2 Lincoln-Way East 5p 0-2 Berkeley Prep 7-0 (#21) Calvary Christian 6:30p 10-0 (#3) Assumption 10-3 Providence 7p 3-0 (#10) Harrisburg 1-1 Washington 6:30p 2-4 Avon 10-0 (#25) Hamilton Southeastern 7:30p 1-0 (#11) Torrey Pines 11-0 (#1) Sierra Canyon 5:30p 6-3 Mira Costa 6-0 (#2) Mater Dei 5:45p 1-0 (#13) Cathedral Catholic 6-6 Southeast Career Tech 7p 0-2 Lincoln Christian 6-0 (#15) Norris"
3341,mt,"Montana",Volleyball,"3-0 Bishop Moore 4-0 (#4) Orangewood Christian 6p"
3342,mt,"Montana",Volleyball,"7-0 (#22) Mother McAuley 5-2 Lincoln-Way East 5p"
3343,mt,"Montana",Volleyball,"0-2 Berkeley Prep 7-0 (#21) Calvary Christian 6:30p"
3344,mt,"Montana",Volleyball,"10-0 (#3) Assumption 10-3 Providence 7p"
3345,mt,"Montana",Volleyball,"3-0 (#10) Harrisburg 1-1 Washington 6:30p"
3346,mt,"Montana",Volleyball,"2-4 Avon 10-0 (#25) Hamilton Southeastern 7:30p"
3347,mt,"Montana",Volleyball,"1-0 (#11) Torrey Pines 11-0 (#1) Sierra Canyon 5:30p"
3348,mt,"Montana",Volleyball,"6-3 Mira Costa 6-0 (#2) Mater Dei 5:45p"
3349,mt,"Montana",Volleyball,"1-0 (#13) Cathedral Catholic 6-6 Southeast Career Tech 7p"
3350,mt,"Montana",Volleyball,"0-2 Lincoln Christian 6-0 (#15) Norris"
3351,ne,"Nebraska",Volleyball,"There are 161 matches for Nebraska volleyball on Thu, 9/3/2026. The featured matches are by Nebraska top ranked teams #1 Central Valley (Greeley, NE) @ Riverside (Cedar Rapids, NE), #1 Central Valley (Greeley, NE) @ Fullerton (NE), and Bridgeport (NE) @ #2 Gering (NE). The first match, Harvard (NE) @ Franklin (NE), starts at 2p. Related Content Nebraska Girls Volleyball Stat LeadersNebraska Girls Volleyball PlayoffsNebraska Girls Volleyball Rankings Recent Nebraska Girls Volleyball HeadlinesVOLLEYBALL: Preseason top 100VOLLEYBALL: Preseason All-Americans Nebraska High School Volleyball Schedule 161 Matches 2-3 Harvard 0-2 Franklin 2p 2-1 Wallace 4-2 Hay Springs 4p console.log('MaxPrepsAds - createMark: Element Defined - leaderboard-banner-inc1');performance && performance.mark && performance.mark('MaxPrepsAds - Element Defined: leaderboard-banner-inc1'); 2-2 Alma 0-4 Northern Valley 4p 0-4 Northern Valley 0-1 Wilcox-Hildreth 4p 3-2 Wallace County 2-0 Wauneta-Palisade 4p 2-0 Maywood/Hayes Center 0-1 Rawlins County 4p 3-0 (#13) Kearney Catholic 1-1 Hershey 4:30p 1-2 Newman Grove/St. Edward 1-1 Palmer 5p 2-2 Southwest 2-0 Maywood/Hayes Center 5p 1-1 Boone Central 0-2 Ponca 5p 1-1 Crawford 0-3 Creek Valley 5p 1-2M Morrill 1-3 Banner County 5p 1-0 Crofton 2-0 Bloomfield 5p 3-1 Maxwell 1-3 Paxton 5p 5-3 (#20) Millard West 1-1 Lincoln East 5p 1-1B Bertrand 2-2 Alma 5p 0-1 Wilcox-Hildreth 2-1 Hi-Line [Eustis-Farnam/Elwood] 5p 0-2 Holdrege 2-5 Norton 5p 1-2 Gibbon 1-0 Sandhills/Thedford 5p 2-3 Harvard 5-0 (#3) Red Cloud 5p 0-1 Pleasanton 1-0 Loomis 5p 1-3W Winside 0-1 Bancroft-Rosalie 5p 2-1 (#21) Dundy County-Stratton 1-0 Arapahoe 5p 3-2 H&H 1-5 Wilber-Clatonia 5p 2-1 Kimball 1-2 Prairie 4p 3-2 Hartington-Newcastle 0-6 Randolph 5p 2-0 Bergan Catholic 1-0 Wisner-Pilger 5:30p 2-0 Wayne 1-1 Pender 5:30p 1-0 Oakland-Craig 1-1 Ord 5:30p 0-0 North Bend Central 1-1 GACC 5:30p 4-0 Cheylin 2-0 Wauneta-Palisade 5:30p 5-2 (#25) Marian 0-2 Lincoln Southwest 6p 5-3 (#20) Millard West 3-3 Lincoln Southeast 6p 1-1 Douglas County West 3-2 Logan View/Scribner-Snyder 6p 2-2 Plainview 0-1 S (CO-OP) 6p 0-1 Pleasanton 1-4 Overton 6p 0-1 Chambers/Wheeler Central 2-0 Elgin/Pope John 6p 1-1 Boone Central 2-0 O'Neill 6p 4-1 (#19) St. Patrick's 4-0 Perkins County 6p 2-0 Cambridge 1-1B Bertrand 6p 1-2 Roncalli Catholic 3-3 Blair 6p 1-4 Columbus 4-2 Lincoln Northeast 6p 2-0 Lincoln North Star 1-5 Omaha Westside 6p 2-0 Bloomfield 2-0 Wynot 6p 1-2 Newman Grove/St. Edward 4-2 Nebraska Christian 6p 2-3 Harvard 1-4 Shelton 6p 3-1 Meridian 1-0 Pawnee City 6p 0-0 Omaha Christian 0-4 Boys Town 6p 3-0 Elmwood-Murdock 2-1 Johnson-Brock 6p 2-0 Cambridge 2-2 Alma 6p 6-0 (#7) Chadron 0-3 Gordon-Rushville 6p 0-3 Sandy Creek 3-2 H&H 6p 1-2 Weeping Water 1-0D Dorchester 6p 0-0 Walthill 1-3W Winside 6p 4-1 Norfolk 4-3 Bennington 6p 0-2 Wakefield 2-0 Wayne 6:30p 1-2 Omaha Central 1-1 Burke 6:30p 1-3 Hastings 1-1 Duchesne 6:30p 1-1 Ord 3-0 (#15) Tekamah-Herman 6:30p 6-1 (#11) Gretna East 7-1 (#12) Waverly 6:30p 1-1 West Point-Beemer 2-0 Bergan Catholic 6:30p 1-1 Lourdes Central Catholic 0-2 Conestoga 6:30p 3-0 Riverside 0-2 Fullerton 6:30p 3-3 Millard North 1-5 Elkhorn South 6:30p 4-2 Standing Bear 1-0 Grand Island 6:30p 3-2 Fremont 7-0 (#5) Elkhorn North 6:30p 3-0 Fort Calhoun 0-1 Syracuse 7p 0-1 Papillion-LaVista 1-4 Bellevue West 7p 4-3 Sutton 2-0 St. Paul 7p 1-0 Malcolm 1-4 Plattsmouth 7p 2-3 Seward 0-2 Lakeview 7p 0-3 High Plains 1-1 East Butler 7p 1-2 Gibbon 1-1 Ravenna 7p 1-1 Fillmore Central 2-2 David City 7p 1-0 Kenesaw 6-0 (#4) Amherst 7p 1-1 Elkhorn Valley 2-1 Laurel-Concord-Coleridge 7p 2-0 Tri County 2-0 Thayer Central 7p 1-1 South Sioux City 2-1 Vermillion 7p 2-0 Gross Catholic 0-5 Ralston 7p 1-4 Overton 1-0 Loomis 7p 6-1 Fairbury 1-1 Auburn 7p 0-1 Chambers/Wheeler Central 1-2 Stuart 7p 0-4 Hitchcock County 1-0 Arapahoe 7p 4-0 Winner 0-1 Valentine 7p 1-1 Douglas County West 1-3 Raymond Central 7p 0-2 Wakefield 1-1 Pender 7p 0-1 Sumner-Eddyville-Miller 2-1 Hi-Line [Eustis-Farnam/Elwood] 7p 1-2 Leigh 1-3W Winside 7p 1-2 Winnebago 0-3 Mead 7p 2-0 Shelby-Rising City 1-1 Cross County 7p 3-3 Lincoln Southeast 1-1 Lincoln East 7p 1-1 Concordia 1-1 Lincoln Lutheran 7p 3-3 Lutheran-Northeast 1-1 GACC 7:30p 4-0 (#1) Central Valley 3-0 Riverside 7:30p 1-1 West Point-Beemer 1-0 Wisner-Pilger 7:30p 1-0 Oakland-Craig 3-0 (#15) Tekamah-Herman 7:30p 0-2 Broken Bow 2-0 Gothenburg 2-4 Anselmo-Merna 4-2 (#23) Ansley/Litchfield 1-2 Blue Hill 2-3 Wood River 2-1 College View Academy 0-2 Giltner 1-1 Sidney 2-0 Ogallala 0-1 Boyd County 1-1 Neligh-Oakdale 4-0 (#1) Central Valley 0-2 Fullerton 0-1 Buena Vista 5-3 Brownell Talbot 1-0 Tri County Northeast 2-0 Humphrey-Lindsay 0-1 Sumner-Eddyville-Miller 0-1 Wilcox-Hildreth 0-3 Doniphan-Trumbull 2-3 Wood River 0-3 Doniphan-Trumbull 1-2 Blue Hill 2-0 Bridgeport 7-0 (#2) Gering 1-0 Crofton 2-0 Wynot 1-1 Osceola 1-6 Twin River 1-0 Norfolk Catholic 1-0 Pierce 2-0 O'Neill 0-2 Ponca 0-2 McCool Junction 1-1 Nebraska Lutheran 0-3 Sandy Creek 1-5 Wilber-Clatonia 0-2 Madison 2-1 Stanton 1-1 Twin Loup 2-4 Anselmo-Merna 0-3S Southern 0-2L Lewiston 0-3 Sandhills Valley 1-2 South Loup 0-2 West Holt 2-1 Burwell 1-3 Raymond Central 3-2 Logan View/Scribner-Snyder 1-1 Cozad 0-1 Southern Valley 2-5 Bishop LeBlond 1-1 Sacred Heart 3-0 Grand Island Lutheran 2-2 Bruning-Davenport/Shickley 0-0 North Central 0-2 West Holt 2-0 Humboldt-Table Rock-Steinauer 3-1 Falls City 0-1 Sterling 0-1 Freeman 1-4 Clarkson 2-1 Stanton 0-1 Boyd County 0-0 Santee 2-0 Humboldt-Table Rock-Steinauer 3-0 Johnson County Central 2-4 Benson 2-4 Bellevue East 0-0 North Central 2-1 Burwell 1-2 Homer 1-0 Tri County Northeast 0-2 Parkview Christian 0-2L Lewiston 0-2 Ashland-Greenwood 2-3 Nebraska City 2-1 Central City 3-0 Centura 1-1 Superior 1-2 Lawrence-Nelson 1-1 Twin Loup 4-2 (#23) Ansley/Litchfield 0-1 Mitchell 3-1 (#18) Hemingford 4-2 Nebraska Christian 1-1 Palmer 1-2 Homer 2-0 Humphrey-Lindsay 0-3S Southern 0-2 Parkview Christian 1-1 Ravenna 1-0 Sandhills/Thedford 0-2 Madison 1-4 Clarkson 3-1 Falls City 3-0 Johnson County Central 0-0 Santee 1-1 Neligh-Oakdale 0-3 Wausa 0-3 Osmond 2-3 Cornerstone Christian School 0-4 Schuyler 1-2 Wahoo 1-0 Milford 0-4 Hitchcock County 2-1 (#21) Dundy County-Stratton 2-0 Exeter-Milligan/Friend 1-6 Centennial 1-2 Aurora 3-0 York 3-3 Arlington 1-2 Palmyra 2-2 Lexington 2-4M Minden 6-2 St. Mary's 2-2 Ainsworth 4-3G Gretna 1-1 Elkhorn 1-2 Elm Creek 1-3 Axtell 1-5 Lincoln Northwest 1-3 Kearney 0-2 Lincoln Christian 6-0 (#9) Norris 2-0 Elgin/Pope John 1-2 Stuart 2-2 Southwest 0-1 Rawlins County"
3352,ne,"Nebraska",Volleyball,"2-3 Harvard 0-2 Franklin 2p"
3353,ne,"Nebraska",Volleyball,"2-1 Wallace 4-2 Hay Springs 4p"
3354,ne,"Nebraska",Volleyball,"2-2 Alma 0-4 Northern Valley 4p"
3355,ne,"Nebraska",Volleyball,"0-4 Northern Valley 0-1 Wilcox-Hildreth 4p"
3356,ne,"Nebraska",Volleyball,"3-2 Wallace County 2-0 Wauneta-Palisade 4p"
3357,ne,"Nebraska",Volleyball,"2-0 Maywood/Hayes Center 0-1 Rawlins County 4p"
3358,ne,"Nebraska",Volleyball,"3-0 (#13) Kearney Catholic 1-1 Hershey 4:30p"
3359,ne,"Nebraska",Volleyball,"1-2 Newman Grove/St. Edward 1-1 Palmer 5p"
3360,ne,"Nebraska",Volleyball,"2-2 Southwest 2-0 Maywood/Hayes Center 5p"
3361,ne,"Nebraska",Volleyball,"1-1 Boone Central 0-2 Ponca 5p"
3362,ne,"Nebraska",Volleyball,"1-1 Crawford 0-3 Creek Valley 5p"
3363,ne,"Nebraska",Volleyball,"1-2M Morrill 1-3 Banner County 5p"
3364,ne,"Nebraska",Volleyball,"1-0 Crofton 2-0 Bloomfield 5p"
3365,ne,"Nebraska",Volleyball,"3-1 Maxwell 1-3 Paxton 5p"
3366,ne,"Nebraska",Volleyball,"5-3 (#20) Millard West 1-1 Lincoln East 5p"
3367,ne,"Nebraska",Volleyball,"1-1B Bertrand 2-2 Alma 5p"
3368,ne,"Nebraska",Volleyball,"0-1 Wilcox-Hildreth 2-1 Hi-Line [Eustis-Farnam/Elwood] 5p"
3369,ne,"Nebraska",Volleyball,"0-2 Holdrege 2-5 Norton 5p"
3370,ne,"Nebraska",Volleyball,"1-2 Gibbon 1-0 Sandhills/Thedford 5p"
3371,ne,"Nebraska",Volleyball,"2-3 Harvard 5-0 (#3) Red Cloud 5p"
3372,ne,"Nebraska",Volleyball,"0-1 Pleasanton 1-0 Loomis 5p"
3373,ne,"Nebraska",Volleyball,"1-3W Winside 0-1 Bancroft-Rosalie 5p"
3374,ne,"Nebraska",Volleyball,"2-1 (#21) Dundy County-Stratton 1-0 Arapahoe 5p"
3375,ne,"Nebraska",Volleyball,"3-2 H&H 1-5 Wilber-Clatonia 5p"
3376,ne,"Nebraska",Volleyball,"2-1 Kimball 1-2 Prairie 4p"
3377,ne,"Nebraska",Volleyball,"3-2 Hartington-Newcastle 0-6 Randolph 5p"
3378,ne,"Nebraska",Volleyball,"2-0 Bergan Catholic 1-0 Wisner-Pilger 5:30p"
3379,ne,"Nebraska",Volleyball,"2-0 Wayne 1-1 Pender 5:30p"
3380,ne,"Nebraska",Volleyball,"1-0 Oakland-Craig 1-1 Ord 5:30p"
3381,ne,"Nebraska",Volleyball,"0-0 North Bend Central 1-1 GACC 5:30p"
3382,ne,"Nebraska",Volleyball,"4-0 Cheylin 2-0 Wauneta-Palisade 5:30p"
3383,ne,"Nebraska",Volleyball,"5-2 (#25) Marian 0-2 Lincoln Southwest 6p"
3384,ne,"Nebraska",Volleyball,"5-3 (#20) Millard West 3-3 Lincoln Southeast 6p"
3385,ne,"Nebraska",Volleyball,"1-1 Douglas County West 3-2 Logan View/Scribner-Snyder 6p"
3386,ne,"Nebraska",Volleyball,"2-2 Plainview 0-1 S (CO-OP) 6p"
3387,ne,"Nebraska",Volleyball,"0-1 Pleasanton 1-4 Overton 6p"
3388,ne,"Nebraska",Volleyball,"0-1 Chambers/Wheeler Central 2-0 Elgin/Pope John 6p"
3389,ne,"Nebraska",Volleyball,"1-1 Boone Central 2-0 O'Neill 6p"
3390,ne,"Nebraska",Volleyball,"4-1 (#19) St. Patrick's 4-0 Perkins County 6p"
3391,ne,"Nebraska",Volleyball,"2-0 Cambridge 1-1B Bertrand 6p"
3392,ne,"Nebraska",Volleyball,"1-2 Roncalli Catholic 3-3 Blair 6p"
3393,ne,"Nebraska",Volleyball,"1-4 Columbus 4-2 Lincoln Northeast 6p"
3394,ne,"Nebraska",Volleyball,"2-0 Lincoln North Star 1-5 Omaha Westside 6p"
3395,ne,"Nebraska",Volleyball,"2-0 Bloomfield 2-0 Wynot 6p"
3396,ne,"Nebraska",Volleyball,"1-2 Newman Grove/St. Edward 4-2 Nebraska Christian 6p"
3397,ne,"Nebraska",Volleyball,"2-3 Harvard 1-4 Shelton 6p"
3398,ne,"Nebraska",Volleyball,"3-1 Meridian 1-0 Pawnee City 6p"
3399,ne,"Nebraska",Volleyball,"0-0 Omaha Christian 0-4 Boys Town 6p"
3400,ne,"Nebraska",Volleyball,"3-0 Elmwood-Murdock 2-1 Johnson-Brock 6p"
3401,ne,"Nebraska",Volleyball,"2-0 Cambridge 2-2 Alma 6p"
3402,ne,"Nebraska",Volleyball,"6-0 (#7) Chadron 0-3 Gordon-Rushville 6p"
3403,ne,"Nebraska",Volleyball,"0-3 Sandy Creek 3-2 H&H 6p"
3404,ne,"Nebraska",Volleyball,"1-2 Weeping Water 1-0D Dorchester 6p"
3405,ne,"Nebraska",Volleyball,"0-0 Walthill 1-3W Winside 6p"
3406,ne,"Nebraska",Volleyball,"4-1 Norfolk 4-3 Bennington 6p"
3407,ne,"Nebraska",Volleyball,"0-2 Wakefield 2-0 Wayne 6:30p"
3408,ne,"Nebraska",Volleyball,"1-2 Omaha Central 1-1 Burke 6:30p"
3409,ne,"Nebraska",Volleyball,"1-3 Hastings 1-1 Duchesne 6:30p"
3410,ne,"Nebraska",Volleyball,"1-1 Ord 3-0 (#15) Tekamah-Herman 6:30p"
3411,ne,"Nebraska",Volleyball,"6-1 (#11) Gretna East 7-1 (#12) Waverly 6:30p"
3412,ne,"Nebraska",Volleyball,"1-1 West Point-Beemer 2-0 Bergan Catholic 6:30p"
3413,ne,"Nebraska",Volleyball,"1-1 Lourdes Central Catholic 0-2 Conestoga 6:30p"
3414,ne,"Nebraska",Volleyball,"3-0 Riverside 0-2 Fullerton 6:30p"
3415,ne,"Nebraska",Volleyball,"3-3 Millard North 1-5 Elkhorn South 6:30p"
3416,ne,"Nebraska",Volleyball,"4-2 Standing Bear 1-0 Grand Island 6:30p"
3417,ne,"Nebraska",Volleyball,"3-2 Fremont 7-0 (#5) Elkhorn North 6:30p"
3418,ne,"Nebraska",Volleyball,"3-0 Fort Calhoun 0-1 Syracuse 7p"
3419,ne,"Nebraska",Volleyball,"0-1 Papillion-LaVista 1-4 Bellevue West 7p"
3420,ne,"Nebraska",Volleyball,"4-3 Sutton 2-0 St. Paul 7p"
3421,ne,"Nebraska",Volleyball,"1-0 Malcolm 1-4 Plattsmouth 7p"
3422,ne,"Nebraska",Volleyball,"2-3 Seward 0-2 Lakeview 7p"
3423,ne,"Nebraska",Volleyball,"0-3 High Plains 1-1 East Butler 7p"
3424,ne,"Nebraska",Volleyball,"1-2 Gibbon 1-1 Ravenna 7p"
3425,ne,"Nebraska",Volleyball,"1-1 Fillmore Central 2-2 David City 7p"
3426,ne,"Nebraska",Volleyball,"1-0 Kenesaw 6-0 (#4) Amherst 7p"
3427,ne,"Nebraska",Volleyball,"1-1 Elkhorn Valley 2-1 Laurel-Concord-Coleridge 7p"
3428,ne,"Nebraska",Volleyball,"2-0 Tri County 2-0 Thayer Central 7p"
3429,ne,"Nebraska",Volleyball,"1-1 South Sioux City 2-1 Vermillion 7p"
3430,ne,"Nebraska",Volleyball,"2-0 Gross Catholic 0-5 Ralston 7p"
3431,ne,"Nebraska",Volleyball,"1-4 Overton 1-0 Loomis 7p"
3432,ne,"Nebraska",Volleyball,"6-1 Fairbury 1-1 Auburn 7p"
3433,ne,"Nebraska",Volleyball,"0-1 Chambers/Wheeler Central 1-2 Stuart 7p"
3434,ne,"Nebraska",Volleyball,"0-4 Hitchcock County 1-0 Arapahoe 7p"
3435,ne,"Nebraska",Volleyball,"4-0 Winner 0-1 Valentine 7p"
3436,ne,"Nebraska",Volleyball,"1-1 Douglas County West 1-3 Raymond Central 7p"
3437,ne,"Nebraska",Volleyball,"0-2 Wakefield 1-1 Pender 7p"
3438,ne,"Nebraska",Volleyball,"0-1 Sumner-Eddyville-Miller 2-1 Hi-Line [Eustis-Farnam/Elwood] 7p"
3439,ne,"Nebraska",Volleyball,"1-2 Leigh 1-3W Winside 7p"
3440,ne,"Nebraska",Volleyball,"1-2 Winnebago 0-3 Mead 7p"
3441,ne,"Nebraska",Volleyball,"2-0 Shelby-Rising City 1-1 Cross County 7p"
3442,ne,"Nebraska",Volleyball,"3-3 Lincoln Southeast 1-1 Lincoln East 7p"
3443,ne,"Nebraska",Volleyball,"1-1 Concordia 1-1 Lincoln Lutheran 7p"
3444,ne,"Nebraska",Volleyball,"3-3 Lutheran-Northeast 1-1 GACC 7:30p"
3445,ne,"Nebraska",Volleyball,"4-0 (#1) Central Valley 3-0 Riverside 7:30p"
3446,ne,"Nebraska",Volleyball,"1-1 West Point-Beemer 1-0 Wisner-Pilger 7:30p"
3447,ne,"Nebraska",Volleyball,"1-0 Oakland-Craig 3-0 (#15) Tekamah-Herman 7:30p"
3448,ne,"Nebraska",Volleyball,"0-2 Broken Bow 2-0 Gothenburg"
3449,ne,"Nebraska",Volleyball,"2-4 Anselmo-Merna 4-2 (#23) Ansley/Litchfield"
3450,ne,"Nebraska",Volleyball,"1-2 Blue Hill 2-3 Wood River"
3451,ne,"Nebraska",Volleyball,"2-1 College View Academy 0-2 Giltner"
3452,ne,"Nebraska",Volleyball,"1-1 Sidney 2-0 Ogallala"
3453,ne,"Nebraska",Volleyball,"0-1 Boyd County 1-1 Neligh-Oakdale"
3454,ne,"Nebraska",Volleyball,"4-0 (#1) Central Valley 0-2 Fullerton"
3455,ne,"Nebraska",Volleyball,"0-1 Buena Vista 5-3 Brownell Talbot"
3456,ne,"Nebraska",Volleyball,"1-0 Tri County Northeast 2-0 Humphrey-Lindsay"
3457,ne,"Nebraska",Volleyball,"0-1 Sumner-Eddyville-Miller 0-1 Wilcox-Hildreth"
3458,ne,"Nebraska",Volleyball,"0-3 Doniphan-Trumbull 2-3 Wood River"
3459,ne,"Nebraska",Volleyball,"0-3 Doniphan-Trumbull 1-2 Blue Hill"
3460,ne,"Nebraska",Volleyball,"2-0 Bridgeport 7-0 (#2) Gering"
3461,ne,"Nebraska",Volleyball,"1-0 Crofton 2-0 Wynot"
3462,ne,"Nebraska",Volleyball,"1-1 Osceola 1-6 Twin River"
3463,ne,"Nebraska",Volleyball,"1-0 Norfolk Catholic 1-0 Pierce"
3464,ne,"Nebraska",Volleyball,"2-0 O'Neill 0-2 Ponca"
3465,ne,"Nebraska",Volleyball,"0-2 McCool Junction 1-1 Nebraska Lutheran"
3466,ne,"Nebraska",Volleyball,"0-3 Sandy Creek 1-5 Wilber-Clatonia"
3467,ne,"Nebraska",Volleyball,"0-2 Madison 2-1 Stanton"
3468,ne,"Nebraska",Volleyball,"1-1 Twin Loup 2-4 Anselmo-Merna"
3469,ne,"Nebraska",Volleyball,"0-3S Southern 0-2L Lewiston"
3470,ne,"Nebraska",Volleyball,"0-3 Sandhills Valley 1-2 South Loup"
3471,ne,"Nebraska",Volleyball,"0-2 West Holt 2-1 Burwell"
3472,ne,"Nebraska",Volleyball,"1-3 Raymond Central 3-2 Logan View/Scribner-Snyder"
3473,ne,"Nebraska",Volleyball,"1-1 Cozad 0-1 Southern Valley"
3474,ne,"Nebraska",Volleyball,"2-5 Bishop LeBlond 1-1 Sacred Heart"
3475,ne,"Nebraska",Volleyball,"3-0 Grand Island Lutheran 2-2 Bruning-Davenport/Shickley"
3476,ne,"Nebraska",Volleyball,"0-0 North Central 0-2 West Holt"
3477,ne,"Nebraska",Volleyball,"2-0 Humboldt-Table Rock-Steinauer 3-1 Falls City"
3478,ne,"Nebraska",Volleyball,"0-1 Sterling 0-1 Freeman"
3479,ne,"Nebraska",Volleyball,"1-4 Clarkson 2-1 Stanton"
3480,ne,"Nebraska",Volleyball,"0-1 Boyd County 0-0 Santee"
3481,ne,"Nebraska",Volleyball,"2-0 Humboldt-Table Rock-Steinauer 3-0 Johnson County Central"
3482,ne,"Nebraska",Volleyball,"2-4 Benson 2-4 Bellevue East"
3483,ne,"Nebraska",Volleyball,"0-0 North Central 2-1 Burwell"
3484,ne,"Nebraska",Volleyball,"1-2 Homer 1-0 Tri County Northeast"
3485,ne,"Nebraska",Volleyball,"0-2 Parkview Christian 0-2L Lewiston"
3486,ne,"Nebraska",Volleyball,"0-2 Ashland-Greenwood 2-3 Nebraska City"
3487,ne,"Nebraska",Volleyball,"2-1 Central City 3-0 Centura"
3488,ne,"Nebraska",Volleyball,"1-1 Superior 1-2 Lawrence-Nelson"
3489,ne,"Nebraska",Volleyball,"1-1 Twin Loup 4-2 (#23) Ansley/Litchfield"
3490,ne,"Nebraska",Volleyball,"0-1 Mitchell 3-1 (#18) Hemingford"
3491,ne,"Nebraska",Volleyball,"4-2 Nebraska Christian 1-1 Palmer"
3492,ne,"Nebraska",Volleyball,"1-2 Homer 2-0 Humphrey-Lindsay"
3493,ne,"Nebraska",Volleyball,"0-3S Southern 0-2 Parkview Christian"
3494,ne,"Nebraska",Volleyball,"1-1 Ravenna 1-0 Sandhills/Thedford"
3495,ne,"Nebraska",Volleyball,"0-2 Madison 1-4 Clarkson"
3496,ne,"Nebraska",Volleyball,"3-1 Falls City 3-0 Johnson County Central"
3497,ne,"Nebraska",Volleyball,"0-0 Santee 1-1 Neligh-Oakdale"
3498,ne,"Nebraska",Volleyball,"0-3 Wausa 0-3 Osmond"
3499,ne,"Nebraska",Volleyball,"2-3 Cornerstone Christian School 0-4 Schuyler"
3500,ne,"Nebraska",Volleyball,"1-2 Wahoo 1-0 Milford"
3501,ne,"Nebraska",Volleyball,"0-4 Hitchcock County 2-1 (#21) Dundy County-Stratton"
3502,ne,"Nebraska",Volleyball,"2-0 Exeter-Milligan/Friend 1-6 Centennial"
3503,ne,"Nebraska",Volleyball,"1-2 Aurora 3-0 York"
3504,ne,"Nebraska",Volleyball,"3-3 Arlington 1-2 Palmyra"
3505,ne,"Nebraska",Volleyball,"2-2 Lexington 2-4M Minden"
3506,ne,"Nebraska",Volleyball,"6-2 St. Mary's 2-2 Ainsworth"
3507,ne,"Nebraska",Volleyball,"4-3G Gretna 1-1 Elkhorn"
3508,ne,"Nebraska",Volleyball,"1-2 Elm Creek 1-3 Axtell"
3509,ne,"Nebraska",Volleyball,"1-5 Lincoln Northwest 1-3 Kearney"
3510,ne,"Nebraska",Volleyball,"0-2 Lincoln Christian 6-0 (#9) Norris"
3511,ne,"Nebraska",Volleyball,"2-0 Elgin/Pope John 1-2 Stuart"
3512,ne,"Nebraska",Volleyball,"2-2 Southwest 0-1 Rawlins County"
3513,ne,"Nebraska",Volleyball,"Related ScoreboardsDistricts A District B District 1B District 2B District 3B District 4B District 5B District 6B District 7B District 8C1 District 1 Associations Nebraska School Activities Association Metros Lincoln & HastingsNorth PlatteOmaha"
3514,ne,"Nebraska",Volleyball,"Thursday, Sep. 3 3-0 Bishop Moore 4-0 (#4) Orangewood Christian 6p 7-0 (#22) Mother McAuley 5-2 Lincoln-Way East 5p 0-2 Berkeley Prep 7-0 (#21) Calvary Christian 6:30p 10-0 (#3) Assumption 10-3 Providence 7p 3-0 (#10) Harrisburg 1-1 Washington 6:30p 2-4 Avon 10-0 (#25) Hamilton Southeastern 7:30p 1-0 (#11) Torrey Pines 11-0 (#1) Sierra Canyon 5:30p 6-3 Mira Costa 6-0 (#2) Mater Dei 5:45p 1-0 (#13) Cathedral Catholic 6-6 Southeast Career Tech 7p 0-2 Lincoln Christian 6-0 (#15) Norris"
3515,ne,"Nebraska",Volleyball,"3-0 Bishop Moore 4-0 (#4) Orangewood Christian 6p"
3516,ne,"Nebraska",Volleyball,"7-0 (#22) Mother McAuley 5-2 Lincoln-Way East 5p"
3517,ne,"Nebraska",Volleyball,"0-2 Berkeley Prep 7-0 (#21) Calvary Christian 6:30p"
3518,ne,"Nebraska",Volleyball,"10-0 (#3) Assumption 10-3 Providence 7p"
3519,ne,"Nebraska",Volleyball,"3-0 (#10) Harrisburg 1-1 Washington 6:30p"
3520,ne,"Nebraska",Volleyball,"2-4 Avon 10-0 (#25) Hamilton Southeastern 7:30p"
3521,ne,"Nebraska",Volleyball,"1-0 (#11) Torrey Pines 11-0 (#1) Sierra Canyon 5:30p"
3522,ne,"Nebraska",Volleyball,"6-3 Mira Costa 6-0 (#2) Mater Dei 5:45p"
3523,ne,"Nebraska",Volleyball,"1-0 (#13) Cathedral Catholic 6-6 Southeast Career Tech 7p"
3524,ne,"Nebraska",Volleyball,"0-2 Lincoln Christian 6-0 (#15) Norris"
3525,nv,"Nevada",Volleyball,"There are 30 matches for Nevada volleyball on Thu, 9/3/2026. The featured matches are by Nevada top ranked teams #2 Faith Lutheran (Las Vegas, NV) @ #5 Coronado (Henderson, NV), Spanish Springs (Sparks, NV) @ #3 Carson (Carson City, NV), and North Valleys (Reno, NV) @ #7 Galena (Reno, NV). The first match, Eastlake (Chula Vista, CA) vs. #12 Las Vegas (NV), starts at 12:45p. Related Content Nevada Girls Volleyball Stat LeadersNevada Girls Volleyball PlayoffsNevada Girls Volleyball Rankings Nevada High School Volleyball Schedule 30 Matches 4-5 Eastlake 7-3 (#12) Las Vegas 12:45p 6-18 Seguin 7-3 (#12) Las Vegas 2p console.log('MaxPrepsAds - createMark: Element Defined - leaderboard-banner-inc1');performance && performance.mark && performance.mark('MaxPrepsAds - Element Defined: leaderboard-banner-inc1'); 2-4 Beaumont 6-6 Southeast Career Tech 3p 13-1 Science Hill 7-3 (#12) Las Vegas 3:15p 8-2 (#16) Smith Valley 0-0 Mineral County 5p 4-7 McDermitt 0-0 Jackpot 5p 7-0-2 (#18) White Pine 2-1 Round Mountain 5p 0-5 Virginia City 1-0 Sage Ridge 5p 1-0 Hilo 6-6 Southeast Career Tech 5p 5-2 Word of Life Christian Academy 0-1 Adelson 5p 2-0 The Meadows School 0-1 Democracy Prep Agassi Campus 6p 0-3 McQueen 5-0 (#8) Bishop Manogue 6p 4-5 CASLV 2-0 Pinecrest Academy Cadence 6p 5-4 Virgin Valley 5-6 Pahrump Valley 6p 1-2 Reno 5-2 Damonte Ranch 6p 6-1 South Tahoe 2-0 Churchill County 6p 10-4 (#23) Dayton 0-5 Sparks 6p 5-5 Spanish Springs 13-0 (#3) Carson 6p 8-5-1 Lund 4-7 Eureka 6p 4-11 Reed 2-2 (#25) Douglas 6p 3-3 Incline 4-8 Lowry 6p 9-9 North Valleys 9-1 (#7) Galena 6p 11-5 (#19) Green Valley 4-4 Silverado 6:30p 5-1 (#20) Rancho 1-7 Bonanza 6:30p 10-1 (#2) Faith Lutheran 8-2 (#5) Coronado 6:30p 6-6 Durango 6-4 (#10) Arbor View 6:30p 6-10 GV Christian 2-8 Chaparral 6:50p 3-6 Pinecrest Academy Sloan Canyon 2-2 Canyon Springs 7p 1-0 Cathedral Catholic 6-6 Southeast Career Tech 7p 1-2 Desert Pines 1-4 Indian Springs 8:30p"
3526,nv,"Nevada",Volleyball,"4-5 Eastlake 7-3 (#12) Las Vegas 12:45p"
3527,nv,"Nevada",Volleyball,"6-18 Seguin 7-3 (#12) Las Vegas 2p"
3528,nv,"Nevada",Volleyball,"2-4 Beaumont 6-6 Southeast Career Tech 3p"
3529,nv,"Nevada",Volleyball,"13-1 Science Hill 7-3 (#12) Las Vegas 3:15p"
3530,nv,"Nevada",Volleyball,"8-2 (#16) Smith Valley 0-0 Mineral County 5p"
3531,nv,"Nevada",Volleyball,"4-7 McDermitt 0-0 Jackpot 5p"
3532,nv,"Nevada",Volleyball,"7-0-2 (#18) White Pine 2-1 Round Mountain 5p"
3533,nv,"Nevada",Volleyball,"0-5 Virginia City 1-0 Sage Ridge 5p"
3534,nv,"Nevada",Volleyball,"1-0 Hilo 6-6 Southeast Career Tech 5p"
3535,nv,"Nevada",Volleyball,"5-2 Word of Life Christian Academy 0-1 Adelson 5p"
3536,nv,"Nevada",Volleyball,"2-0 The Meadows School 0-1 Democracy Prep Agassi Campus 6p"
3537,nv,"Nevada",Volleyball,"0-3 McQueen 5-0 (#8) Bishop Manogue 6p"
3538,nv,"Nevada",Volleyball,"4-5 CASLV 2-0 Pinecrest Academy Cadence 6p"
3539,nv,"Nevada",Volleyball,"5-4 Virgin Valley 5-6 Pahrump Valley 6p"
3540,nv,"Nevada",Volleyball,"1-2 Reno 5-2 Damonte Ranch 6p"
3541,nv,"Nevada",Volleyball,"6-1 South Tahoe 2-0 Churchill County 6p"
3542,nv,"Nevada",Volleyball,"10-4 (#23) Dayton 0-5 Sparks 6p"
3543,nv,"Nevada",Volleyball,"5-5 Spanish Springs 13-0 (#3) Carson 6p"
3544,nv,"Nevada",Volleyball,"8-5-1 Lund 4-7 Eureka 6p"
3545,nv,"Nevada",Volleyball,"4-11 Reed 2-2 (#25) Douglas 6p"
3546,nv,"Nevada",Volleyball,"3-3 Incline 4-8 Lowry 6p"
3547,nv,"Nevada",Volleyball,"9-9 North Valleys 9-1 (#7) Galena 6p"
3548,nv,"Nevada",Volleyball,"11-5 (#19) Green Valley 4-4 Silverado 6:30p"
3549,nv,"Nevada",Volleyball,"5-1 (#20) Rancho 1-7 Bonanza 6:30p"
3550,nv,"Nevada",Volleyball,"10-1 (#2) Faith Lutheran 8-2 (#5) Coronado 6:30p"
3551,nv,"Nevada",Volleyball,"6-6 Durango 6-4 (#10) Arbor View 6:30p"
3552,nv,"Nevada",Volleyball,"6-10 GV Christian 2-8 Chaparral 6:50p"
3553,nv,"Nevada",Volleyball,"3-6 Pinecrest Academy Sloan Canyon 2-2 Canyon Springs 7p"
3554,nv,"Nevada",Volleyball,"1-0 Cathedral Catholic 6-6 Southeast Career Tech 7p"
3555,nv,"Nevada",Volleyball,"1-2 Desert Pines 1-4 Indian Springs 8:30p"
3556,nv,"Nevada",Volleyball,"Related ScoreboardsLeagues 1A Central1A Eastern1A South1A Western2A Northern2A Southern3A Northern - East3A Northern - West3A Southern 4A Southern - Desert Associations Nevada Interscholastic Activities Association Metros Las VegasReno"
3557,nv,"Nevada",Volleyball,"Thursday, Sep. 3 3-0 Bishop Moore 4-0 (#4) Orangewood Christian 6p 7-0 (#22) Mother McAuley 5-2 Lincoln-Way East 5p 0-2 Berkeley Prep 7-0 (#21) Calvary Christian 6:30p 10-0 (#3) Assumption 10-3 Providence 7p 3-0 (#10) Harrisburg 1-1 Washington 6:30p 2-4 Avon 10-0 (#25) Hamilton Southeastern 7:30p 1-0 (#11) Torrey Pines 11-0 (#1) Sierra Canyon 5:30p 6-3 Mira Costa 6-0 (#2) Mater Dei 5:45p 1-0 (#13) Cathedral Catholic 6-6 Southeast Career Tech 7p 0-2 Lincoln Christian 6-0 (#15) Norris"
3558,nv,"Nevada",Volleyball,"3-0 Bishop Moore 4-0 (#4) Orangewood Christian 6p"
3559,nv,"Nevada",Volleyball,"7-0 (#22) Mother McAuley 5-2 Lincoln-Way East 5p"
3560,nv,"Nevada",Volleyball,"0-2 Berkeley Prep 7-0 (#21) Calvary Christian 6:30p"
3561,nv,"Nevada",Volleyball,"10-0 (#3) Assumption 10-3 Providence 7p"
3562,nv,"Nevada",Volleyball,"3-0 (#10) Harrisburg 1-1 Washington 6:30p"
3563,nv,"Nevada",Volleyball,"2-4 Avon 10-0 (#25) Hamilton Southeastern 7:30p"
3564,nv,"Nevada",Volleyball,"1-0 (#11) Torrey Pines 11-0 (#1) Sierra Canyon 5:30p"
3565,nv,"Nevada",Volleyball,"6-3 Mira Costa 6-0 (#2) Mater Dei 5:45p"
3566,nv,"Nevada",Volleyball,"1-0 (#13) Cathedral Catholic 6-6 Southeast Career Tech 7p"
3567,nv,"Nevada",Volleyball,"0-2 Lincoln Christian 6-0 (#15) Norris"
3568,nh,"New Hampshire",Volleyball,"There are 9 matches for New Hampshire volleyball on Thu, 9/3/2026. The first match, Mid Vermont Christian (White River Junction, VT) @ Trinity Christian (Keene, NH), starts at 4p. Related Content New Hampshire Girls Volleyball Stat LeadersNew Hampshire Girls Volleyball PlayoffsNew Hampshire Girls Volleyball Rankings New Hampshire High School Volleyball Schedule 9 Matches 0-0 Mid Vermont Christian 0-0T Trinity Christian 4p 0-0 Belmont 0-0 St. Thomas Aquinas 5:45p console.log('MaxPrepsAds - createMark: Element Defined - leaderboard-banner-inc1');performance && performance.mark && performance.mark('MaxPrepsAds - Element Defined: leaderboard-banner-inc1'); 0-0 Franklin 0-0 Mascenic Regional 6p 0-1 Winnisquam 0-0 Conant 6p 0-0 Somersworth 0-0 Merrimack Valley 6p 0-0 Epping 0-0 Portsmouth Christian Academy 6:15p 0-0 Prospect Mountain 0-0 Trinity 6:15p 0-0 Farmington 0-0 Moultonborough Academy 6:15p 1-0 Gilford 0-0 Pelham 6:30p"
3569,nh,"New Hampshire",Volleyball,"0-0 Mid Vermont Christian 0-0T Trinity Christian 4p"
3570,nh,"New Hampshire",Volleyball,"0-0 Belmont 0-0 St. Thomas Aquinas 5:45p"
3571,nh,"New Hampshire",Volleyball,"0-0 Franklin 0-0 Mascenic Regional 6p"
3572,nh,"New Hampshire",Volleyball,"0-1 Winnisquam 0-0 Conant 6p"
3573,nh,"New Hampshire",Volleyball,"0-0 Somersworth 0-0 Merrimack Valley 6p"
3574,nh,"New Hampshire",Volleyball,"0-0 Epping 0-0 Portsmouth Christian Academy 6:15p"
3575,nh,"New Hampshire",Volleyball,"0-0 Prospect Mountain 0-0 Trinity 6:15p"
3576,nh,"New Hampshire",Volleyball,"0-0 Farmington 0-0 Moultonborough Academy 6:15p"
3577,nh,"New Hampshire",Volleyball,"1-0 Gilford 0-0 Pelham 6:30p"
3578,nh,"New Hampshire",Volleyball,"Related ScoreboardsLeagues Division IDivision IIDivision III Associations New Hampshire Interscholastic Athletic Association"
3579,nh,"New Hampshire",Volleyball,"Thursday, Sep. 3 3-0 Bishop Moore 4-0 (#4) Orangewood Christian 6p 7-0 (#22) Mother McAuley 5-2 Lincoln-Way East 5p 0-2 Berkeley Prep 7-0 (#21) Calvary Christian 6:30p 10-0 (#3) Assumption 10-3 Providence 7p 3-0 (#10) Harrisburg 1-1 Washington 6:30p 2-4 Avon 10-0 (#25) Hamilton Southeastern 7:30p 1-0 (#11) Torrey Pines 11-0 (#1) Sierra Canyon 5:30p 6-3 Mira Costa 6-0 (#2) Mater Dei 5:45p 1-0 (#13) Cathedral Catholic 6-6 Southeast Career Tech 7p 0-2 Lincoln Christian 6-0 (#15) Norris"
3580,nh,"New Hampshire",Volleyball,"3-0 Bishop Moore 4-0 (#4) Orangewood Christian 6p"
3581,nh,"New Hampshire",Volleyball,"7-0 (#22) Mother McAuley 5-2 Lincoln-Way East 5p"
3582,nh,"New Hampshire",Volleyball,"0-2 Berkeley Prep 7-0 (#21) Calvary Christian 6:30p"
3583,nh,"New Hampshire",Volleyball,"10-0 (#3) Assumption 10-3 Providence 7p"
3584,nh,"New Hampshire",Volleyball,"3-0 (#10) Harrisburg 1-1 Washington 6:30p"
3585,nh,"New Hampshire",Volleyball,"2-4 Avon 10-0 (#25) Hamilton Southeastern 7:30p"
3586,nh,"New Hampshire",Volleyball,"1-0 (#11) Torrey Pines 11-0 (#1) Sierra Canyon 5:30p"
3587,nh,"New Hampshire",Volleyball,"6-3 Mira Costa 6-0 (#2) Mater Dei 5:45p"
3588,nh,"New Hampshire",Volleyball,"1-0 (#13) Cathedral Catholic 6-6 Southeast Career Tech 7p"
3589,nh,"New Hampshire",Volleyball,"0-2 Lincoln Christian 6-0 (#15) Norris"
3590,nj,"New Jersey",Volleyball,"There are 101 matches for New Jersey volleyball on Thu, 9/3/2026. The featured matches are by New Jersey top ranked teams #1 Dumont (NJ) @ Westwood (Washington Township, NJ). The first match, McNair Academic (Jersey City, NJ) @ Ferris (Jersey City, NJ), starts at 10a. Related Content New Jersey Girls Volleyball Stat LeadersNew Jersey Girls Volleyball PlayoffsNew Jersey Girls Volleyball Rankings New Jersey High School Volleyball Schedule 101 Matches 0-0 McNair Academic 0-0 Ferris 10a 0-0 Colts Neck 0-0 Wall Township 3:45p console.log('MaxPrepsAds - createMark: Element Defined - leaderboard-banner-inc1');performance && performance.mark && performance.mark('MaxPrepsAds - Element Defined: leaderboard-banner-inc1'); 0-0 Shore Regional 0-0 Red Bank Regional 3:45p 0-0 Middletown South 0-0 Middletown North 3:45p 0-0 Holy Cross 0-0K KIPP Cooper Norcross 4p 0-0 Sterling 1-0 Clearview 4p 0-0 Cedar Creek 0-0A ACIT 4p 0-0K Kent Place 0-0 Summit 4p 0-0 Hunterdon Central 0-0 Rutgers Prep 4p 0-0 Morris Hills 0-0 Chatham 4p 0-0K Kinnelon 1-0M Morris County Tech 4p 0-0V Villa Walsh Academy 0-0D Dover 4p 0-0 Hanover Park 0-0A Academy of St. Elizabeth 4p 0-0 Roxbury 1-0-1 Randolph 4p 0-0 Mount Olive 0-1 Morristown 4p 0-0 Mountain Lakes 0-0 Madison 4p 0-0 Pope John XXIII 0-0-1M Morris Knolls 4p 0-1T Timothy Christian 0-0 Sayreville 4p 0-0 Palisades Park 0-0 Weehawken 4p 0-1 Delaware Valley 0-0 Bound Brook 4p 0-0 Cherokee 0-0 Washington Township 4p 0-0 Montgomery 0-0 The Pingry School 4p 1-0 Stuart Country Day 0-0 Princeton Day 4p 0-0 West Morris Central 0-0 Sparta 4p 0-0U Union Catholic 0-0 Bloomfield 4p 0-1 High Point 0-0 Morristown-Beard 4p 0-0 Cranford 0-1 Union 4p 0-0 Whippany Park 0-1 Morris Catholic 4p 0-0N New Providence 0-1 Governor Livingston 4p 0-0 NV - Demarest 0-0 Northern Highlands 4:15p 1-1 Tenafly 0-0 Fort Lee 4:15p 0-0H Hawthorne Christian 0-0P PCSSAT 4:15p 0-0 Ramsey 0-0 Indian Hills 4:15p 0-0 Elmwood Park 0-0 Emerson 4:15p 0-0 Hasbrouck Heights 0-0 Ridgefield Memorial 4:15p 0-0 Cresskill 0-0 Park Ridge 4:15p 0-0 Wayne Valley 0-0 Passaic County Tech 4:15p 0-0 North Arlington 0-1 Lodi 4:15p 0-0H Hawthorne 0-0S Saddle River Day 4:15p 0-0 Eastern Christian 0-0M Midland Park 4:15p 0-0 Passaic Valley 0-0 Eastside 4:15p 0-0M MHCA 0-0 Manchester Regional 4:15p 0-0W Wallington 0-0 Bogota 4:15p 0-0 Garfield 0-0 Secaucus 4:15p 0-0 Waldwick 0-0 Glen Rock 4:15p 0-0 Mahwah 0-0 Lakeland Regional 4:15p 0-0 NV - Old Tappan N Non Varsity Opponent 4:15p 0-0P Paterson Catholic 0-0H Hawthorne Christian 4:15p 0-0 Fair Lawn 0-0 Paramus 4:15p 0-0 New Milford 0-0S Saddle Brook 4:15p 0-0 St. Mary 1-0 Lyndhurst 4:15p 4-0D (#1) Dumont 0-0 Westwood 4:15p 0-0 Dwight-Englewood 0-0 Harrison 4:15p 0-0 Ramapo 0-0 Pascack Valley 4:15p 0-0 Kennedy 0-0W Wayne Hills 4:15p 0-0 Wood-Ridge 0-1 Becton 4:15p 0-0 Rutherford 0-0 Leonia 4:15p 0-1B Bergenfield 0-0 Hackensack 4:15p 0-0R Ridgefield Park 0-1B Bergen Charter 4:15p 0-0A Academy of the Holy Angels 0-0 Pascack Hills 4:15p 0-0 NV - Old Tappan 2-0 Immaculate Heart Academy 4:15p 0-0 Hoboken 0-0 Union City 4:30p 0-0 Bayonne 0-0 Kearny 4:30p 0-0 West Milford 0-0 Passaic 4:30p 0-0 Beloved Community Charter 0-0 Hudson Catholic 4:30p 0-0 Memorial 0-0 North Bergen 4:30p 0-0 Rancocas Valley 0-0N Northern Burlington 5p 0-0 Ocean City 0-0 Egg Harbor Township 5:15p 0-0 Toms River East 0-0 Donovan Catholic 5:15p 0-0 Absegami 0-0O Our Lady of Mercy Academy 5:15p 0-0 Central Regional 0-0B Barnegat 5:15p 0-0 Winslow Township 0-0 Triton 5:15p 0-0 Watchung Hills Regional 0-1 Voorhees 5:15p 1-0 Eastern 0-0 Camden Catholic 5:15p 0-1 Notre Dame 0-1 Hopewell Valley Central 5:15p 0-0 Pleasantville 0-1 Hammonton 5:15p 0-0 Riverside 0-0 Florence Township Memorial 5:15p 0-0 Mount St. Mary Academy 1-0 Hillsborough 5:15p 0-0 Oakcrest 0-0 Mainland Regional 5:15p 0-0 Pinelands Regional 0-0 Toms River South 5:15p 0-0 Highland Regional 0-0 Westampton Tech 5:15p 0-0 Lower Cape May 0-0 Middle Township 5:15p 0-0C Camden Academy Charter 0-0 LEAP Academy 5:15p 0-0 Point Pleasant Beach 0-0L Long Branch 5:15p 1-0 South Brunswick 0-1 North Plainfield 5:30p 0-1 Colonia 0-0 East Brunswick 5:30p 2-0 Warren Hills Regional 0-0 Ridge 5:30p 0-0 North Hunterdon 0-0 Bridgewater-Raritan 5:30p 0-0 Parsippany 0-0P Pequannock 5:30p 0-0W Woodbridge 0-1M Mother Seton 5:30p 0-0C Carteret 1-0 Kennedy Memorial 5:30p 1-0 Monroe Township 0-0 J.P. Stevens 5:30p 1-0 Old Bridge 0-0P Piscataway 5:30p 0-0 Red Bank Catholic 0-1 Holmdel 5:30p 2-0 Highland Park 0-0 Wardlaw Hartridge 5:30p 0-2 North Brunswick 0-1E Edison 5:30p 0-0 Lincoln 0-0T Texas Empowerment Academy 4:30p 0-0 Gill St. Bernard's 0-0 Immaculata 5:30p 1-0N New Brunswick 0-0 South River 5:30p 1-0 River Dell 0-0 Ridgewood 5:45p 0-0T Teaneck 0-0 Cliffside Park 9:15p"
3591,nj,"New Jersey",Volleyball,"0-0 McNair Academic 0-0 Ferris 10a"
3592,nj,"New Jersey",Volleyball,"0-0 Colts Neck 0-0 Wall Township 3:45p"
3593,nj,"New Jersey",Volleyball,"0-0 Shore Regional 0-0 Red Bank Regional 3:45p"
3594,nj,"New Jersey",Volleyball,"0-0 Middletown South 0-0 Middletown North 3:45p"
3595,nj,"New Jersey",Volleyball,"0-0 Holy Cross 0-0K KIPP Cooper Norcross 4p"
3596,nj,"New Jersey",Volleyball,"0-0 Sterling 1-0 Clearview 4p"
3597,nj,"New Jersey",Volleyball,"0-0 Cedar Creek 0-0A ACIT 4p"
3598,nj,"New Jersey",Volleyball,"0-0K Kent Place 0-0 Summit 4p"
3599,nj,"New Jersey",Volleyball,"0-0 Hunterdon Central 0-0 Rutgers Prep 4p"
3600,nj,"New Jersey",Volleyball,"0-0 Morris Hills 0-0 Chatham 4p"
3601,nj,"New Jersey",Volleyball,"0-0K Kinnelon 1-0M Morris County Tech 4p"
3602,nj,"New Jersey",Volleyball,"0-0V Villa Walsh Academy 0-0D Dover 4p"
3603,nj,"New Jersey",Volleyball,"0-0 Hanover Park 0-0A Academy of St. Elizabeth 4p"
3604,nj,"New Jersey",Volleyball,"0-0 Roxbury 1-0-1 Randolph 4p"
3605,nj,"New Jersey",Volleyball,"0-0 Mount Olive 0-1 Morristown 4p"
3606,nj,"New Jersey",Volleyball,"0-0 Mountain Lakes 0-0 Madison 4p"
3607,nj,"New Jersey",Volleyball,"0-0 Pope John XXIII 0-0-1M Morris Knolls 4p"
3608,nj,"New Jersey",Volleyball,"0-1T Timothy Christian 0-0 Sayreville 4p"
3609,nj,"New Jersey",Volleyball,"0-0 Palisades Park 0-0 Weehawken 4p"
3610,nj,"New Jersey",Volleyball,"0-1 Delaware Valley 0-0 Bound Brook 4p"
3611,nj,"New Jersey",Volleyball,"0-0 Cherokee 0-0 Washington Township 4p"
3612,nj,"New Jersey",Volleyball,"0-0 Montgomery 0-0 The Pingry School 4p"
3613,nj,"New Jersey",Volleyball,"1-0 Stuart Country Day 0-0 Princeton Day 4p"
3614,nj,"New Jersey",Volleyball,"0-0 West Morris Central 0-0 Sparta 4p"
3615,nj,"New Jersey",Volleyball,"0-0U Union Catholic 0-0 Bloomfield 4p"
3616,nj,"New Jersey",Volleyball,"0-1 High Point 0-0 Morristown-Beard 4p"
3617,nj,"New Jersey",Volleyball,"0-0 Cranford 0-1 Union 4p"
3618,nj,"New Jersey",Volleyball,"0-0 Whippany Park 0-1 Morris Catholic 4p"
3619,nj,"New Jersey",Volleyball,"0-0N New Providence 0-1 Governor Livingston 4p"
3620,nj,"New Jersey",Volleyball,"0-0 NV - Demarest 0-0 Northern Highlands 4:15p"
3621,nj,"New Jersey",Volleyball,"1-1 Tenafly 0-0 Fort Lee 4:15p"
3622,nj,"New Jersey",Volleyball,"0-0H Hawthorne Christian 0-0P PCSSAT 4:15p"
3623,nj,"New Jersey",Volleyball,"0-0 Ramsey 0-0 Indian Hills 4:15p"
3624,nj,"New Jersey",Volleyball,"0-0 Elmwood Park 0-0 Emerson 4:15p"
3625,nj,"New Jersey",Volleyball,"0-0 Hasbrouck Heights 0-0 Ridgefield Memorial 4:15p"
3626,nj,"New Jersey",Volleyball,"0-0 Cresskill 0-0 Park Ridge 4:15p"
3627,nj,"New Jersey",Volleyball,"0-0 Wayne Valley 0-0 Passaic County Tech 4:15p"
3628,nj,"New Jersey",Volleyball,"0-0 North Arlington 0-1 Lodi 4:15p"
3629,nj,"New Jersey",Volleyball,"0-0H Hawthorne 0-0S Saddle River Day 4:15p"
3630,nj,"New Jersey",Volleyball,"0-0 Eastern Christian 0-0M Midland Park 4:15p"
3631,nj,"New Jersey",Volleyball,"0-0 Passaic Valley 0-0 Eastside 4:15p"
3632,nj,"New Jersey",Volleyball,"0-0M MHCA 0-0 Manchester Regional 4:15p"
3633,nj,"New Jersey",Volleyball,"0-0W Wallington 0-0 Bogota 4:15p"
3634,nj,"New Jersey",Volleyball,"0-0 Garfield 0-0 Secaucus 4:15p"
3635,nj,"New Jersey",Volleyball,"0-0 Waldwick 0-0 Glen Rock 4:15p"
3636,nj,"New Jersey",Volleyball,"0-0 Mahwah 0-0 Lakeland Regional 4:15p"
3637,nj,"New Jersey",Volleyball,"0-0 NV - Old Tappan N Non Varsity Opponent 4:15p"
3638,nj,"New Jersey",Volleyball,"0-0P Paterson Catholic 0-0H Hawthorne Christian 4:15p"
3639,nj,"New Jersey",Volleyball,"0-0 Fair Lawn 0-0 Paramus 4:15p"
3640,nj,"New Jersey",Volleyball,"0-0 New Milford 0-0S Saddle Brook 4:15p"
3641,nj,"New Jersey",Volleyball,"0-0 St. Mary 1-0 Lyndhurst 4:15p"
3642,nj,"New Jersey",Volleyball,"4-0D (#1) Dumont 0-0 Westwood 4:15p"
3643,nj,"New Jersey",Volleyball,"0-0 Dwight-Englewood 0-0 Harrison 4:15p"
3644,nj,"New Jersey",Volleyball,"0-0 Ramapo 0-0 Pascack Valley 4:15p"
3645,nj,"New Jersey",Volleyball,"0-0 Kennedy 0-0W Wayne Hills 4:15p"
3646,nj,"New Jersey",Volleyball,"0-0 Wood-Ridge 0-1 Becton 4:15p"
3647,nj,"New Jersey",Volleyball,"0-0 Rutherford 0-0 Leonia 4:15p"
3648,nj,"New Jersey",Volleyball,"0-1B Bergenfield 0-0 Hackensack 4:15p"
3649,nj,"New Jersey",Volleyball,"0-0R Ridgefield Park 0-1B Bergen Charter 4:15p"
3650,nj,"New Jersey",Volleyball,"0-0A Academy of the Holy Angels 0-0 Pascack Hills 4:15p"
3651,nj,"New Jersey",Volleyball,"0-0 NV - Old Tappan 2-0 Immaculate Heart Academy 4:15p"
3652,nj,"New Jersey",Volleyball,"0-0 Hoboken 0-0 Union City 4:30p"
3653,nj,"New Jersey",Volleyball,"0-0 Bayonne 0-0 Kearny 4:30p"
3654,nj,"New Jersey",Volleyball,"0-0 West Milford 0-0 Passaic 4:30p"
3655,nj,"New Jersey",Volleyball,"0-0 Beloved Community Charter 0-0 Hudson Catholic 4:30p"
3656,nj,"New Jersey",Volleyball,"0-0 Memorial 0-0 North Bergen 4:30p"
3657,nj,"New Jersey",Volleyball,"0-0 Rancocas Valley 0-0N Northern Burlington 5p"
3658,nj,"New Jersey",Volleyball,"0-0 Ocean City 0-0 Egg Harbor Township 5:15p"
3659,nj,"New Jersey",Volleyball,"0-0 Toms River East 0-0 Donovan Catholic 5:15p"
3660,nj,"New Jersey",Volleyball,"0-0 Absegami 0-0O Our Lady of Mercy Academy 5:15p"
3661,nj,"New Jersey",Volleyball,"0-0 Central Regional 0-0B Barnegat 5:15p"
3662,nj,"New Jersey",Volleyball,"0-0 Winslow Township 0-0 Triton 5:15p"
3663,nj,"New Jersey",Volleyball,"0-0 Watchung Hills Regional 0-1 Voorhees 5:15p"
3664,nj,"New Jersey",Volleyball,"1-0 Eastern 0-0 Camden Catholic 5:15p"
3665,nj,"New Jersey",Volleyball,"0-1 Notre Dame 0-1 Hopewell Valley Central 5:15p"
3666,nj,"New Jersey",Volleyball,"0-0 Pleasantville 0-1 Hammonton 5:15p"
3667,nj,"New Jersey",Volleyball,"0-0 Riverside 0-0 Florence Township Memorial 5:15p"
3668,nj,"New Jersey",Volleyball,"0-0 Mount St. Mary Academy 1-0 Hillsborough 5:15p"
3669,nj,"New Jersey",Volleyball,"0-0 Oakcrest 0-0 Mainland Regional 5:15p"
3670,nj,"New Jersey",Volleyball,"0-0 Pinelands Regional 0-0 Toms River South 5:15p"
3671,nj,"New Jersey",Volleyball,"0-0 Highland Regional 0-0 Westampton Tech 5:15p"
3672,nj,"New Jersey",Volleyball,"0-0 Lower Cape May 0-0 Middle Township 5:15p"
3673,nj,"New Jersey",Volleyball,"0-0C Camden Academy Charter 0-0 LEAP Academy 5:15p"
3674,nj,"New Jersey",Volleyball,"0-0 Point Pleasant Beach 0-0L Long Branch 5:15p"
3675,nj,"New Jersey",Volleyball,"1-0 South Brunswick 0-1 North Plainfield 5:30p"
3676,nj,"New Jersey",Volleyball,"0-1 Colonia 0-0 East Brunswick 5:30p"
3677,nj,"New Jersey",Volleyball,"2-0 Warren Hills Regional 0-0 Ridge 5:30p"
3678,nj,"New Jersey",Volleyball,"0-0 North Hunterdon 0-0 Bridgewater-Raritan 5:30p"
3679,nj,"New Jersey",Volleyball,"0-0 Parsippany 0-0P Pequannock 5:30p"
3680,nj,"New Jersey",Volleyball,"0-0W Woodbridge 0-1M Mother Seton 5:30p"
3681,nj,"New Jersey",Volleyball,"0-0C Carteret 1-0 Kennedy Memorial 5:30p"
3682,nj,"New Jersey",Volleyball,"1-0 Monroe Township 0-0 J.P. Stevens 5:30p"
3683,nj,"New Jersey",Volleyball,"1-0 Old Bridge 0-0P Piscataway 5:30p"
3684,nj,"New Jersey",Volleyball,"0-0 Red Bank Catholic 0-1 Holmdel 5:30p"
3685,nj,"New Jersey",Volleyball,"2-0 Highland Park 0-0 Wardlaw Hartridge 5:30p"
3686,nj,"New Jersey",Volleyball,"0-2 North Brunswick 0-1E Edison 5:30p"
3687,nj,"New Jersey",Volleyball,"0-0 Lincoln 0-0T Texas Empowerment Academy 4:30p"
3688,nj,"New Jersey",Volleyball,"0-0 Gill St. Bernard's 0-0 Immaculata 5:30p"
3689,nj,"New Jersey",Volleyball,"1-0N New Brunswick 0-0 South River 5:30p"
3690,nj,"New Jersey",Volleyball,"1-0 River Dell 0-0 Ridgewood 5:45p"
3691,nj,"New Jersey",Volleyball,"0-0T Teaneck 0-0 Cliffside Park 9:15p"
3692,nj,"New Jersey",Volleyball,"Related ScoreboardsLeagues Big North - FreedomBig North - NationalBig North - PatriotBig North - UnitedBig North - VCape/AtlanticColonial ValleyFreelanceGreater Middlesex - RedGreater Middlesex - White Associations New Jersey State Interscholastic Athletic Association"
3693,nj,"New Jersey",Volleyball,"Thursday, Sep. 3 3-0 Bishop Moore 4-0 (#4) Orangewood Christian 6p 7-0 (#22) Mother McAuley 5-2 Lincoln-Way East 5p 0-2 Berkeley Prep 7-0 (#21) Calvary Christian 6:30p 10-0 (#3) Assumption 10-3 Providence 7p 3-0 (#10) Harrisburg 1-1 Washington 6:30p 2-4 Avon 10-0 (#25) Hamilton Southeastern 7:30p 1-0 (#11) Torrey Pines 11-0 (#1) Sierra Canyon 5:30p 6-3 Mira Costa 6-0 (#2) Mater Dei 5:45p 1-0 (#13) Cathedral Catholic 6-6 Southeast Career Tech 7p 0-2 Lincoln Christian 6-0 (#15) Norris"
3694,nj,"New Jersey",Volleyball,"3-0 Bishop Moore 4-0 (#4) Orangewood Christian 6p"
3695,nj,"New Jersey",Volleyball,"7-0 (#22) Mother McAuley 5-2 Lincoln-Way East 5p"
3696,nj,"New Jersey",Volleyball,"0-2 Berkeley Prep 7-0 (#21) Calvary Christian 6:30p"
3697,nj,"New Jersey",Volleyball,"10-0 (#3) Assumption 10-3 Providence 7p"
3698,nj,"New Jersey",Volleyball,"3-0 (#10) Harrisburg 1-1 Washington 6:30p"
3699,nj,"New Jersey",Volleyball,"2-4 Avon 10-0 (#25) Hamilton Southeastern 7:30p"
3700,nj,"New Jersey",Volleyball,"1-0 (#11) Torrey Pines 11-0 (#1) Sierra Canyon 5:30p"
3701,nj,"New Jersey",Volleyball,"6-3 Mira Costa 6-0 (#2) Mater Dei 5:45p"
3702,nj,"New Jersey",Volleyball,"1-0 (#13) Cathedral Catholic 6-6 Southeast Career Tech 7p"
3703,nj,"New Jersey",Volleyball,"0-2 Lincoln Christian 6-0 (#15) Norris"
3704,nm,"New Mexico",Volleyball,"There are 25 matches for New Mexico volleyball on Thu, 9/3/2026. The featured matches are by New Mexico top ranked teams La Cueva (Albuquerque, NM) @ #1 Cleveland (Rio Rancho, NM), #8 Tatum (NM) @ Dexter (NM), and Eldorado (Albuquerque, NM) @ #11 Albuquerque (NM). The first match, Coronado (Gallina, NM) @ Wingate (Fort Wingate, NM), starts at 5p. Related Content New Mexico Girls Volleyball Stat LeadersNew Mexico Girls Volleyball PlayoffsNew Mexico Girls Volleyball Rankings New Mexico High School Volleyball Schedule 25 Matches 0-3 Coronado 0-2 Wingate 5p 1-1 Jemez Valley 2-0 To'hajiilee 5p console.log('MaxPrepsAds - createMark: Element Defined - leaderboard-banner-inc1');performance && performance.mark && performance.mark('MaxPrepsAds - Element Defined: leaderboard-banner-inc1'); 0-4 Deming 3-1 (#19) Cobre 5p 0-0 Evangel Christian Academy 1-2 Mountainair 5p 1-1 Robertson 1-1 Cottonwood Classical Prep 5:15p 2-1 Carrizozo 1-3 Dora 5:30p 2-2 Clayton 2-1 Maxwell 5:30p 0-5 Floyd 0-3 San Jon 5:30p 2-3 Atrisco Heritage Academy 1-2 Cibola 6p 2-2 Ramah 1-0 Pine Hill 6p 2-2 East Mountain 2-3 Del Norte 6p 0-0 Hozho Academy 1-2 Zuni 6p 1-2 Carlsbad 3-3 Ruidoso 6p 2-1 Eldorado 5-3 (#11) Albuquerque 6p 2-0 Crownpoint 0-1 Newcomb 6p 0-2 Rio Grande 2-0 Albuquerque Academy 6p 1-1 Penasco 2-3 Cimarron 6p 0-4 Gallup 2-0 Navajo Prep 6p 1-4 Socorro 1-1 Alamo Navajo 6p 0-2 Espanola Valley 1-2 Bernalillo 6p 2-1 (#22) Eunice 0-4 Lovington 6p 2-2 Hagerman 3-2 (#23) Elida 6p 4-0 (#8) Tatum 4-1 Dexter 6p 2-0 La Cueva 6-0 (#1) Cleveland 6p 4-0 Clovis Christian 4-2 (#12) Roy/Mosquero 6p"
3705,nm,"New Mexico",Volleyball,"0-3 Coronado 0-2 Wingate 5p"
3706,nm,"New Mexico",Volleyball,"1-1 Jemez Valley 2-0 To'hajiilee 5p"
3707,nm,"New Mexico",Volleyball,"0-4 Deming 3-1 (#19) Cobre 5p"
3708,nm,"New Mexico",Volleyball,"0-0 Evangel Christian Academy 1-2 Mountainair 5p"
3709,nm,"New Mexico",Volleyball,"1-1 Robertson 1-1 Cottonwood Classical Prep 5:15p"
3710,nm,"New Mexico",Volleyball,"2-1 Carrizozo 1-3 Dora 5:30p"
3711,nm,"New Mexico",Volleyball,"2-2 Clayton 2-1 Maxwell 5:30p"
3712,nm,"New Mexico",Volleyball,"0-5 Floyd 0-3 San Jon 5:30p"
3713,nm,"New Mexico",Volleyball,"2-3 Atrisco Heritage Academy 1-2 Cibola 6p"
3714,nm,"New Mexico",Volleyball,"2-2 Ramah 1-0 Pine Hill 6p"
3715,nm,"New Mexico",Volleyball,"2-2 East Mountain 2-3 Del Norte 6p"
3716,nm,"New Mexico",Volleyball,"0-0 Hozho Academy 1-2 Zuni 6p"
3717,nm,"New Mexico",Volleyball,"1-2 Carlsbad 3-3 Ruidoso 6p"
3718,nm,"New Mexico",Volleyball,"2-1 Eldorado 5-3 (#11) Albuquerque 6p"
3719,nm,"New Mexico",Volleyball,"2-0 Crownpoint 0-1 Newcomb 6p"
3720,nm,"New Mexico",Volleyball,"0-2 Rio Grande 2-0 Albuquerque Academy 6p"
3721,nm,"New Mexico",Volleyball,"1-1 Penasco 2-3 Cimarron 6p"
3722,nm,"New Mexico",Volleyball,"0-4 Gallup 2-0 Navajo Prep 6p"
3723,nm,"New Mexico",Volleyball,"1-4 Socorro 1-1 Alamo Navajo 6p"
3724,nm,"New Mexico",Volleyball,"0-2 Espanola Valley 1-2 Bernalillo 6p"
3725,nm,"New Mexico",Volleyball,"2-1 (#22) Eunice 0-4 Lovington 6p"
3726,nm,"New Mexico",Volleyball,"2-2 Hagerman 3-2 (#23) Elida 6p"
3727,nm,"New Mexico",Volleyball,"4-0 (#8) Tatum 4-1 Dexter 6p"
3728,nm,"New Mexico",Volleyball,"2-0 La Cueva 6-0 (#1) Cleveland 6p"
3729,nm,"New Mexico",Volleyball,"4-0 Clovis Christian 4-2 (#12) Roy/Mosquero 6p"
3730,nm,"New Mexico",Volleyball,"Related ScoreboardsDistricts 1A District 11A District 21A District 31A District 41A District 51A District 61A District 72A District 12A District 22A District 3 Associations New Mexico Activities AssociationNew Mexico High School Coaches Association Metros Albuquerque"
3731,nm,"New Mexico",Volleyball,"Thursday, Sep. 3 3-0 Bishop Moore 4-0 (#4) Orangewood Christian 6p 7-0 (#22) Mother McAuley 5-2 Lincoln-Way East 5p 0-2 Berkeley Prep 7-0 (#21) Calvary Christian 6:30p 10-0 (#3) Assumption 10-3 Providence 7p 3-0 (#10) Harrisburg 1-1 Washington 6:30p 2-4 Avon 10-0 (#25) Hamilton Southeastern 7:30p 1-0 (#11) Torrey Pines 11-0 (#1) Sierra Canyon 5:30p 6-3 Mira Costa 6-0 (#2) Mater Dei 5:45p 1-0 (#13) Cathedral Catholic 6-6 Southeast Career Tech 7p 0-2 Lincoln Christian 6-0 (#15) Norris"
3732,nm,"New Mexico",Volleyball,"3-0 Bishop Moore 4-0 (#4) Orangewood Christian 6p"
3733,nm,"New Mexico",Volleyball,"7-0 (#22) Mother McAuley 5-2 Lincoln-Way East 5p"
3734,nm,"New Mexico",Volleyball,"0-2 Berkeley Prep 7-0 (#21) Calvary Christian 6:30p"
3735,nm,"New Mexico",Volleyball,"10-0 (#3) Assumption 10-3 Providence 7p"
3736,nm,"New Mexico",Volleyball,"3-0 (#10) Harrisburg 1-1 Washington 6:30p"
3737,nm,"New Mexico",Volleyball,"2-4 Avon 10-0 (#25) Hamilton Southeastern 7:30p"
3738,nm,"New Mexico",Volleyball,"1-0 (#11) Torrey Pines 11-0 (#1) Sierra Canyon 5:30p"
3739,nm,"New Mexico",Volleyball,"6-3 Mira Costa 6-0 (#2) Mater Dei 5:45p"
3740,nm,"New Mexico",Volleyball,"1-0 (#13) Cathedral Catholic 6-6 Southeast Career Tech 7p"
3741,nm,"New Mexico",Volleyball,"0-2 Lincoln Christian 6-0 (#15) Norris"
3742,ny,"New York",Volleyball,"There are 51 matches for New York volleyball on Thu, 9/3/2026. The first match, Cardinal Spellman (Bronx, NY) vs. Viera (FL), starts at 12:45p. Related Content New York Girls Volleyball Stat LeadersNew York Girls Volleyball PlayoffsNew York Girls Volleyball Rankings Catholic1 Match 0-0 Cardinal Spellman 5-0 Viera 12:45p console.log('MaxPrepsAds - createMark: Element Defined - leaderboard-banner-inc1');performance && performance.mark && performance.mark('MaxPrepsAds - Element Defined: leaderboard-banner-inc1'); Section 17 Matches 2-2 Paul Laurence Dunbar 1-0 Ursuline 12:45p 0-0 Scarsdale 3-1 Boca Raton Christian 2p 0-0 Scarsdale 15-7 Andrews 3:15p 0-0 Dobbs Ferry 0-0 Pearl River 4:30p 0-0 Arlington 0-0 Lakeland 4:30p 0-0 Scarsdale 8-1 Cherokee 4:30p 0-0 Harrison 0-0 Mamaroneck 4:30p Section 23 Matches 0-0 Johnstown 0-0 Schoharie 4p 0-0 Burnt Hills-Ballston Lake 0-0 Troy 5:30p 0-0 Mayfield 0-0 Corinth 6:30p Section 32 Matches 0-0 Baldwinsville 0-0 Indian River 5p 0-0 Fayetteville-Manlius 0-0 Westhill 6p Section 43 Matches 0-0 Oneonta 7-9 King's Ridge Christian 4:30p 0-0 Chenango Forks 0-0 Harpursville 5p 0-0 Oneonta 16-4 North Hall Section 513 Matches 0-0 Finney 0-0 Aquinas Institute 4:30p 0-0 Harley Allendale Columbia 0-0 Brighton 4:30p 0-0 Martin Luther 0-0 Brooklyn Friends 5p 0-0 Holley 0-0 Wheatland-Chili 5p 0-0 Fillmore 0-0 Letchworth 5:30p 0-0 Lyons 0-0 Sodus 6:15p 0-0 East Rochester 0-0 Marion 6:15p 0-0 North Rose-Wolcott 0-0 Clyde-Savannah 6:15p 0-0 Midlakes 0-0 Palmyra-Macedon 6:30p 0-0 Kendall 0-0 Newfane 6:30p 0-0 Rush-Henrietta 0-0 Spencerport 6:30p 0-0 Royalton-Hartland 0-0 Oakfield-Alabama 6:30p 0-0 Hornell 0-0 Le Roy 7p Section 614 Matches 0-0 Kenmore East 0-0 Grand Island 6p 0-0 Lewiston-Porter 0-0 Kenmore West 6p 0-0 Cattaraugus-Little Valley 0-0 Gowanda 6:30p 1-0 Randolph 0-0 West Valley Central 6:30p 0-0 Kendall 0-0 Newfane 6:30p 0-0 Olean 0-0 Portville 6:30p 0-0 Royalton-Hartland 0-0 Oakfield-Alabama 6:30p 0-0 Jamestown 0-1 Falconer 6:30p 0-0 Pioneer 0-0 Griffith Institute 6:30p 0-0 Medina 0-0 Alden 6:30p 0-0 Salamanca 0-0 Ellicottville 6:30p 0-0 Cassadaga Valley 0-0 Brocton 6:30p 0-0 Depew 0-0 Tonawanda 6:45p 0-0 Iroquois 0-0 East Aurora 7p Section 7/101 Match 0-0 Gouverneur 0-0 Madrid-Waddington 6:30p Section 81 Match 0-0 Syosset 0-0 Plainedge 5p Section 92 Matches 0-1 Delaware Valley 0-0 Bound Brook 4p 0-0 Port Jervis 0-0 Pine Bush 6p Section 104 Matches 0-0 Clifton-Fine 0-0 Ogdensburg Free Academy 6:30p 0-0 Chateaugay 0-0 Salmon River 6:30p 0-0 Potsdam 0-0 Canton 6:30p 0-0 Gouverneur 0-0 Madrid-Waddington 6:30p Section 12 PSAL4 Matches 0-0 Horace Mann 0-0 Chapin 3p 0-0 St. Ann's 0-0 Poly Prep Country Day 4p 0-0 Martin Luther 0-0 Brooklyn Friends 5p 0-0 Masters 0-0 Trevor Day"
3743,ny,"New York",Volleyball,"0-0 Cardinal Spellman 5-0 Viera 12:45p"
3744,ny,"New York",Volleyball,"2-2 Paul Laurence Dunbar 1-0 Ursuline 12:45p"
3745,ny,"New York",Volleyball,"0-0 Scarsdale 3-1 Boca Raton Christian 2p"
3746,ny,"New York",Volleyball,"0-0 Scarsdale 15-7 Andrews 3:15p"
3747,ny,"New York",Volleyball,"0-0 Dobbs Ferry 0-0 Pearl River 4:30p"
3748,ny,"New York",Volleyball,"0-0 Arlington 0-0 Lakeland 4:30p"
3749,ny,"New York",Volleyball,"0-0 Scarsdale 8-1 Cherokee 4:30p"
3750,ny,"New York",Volleyball,"0-0 Harrison 0-0 Mamaroneck 4:30p"
3751,ny,"New York",Volleyball,"0-0 Johnstown 0-0 Schoharie 4p"
3752,ny,"New York",Volleyball,"0-0 Burnt Hills-Ballston Lake 0-0 Troy 5:30p"
3753,ny,"New York",Volleyball,"0-0 Mayfield 0-0 Corinth 6:30p"
3754,ny,"New York",Volleyball,"0-0 Baldwinsville 0-0 Indian River 5p"
3755,ny,"New York",Volleyball,"0-0 Fayetteville-Manlius 0-0 Westhill 6p"
3756,ny,"New York",Volleyball,"0-0 Oneonta 7-9 King's Ridge Christian 4:30p"
3757,ny,"New York",Volleyball,"0-0 Chenango Forks 0-0 Harpursville 5p"
3758,ny,"New York",Volleyball,"0-0 Oneonta 16-4 North Hall"
3759,ny,"New York",Volleyball,"0-0 Finney 0-0 Aquinas Institute 4:30p"
3760,ny,"New York",Volleyball,"0-0 Harley Allendale Columbia 0-0 Brighton 4:30p"
3761,ny,"New York",Volleyball,"0-0 Martin Luther 0-0 Brooklyn Friends 5p"
3762,ny,"New York",Volleyball,"0-0 Holley 0-0 Wheatland-Chili 5p"
3763,ny,"New York",Volleyball,"0-0 Fillmore 0-0 Letchworth 5:30p"
3764,ny,"New York",Volleyball,"0-0 Lyons 0-0 Sodus 6:15p"
3765,ny,"New York",Volleyball,"0-0 East Rochester 0-0 Marion 6:15p"
3766,ny,"New York",Volleyball,"0-0 North Rose-Wolcott 0-0 Clyde-Savannah 6:15p"
3767,ny,"New York",Volleyball,"0-0 Midlakes 0-0 Palmyra-Macedon 6:30p"
3768,ny,"New York",Volleyball,"0-0 Kendall 0-0 Newfane 6:30p"
3769,ny,"New York",Volleyball,"0-0 Rush-Henrietta 0-0 Spencerport 6:30p"
3770,ny,"New York",Volleyball,"0-0 Royalton-Hartland 0-0 Oakfield-Alabama 6:30p"
3771,ny,"New York",Volleyball,"0-0 Hornell 0-0 Le Roy 7p"
3772,ny,"New York",Volleyball,"0-0 Kenmore East 0-0 Grand Island 6p"
3773,ny,"New York",Volleyball,"0-0 Lewiston-Porter 0-0 Kenmore West 6p"
3774,ny,"New York",Volleyball,"0-0 Cattaraugus-Little Valley 0-0 Gowanda 6:30p"
3775,ny,"New York",Volleyball,"1-0 Randolph 0-0 West Valley Central 6:30p"
3776,ny,"New York",Volleyball,"0-0 Kendall 0-0 Newfane 6:30p"
3777,ny,"New York",Volleyball,"0-0 Olean 0-0 Portville 6:30p"
3778,ny,"New York",Volleyball,"0-0 Royalton-Hartland 0-0 Oakfield-Alabama 6:30p"
3779,ny,"New York",Volleyball,"0-0 Jamestown 0-1 Falconer 6:30p"
3780,ny,"New York",Volleyball,"0-0 Pioneer 0-0 Griffith Institute 6:30p"
3781,ny,"New York",Volleyball,"0-0 Medina 0-0 Alden 6:30p"
3782,ny,"New York",Volleyball,"0-0 Salamanca 0-0 Ellicottville 6:30p"
3783,ny,"New York",Volleyball,"0-0 Cassadaga Valley 0-0 Brocton 6:30p"
3784,ny,"New York",Volleyball,"0-0 Depew 0-0 Tonawanda 6:45p"
3785,ny,"New York",Volleyball,"0-0 Iroquois 0-0 East Aurora 7p"
3786,ny,"New York",Volleyball,"0-0 Gouverneur 0-0 Madrid-Waddington 6:30p"
3787,ny,"New York",Volleyball,"0-0 Syosset 0-0 Plainedge 5p"
3788,ny,"New York",Volleyball,"0-1 Delaware Valley 0-0 Bound Brook 4p"
3789,ny,"New York",Volleyball,"0-0 Port Jervis 0-0 Pine Bush 6p"
3790,ny,"New York",Volleyball,"0-0 Clifton-Fine 0-0 Ogdensburg Free Academy 6:30p"
3791,ny,"New York",Volleyball,"0-0 Chateaugay 0-0 Salmon River 6:30p"
3792,ny,"New York",Volleyball,"0-0 Potsdam 0-0 Canton 6:30p"
3793,ny,"New York",Volleyball,"0-0 Gouverneur 0-0 Madrid-Waddington 6:30p"
3794,ny,"New York",Volleyball,"0-0 Horace Mann 0-0 Chapin 3p"
3795,ny,"New York",Volleyball,"0-0 St. Ann's 0-0 Poly Prep Country Day 4p"
3796,ny,"New York",Volleyball,"0-0 Martin Luther 0-0 Brooklyn Friends 5p"
3797,ny,"New York",Volleyball,"0-0 Masters 0-0 Trevor Day"
3798,ny,"New York",Volleyball,"Related ScoreboardsSections CatholicHarvard CupHudson RiverMonsignor MartinSection 1Section 2Section 3Section 4Section 5Section 6Section 7Section 7/10Section 8Section 9Section 10Section 11Section 12 PSAL Associations New York State Public High School Athletic AssociationNYSPHSAA Section IIINYSPHSAA Section VNYSPHSAA Section X Metros AlbanyBinghamtonBuffaloElmira New YorkRochesterSyracuseUticaWatertown"
3799,nc,"North Carolina",Volleyball,"There are 253 matches for North Carolina volleyball on Thu, 9/3/2026. The featured matches are by North Carolina top ranked teams Corvian Community (Charlotte, NC) @ #1 Lake Norman Charter (Huntersville, NC), #2 Reagan (Pfafftown, NC) @ Mount Tabor (Winston-Salem, NC), and Apex Friendship (Apex, NC) @ #3 Green Level (Cary, NC). The first match, Argyle (TX) vs. Cherokee (NC), starts at 2p. Related Content North Carolina Girls Volleyball Stat LeadersNorth Carolina Girls Volleyball PlayoffsNorth Carolina Girls Volleyball Rankings North Carolina High School Volleyball Schedule 253 Matches 16-4 Argyle 8-1 Cherokee 2p 8-1 Cherokee 3-1 Boca Raton Christian 3:15p console.log('MaxPrepsAds - createMark: Element Defined - leaderboard-banner-inc1');performance && performance.mark && performance.mark('MaxPrepsAds - Element Defined: leaderboard-banner-inc1'); 1-5 New Life Academy 0-0R Rock Church 4p 0-3 ALCA 0-0 South Pointe Christian 4p 5-6 Smithfield-Selma 0-5 Southeast Raleigh 4p 0-0P Pine Mountain Academy 1-2 Cornerstone Christian Academy 4p 4-7 Cape Fear Christian Academy 2-3 SHHA 4:30p 5-0 RMCA 2-4 Bethel Christian Academy 4:30p 0-0 Scarsdale 8-1 Cherokee 4:30p 1-3F Fellowship Christian Academy 4-0T Terra Ceia Christian 4:30p 2-2 Carolina Christian 3-2 HOPE Academy 4:30p 1-2 Legacy Athletics 1-2 Oak Ridge Military Academy 4:30p 0-3 Greater Vision Academy 1-4 Faith Christian 5p 1-5 Northampton County 1-2 Weldon STEM 5p 2-3 NorthPoint Christian Academy 0-0 The Fletcher School 5p 0-2 Faith Christian Academy 2-2 Hayworth Christian 5p 0-7 Southern Wayne 8-0 Northern Nash 5p 8-1 Cedar Ridge 9-2 Carrboro 5p 5-6 Smithfield-Selma 0-5 Southeast Raleigh 5p 2-2 Thales Academy Apex 10-1 Grace Christian 5p 1-5 Harrells Christian Academy 9-2 Faith Christian 5p 2-3 Central Carolina Academy 0-6 Southern Wake Academy 5p V Varsity Opponent 1-2 Cornerstone Christian Academy 5p 7-3 Hunt 4-4 Southern Nash 5p 0-0 MCCA 0-5 Unity Christian Academy 5p 3-6 Oak Level Baptist Academy 4-1 Shining Light Academy 5p 0-2 KIPP Pride 0-3 NHCTA 5p 5-0 Warren County 4-0 SCPA 5p 4-1 Hilltop Christian 0-2 Living Water Christian 5p 3-2 Community Christian 2-2 Gramercy Christian 5p 0-2 Temple Christian 3-0 Antioch Christian Academy 5p 2-3 Alabama School for the Deaf 9-4 Fayetteville 4p 2-3 New Manna Christian 1-2 Shining Light Baptist Academy 5p 4-9 Charlotte Christian 3-5 Cannon 5p 0-4 Bonnie Cone Leadership Academy 2-4 Carolina International 5p 5-0 Pinnacle Classical Academy 0-2 Christian Family Academy 5p 4-4 C.B. Aycock 2-5 Rocky Mount 5p 3-5 South Granville 4-1 Louisburg 5p 1-5 Franklinton 6-1 (#17) Bunn 5p 0-7 Harding University 1-7 POBAT 5p 0-0 Alexander Christian Academy 0-1 Heritage Christian 5p 3-3 Union Grove Christian 0-5 Vandalia Christian 5:15p 9-2 NRCA 4-1 Ravenscroft 5:15p 4-2 SouthLake Christian Academy 5-7 High Point Christian Academy 5:15p 4-4 TDACH 1-3 Burlington Christian Academy 5:15p 0-7 Rocky Mount Academy 3-2 John Paul II Catholic 5:15p 0-8 White Oak 8-0 Swansboro 5:30p 4-0 Hickory Christian Academy 2-2 North Hills Christian 5:30p 3-6 Cleveland 5-6 Garner 5:30p 6-3 Calvary Christian 0-2T True Gospel Christian 5:30p 5-4 Fuquay-Varina 5-5 Felton Grove 5:30p 1-6 Spring Creek 2-4 Princeton 5:30p 2-4 West Columbus 6-3 East Bladen 5:30p 4-5 CHASE 4-6 East Rutherford 5:30p 3-2 NAFAAAT 5-1 Pasquotank County 5:30p 1-2 Faith Christian Academy 1-2 Pamlico Christian Academy 5:30p 4-5 Draughn 3-7 Hibriten 5:30p 4-2 East Davidson 0-8 Jordan-Matthews 5:30p 5-4 West Carteret 3-5 Northside - Jacksonville 5:30p 4-3 Patton 0-6 West Caldwell 5:30p 2-7 Cary Christian 8-3 GRACE Christian 5:30p 2-3 LPCA 2-3 Hickory Grove Christian 5:30p 3-5 Richlands 3-8 Croatan 5:30p 0-3 Henderson Collegiate 7-1 Falls Lake Academy 5:30p 7-0 (#23) Midway 4-6 Wallace-Rose Hill 5:30p 3-4 Albemarle School 10-0 Halifax Academy 5:30p 7-4 Ridgecroft 0-8 Northeast Academy 5:30p 9-1 Fike 0-6 South Central 5:30p 0-1 Haw River Christian Academy 0-5 The Hawbridge School 5:30p 0-8 Bear Grass Charter 3-3 North East Carolina Prep 5:30p 6-0 Jackson Day 5-4 TJCA 5:30p 0-1 Grace Christian 2-1 Cornerstone Christian Academy 5:30p 2-6 Jordan 4-3 Durham Academy 5:30p 9-0 (#19) Perquimans County 1-8 Hobgood Charter 5:30p 6-2 Goldsboro 2-5 James Kenan 5:30p 3-6 Clayton 5-4 South Garner 5:30p 3-2 Gospel Light Christian 2-3 Woodland Baptist Christian 5:30p 3-6 East Burke 7-4 R-S Central 5:30p 3-2 Chambers 1-3 Garinger 5:30p 5-4 Faith Academy Charter 1-2 Grace Academy 5:30p 0-2 Cristo Rey Research Triangle 7-2 Northern Durham 5:30p 5-4 Harnett Central 10-0 (#9) West Johnston 5:30p 11-1 Southern Lee 5-3 Union Pines 5:45p 5-5 Triton 5-4 Western Harnett 5:45p 5-4 Asheboro Hybrid Academy 0-2 Cresset Christian Academy 5:45p 3-6 Chatham Central 6-7 Bishop McGuinness 5:45p 5-1 Wesleyan Christian Academy 9-0 (#6) Wake Christian Academy 5:45p 7-1 Maiden 2-8 East Lincoln 6p 6-7 Porter Ridge 3-6 Piedmont 6p 2-4 Panther Creek 10-1 Green Hope 6p 0-5 Seventy-First 1-1 Douglas Byrd 6p 0-4 Trinity Christian 4-7 Freedom Christian Academy 6p 1-6 Kings Mountain 1-5 North Gaston 6p 0-9 Highlands 0-6 Blue Ridge Early College 6p 0-3 Millersville Christian Academy V Varsity Opponent 6p 5-3 Apex Friendship 10-0 (#3) Green Level 6p 3-4 Green Sea Floyds 8-1 South Columbus 6p 6-1 River Mill Academy 6-1 Woods Charter 6p 7-0 Smoky Mountain 9-0 (#11) West Henderson 6p 2-5 Pungo Christian Academy 3-8 Kerr-Vance Academy 6p 6-4 South Point 0-4 Huss 6p 1-6 Queen's Grant 9-1 Mountain Island Charter 6p 9-2 North Stanly 6-1 Gray Stone Day 6p 0-4 Cummings 2-6 Person 6p 9-0 (#14) North Iredell 5-5 Surry Central 6p 0-8 Triad Math and Science Academy 4-2 Millennium Charter Academy 6p 6-3 South Johnston 8-1 Lee County 6p 5-1 Charlotte Country Day School 5-5 Gaston Christian 6p 1-5 Bunker Hill 5-3 North Lincoln 6p 3-3 Millbrook 3-4 Wakefield 6p 0-3 Georgia School for the Deaf 0-0 Tennessee School for the Deaf 5p 0-4 Nantahala 1-4 Summit Charter Academy 6p 6-4 West Stanly 2-7 CATA 6p 3-4 Swain County 6-2 Robbinsville 6p 0-8 East Henderson 3-4 Brevard 6p 7-3 Chatham Charter 2-4 Ascend Leadership Academy 6p 1-2 Northeastern 11-2 Holmes 6p 10-2 (#12) J.H. Rose 2-6 Ayden - Grifton 6p 0-10 North Henderson 12-0 (#25) Franklin 6p 2-3 Corvian Community 11-0 (#1) Lake Norman Charter 6p 7-3 Middle Creek 6-0 (#4) Cardinal Gibbons 6p 3-5 Southern Alamance 1-5 Graham 6p 12-2 Christ the King 5-3 Community School of Davidson 6p 0-0 Westover 0-5 South View 6p 7-8 East Rowan 7-1 South Rowan 6p 5-4 Fayetteville Christian 5-3 Village Christian Academy 6p 1-3 Wilson Christian Academy 3-4 Greenfield 6p 4-6 Burns 5-4 Freedom 6p 5-2 McMichael 0-2 Carver 6p 6-4 West Cabarrus 1-7 Olympic 6p 7-2 Seaforth 3-6 J.F. Webb 6p 2-10 Union Academy 2-2 Albemarle 6p 9-2 Crest 3-4 Forestview 6p 8-0 Manteo 1-5 Cape Hatteras Secondary 6p 3-1 The Oakwood School 1-5 Lawrence Academy 6p 3-4 Eastern Guilford 0-4 High Point Central 6p 4-2 IC Imagine 1-2 Mount Pisgah Academy 6p 2-3 Providence Day 6-4 Metrolina Christian Academy 6p 3-4 Beddingfield 0-4 SouthWest Edgecombe 6p 8-3 Cornerstone Charter Academy 1-4 Phoenix Academy 6p 0-5 Ben L. Smith 0-4 Northeast Guilford 6p 4-5 North Davidson 2-2 West Stokes 6p 1-9 St. Pauls 0-2 E.E. Smith 6p 9-1 Research Triangle 6-2 Vance Charter 6p 0-3 Tabernacle Christian 2-2 Matthews Christian Academy 6p 0-7 North Pitt 3-5 North Johnston 6p 2-4 Nash Central 2-7 Knightdale 6p 2-3 Riverside-Durham 1-7 Sanderson 6p 5-2 North Brunswick 5-3 Topsail 6p 5-4 Pender 2-3 Fairmont 6p 6-2 TNCLA 1-4 Piedmont Classical 6p 3-1 Veritas Christian Academy 0-4 Community Christian Academy 6p 5-2 Lejeune 4-4 Southwest Onslow 6p 2-2 Christ the Cornerstone Academy 1-2 Maranatha Christian 6p 3-4 Havelock 7-3 Dixon 6p 5-8 R.J. Reynolds 6-5 East Surry 6p 1-1 Eastern Wayne 7-1 North Lenoir 6p 2-7 West Brunswick 3-2 Hoggard 6p 2-5 Enloe 9-1 (#18) Corinth Holders 6p 2-4 Wilkes Central 3-2 Ashe County 6p 4-3 Polk County 7-2 Mountain Heritage 6p 4-1 Bethel Christian Academy 6-2J Jacksonville Christian Academy 6p 6-3 Franklin Academy 1-8 Neuse Charter 6p 5-3 Bandys 4-6 West Iredell 6p 0-1F False River 0-1 Louisiana School for the Deaf 5p 6-6 Cuthbertson 11-6 Sun Valley 6p 7-1 Trinity 0-6 Southern Guilford 6p 6-2 Northwest Guilford 8-0 (#22) Oak Grove 6p 6-3 Bradford Prep 6-2 Lincoln Charter 6p 10-3 Carson 0-3 Jay M. Robinson 6p 6-1 Alexander Central 6-6 Mooresville 6p 12-1 (#2) Reagan 4-6 Mount Tabor 6p 2-9 TMSA 2-3 NCSSM: Durham 6p 0-6 North Rowan 6-2 South Stanly 6p 5-2 Madison 4-3 Hendersonville 6p 5-0 Camden County 5-2 Martin County 6p 5-4 North Wilkes 6-2 Elkin 6p 4-4 WSPA 2-2 TCPLA 6p 6-3 Andrews 5-2 Murphy 6p 7-1 Watauga 9-0 (#10) Hickory 6p 3-4 Leesville Road 4-5 Rolesville 6p 4-5 Cox Mill 7-3 Hickory Ridge 6p 3-6 Voyager Academy 0-3 Raleigh Charter 6p 2-5 Lincolnton 7-7 East Gaston 6p 2-4 West Rowan 4-5 Northwest Cabarrus 6p 5-1 Washington 2-5 West Craven 6p 6-5 TESGS 4-1 Arendell Parrott Academy 6p 6-2 Pine Lake Prep 3-5 Langtree Charter Academy 6p 0-5 Enka 7-3 Asheville Christian Academy 6p 2-7 Gray's Creek 0-8 Pine Forest 6p 3-4 T.W. Andrews 3-4 Lexington Senior 6p 6-1 Stuart W. Cramer 10-5 Highland Tech 6p 2-9 South Stokes 3-5 South Davidson 6p 2-4 ALAJ 3-6 Lakewood 6p 3-6 Anson 0-8 Mount Pleasant 6p 2-6 West Wilkes 0-8 Starmount 6p 6-2 Forest Hills 7-3 Parkwood 6p 3-2 West Bladen 3-7 Heide Trask 6p 0-3 Asheville School (Independent) 5-6 Asheville 6p 1-6 East Wilkes 4-4 Alleghany 6p 7-5 East Duplin 9-1 Jacksonville 6p 2-2 Hobbton 5-2 North Duplin 6p 0-7 Union 3-2 East Columbus 6p 5-4 Foard 2-8 Newton-Conover 6p 1-4 Christ Covenant 5-1 New Bern Christian Academy 6p 5-7 Calvary Day School 2-3 Concord Academy 6:15p 9-2 (#7) Grimsley 3-3 Ragsdale 6:15p 13-0 TBCA 1-4 Salem Christian School 6:15p 7-2 Central Davidson 6-4 Randleman 6:15p 3-6 Western Guilford 5-3 Dudley 6:15p 7-6 Palisades 4-3 Fort Mill 6:15p 1-9 Montgomery Central 3-4 Ledford 6:15p 5-4 Ambassador Christian School 15-0 (#5) Charlotte Latin 6:15p 8-1 (#8) Davidson Day 4-3 Winston Salem Christian 6:30p 6-2 Bartlett Yancey 3-6 Walkertown 6:30p 5-2 Forsyth Home Educators 10-5 Greensboro 6:30p 5-7 Hough 5-11 Mallard Creek 6:30p 1-5 Southeast Alamance 2-5 Williams 6:30p 1-6 Central Cabarrus 3-4 A.L. Brown 6:30p 3-3 Morehead 6-2 Reidsville 6:30p 7-3 North Surry 2-6 East Forsyth 6:30p 4-3 Asheboro 2-5 Eastern Randolph 6:30p 3-5 Durham School of the Arts 4-4 Orange 6:30p 5-3 South Iredell 2-10 North Mecklenburg 6:30p 7-0 Revolution Academy 3-5 Bethany Community 6:30p TBA 1-1R Riverside Christian Academy 6:30p 5-1 Northwood Temple Academy 4-3 Berean Baptist Academy 6:30p 6-6 Myers Park 7-8 Providence 6:30p 2-6 North Stokes 2-1 Patrick County 6:30p 3-2 Ashbrook 2-6 West Mecklenburg 6:30p 5-3 Mitchell 5-2 Owen 6:30p 7-2 East Wake Academy 2-4 Roxboro Community 6:30p 6-1 Scotland 2-4 Richmond Senior 6:30p 11-2 Southwest Guilford 3-2 Page 6:30p 3-0 York Prep 7-3 Mid-Carolina 6:30p 5-4 Avery County 9-3 T.C. Roberson 6:30p 3-7 Charlotte Catholic 7-5 East Mecklenburg 6:30p 3-6 Shelby 2-4 Cherryville 6:30p 8-5 Ashley 7-0 (#21) Laney 6:30p 3-1 Friendship Christian 5-3 TAFP 6:30p 6-4 Concord 4-6 Salisbury 6:30p 4-2 Hayesville 4-3 Rosman 6:30p 7-3 Butler 2-4 South Mecklenburg 6:30p 11-4 (#20) Weddington 12-2 (#16) Marvin Ridge 6:30p 0-4 Liberty Christian Academy 7-2 Mintz Christian Academy 6:30p 3-4 Tuscola 3-7 Pisgah 6:30p 4-1 Eastern Alamance 4-1 Western Alamance 6:30p 0-7 Rabun Gap-Nacoochee 2-7 Walhalla 7p 2-3 New Life Camp 3-2 Durham Flight HomeSchool 7p 1-1 Woodlawn 1-2 Cornerstone Christian Academy 7p 1-1 Woodlawn 0-0P Pine Mountain Academy 7p 0-5 Thales Academy Rolesville 1-2 Trinity Academy 0-0 Long Shoals Wesleyan Academy 2-2 Challenger"
3800,nc,"North Carolina",Volleyball,"16-4 Argyle 8-1 Cherokee 2p"
3801,nc,"North Carolina",Volleyball,"8-1 Cherokee 3-1 Boca Raton Christian 3:15p"
3802,nc,"North Carolina",Volleyball,"1-5 New Life Academy 0-0R Rock Church 4p"
3803,nc,"North Carolina",Volleyball,"0-3 ALCA 0-0 South Pointe Christian 4p"
3804,nc,"North Carolina",Volleyball,"5-6 Smithfield-Selma 0-5 Southeast Raleigh 4p"
3805,nc,"North Carolina",Volleyball,"0-0P Pine Mountain Academy 1-2 Cornerstone Christian Academy 4p"
3806,nc,"North Carolina",Volleyball,"4-7 Cape Fear Christian Academy 2-3 SHHA 4:30p"
3807,nc,"North Carolina",Volleyball,"5-0 RMCA 2-4 Bethel Christian Academy 4:30p"
3808,nc,"North Carolina",Volleyball,"0-0 Scarsdale 8-1 Cherokee 4:30p"
3809,nc,"North Carolina",Volleyball,"1-3F Fellowship Christian Academy 4-0T Terra Ceia Christian 4:30p"
3810,nc,"North Carolina",Volleyball,"2-2 Carolina Christian 3-2 HOPE Academy 4:30p"
3811,nc,"North Carolina",Volleyball,"1-2 Legacy Athletics 1-2 Oak Ridge Military Academy 4:30p"
3812,nc,"North Carolina",Volleyball,"0-3 Greater Vision Academy 1-4 Faith Christian 5p"
3813,nc,"North Carolina",Volleyball,"1-5 Northampton County 1-2 Weldon STEM 5p"
3814,nc,"North Carolina",Volleyball,"2-3 NorthPoint Christian Academy 0-0 The Fletcher School 5p"
3815,nc,"North Carolina",Volleyball,"0-2 Faith Christian Academy 2-2 Hayworth Christian 5p"
3816,nc,"North Carolina",Volleyball,"0-7 Southern Wayne 8-0 Northern Nash 5p"
3817,nc,"North Carolina",Volleyball,"8-1 Cedar Ridge 9-2 Carrboro 5p"
3818,nc,"North Carolina",Volleyball,"5-6 Smithfield-Selma 0-5 Southeast Raleigh 5p"
3819,nc,"North Carolina",Volleyball,"2-2 Thales Academy Apex 10-1 Grace Christian 5p"
3820,nc,"North Carolina",Volleyball,"1-5 Harrells Christian Academy 9-2 Faith Christian 5p"
3821,nc,"North Carolina",Volleyball,"2-3 Central Carolina Academy 0-6 Southern Wake Academy 5p"
3822,nc,"North Carolina",Volleyball,"V Varsity Opponent 1-2 Cornerstone Christian Academy 5p"
3823,nc,"North Carolina",Volleyball,"7-3 Hunt 4-4 Southern Nash 5p"
3824,nc,"North Carolina",Volleyball,"0-0 MCCA 0-5 Unity Christian Academy 5p"
3825,nc,"North Carolina",Volleyball,"3-6 Oak Level Baptist Academy 4-1 Shining Light Academy 5p"
3826,nc,"North Carolina",Volleyball,"0-2 KIPP Pride 0-3 NHCTA 5p"
3827,nc,"North Carolina",Volleyball,"5-0 Warren County 4-0 SCPA 5p"
3828,nc,"North Carolina",Volleyball,"4-1 Hilltop Christian 0-2 Living Water Christian 5p"
3829,nc,"North Carolina",Volleyball,"3-2 Community Christian 2-2 Gramercy Christian 5p"
3830,nc,"North Carolina",Volleyball,"0-2 Temple Christian 3-0 Antioch Christian Academy 5p"
3831,nc,"North Carolina",Volleyball,"2-3 Alabama School for the Deaf 9-4 Fayetteville 4p"
3832,nc,"North Carolina",Volleyball,"2-3 New Manna Christian 1-2 Shining Light Baptist Academy 5p"
3833,nc,"North Carolina",Volleyball,"4-9 Charlotte Christian 3-5 Cannon 5p"
3834,nc,"North Carolina",Volleyball,"0-4 Bonnie Cone Leadership Academy 2-4 Carolina International 5p"
3835,nc,"North Carolina",Volleyball,"5-0 Pinnacle Classical Academy 0-2 Christian Family Academy 5p"
3836,nc,"North Carolina",Volleyball,"4-4 C.B. Aycock 2-5 Rocky Mount 5p"
3837,nc,"North Carolina",Volleyball,"3-5 South Granville 4-1 Louisburg 5p"
3838,nc,"North Carolina",Volleyball,"1-5 Franklinton 6-1 (#17) Bunn 5p"
3839,nc,"North Carolina",Volleyball,"0-7 Harding University 1-7 POBAT 5p"
3840,nc,"North Carolina",Volleyball,"0-0 Alexander Christian Academy 0-1 Heritage Christian 5p"
3841,nc,"North Carolina",Volleyball,"3-3 Union Grove Christian 0-5 Vandalia Christian 5:15p"
3842,nc,"North Carolina",Volleyball,"9-2 NRCA 4-1 Ravenscroft 5:15p"
3843,nc,"North Carolina",Volleyball,"4-2 SouthLake Christian Academy 5-7 High Point Christian Academy 5:15p"
3844,nc,"North Carolina",Volleyball,"4-4 TDACH 1-3 Burlington Christian Academy 5:15p"
3845,nc,"North Carolina",Volleyball,"0-7 Rocky Mount Academy 3-2 John Paul II Catholic 5:15p"
3846,nc,"North Carolina",Volleyball,"0-8 White Oak 8-0 Swansboro 5:30p"
3847,nc,"North Carolina",Volleyball,"4-0 Hickory Christian Academy 2-2 North Hills Christian 5:30p"
3848,nc,"North Carolina",Volleyball,"3-6 Cleveland 5-6 Garner 5:30p"
3849,nc,"North Carolina",Volleyball,"6-3 Calvary Christian 0-2T True Gospel Christian 5:30p"
3850,nc,"North Carolina",Volleyball,"5-4 Fuquay-Varina 5-5 Felton Grove 5:30p"
3851,nc,"North Carolina",Volleyball,"1-6 Spring Creek 2-4 Princeton 5:30p"
3852,nc,"North Carolina",Volleyball,"2-4 West Columbus 6-3 East Bladen 5:30p"
3853,nc,"North Carolina",Volleyball,"4-5 CHASE 4-6 East Rutherford 5:30p"
3854,nc,"North Carolina",Volleyball,"3-2 NAFAAAT 5-1 Pasquotank County 5:30p"
3855,nc,"North Carolina",Volleyball,"1-2 Faith Christian Academy 1-2 Pamlico Christian Academy 5:30p"
3856,nc,"North Carolina",Volleyball,"4-5 Draughn 3-7 Hibriten 5:30p"
3857,nc,"North Carolina",Volleyball,"4-2 East Davidson 0-8 Jordan-Matthews 5:30p"
3858,nc,"North Carolina",Volleyball,"5-4 West Carteret 3-5 Northside - Jacksonville 5:30p"
3859,nc,"North Carolina",Volleyball,"4-3 Patton 0-6 West Caldwell 5:30p"
3860,nc,"North Carolina",Volleyball,"2-7 Cary Christian 8-3 GRACE Christian 5:30p"
3861,nc,"North Carolina",Volleyball,"2-3 LPCA 2-3 Hickory Grove Christian 5:30p"
3862,nc,"North Carolina",Volleyball,"3-5 Richlands 3-8 Croatan 5:30p"
3863,nc,"North Carolina",Volleyball,"0-3 Henderson Collegiate 7-1 Falls Lake Academy 5:30p"
3864,nc,"North Carolina",Volleyball,"7-0 (#23) Midway 4-6 Wallace-Rose Hill 5:30p"
3865,nc,"North Carolina",Volleyball,"3-4 Albemarle School 10-0 Halifax Academy 5:30p"
3866,nc,"North Carolina",Volleyball,"7-4 Ridgecroft 0-8 Northeast Academy 5:30p"
3867,nc,"North Carolina",Volleyball,"9-1 Fike 0-6 South Central 5:30p"
3868,nc,"North Carolina",Volleyball,"0-1 Haw River Christian Academy 0-5 The Hawbridge School 5:30p"
3869,nc,"North Carolina",Volleyball,"0-8 Bear Grass Charter 3-3 North East Carolina Prep 5:30p"
3870,nc,"North Carolina",Volleyball,"6-0 Jackson Day 5-4 TJCA 5:30p"
3871,nc,"North Carolina",Volleyball,"0-1 Grace Christian 2-1 Cornerstone Christian Academy 5:30p"
3872,nc,"North Carolina",Volleyball,"2-6 Jordan 4-3 Durham Academy 5:30p"
3873,nc,"North Carolina",Volleyball,"9-0 (#19) Perquimans County 1-8 Hobgood Charter 5:30p"
3874,nc,"North Carolina",Volleyball,"6-2 Goldsboro 2-5 James Kenan 5:30p"
3875,nc,"North Carolina",Volleyball,"3-6 Clayton 5-4 South Garner 5:30p"
3876,nc,"North Carolina",Volleyball,"3-2 Gospel Light Christian 2-3 Woodland Baptist Christian 5:30p"
3877,nc,"North Carolina",Volleyball,"3-6 East Burke 7-4 R-S Central 5:30p"
3878,nc,"North Carolina",Volleyball,"3-2 Chambers 1-3 Garinger 5:30p"
3879,nc,"North Carolina",Volleyball,"5-4 Faith Academy Charter 1-2 Grace Academy 5:30p"
3880,nc,"North Carolina",Volleyball,"0-2 Cristo Rey Research Triangle 7-2 Northern Durham 5:30p"
3881,nc,"North Carolina",Volleyball,"5-4 Harnett Central 10-0 (#9) West Johnston 5:30p"
3882,nc,"North Carolina",Volleyball,"11-1 Southern Lee 5-3 Union Pines 5:45p"
3883,nc,"North Carolina",Volleyball,"5-5 Triton 5-4 Western Harnett 5:45p"
3884,nc,"North Carolina",Volleyball,"5-4 Asheboro Hybrid Academy 0-2 Cresset Christian Academy 5:45p"
3885,nc,"North Carolina",Volleyball,"3-6 Chatham Central 6-7 Bishop McGuinness 5:45p"
3886,nc,"North Carolina",Volleyball,"5-1 Wesleyan Christian Academy 9-0 (#6) Wake Christian Academy 5:45p"
3887,nc,"North Carolina",Volleyball,"7-1 Maiden 2-8 East Lincoln 6p"
3888,nc,"North Carolina",Volleyball,"6-7 Porter Ridge 3-6 Piedmont 6p"
3889,nc,"North Carolina",Volleyball,"2-4 Panther Creek 10-1 Green Hope 6p"
3890,nc,"North Carolina",Volleyball,"0-5 Seventy-First 1-1 Douglas Byrd 6p"
3891,nc,"North Carolina",Volleyball,"0-4 Trinity Christian 4-7 Freedom Christian Academy 6p"
3892,nc,"North Carolina",Volleyball,"1-6 Kings Mountain 1-5 North Gaston 6p"
3893,nc,"North Carolina",Volleyball,"0-9 Highlands 0-6 Blue Ridge Early College 6p"
3894,nc,"North Carolina",Volleyball,"0-3 Millersville Christian Academy V Varsity Opponent 6p"
3895,nc,"North Carolina",Volleyball,"5-3 Apex Friendship 10-0 (#3) Green Level 6p"
3896,nc,"North Carolina",Volleyball,"3-4 Green Sea Floyds 8-1 South Columbus 6p"
3897,nc,"North Carolina",Volleyball,"6-1 River Mill Academy 6-1 Woods Charter 6p"
3898,nc,"North Carolina",Volleyball,"7-0 Smoky Mountain 9-0 (#11) West Henderson 6p"
3899,nc,"North Carolina",Volleyball,"2-5 Pungo Christian Academy 3-8 Kerr-Vance Academy 6p"
3900,nc,"North Carolina",Volleyball,"6-4 South Point 0-4 Huss 6p"
3901,nc,"North Carolina",Volleyball,"1-6 Queen's Grant 9-1 Mountain Island Charter 6p"
3902,nc,"North Carolina",Volleyball,"9-2 North Stanly 6-1 Gray Stone Day 6p"
3903,nc,"North Carolina",Volleyball,"0-4 Cummings 2-6 Person 6p"
3904,nc,"North Carolina",Volleyball,"9-0 (#14) North Iredell 5-5 Surry Central 6p"
3905,nc,"North Carolina",Volleyball,"0-8 Triad Math and Science Academy 4-2 Millennium Charter Academy 6p"
3906,nc,"North Carolina",Volleyball,"6-3 South Johnston 8-1 Lee County 6p"
3907,nc,"North Carolina",Volleyball,"5-1 Charlotte Country Day School 5-5 Gaston Christian 6p"
3908,nc,"North Carolina",Volleyball,"1-5 Bunker Hill 5-3 North Lincoln 6p"
3909,nc,"North Carolina",Volleyball,"3-3 Millbrook 3-4 Wakefield 6p"
3910,nc,"North Carolina",Volleyball,"0-3 Georgia School for the Deaf 0-0 Tennessee School for the Deaf 5p"
3911,nc,"North Carolina",Volleyball,"0-4 Nantahala 1-4 Summit Charter Academy 6p"
3912,nc,"North Carolina",Volleyball,"6-4 West Stanly 2-7 CATA 6p"
3913,nc,"North Carolina",Volleyball,"3-4 Swain County 6-2 Robbinsville 6p"
3914,nc,"North Carolina",Volleyball,"0-8 East Henderson 3-4 Brevard 6p"
3915,nc,"North Carolina",Volleyball,"7-3 Chatham Charter 2-4 Ascend Leadership Academy 6p"
3916,nc,"North Carolina",Volleyball,"1-2 Northeastern 11-2 Holmes 6p"
3917,nc,"North Carolina",Volleyball,"10-2 (#12) J.H. Rose 2-6 Ayden - Grifton 6p"
3918,nc,"North Carolina",Volleyball,"0-10 North Henderson 12-0 (#25) Franklin 6p"
3919,nc,"North Carolina",Volleyball,"2-3 Corvian Community 11-0 (#1) Lake Norman Charter 6p"
3920,nc,"North Carolina",Volleyball,"7-3 Middle Creek 6-0 (#4) Cardinal Gibbons 6p"
3921,nc,"North Carolina",Volleyball,"3-5 Southern Alamance 1-5 Graham 6p"
3922,nc,"North Carolina",Volleyball,"12-2 Christ the King 5-3 Community School of Davidson 6p"
3923,nc,"North Carolina",Volleyball,"0-0 Westover 0-5 South View 6p"
3924,nc,"North Carolina",Volleyball,"7-8 East Rowan 7-1 South Rowan 6p"
3925,nc,"North Carolina",Volleyball,"5-4 Fayetteville Christian 5-3 Village Christian Academy 6p"
3926,nc,"North Carolina",Volleyball,"1-3 Wilson Christian Academy 3-4 Greenfield 6p"
3927,nc,"North Carolina",Volleyball,"4-6 Burns 5-4 Freedom 6p"
3928,nc,"North Carolina",Volleyball,"5-2 McMichael 0-2 Carver 6p"
3929,nc,"North Carolina",Volleyball,"6-4 West Cabarrus 1-7 Olympic 6p"
3930,nc,"North Carolina",Volleyball,"7-2 Seaforth 3-6 J.F. Webb 6p"
3931,nc,"North Carolina",Volleyball,"2-10 Union Academy 2-2 Albemarle 6p"
3932,nc,"North Carolina",Volleyball,"9-2 Crest 3-4 Forestview 6p"
3933,nc,"North Carolina",Volleyball,"8-0 Manteo 1-5 Cape Hatteras Secondary 6p"
3934,nc,"North Carolina",Volleyball,"3-1 The Oakwood School 1-5 Lawrence Academy 6p"
3935,nc,"North Carolina",Volleyball,"3-4 Eastern Guilford 0-4 High Point Central 6p"
3936,nc,"North Carolina",Volleyball,"4-2 IC Imagine 1-2 Mount Pisgah Academy 6p"
3937,nc,"North Carolina",Volleyball,"2-3 Providence Day 6-4 Metrolina Christian Academy 6p"
3938,nc,"North Carolina",Volleyball,"3-4 Beddingfield 0-4 SouthWest Edgecombe 6p"
3939,nc,"North Carolina",Volleyball,"8-3 Cornerstone Charter Academy 1-4 Phoenix Academy 6p"
3940,nc,"North Carolina",Volleyball,"0-5 Ben L. Smith 0-4 Northeast Guilford 6p"
3941,nc,"North Carolina",Volleyball,"4-5 North Davidson 2-2 West Stokes 6p"
3942,nc,"North Carolina",Volleyball,"1-9 St. Pauls 0-2 E.E. Smith 6p"
3943,nc,"North Carolina",Volleyball,"9-1 Research Triangle 6-2 Vance Charter 6p"
3944,nc,"North Carolina",Volleyball,"0-3 Tabernacle Christian 2-2 Matthews Christian Academy 6p"
3945,nc,"North Carolina",Volleyball,"0-7 North Pitt 3-5 North Johnston 6p"
3946,nc,"North Carolina",Volleyball,"2-4 Nash Central 2-7 Knightdale 6p"
3947,nc,"North Carolina",Volleyball,"2-3 Riverside-Durham 1-7 Sanderson 6p"
3948,nc,"North Carolina",Volleyball,"5-2 North Brunswick 5-3 Topsail 6p"
3949,nc,"North Carolina",Volleyball,"5-4 Pender 2-3 Fairmont 6p"
3950,nc,"North Carolina",Volleyball,"6-2 TNCLA 1-4 Piedmont Classical 6p"
3951,nc,"North Carolina",Volleyball,"3-1 Veritas Christian Academy 0-4 Community Christian Academy 6p"
3952,nc,"North Carolina",Volleyball,"5-2 Lejeune 4-4 Southwest Onslow 6p"
3953,nc,"North Carolina",Volleyball,"2-2 Christ the Cornerstone Academy 1-2 Maranatha Christian 6p"
3954,nc,"North Carolina",Volleyball,"3-4 Havelock 7-3 Dixon 6p"
3955,nc,"North Carolina",Volleyball,"5-8 R.J. Reynolds 6-5 East Surry 6p"
3956,nc,"North Carolina",Volleyball,"1-1 Eastern Wayne 7-1 North Lenoir 6p"
3957,nc,"North Carolina",Volleyball,"2-7 West Brunswick 3-2 Hoggard 6p"
3958,nc,"North Carolina",Volleyball,"2-5 Enloe 9-1 (#18) Corinth Holders 6p"
3959,nc,"North Carolina",Volleyball,"2-4 Wilkes Central 3-2 Ashe County 6p"
3960,nc,"North Carolina",Volleyball,"4-3 Polk County 7-2 Mountain Heritage 6p"
3961,nc,"North Carolina",Volleyball,"4-1 Bethel Christian Academy 6-2J Jacksonville Christian Academy 6p"
3962,nc,"North Carolina",Volleyball,"6-3 Franklin Academy 1-8 Neuse Charter 6p"
3963,nc,"North Carolina",Volleyball,"5-3 Bandys 4-6 West Iredell 6p"
3964,nc,"North Carolina",Volleyball,"0-1F False River 0-1 Louisiana School for the Deaf 5p"
3965,nc,"North Carolina",Volleyball,"6-6 Cuthbertson 11-6 Sun Valley 6p"
3966,nc,"North Carolina",Volleyball,"7-1 Trinity 0-6 Southern Guilford 6p"
3967,nc,"North Carolina",Volleyball,"6-2 Northwest Guilford 8-0 (#22) Oak Grove 6p"
3968,nc,"North Carolina",Volleyball,"6-3 Bradford Prep 6-2 Lincoln Charter 6p"
3969,nc,"North Carolina",Volleyball,"10-3 Carson 0-3 Jay M. Robinson 6p"
3970,nc,"North Carolina",Volleyball,"6-1 Alexander Central 6-6 Mooresville 6p"
3971,nc,"North Carolina",Volleyball,"12-1 (#2) Reagan 4-6 Mount Tabor 6p"
3972,nc,"North Carolina",Volleyball,"2-9 TMSA 2-3 NCSSM: Durham 6p"
3973,nc,"North Carolina",Volleyball,"0-6 North Rowan 6-2 South Stanly 6p"
3974,nc,"North Carolina",Volleyball,"5-2 Madison 4-3 Hendersonville 6p"
3975,nc,"North Carolina",Volleyball,"5-0 Camden County 5-2 Martin County 6p"
3976,nc,"North Carolina",Volleyball,"5-4 North Wilkes 6-2 Elkin 6p"
3977,nc,"North Carolina",Volleyball,"4-4 WSPA 2-2 TCPLA 6p"
3978,nc,"North Carolina",Volleyball,"6-3 Andrews 5-2 Murphy 6p"
3979,nc,"North Carolina",Volleyball,"7-1 Watauga 9-0 (#10) Hickory 6p"
3980,nc,"North Carolina",Volleyball,"3-4 Leesville Road 4-5 Rolesville 6p"
3981,nc,"North Carolina",Volleyball,"4-5 Cox Mill 7-3 Hickory Ridge 6p"
3982,nc,"North Carolina",Volleyball,"3-6 Voyager Academy 0-3 Raleigh Charter 6p"
3983,nc,"North Carolina",Volleyball,"2-5 Lincolnton 7-7 East Gaston 6p"
3984,nc,"North Carolina",Volleyball,"2-4 West Rowan 4-5 Northwest Cabarrus 6p"
3985,nc,"North Carolina",Volleyball,"5-1 Washington 2-5 West Craven 6p"
3986,nc,"North Carolina",Volleyball,"6-5 TESGS 4-1 Arendell Parrott Academy 6p"
3987,nc,"North Carolina",Volleyball,"6-2 Pine Lake Prep 3-5 Langtree Charter Academy 6p"
3988,nc,"North Carolina",Volleyball,"0-5 Enka 7-3 Asheville Christian Academy 6p"
3989,nc,"North Carolina",Volleyball,"2-7 Gray's Creek 0-8 Pine Forest 6p"
3990,nc,"North Carolina",Volleyball,"3-4 T.W. Andrews 3-4 Lexington Senior 6p"
3991,nc,"North Carolina",Volleyball,"6-1 Stuart W. Cramer 10-5 Highland Tech 6p"
3992,nc,"North Carolina",Volleyball,"2-9 South Stokes 3-5 South Davidson 6p"
3993,nc,"North Carolina",Volleyball,"2-4 ALAJ 3-6 Lakewood 6p"
3994,nc,"North Carolina",Volleyball,"3-6 Anson 0-8 Mount Pleasant 6p"
3995,nc,"North Carolina",Volleyball,"2-6 West Wilkes 0-8 Starmount 6p"
3996,nc,"North Carolina",Volleyball,"6-2 Forest Hills 7-3 Parkwood 6p"
3997,nc,"North Carolina",Volleyball,"3-2 West Bladen 3-7 Heide Trask 6p"
3998,nc,"North Carolina",Volleyball,"0-3 Asheville School (Independent) 5-6 Asheville 6p"
3999,nc,"North Carolina",Volleyball,"1-6 East Wilkes 4-4 Alleghany 6p"
4000,nc,"North Carolina",Volleyball,"7-5 East Duplin 9-1 Jacksonville 6p"
4001,nc,"North Carolina",Volleyball,"2-2 Hobbton 5-2 North Duplin 6p"
4002,nc,"North Carolina",Volleyball,"0-7 Union 3-2 East Columbus 6p"
4003,nc,"North Carolina",Volleyball,"5-4 Foard 2-8 Newton-Conover 6p"
4004,nc,"North Carolina",Volleyball,"1-4 Christ Covenant 5-1 New Bern Christian Academy 6p"
4005,nc,"North Carolina",Volleyball,"5-7 Calvary Day School 2-3 Concord Academy 6:15p"
4006,nc,"North Carolina",Volleyball,"9-2 (#7) Grimsley 3-3 Ragsdale 6:15p"
4007,nc,"North Carolina",Volleyball,"13-0 TBCA 1-4 Salem Christian School 6:15p"
4008,nc,"North Carolina",Volleyball,"7-2 Central Davidson 6-4 Randleman 6:15p"
4009,nc,"North Carolina",Volleyball,"3-6 Western Guilford 5-3 Dudley 6:15p"
4010,nc,"North Carolina",Volleyball,"7-6 Palisades 4-3 Fort Mill 6:15p"
4011,nc,"North Carolina",Volleyball,"1-9 Montgomery Central 3-4 Ledford 6:15p"
4012,nc,"North Carolina",Volleyball,"5-4 Ambassador Christian School 15-0 (#5) Charlotte Latin 6:15p"
4013,nc,"North Carolina",Volleyball,"8-1 (#8) Davidson Day 4-3 Winston Salem Christian 6:30p"
4014,nc,"North Carolina",Volleyball,"6-2 Bartlett Yancey 3-6 Walkertown 6:30p"
4015,nc,"North Carolina",Volleyball,"5-2 Forsyth Home Educators 10-5 Greensboro 6:30p"
4016,nc,"North Carolina",Volleyball,"5-7 Hough 5-11 Mallard Creek 6:30p"
4017,nc,"North Carolina",Volleyball,"1-5 Southeast Alamance 2-5 Williams 6:30p"
4018,nc,"North Carolina",Volleyball,"1-6 Central Cabarrus 3-4 A.L. Brown 6:30p"
4019,nc,"North Carolina",Volleyball,"3-3 Morehead 6-2 Reidsville 6:30p"
4020,nc,"North Carolina",Volleyball,"7-3 North Surry 2-6 East Forsyth 6:30p"
4021,nc,"North Carolina",Volleyball,"4-3 Asheboro 2-5 Eastern Randolph 6:30p"
4022,nc,"North Carolina",Volleyball,"3-5 Durham School of the Arts 4-4 Orange 6:30p"
4023,nc,"North Carolina",Volleyball,"5-3 South Iredell 2-10 North Mecklenburg 6:30p"
4024,nc,"North Carolina",Volleyball,"7-0 Revolution Academy 3-5 Bethany Community 6:30p"
4025,nc,"North Carolina",Volleyball,"TBA 1-1R Riverside Christian Academy 6:30p"
4026,nc,"North Carolina",Volleyball,"5-1 Northwood Temple Academy 4-3 Berean Baptist Academy 6:30p"
4027,nc,"North Carolina",Volleyball,"6-6 Myers Park 7-8 Providence 6:30p"
4028,nc,"North Carolina",Volleyball,"2-6 North Stokes 2-1 Patrick County 6:30p"
4029,nc,"North Carolina",Volleyball,"3-2 Ashbrook 2-6 West Mecklenburg 6:30p"
4030,nc,"North Carolina",Volleyball,"5-3 Mitchell 5-2 Owen 6:30p"
4031,nc,"North Carolina",Volleyball,"7-2 East Wake Academy 2-4 Roxboro Community 6:30p"
4032,nc,"North Carolina",Volleyball,"6-1 Scotland 2-4 Richmond Senior 6:30p"
4033,nc,"North Carolina",Volleyball,"11-2 Southwest Guilford 3-2 Page 6:30p"
4034,nc,"North Carolina",Volleyball,"3-0 York Prep 7-3 Mid-Carolina 6:30p"
4035,nc,"North Carolina",Volleyball,"5-4 Avery County 9-3 T.C. Roberson 6:30p"
4036,nc,"North Carolina",Volleyball,"3-7 Charlotte Catholic 7-5 East Mecklenburg 6:30p"
4037,nc,"North Carolina",Volleyball,"3-6 Shelby 2-4 Cherryville 6:30p"
4038,nc,"North Carolina",Volleyball,"8-5 Ashley 7-0 (#21) Laney 6:30p"
4039,nc,"North Carolina",Volleyball,"3-1 Friendship Christian 5-3 TAFP 6:30p"
4040,nc,"North Carolina",Volleyball,"6-4 Concord 4-6 Salisbury 6:30p"
4041,nc,"North Carolina",Volleyball,"4-2 Hayesville 4-3 Rosman 6:30p"
4042,nc,"North Carolina",Volleyball,"7-3 Butler 2-4 South Mecklenburg 6:30p"
4043,nc,"North Carolina",Volleyball,"11-4 (#20) Weddington 12-2 (#16) Marvin Ridge 6:30p"
4044,nc,"North Carolina",Volleyball,"0-4 Liberty Christian Academy 7-2 Mintz Christian Academy 6:30p"
4045,nc,"North Carolina",Volleyball,"3-4 Tuscola 3-7 Pisgah 6:30p"
4046,nc,"North Carolina",Volleyball,"4-1 Eastern Alamance 4-1 Western Alamance 6:30p"
4047,nc,"North Carolina",Volleyball,"0-7 Rabun Gap-Nacoochee 2-7 Walhalla 7p"
4048,nc,"North Carolina",Volleyball,"2-3 New Life Camp 3-2 Durham Flight HomeSchool 7p"
4049,nc,"North Carolina",Volleyball,"1-1 Woodlawn 1-2 Cornerstone Christian Academy 7p"
4050,nc,"North Carolina",Volleyball,"1-1 Woodlawn 0-0P Pine Mountain Academy 7p"
4051,nc,"North Carolina",Volleyball,"0-5 Thales Academy Rolesville 1-2 Trinity Academy"
4052,nc,"North Carolina",Volleyball,"0-0 Long Shoals Wesleyan Academy 2-2 Challenger"
4053,nc,"North Carolina",Volleyball,"Related ScoreboardsConferences Albermarle (AAC) 2AAtlantic 1ABig Carolina 3A/4ABig East 5A/6ABig Seven 4A/5ABig South 5A/6ACAASC Blue RidgeCAP 8ACarolina 1A/2ACarolina Coast 6A/7A Associations North Carolina Christian School AssociationNorth Carolina Coaches AssociationNorth Carolina High School Athletic AssociationNorth Carolina Independent Schools Athletic Association Metros CharlotteGreensboroGreenville-Washington-New BernRaleighWilmington"
4054,nc,"North Carolina",Volleyball,"Thursday, Sep. 3 3-0 Bishop Moore 4-0 (#4) Orangewood Christian 6p 7-0 (#22) Mother McAuley 5-2 Lincoln-Way East 5p 0-2 Berkeley Prep 7-0 (#21) Calvary Christian 6:30p 10-0 (#3) Assumption 10-3 Providence 7p 3-0 (#10) Harrisburg 1-1 Washington 6:30p 2-4 Avon 10-0 (#25) Hamilton Southeastern 7:30p 1-0 (#11) Torrey Pines 11-0 (#1) Sierra Canyon 5:30p 6-3 Mira Costa 6-0 (#2) Mater Dei 5:45p 1-0 (#13) Cathedral Catholic 6-6 Southeast Career Tech 7p 0-2 Lincoln Christian 6-0 (#15) Norris"
4055,nc,"North Carolina",Volleyball,"3-0 Bishop Moore 4-0 (#4) Orangewood Christian 6p"
4056,nc,"North Carolina",Volleyball,"7-0 (#22) Mother McAuley 5-2 Lincoln-Way East 5p"
4057,nc,"North Carolina",Volleyball,"0-2 Berkeley Prep 7-0 (#21) Calvary Christian 6:30p"
4058,nc,"North Carolina",Volleyball,"10-0 (#3) Assumption 10-3 Providence 7p"
4059,nc,"North Carolina",Volleyball,"3-0 (#10) Harrisburg 1-1 Washington 6:30p"
4060,nc,"North Carolina",Volleyball,"2-4 Avon 10-0 (#25) Hamilton Southeastern 7:30p"
4061,nc,"North Carolina",Volleyball,"1-0 (#11) Torrey Pines 11-0 (#1) Sierra Canyon 5:30p"
4062,nc,"North Carolina",Volleyball,"6-3 Mira Costa 6-0 (#2) Mater Dei 5:45p"
4063,nc,"North Carolina",Volleyball,"1-0 (#13) Cathedral Catholic 6-6 Southeast Career Tech 7p"
4064,nc,"North Carolina",Volleyball,"0-2 Lincoln Christian 6-0 (#15) Norris"
4065,nd,"North Dakota",Volleyball,"There are 33 matches for North Dakota volleyball on Thu, 9/3/2026. The featured matches are by North Dakota top ranked teams #1 Bismarck (ND) @ St. Mary's Central (Bismarck, ND), and Central McLean co-op [Underwood/Turtle Lake-Mercer] (Underwood, ND) @ #2 Velva (ND). The first match, Beulah (ND) @ Des Lacs-Burlington (Des Lacs, ND), starts at 7a. Related Content North Dakota Girls Volleyball Stat LeadersNorth Dakota Girls Volleyball PlayoffsNorth Dakota Girls Volleyball Rankings North Dakota High School Volleyball Schedule 33 Matches 0-0 Beulah 0-0 Des Lacs-Burlington 7a 1-0G Griggs County Central/Midkota 1-0 Richland 4:35p console.log('MaxPrepsAds - createMark: Element Defined - leaderboard-banner-inc1');performance && performance.mark && performance.mark('MaxPrepsAds - Element Defined: leaderboard-banner-inc1'); 0-1M MPCG 3-0 Oak Grove Lutheran 4:45p 2-1 Wyndmere/Lidgerwood 3-2 Maple River 4:45p 0-1 Enderlin 0-0E Edgeley/Kulm/Montpelier 4:45p 0-1 LHMB (CO-OP) 3-2-1 Trinity 4:45p 0-1 Dunseith 0-0W Westhope/Newburg 5p 0-0 GCF (CO-OP) 0-2 Center-Stanton 5p 0-0W Washburn 0-0 Drake/Anamoose 5p 0-1 Beach 0-0 Alexander 5:30p 1-0 Thompson 0-0 Grand Forks Central 5:30p 0-0S Strasburg/Zeeland 1-0-1 New Salem 5:55p 0-0 Glen Ullin/Hebron 2-0 Flasher 6p 1-0 Park River/Fordville-Lankin 0-0H Hatton/Northwood 6:30p 0-0 Carrington 0-1 Hillsboro/Central Valley 7p 0-0 Century 0-0 Mandan 7p 0-0T Trenton 0-1S Surrey 7p 0-0 Carrington 3-2-1H Hillsboro 7p 0-3S Sargent County 1-1 Hankinson 7p 6-1 (#1) Bismarck 0-0S St. Mary's Central 7p 1-0 White Shield 0-1 New Town 7p 1-0-1 Watford City 0-1 Shiloh Christian 7p 1-0 Our Redeemer's Christian 0-0K Kenmare/Bowbells 7p 0-0 Lisbon 0-1L LaMoure/Litchville-Marion 7p 0-1 Fargo Davies 0-0 Red River 7p 1-0-1M Mohall/Lansford/Sherwood 0-0-1 Divide County 7p 0-1 Midway/Minto 0-0 Larimore 7p 0-1 Fargo North 0-1S Shanley 7p 0-1L LC (CO-OP) 0-0G Garrison 7p 0-0R Ray 0-0 Bishop Ryan 7p 0-0C CML (CO-OP) 1-2-3 (#2) Velva 7p 0-1 Drayton/Valley-Edinburg 1-0N NS (CO-OP) 7:15p 0-1 TS (CO-OP) 2-5 Great Plains Lutheran 7:30p"
4066,nd,"North Dakota",Volleyball,"0-0 Beulah 0-0 Des Lacs-Burlington 7a"
4067,nd,"North Dakota",Volleyball,"1-0G Griggs County Central/Midkota 1-0 Richland 4:35p"
4068,nd,"North Dakota",Volleyball,"0-1M MPCG 3-0 Oak Grove Lutheran 4:45p"
4069,nd,"North Dakota",Volleyball,"2-1 Wyndmere/Lidgerwood 3-2 Maple River 4:45p"
4070,nd,"North Dakota",Volleyball,"0-1 Enderlin 0-0E Edgeley/Kulm/Montpelier 4:45p"
4071,nd,"North Dakota",Volleyball,"0-1 LHMB (CO-OP) 3-2-1 Trinity 4:45p"
4072,nd,"North Dakota",Volleyball,"0-1 Dunseith 0-0W Westhope/Newburg 5p"
4073,nd,"North Dakota",Volleyball,"0-0 GCF (CO-OP) 0-2 Center-Stanton 5p"
4074,nd,"North Dakota",Volleyball,"0-0W Washburn 0-0 Drake/Anamoose 5p"
4075,nd,"North Dakota",Volleyball,"0-1 Beach 0-0 Alexander 5:30p"
4076,nd,"North Dakota",Volleyball,"1-0 Thompson 0-0 Grand Forks Central 5:30p"
4077,nd,"North Dakota",Volleyball,"0-0S Strasburg/Zeeland 1-0-1 New Salem 5:55p"
4078,nd,"North Dakota",Volleyball,"0-0 Glen Ullin/Hebron 2-0 Flasher 6p"
4079,nd,"North Dakota",Volleyball,"1-0 Park River/Fordville-Lankin 0-0H Hatton/Northwood 6:30p"
4080,nd,"North Dakota",Volleyball,"0-0 Carrington 0-1 Hillsboro/Central Valley 7p"
4081,nd,"North Dakota",Volleyball,"0-0 Century 0-0 Mandan 7p"
4082,nd,"North Dakota",Volleyball,"0-0T Trenton 0-1S Surrey 7p"
4083,nd,"North Dakota",Volleyball,"0-0 Carrington 3-2-1H Hillsboro 7p"
4084,nd,"North Dakota",Volleyball,"0-3S Sargent County 1-1 Hankinson 7p"
4085,nd,"North Dakota",Volleyball,"6-1 (#1) Bismarck 0-0S St. Mary's Central 7p"
4086,nd,"North Dakota",Volleyball,"1-0 White Shield 0-1 New Town 7p"
4087,nd,"North Dakota",Volleyball,"1-0-1 Watford City 0-1 Shiloh Christian 7p"
4088,nd,"North Dakota",Volleyball,"1-0 Our Redeemer's Christian 0-0K Kenmare/Bowbells 7p"
4089,nd,"North Dakota",Volleyball,"0-0 Lisbon 0-1L LaMoure/Litchville-Marion 7p"
4090,nd,"North Dakota",Volleyball,"0-1 Fargo Davies 0-0 Red River 7p"
4091,nd,"North Dakota",Volleyball,"1-0-1M Mohall/Lansford/Sherwood 0-0-1 Divide County 7p"
4092,nd,"North Dakota",Volleyball,"0-1 Midway/Minto 0-0 Larimore 7p"
4093,nd,"North Dakota",Volleyball,"0-1 Fargo North 0-1S Shanley 7p"
4094,nd,"North Dakota",Volleyball,"0-1L LC (CO-OP) 0-0G Garrison 7p"
4095,nd,"North Dakota",Volleyball,"0-0R Ray 0-0 Bishop Ryan 7p"
4096,nd,"North Dakota",Volleyball,"0-0C CML (CO-OP) 1-2-3 (#2) Velva 7p"
4097,nd,"North Dakota",Volleyball,"0-1 Drayton/Valley-Edinburg 1-0N NS (CO-OP) 7:15p"
4098,nd,"North Dakota",Volleyball,"0-1 TS (CO-OP) 2-5 Great Plains Lutheran 7:30p"
4099,nd,"North Dakota",Volleyball,"Related ScoreboardsDistricts A - East RegionA - West RegionA- Region 4B - Region 1B - Region 2B - Region 3 District 5B - Region 3 District 6B - Region 4B - Region 5B - Region 6 District 11 Associations North Dakota High School Activities Association Metros FargoMinot"
4100,nd,"North Dakota",Volleyball,"Thursday, Sep. 3 3-0 Bishop Moore 4-0 (#4) Orangewood Christian 6p 7-0 (#22) Mother McAuley 5-2 Lincoln-Way East 5p 0-2 Berkeley Prep 7-0 (#21) Calvary Christian 6:30p 10-0 (#3) Assumption 10-3 Providence 7p 3-0 (#10) Harrisburg 1-1 Washington 6:30p 2-4 Avon 10-0 (#25) Hamilton Southeastern 7:30p 1-0 (#11) Torrey Pines 11-0 (#1) Sierra Canyon 5:30p 6-3 Mira Costa 6-0 (#2) Mater Dei 5:45p 1-0 (#13) Cathedral Catholic 6-6 Southeast Career Tech 7p 0-2 Lincoln Christian 6-0 (#15) Norris"
4101,nd,"North Dakota",Volleyball,"3-0 Bishop Moore 4-0 (#4) Orangewood Christian 6p"
4102,nd,"North Dakota",Volleyball,"7-0 (#22) Mother McAuley 5-2 Lincoln-Way East 5p"
4103,nd,"North Dakota",Volleyball,"0-2 Berkeley Prep 7-0 (#21) Calvary Christian 6:30p"
4104,nd,"North Dakota",Volleyball,"10-0 (#3) Assumption 10-3 Providence 7p"
4105,nd,"North Dakota",Volleyball,"3-0 (#10) Harrisburg 1-1 Washington 6:30p"
4106,nd,"North Dakota",Volleyball,"2-4 Avon 10-0 (#25) Hamilton Southeastern 7:30p"
4107,nd,"North Dakota",Volleyball,"1-0 (#11) Torrey Pines 11-0 (#1) Sierra Canyon 5:30p"
4108,nd,"North Dakota",Volleyball,"6-3 Mira Costa 6-0 (#2) Mater Dei 5:45p"
4109,nd,"North Dakota",Volleyball,"1-0 (#13) Cathedral Catholic 6-6 Southeast Career Tech 7p"
4110,nd,"North Dakota",Volleyball,"0-2 Lincoln Christian 6-0 (#15) Norris"
4111,oh,"Ohio",Volleyball,"There are 337 matches for Ohio volleyball on Thu, 9/3/2026. The featured matches are by Ohio top ranked teams Grove City (OH) @ #1 Olentangy (Lewis Center, OH), Cuyahoga Falls (OH) @ #2 Norton (OH), and #3 Ursuline Academy (Cincinnati, OH) @ #22 St. Ursula Academy (Cincinnati, OH). The first match, North (Akron, OH) @ Buchtel (Akron, OH), starts at 5p. Related Content Ohio Girls Volleyball Stat LeadersOhio Girls Volleyball PlayoffsOhio Girls Volleyball Rankings Recent Ohio Girls Volleyball HeadlinesVOLLEYBALL: Preseason top 100 Ohio High School Volleyball Schedule 337 Matches 0-3 North 0-0 Buchtel 5p 0-2H Horizon Science Academy 1-2 Woodward 5p console.log('MaxPrepsAds - createMark: Element Defined - leaderboard-banner-inc1');performance && performance.mark && performance.mark('MaxPrepsAds - Element Defined: leaderboard-banner-inc1'); 0-1 John Adams 0-4 Warrensville Heights 5p 1-0C Columbus Torah Academy 0-1 Marburn Academy 5p 2-3 Brooke 5-0 (#25) East Liverpool 5:30p 0-3 South Gallia 2-1 Portsmouth West 5:30p 6-1 Lynchburg-Clay 6-0 North Adams 5:30p 0-1 Monclova Christian Academy 1-4 BGCA 5:30p 6-1 Fairfield 0-5 Whiteoak 5:30p 3-1 North Central 5-1 Edon 5:30p 2-3 Hilltop 2-3 Stryker 5:30p 1-3 Manchester 2-5 Ripley-Union-Lewis-Huntington 5:30p 1-4 Peebles 4-2 Fayetteville-Perry 5:30p 1-2 Greenon 4-2 Greeneview 5:30p 0-0 Withrow 0-2 Western Hills 5:30p 2-3 Pettisville 1-4 Montpelier 5:30p 3-4 Eastern 1-4 West Union 5:30p 2-3 Grandview Heights 0-7 Whitehall-Yearling 5:30p 5-1 Archbold 4-1 Fairview 5:30p 3-3 Napoleon 3-2 Bowling Green 5:45p 4-1 Southview 3-4 Anthony Wayne 5:45p 2-6 Clay 4-1 Liberty-Benton 5:45p 6-1 Findlay 3-2 Perrysburg 5:45p 3-4 Ross 3-4 Springfield 5:45p 0-3 Normandy 3-0 Rocky River 6p 5-0 (#11) Strongsville 0-0 Western Reserve Academy 6p 2-3 Blanchester 0-3 Georgetown 6p 0-4 Firestone 0-1 East 6p 1-3 Franklin Heights 4-2 Columbus School for Girls 6p 0-1 East 0-1 Hannan 6p V Varsity Opponent 3-2 Kingsway Christian 6p 0-2 Princeton 3-3 Sycamore 6p 2-3 St. John 2-2 Maplewood 6p 1-2 Oak Hills 3-2 Lakota West 6p 3-4 Huntington 0-5 Point Pleasant 6p 0-2 South 0-1 Africentric Early College 6p 4-1 Hathaway Brown 2-3 Shaker Heights 6p 5-2 Olmsted Falls 3-3 Avon Lake 6p 0-7 Pymatuning Valley 1-3 Mathews 6p 1-2 Fairfield 1-1 Lakota East 6p 1-5 St. Joseph Central 0-1 St. Joseph Central 6p 1-1 Norwood 0-2 Purcell Marian 6p 0-5 Madison 2-3 Jefferson Area 6p 0-4 Millersport 2-2 Miller 6p 3-8 CHESS Christian 1-2 Temple Christian 6p 1-2 Middletown 2-4 Hamilton 6p 1-3 Trinity 0-3 Richmond Heights 6p 2-3 Harvey 2-3 Chardon 6p 0-3 Seven Hills 4-3 Miami Valley Christian Academy 6p 2-3 Northview 4-0 Whitmer 6p 0-4 Mansfield Senior 0-6 West Holmes 6p 3-1 Tri-Village 0-3 Preble Shawnee 6p 3-1 Hawken 2-0 Perry 6p 2-5 Bay 3-3 North Olmsted 6p 1-1 Crestwood 0-5 Lutheran West 6p 2-4 Gilmour Academy 2-1 Archbishop Hoban 6p 3-1 United 1-3 Wellsville 6p 1-0 John Hay 0-2 Shaw 6p 6-0 (#21) Goshen 1-2 Western Brown 6p 3-0 Elyria Catholic 2-1 Notre Dame-Cathedral Latin 6p 0-0 GCLC 0-4 Ellet 6p 1-2 Little Miami 1-5 Lebanon 6p 5-1 Avon 3-2 Midview 6p 2-2 Bloomfield 4-0 Chalker 6p 4-2 Beachwood 0-5 Brooklyn 6p 1-5 McClain 3-3 Chillicothe 6p 2-2 Wilmington 1-3 Clinton-Massie 6p 0-7 Elyria 3-3 Steele 6p 3-2 Lakewood 5-1 Westlake 6p 4-2 John Glenn 3-1 Sheridan 6p 2-1 Williamsburg 2-2 East Clinton 6p 3-4 Twin Valley South 2-7 Bradford 6p 2-4 Field 2-2 Roosevelt 6:15p 3-2 Tallmadge 1-2S Springfield 6:15p 1-4 Cuyahoga Falls 5-0 (#2) Norton 6:15p 7-3-1 St. Mary's Prep 2-4 St. Ursula Academy 6:15p 2-2 Fairfield Christian Academy 1-2 Berne Union 6:15p 1-5 Madison Comprehensive 5-1 Ashland 6:15p 0-4 Fostoria 5-3 Oak Harbor 6:15p 2-4 Miami East 4-2 Covington 6:30p 0-5 Plymouth 2-1 Mapleton 6:30p 1-4 Harrison Central 0-5 Indian Creek 6:30p 3-1 Anderson 5-3 Kings 6:30p 1-5 Geneva 4-1 Lakeside 6:30p 0-0 CCPA 0-1 Spencer Center 6:30p 3-3 Monroeville 0-3 Western Reserve 6:30p 0-2 Lehman Catholic 0-1 Northridge 6:30p 0-0A Adams County Christian 2-4 Hillsboro Christian Academy 6:30p 2-3 Orange 6-0 South 6:30p 2-4 Columbia 3-2 Brookside 6:30p 1-4 Shadyside 5-3 Wheeling Central Catholic 6:30p 2-3 Ayersville 3-4 Bluffton 6:30p 0-0 Holy Name 5-0 (#18) Lake Catholic 6:30p 2-1 Orrville 2-2 Tuslaw 6:30p 1-4 Waynesfield-Goshen 4-2 Ridgemont 6:30p 5-2 Dayton Christian 2-3 Waynesville 6:30p 3-1 (#5) Archbishop McNicholas 1-5 Chaminade Julienne Catholic 6:30p 2-4 Edison 5-1 Perkins 6:30p 1-4 Bellaire 0-5 Union Local 6:30p 0-4 St. John's 2-4 New Knoxville 6:30p 5-0 Centerburg 2-4 Fredericktown 6:30p 1-3 Mercy McAuley 4-2 Mount Notre Dame 6:30p 2-1 CVCA 3-4 Padua Franciscan 6:30p 3-2 Indian Hill 3-3 Finneytown 6:30p 4-4 Clyde 1-1 Huron 6:30p 4-2 Oakwood 1-3 Carlisle 6:30p 1-4 Reading 5-1 Taylor 6:30p 0-2 Archbishop Alter 3-2 Carroll 6:30p 0-2 West Clermont 1-1 Loveland 6:30p 0-0 Aiken 0-0 Shroder Paideia Academy 6:30p 1-4 Clearview 5-3 Black River 6:30p 3-2 Cambridge 5-1 St. Clairsville 6:30p 2-3 Laurel 3-1 West Geauga 6:30p 2-4 Lorain 2-4 Vermilion 6:30p 4-4 Jackson Center 0-5 Houston 6:30p 3-4 New Riegel 3-3 Carey 6:30p 4-1 Crestview 3-4 New London 6:30p 2-3 Alliance 6-1 Salem 6:30p 1-4 Colerain 5-3 Mason 6:30p 2-2 Miami Trace 6-1 Hillsboro 6:30p 1-5 Eastwood 1-2 Rossford 6:30p 3-3 Barnesville 6-0 (#15) Martins Ferry 6:30p 6-0 Kirtland 3-1 Rootstown 6:30p 4-0 Southeastern 1-1 Piketon 6:30p 1-3 David Anderson 6-0 Toronto 6:30p 6-0 (#24) Bishop Fenwick 4-1 Badin 6:30p 5-1 Coldwater 4-0 Fort Recovery 6:30p 3-3 Indian Lake 5-2 Shawnee 6:30p 1-1 Winton Woods 1-0 Walnut Hills 6:30p 3-2 Batavia 0-1 New Richmond 6:30p 0-5 Trotwood-Madison 0-2 Belmont 6:30p 7-2 Cloverleaf 4-1 Streetsboro 6:30p 8-0 Hillsdale 0-6 Norwayne 6:30p 4-2 Buckeye Central 3-1 Willard 6:30p 1-4 Edgewood 3-1 Ross 6:30p 2-3 Maple Heights 1-2 Bedford 6:30p 4-2 Aurora 1-4 Kenston 6:30p 1-1 DePaul Cristo Rey 0-0 Gamble Montessori 6:30p 3-2 Ottawa-Glandorf 1-6 Kenton 6:30p 5-1 Loudonville 2-1 East Knox 6:30p 4-1 Edgewood 2-2 Conneaut 6:30p 0-4 Woodridge 1-4 Ravenna 6:30p 0-6 Danville 0-2 Mt. Gilead 6:30p 2-1 Russia 5-2 Fort Loramie 6:30p 5-0 Ada 4-3 Temple Christian 6:30p 2-2 Winfield 0-5 Point Pleasant 6:30p 3-4 Fairview 5-3 Cuyahoga Heights 6:30p 1-5 Upper Scioto Valley 2-2 North Baltimore 6:30p 2-4 Urbana 1-4 Bellefontaine 6:30p 4-0 Leipsic 2-2 Pandora-Gilboa 6:30p 3-3 Columbian 4-1 Bellevue 6:30p 0-3 Liberty 1-2 Brookfield 6:30p 1-2 Milford 0-4 Turpin 6:30p 6-0 (#4) Parkway 3-4 Minster 6:30p 7-0 Kenton Ridge 7-0 Jonathan Alder 6:30p 4-0 (#3) Ursuline Academy 3-1 (#22) St. Ursula Academy 6:30p 6-1 Botkins 3-3 Anna 6:30p 1-1 Wellington 4-1 Firelands 6:30p 0-4 Tecumseh 4-1 London 6:30p 0-3 Waterloo 5-1 Mineral Ridge 6:30p 4-2 Versailles 4-0 (#19) New Bremen 6:30p 1-3 Carrollton 1-4 Marlington 6:30p 3-3 Philo 4-1 Tri-Valley 6:30p 3-1 Eaton 0-5 Madison 6:30p 0-3 Riverside 0-4 Milton-Union 6:30p 1-2 Garfield Heights 0-3 Cleveland Heights 6:30p 1-4 Bath 1-3 Van Wert 6:30p 3-2 St. Henry 4-1 Marion Local 6:30p 1-3 North College Hill 1-1 Clark Montessori 6:30p 1-4 Harding 2-3 Independence 6:30p 6-0 Benjamin Logan 5-2 Northwestern 6:30p 4-1 Zane Trace 2-0 Adena 6:30p 2-5 Copley 4-2 Nordonia 6:30p 5-0 Troy Christian 1-4 Bethel 6:30p 0-2 Brecksville-Broadview Heights 4-3 Solon 6:30p 3-5 Sandy Valley 1-5 New Philadelphia 6:30p 3-0 Wyoming 2-3 Madeira 6:30p 4-0 (#9) Lake 6-2 Maumee 6:30p 4-2 Manchester 5-2 Triway 6:30p 1-4 Minerva 5-3 West Branch 6:30p 1-3 Hoover 2-5 Green 6:45p 3-2 Brookville 5-2 Valley View 6:45p 5-2 Mt. Healthy 1-0 Dunbar 6:45p 5-0 (#16) Big Walnut 6-1 Westerville South 6:45p 3-4 Smithville 4-4 Northwestern 6:45p 4-1 Groveport-Madison 3-2 Lancaster 6:45p 1-4 Bristol 2-3 Badger 6:45p 2-2 Steubenville 2-3 Catholic Central 6:45p 4-3 National Trail 1-2 Franklin Monroe 6:45p 1-1 Garfield 1-3 Champion 6:45p 3-2 Hilliard Darby 1-4 Westerville Central 6:45p 2-1 Crestview 1-5 Southeast 6:45p 3-0 Jackson 2-4 Lake 6:45p 3-3 Talawanda 1-2 Franklin 6:45p 1-4 Ansonia 1-2 Tri-County North 6:45p 3-4 GlenOak 3-1 McKinley 6:45p 5-0 NOCA 2-2 Emmanuel Christian 6:45p 2-3 Unioto 0-4 Paint Valley 6:45p 0-3 Woodmore 2-3 St. Mary Central Catholic 6:45p 1-4 Buckeye 0-3 Valley Forge 6:45p 5-4 Dixie 2-2 Mississinawa Valley 6:45p 4-1 Highland 2-5 North Royalton 7p 1-3 Clear Fork 3-4 Marion Harding 7p 5-2 Mansfield Christian 3-4 Tree of Life Christian 7p 2-4 Amanda-Clearcreek 4-4 Liberty Union 7p 0-3 McKinley 2-3 Struthers 7p 5-1 Teays Valley 1-2 Reynoldsburg 7p 0-3 Springfield 0-3 McKinley 7p 5-1 Chippewa 4-2 Waynedale 7p 4-1 Austintown-Fitch 5-1 Lakeview 7p 1-2 South Central 3-0 St. Paul 7p 2-1 Newton Falls 3-3 LaBrae 7p 1-3 Fairland 0-3 Ironton 7p 4-1 Garaway 2-1 Hiland 7p 2-2 Dublin Jerome 5-2 Olentangy Liberty 7p 4-1 Gibsonburg 2-2 St. Joseph Central Catholic 7p 2-4 Dublin Scioto 3-3 Worthington Kilbourne 7p 2-2 Fort Frye 4-1 Buckeye Trail 7p 3-2 Southeastern Local 1-3 Cedarville 7p 7-2K Kingdom Christian 0-0C Castine Christian 7p 3-0 Walnut Ridge 3-3 West 7p 1-4 Lakota 5-2 Margaretta 7p 0-2 Marion-Franklin 0-1 Independence 7p 2-5 Rittman 5-0 Dalton 7p 2-2 Oak Hill 1-3 Minford 7p 1-4 Edgerton 1-5 Bryan 7p 1-4 Poland Seminary 5-1 Hubbard 7p 1-3 Columbus Academy 3-3 Worthington Christian 7p 3-1 Bloom-Carroll 3-1 Circleville 7p 1-6 Gorham Fayette 2-2 Evergreen 7p 0-0 East 2-1 Whetstone 7p 2-2 Northwest 2-4 South Webster 7p 1-3 Western 5-0 Valley 7p 0-3 Holgate 4-1 Swanton 7p 3-3 Revere 4-2 Mayfield 7p 2-2 West Liberty-Salem 1-6 Mechanicsburg 7p 2-1 Hicksville 1-4 Continental 7p 0-4 Newcomerstown 0-4 Conotton Valley 7p 1-2 Ridgewood 4-1 Indian Valley 7p 5-0 Cardinal 4-2 Grand Valley 7p 5-0 Miller City 6-0 Patrick Henry 7p 1-3 Aquinas 2-2 Lake Center Christian 7p 6-0 Tuscarawas Valley 2-1 Claymont 7p 0-7 Elida 2-2 Shawnee 7p 1-5 Lakewood 4-3 Heath 7p 2-2 Chesapeake 2-2 South Point 7p 1-4 Zanesville 3-2 Licking Heights 7p 4-1 Wapakoneta 1-3 Defiance 7p 1-2 Northland 1-2 Mifflin 7p 3-1 Genoa Area 4-3 Otsego 7p 2-4 Tuscarawas Central Catholic 2-1 Malvern 7p 2-5 Delta 1-3 Start 7p 1-3 River Valley 3-1 Shelby 7p 7-1 Hilliard Bradley 0-7 Westland 7p 3-3 Maysville 7-1 (#17) River View 7p 3-1 Windham 2-1 Lordstown 7p 4-2 Centennial 0-1 Columbus International 7p 1-6 Belpre 3-2 Southern 7p 1-2 Waite 1-4 Northwood 7p 1-1 Logan 2-3 Newark 7p 1-3 Stebbins 3-4 Greenville 7p 0-3 Beavercreek 2-1 Northmont 7p 1-4 Upper Sandusky 6-1 Mohawk 7p 0-3 Coshocton 2-3 West Muskingum 7p 2-4 Galion 1-4 Highland 7p 2-2 Coventry 2-2 Northwest 7p 3-3 Licking Valley 3-3 Granville 7p 2-3 Wynford 1-4 Lucas 7p 3-2 Canal Winchester 3-1 Pickerington Central 7p 1-7 Grove City 3-0 (#1) Olentangy 7p 5-0 Northside Christian 3-5 Calvary Christian 7p 2-3W Watkins Memorial 6-2 Mt. Vernon 7p 2-3 Lincoln 5-1 (#12) Dublin Coffman 7p 1-3 Memorial 1-6 Celina 7p 3-2 Eastern 5-0 (#13) Wheelersburg 7p 2-3 Cardinal Mooney 1-5 Heartland Christian 7p 5-0 River 5-0 Marietta 7p 4-2 Medina 4-2 Hudson 7p 0-2 Wayne 0-3 Miamisburg 7p 3-4 Thomas Worthington 4-1 Hilliard Davidson 7p 3-2 Utica 4-3 Johnstown-Monroe 7p 2-0 Bexley 3-1 Buckeye Valley 7p 5-0 Columbiana 0-2 Valley Christian 7p 3-2 Fairbanks 5-1 Triad 7p 4-1 Liberty Center 5-2 Tinora 7p 1-2 Perry 4-1 Louisville 7p 1-3 Northeastern 3-4 West Jefferson 7p 6-0 South Range 1-5 Girard 7p 3-4 Westerville North 1-4 Hayes 7p 1-3 Centerville 1-2 Springfield 7p 4-1 Ottawa Hills 5-0 Danbury 7p 4-1 Piqua 3-0 Butler 7p 2-2 Ridgedale 1-5 Perry 7p 6-0 (#14) Calvert 5-0 (#23) Old Fort 7p 2-3 Waterford 4-2 Trimble 7p 0-1 Briggs 2-0 Eastmoor Academy 7p 3-2 Wooster 2-3 Dover 7p 0-4 Catholic Central 5-1 Madison Plains 7p 6-2 East Palestine 1-4 Southern 7p 6-0 Memorial 1-3 Lowellville 7p 3-2 Wadsworth 3-2 Stow-Munroe Falls 7p 2-2 Canton Central Catholic 3-1 Mogadore 7p 2-1 Beechcroft 0-1 Linden-McKinley 7p 4-0 Federal Hocking 3-1 Eastern 7p 1-2 Greenon 4-2 Greeneview 7p 1-3 West Carrollton 5-0 Tippecanoe 7p 2-2 East Canton 2-2 Strasburg-Franklin 7p 5-1 Van Buren 0-6 Hopewell-Loudon 7p 1-3 Troy 2-4 Xenia 7p 4-0 Springboro 1-2 Fairmont 7p 1-4 Rock Hill 4-2 Portsmouth 7p 4-1 Monroe 3-1 Bellbrook 7p 0-5 Harding 2-2 Ursuline 7p 0-1 Cristo Rey 0-2 Patriot Prep Academy 7p 0-4 Seneca East 2-4 Bucyrus 7p 3-1 Jefferson 5-0 Paulding 7p 0-4 Barberton 3-1 Twinsburg 7p 5-2 Northridge 3-0 Newark Catholic 7p 3-3 Sidney 2-1 Fairborn 7p 5-0 Warren 6-0 (#7) Gallia Academy 7p 4-1 Olentangy Berlin 0-3 Bishop Hartley 7p 0-3 Crooksville 3-1 New Lexington 7p 1-3 Bishop Rosecrans 1-5 Harvest Prep 7p 3-3 St. Francis DeSales 2-5 Upper Arlington 7p 2-3 Ontario 3-0 Pleasant 7p 0-5 Wellston 1-3 Alexander 7:15p 1-6 Wauseon 1-5 Elmwood 7:15p 4-0 Meadowbrook 3-2 Morgan 7:15p 1-4 Westfall 3-3 Huntington 7:15p 0-4 Vinton County 3-1 River Valley 7:15p 0-4 Meigs 1-5 Athens 7:15p 3-4 Deer Park 2-2 Middletown Christian 7:15p 4-1 Hamilton Township 1-5 Fairfield Union 7:15p 2-3 Granville Christian Academy 2-0 Shekinah Christian 7:15p 5-3 Grove City Christian 2-0 Fisher Catholic 7:30p 0-3 Washington 2-3 Jackson 7:30p 2-1 Cornerstone Academy 0-0O Oakstone Academy"
4112,oh,"Ohio",Volleyball,"0-3 North 0-0 Buchtel 5p"
4113,oh,"Ohio",Volleyball,"0-2H Horizon Science Academy 1-2 Woodward 5p"
4114,oh,"Ohio",Volleyball,"0-1 John Adams 0-4 Warrensville Heights 5p"
4115,oh,"Ohio",Volleyball,"1-0C Columbus Torah Academy 0-1 Marburn Academy 5p"
4116,oh,"Ohio",Volleyball,"2-3 Brooke 5-0 (#25) East Liverpool 5:30p"
4117,oh,"Ohio",Volleyball,"0-3 South Gallia 2-1 Portsmouth West 5:30p"
4118,oh,"Ohio",Volleyball,"6-1 Lynchburg-Clay 6-0 North Adams 5:30p"
4119,oh,"Ohio",Volleyball,"0-1 Monclova Christian Academy 1-4 BGCA 5:30p"
4120,oh,"Ohio",Volleyball,"6-1 Fairfield 0-5 Whiteoak 5:30p"
4121,oh,"Ohio",Volleyball,"3-1 North Central 5-1 Edon 5:30p"
4122,oh,"Ohio",Volleyball,"2-3 Hilltop 2-3 Stryker 5:30p"
4123,oh,"Ohio",Volleyball,"1-3 Manchester 2-5 Ripley-Union-Lewis-Huntington 5:30p"
4124,oh,"Ohio",Volleyball,"1-4 Peebles 4-2 Fayetteville-Perry 5:30p"
4125,oh,"Ohio",Volleyball,"1-2 Greenon 4-2 Greeneview 5:30p"
4126,oh,"Ohio",Volleyball,"0-0 Withrow 0-2 Western Hills 5:30p"
4127,oh,"Ohio",Volleyball,"2-3 Pettisville 1-4 Montpelier 5:30p"
4128,oh,"Ohio",Volleyball,"3-4 Eastern 1-4 West Union 5:30p"
4129,oh,"Ohio",Volleyball,"2-3 Grandview Heights 0-7 Whitehall-Yearling 5:30p"
4130,oh,"Ohio",Volleyball,"5-1 Archbold 4-1 Fairview 5:30p"
4131,oh,"Ohio",Volleyball,"3-3 Napoleon 3-2 Bowling Green 5:45p"
4132,oh,"Ohio",Volleyball,"4-1 Southview 3-4 Anthony Wayne 5:45p"
4133,oh,"Ohio",Volleyball,"2-6 Clay 4-1 Liberty-Benton 5:45p"
4134,oh,"Ohio",Volleyball,"6-1 Findlay 3-2 Perrysburg 5:45p"
4135,oh,"Ohio",Volleyball,"3-4 Ross 3-4 Springfield 5:45p"
4136,oh,"Ohio",Volleyball,"0-3 Normandy 3-0 Rocky River 6p"
4137,oh,"Ohio",Volleyball,"5-0 (#11) Strongsville 0-0 Western Reserve Academy 6p"
4138,oh,"Ohio",Volleyball,"2-3 Blanchester 0-3 Georgetown 6p"
4139,oh,"Ohio",Volleyball,"0-4 Firestone 0-1 East 6p"
4140,oh,"Ohio",Volleyball,"1-3 Franklin Heights 4-2 Columbus School for Girls 6p"
4141,oh,"Ohio",Volleyball,"0-1 East 0-1 Hannan 6p"
4142,oh,"Ohio",Volleyball,"V Varsity Opponent 3-2 Kingsway Christian 6p"
4143,oh,"Ohio",Volleyball,"0-2 Princeton 3-3 Sycamore 6p"
4144,oh,"Ohio",Volleyball,"2-3 St. John 2-2 Maplewood 6p"
4145,oh,"Ohio",Volleyball,"1-2 Oak Hills 3-2 Lakota West 6p"
4146,oh,"Ohio",Volleyball,"3-4 Huntington 0-5 Point Pleasant 6p"
4147,oh,"Ohio",Volleyball,"0-2 South 0-1 Africentric Early College 6p"
4148,oh,"Ohio",Volleyball,"4-1 Hathaway Brown 2-3 Shaker Heights 6p"
4149,oh,"Ohio",Volleyball,"5-2 Olmsted Falls 3-3 Avon Lake 6p"
4150,oh,"Ohio",Volleyball,"0-7 Pymatuning Valley 1-3 Mathews 6p"
4151,oh,"Ohio",Volleyball,"1-2 Fairfield 1-1 Lakota East 6p"
4152,oh,"Ohio",Volleyball,"1-5 St. Joseph Central 0-1 St. Joseph Central 6p"
4153,oh,"Ohio",Volleyball,"1-1 Norwood 0-2 Purcell Marian 6p"
4154,oh,"Ohio",Volleyball,"0-5 Madison 2-3 Jefferson Area 6p"
4155,oh,"Ohio",Volleyball,"0-4 Millersport 2-2 Miller 6p"
4156,oh,"Ohio",Volleyball,"3-8 CHESS Christian 1-2 Temple Christian 6p"
4157,oh,"Ohio",Volleyball,"1-2 Middletown 2-4 Hamilton 6p"
4158,oh,"Ohio",Volleyball,"1-3 Trinity 0-3 Richmond Heights 6p"
4159,oh,"Ohio",Volleyball,"2-3 Harvey 2-3 Chardon 6p"
4160,oh,"Ohio",Volleyball,"0-3 Seven Hills 4-3 Miami Valley Christian Academy 6p"
4161,oh,"Ohio",Volleyball,"2-3 Northview 4-0 Whitmer 6p"
4162,oh,"Ohio",Volleyball,"0-4 Mansfield Senior 0-6 West Holmes 6p"
4163,oh,"Ohio",Volleyball,"3-1 Tri-Village 0-3 Preble Shawnee 6p"
4164,oh,"Ohio",Volleyball,"3-1 Hawken 2-0 Perry 6p"
4165,oh,"Ohio",Volleyball,"2-5 Bay 3-3 North Olmsted 6p"
4166,oh,"Ohio",Volleyball,"1-1 Crestwood 0-5 Lutheran West 6p"
4167,oh,"Ohio",Volleyball,"2-4 Gilmour Academy 2-1 Archbishop Hoban 6p"
4168,oh,"Ohio",Volleyball,"3-1 United 1-3 Wellsville 6p"
4169,oh,"Ohio",Volleyball,"1-0 John Hay 0-2 Shaw 6p"
4170,oh,"Ohio",Volleyball,"6-0 (#21) Goshen 1-2 Western Brown 6p"
4171,oh,"Ohio",Volleyball,"3-0 Elyria Catholic 2-1 Notre Dame-Cathedral Latin 6p"
4172,oh,"Ohio",Volleyball,"0-0 GCLC 0-4 Ellet 6p"
4173,oh,"Ohio",Volleyball,"1-2 Little Miami 1-5 Lebanon 6p"
4174,oh,"Ohio",Volleyball,"5-1 Avon 3-2 Midview 6p"
4175,oh,"Ohio",Volleyball,"2-2 Bloomfield 4-0 Chalker 6p"
4176,oh,"Ohio",Volleyball,"4-2 Beachwood 0-5 Brooklyn 6p"
4177,oh,"Ohio",Volleyball,"1-5 McClain 3-3 Chillicothe 6p"
4178,oh,"Ohio",Volleyball,"2-2 Wilmington 1-3 Clinton-Massie 6p"
4179,oh,"Ohio",Volleyball,"0-7 Elyria 3-3 Steele 6p"
4180,oh,"Ohio",Volleyball,"3-2 Lakewood 5-1 Westlake 6p"
4181,oh,"Ohio",Volleyball,"4-2 John Glenn 3-1 Sheridan 6p"
4182,oh,"Ohio",Volleyball,"2-1 Williamsburg 2-2 East Clinton 6p"
4183,oh,"Ohio",Volleyball,"3-4 Twin Valley South 2-7 Bradford 6p"
4184,oh,"Ohio",Volleyball,"2-4 Field 2-2 Roosevelt 6:15p"
4185,oh,"Ohio",Volleyball,"3-2 Tallmadge 1-2S Springfield 6:15p"
4186,oh,"Ohio",Volleyball,"1-4 Cuyahoga Falls 5-0 (#2) Norton 6:15p"
4187,oh,"Ohio",Volleyball,"7-3-1 St. Mary's Prep 2-4 St. Ursula Academy 6:15p"
4188,oh,"Ohio",Volleyball,"2-2 Fairfield Christian Academy 1-2 Berne Union 6:15p"
4189,oh,"Ohio",Volleyball,"1-5 Madison Comprehensive 5-1 Ashland 6:15p"
4190,oh,"Ohio",Volleyball,"0-4 Fostoria 5-3 Oak Harbor 6:15p"
4191,oh,"Ohio",Volleyball,"2-4 Miami East 4-2 Covington 6:30p"
4192,oh,"Ohio",Volleyball,"0-5 Plymouth 2-1 Mapleton 6:30p"
4193,oh,"Ohio",Volleyball,"1-4 Harrison Central 0-5 Indian Creek 6:30p"
4194,oh,"Ohio",Volleyball,"3-1 Anderson 5-3 Kings 6:30p"
4195,oh,"Ohio",Volleyball,"1-5 Geneva 4-1 Lakeside 6:30p"
4196,oh,"Ohio",Volleyball,"0-0 CCPA 0-1 Spencer Center 6:30p"
4197,oh,"Ohio",Volleyball,"3-3 Monroeville 0-3 Western Reserve 6:30p"
4198,oh,"Ohio",Volleyball,"0-2 Lehman Catholic 0-1 Northridge 6:30p"
4199,oh,"Ohio",Volleyball,"0-0A Adams County Christian 2-4 Hillsboro Christian Academy 6:30p"
4200,oh,"Ohio",Volleyball,"2-3 Orange 6-0 South 6:30p"
4201,oh,"Ohio",Volleyball,"2-4 Columbia 3-2 Brookside 6:30p"
4202,oh,"Ohio",Volleyball,"1-4 Shadyside 5-3 Wheeling Central Catholic 6:30p"
4203,oh,"Ohio",Volleyball,"2-3 Ayersville 3-4 Bluffton 6:30p"
4204,oh,"Ohio",Volleyball,"0-0 Holy Name 5-0 (#18) Lake Catholic 6:30p"
4205,oh,"Ohio",Volleyball,"2-1 Orrville 2-2 Tuslaw 6:30p"
4206,oh,"Ohio",Volleyball,"1-4 Waynesfield-Goshen 4-2 Ridgemont 6:30p"
4207,oh,"Ohio",Volleyball,"5-2 Dayton Christian 2-3 Waynesville 6:30p"
4208,oh,"Ohio",Volleyball,"3-1 (#5) Archbishop McNicholas 1-5 Chaminade Julienne Catholic 6:30p"
4209,oh,"Ohio",Volleyball,"2-4 Edison 5-1 Perkins 6:30p"
4210,oh,"Ohio",Volleyball,"1-4 Bellaire 0-5 Union Local 6:30p"
4211,oh,"Ohio",Volleyball,"0-4 St. John's 2-4 New Knoxville 6:30p"
4212,oh,"Ohio",Volleyball,"5-0 Centerburg 2-4 Fredericktown 6:30p"
4213,oh,"Ohio",Volleyball,"1-3 Mercy McAuley 4-2 Mount Notre Dame 6:30p"
4214,oh,"Ohio",Volleyball,"2-1 CVCA 3-4 Padua Franciscan 6:30p"
4215,oh,"Ohio",Volleyball,"3-2 Indian Hill 3-3 Finneytown 6:30p"
4216,oh,"Ohio",Volleyball,"4-4 Clyde 1-1 Huron 6:30p"
4217,oh,"Ohio",Volleyball,"4-2 Oakwood 1-3 Carlisle 6:30p"
4218,oh,"Ohio",Volleyball,"1-4 Reading 5-1 Taylor 6:30p"
4219,oh,"Ohio",Volleyball,"0-2 Archbishop Alter 3-2 Carroll 6:30p"
4220,oh,"Ohio",Volleyball,"0-2 West Clermont 1-1 Loveland 6:30p"
4221,oh,"Ohio",Volleyball,"0-0 Aiken 0-0 Shroder Paideia Academy 6:30p"
4222,oh,"Ohio",Volleyball,"1-4 Clearview 5-3 Black River 6:30p"
4223,oh,"Ohio",Volleyball,"3-2 Cambridge 5-1 St. Clairsville 6:30p"
4224,oh,"Ohio",Volleyball,"2-3 Laurel 3-1 West Geauga 6:30p"
4225,oh,"Ohio",Volleyball,"2-4 Lorain 2-4 Vermilion 6:30p"
4226,oh,"Ohio",Volleyball,"4-4 Jackson Center 0-5 Houston 6:30p"
4227,oh,"Ohio",Volleyball,"3-4 New Riegel 3-3 Carey 6:30p"
4228,oh,"Ohio",Volleyball,"4-1 Crestview 3-4 New London 6:30p"
4229,oh,"Ohio",Volleyball,"2-3 Alliance 6-1 Salem 6:30p"
4230,oh,"Ohio",Volleyball,"1-4 Colerain 5-3 Mason 6:30p"
4231,oh,"Ohio",Volleyball,"2-2 Miami Trace 6-1 Hillsboro 6:30p"
4232,oh,"Ohio",Volleyball,"1-5 Eastwood 1-2 Rossford 6:30p"
4233,oh,"Ohio",Volleyball,"3-3 Barnesville 6-0 (#15) Martins Ferry 6:30p"
4234,oh,"Ohio",Volleyball,"6-0 Kirtland 3-1 Rootstown 6:30p"
4235,oh,"Ohio",Volleyball,"4-0 Southeastern 1-1 Piketon 6:30p"
4236,oh,"Ohio",Volleyball,"1-3 David Anderson 6-0 Toronto 6:30p"
4237,oh,"Ohio",Volleyball,"6-0 (#24) Bishop Fenwick 4-1 Badin 6:30p"
4238,oh,"Ohio",Volleyball,"5-1 Coldwater 4-0 Fort Recovery 6:30p"
4239,oh,"Ohio",Volleyball,"3-3 Indian Lake 5-2 Shawnee 6:30p"
4240,oh,"Ohio",Volleyball,"1-1 Winton Woods 1-0 Walnut Hills 6:30p"
4241,oh,"Ohio",Volleyball,"3-2 Batavia 0-1 New Richmond 6:30p"
4242,oh,"Ohio",Volleyball,"0-5 Trotwood-Madison 0-2 Belmont 6:30p"
4243,oh,"Ohio",Volleyball,"7-2 Cloverleaf 4-1 Streetsboro 6:30p"
4244,oh,"Ohio",Volleyball,"8-0 Hillsdale 0-6 Norwayne 6:30p"
4245,oh,"Ohio",Volleyball,"4-2 Buckeye Central 3-1 Willard 6:30p"
4246,oh,"Ohio",Volleyball,"1-4 Edgewood 3-1 Ross 6:30p"
4247,oh,"Ohio",Volleyball,"2-3 Maple Heights 1-2 Bedford 6:30p"
4248,oh,"Ohio",Volleyball,"4-2 Aurora 1-4 Kenston 6:30p"
4249,oh,"Ohio",Volleyball,"1-1 DePaul Cristo Rey 0-0 Gamble Montessori 6:30p"
4250,oh,"Ohio",Volleyball,"3-2 Ottawa-Glandorf 1-6 Kenton 6:30p"
4251,oh,"Ohio",Volleyball,"5-1 Loudonville 2-1 East Knox 6:30p"
4252,oh,"Ohio",Volleyball,"4-1 Edgewood 2-2 Conneaut 6:30p"
4253,oh,"Ohio",Volleyball,"0-4 Woodridge 1-4 Ravenna 6:30p"
4254,oh,"Ohio",Volleyball,"0-6 Danville 0-2 Mt. Gilead 6:30p"
4255,oh,"Ohio",Volleyball,"2-1 Russia 5-2 Fort Loramie 6:30p"
4256,oh,"Ohio",Volleyball,"5-0 Ada 4-3 Temple Christian 6:30p"
4257,oh,"Ohio",Volleyball,"2-2 Winfield 0-5 Point Pleasant 6:30p"
4258,oh,"Ohio",Volleyball,"3-4 Fairview 5-3 Cuyahoga Heights 6:30p"
4259,oh,"Ohio",Volleyball,"1-5 Upper Scioto Valley 2-2 North Baltimore 6:30p"
4260,oh,"Ohio",Volleyball,"2-4 Urbana 1-4 Bellefontaine 6:30p"
4261,oh,"Ohio",Volleyball,"4-0 Leipsic 2-2 Pandora-Gilboa 6:30p"
4262,oh,"Ohio",Volleyball,"3-3 Columbian 4-1 Bellevue 6:30p"
4263,oh,"Ohio",Volleyball,"0-3 Liberty 1-2 Brookfield 6:30p"
4264,oh,"Ohio",Volleyball,"1-2 Milford 0-4 Turpin 6:30p"
4265,oh,"Ohio",Volleyball,"6-0 (#4) Parkway 3-4 Minster 6:30p"
4266,oh,"Ohio",Volleyball,"7-0 Kenton Ridge 7-0 Jonathan Alder 6:30p"
4267,oh,"Ohio",Volleyball,"4-0 (#3) Ursuline Academy 3-1 (#22) St. Ursula Academy 6:30p"
4268,oh,"Ohio",Volleyball,"6-1 Botkins 3-3 Anna 6:30p"
4269,oh,"Ohio",Volleyball,"1-1 Wellington 4-1 Firelands 6:30p"
4270,oh,"Ohio",Volleyball,"0-4 Tecumseh 4-1 London 6:30p"
4271,oh,"Ohio",Volleyball,"0-3 Waterloo 5-1 Mineral Ridge 6:30p"
4272,oh,"Ohio",Volleyball,"4-2 Versailles 4-0 (#19) New Bremen 6:30p"
4273,oh,"Ohio",Volleyball,"1-3 Carrollton 1-4 Marlington 6:30p"
4274,oh,"Ohio",Volleyball,"3-3 Philo 4-1 Tri-Valley 6:30p"
4275,oh,"Ohio",Volleyball,"3-1 Eaton 0-5 Madison 6:30p"
4276,oh,"Ohio",Volleyball,"0-3 Riverside 0-4 Milton-Union 6:30p"
4277,oh,"Ohio",Volleyball,"1-2 Garfield Heights 0-3 Cleveland Heights 6:30p"
4278,oh,"Ohio",Volleyball,"1-4 Bath 1-3 Van Wert 6:30p"
4279,oh,"Ohio",Volleyball,"3-2 St. Henry 4-1 Marion Local 6:30p"
4280,oh,"Ohio",Volleyball,"1-3 North College Hill 1-1 Clark Montessori 6:30p"
4281,oh,"Ohio",Volleyball,"1-4 Harding 2-3 Independence 6:30p"
4282,oh,"Ohio",Volleyball,"6-0 Benjamin Logan 5-2 Northwestern 6:30p"
4283,oh,"Ohio",Volleyball,"4-1 Zane Trace 2-0 Adena 6:30p"
4284,oh,"Ohio",Volleyball,"2-5 Copley 4-2 Nordonia 6:30p"
4285,oh,"Ohio",Volleyball,"5-0 Troy Christian 1-4 Bethel 6:30p"
4286,oh,"Ohio",Volleyball,"0-2 Brecksville-Broadview Heights 4-3 Solon 6:30p"
4287,oh,"Ohio",Volleyball,"3-5 Sandy Valley 1-5 New Philadelphia 6:30p"
4288,oh,"Ohio",Volleyball,"3-0 Wyoming 2-3 Madeira 6:30p"
4289,oh,"Ohio",Volleyball,"4-0 (#9) Lake 6-2 Maumee 6:30p"
4290,oh,"Ohio",Volleyball,"4-2 Manchester 5-2 Triway 6:30p"
4291,oh,"Ohio",Volleyball,"1-4 Minerva 5-3 West Branch 6:30p"
4292,oh,"Ohio",Volleyball,"1-3 Hoover 2-5 Green 6:45p"
4293,oh,"Ohio",Volleyball,"3-2 Brookville 5-2 Valley View 6:45p"
4294,oh,"Ohio",Volleyball,"5-2 Mt. Healthy 1-0 Dunbar 6:45p"
4295,oh,"Ohio",Volleyball,"5-0 (#16) Big Walnut 6-1 Westerville South 6:45p"
4296,oh,"Ohio",Volleyball,"3-4 Smithville 4-4 Northwestern 6:45p"
4297,oh,"Ohio",Volleyball,"4-1 Groveport-Madison 3-2 Lancaster 6:45p"
4298,oh,"Ohio",Volleyball,"1-4 Bristol 2-3 Badger 6:45p"
4299,oh,"Ohio",Volleyball,"2-2 Steubenville 2-3 Catholic Central 6:45p"
4300,oh,"Ohio",Volleyball,"4-3 National Trail 1-2 Franklin Monroe 6:45p"
4301,oh,"Ohio",Volleyball,"1-1 Garfield 1-3 Champion 6:45p"
4302,oh,"Ohio",Volleyball,"3-2 Hilliard Darby 1-4 Westerville Central 6:45p"
4303,oh,"Ohio",Volleyball,"2-1 Crestview 1-5 Southeast 6:45p"
4304,oh,"Ohio",Volleyball,"3-0 Jackson 2-4 Lake 6:45p"
4305,oh,"Ohio",Volleyball,"3-3 Talawanda 1-2 Franklin 6:45p"
4306,oh,"Ohio",Volleyball,"1-4 Ansonia 1-2 Tri-County North 6:45p"
4307,oh,"Ohio",Volleyball,"3-4 GlenOak 3-1 McKinley 6:45p"
4308,oh,"Ohio",Volleyball,"5-0 NOCA 2-2 Emmanuel Christian 6:45p"
4309,oh,"Ohio",Volleyball,"2-3 Unioto 0-4 Paint Valley 6:45p"
4310,oh,"Ohio",Volleyball,"0-3 Woodmore 2-3 St. Mary Central Catholic 6:45p"
4311,oh,"Ohio",Volleyball,"1-4 Buckeye 0-3 Valley Forge 6:45p"
4312,oh,"Ohio",Volleyball,"5-4 Dixie 2-2 Mississinawa Valley 6:45p"
4313,oh,"Ohio",Volleyball,"4-1 Highland 2-5 North Royalton 7p"
4314,oh,"Ohio",Volleyball,"1-3 Clear Fork 3-4 Marion Harding 7p"
4315,oh,"Ohio",Volleyball,"5-2 Mansfield Christian 3-4 Tree of Life Christian 7p"
4316,oh,"Ohio",Volleyball,"2-4 Amanda-Clearcreek 4-4 Liberty Union 7p"
4317,oh,"Ohio",Volleyball,"0-3 McKinley 2-3 Struthers 7p"
4318,oh,"Ohio",Volleyball,"5-1 Teays Valley 1-2 Reynoldsburg 7p"
4319,oh,"Ohio",Volleyball,"0-3 Springfield 0-3 McKinley 7p"
4320,oh,"Ohio",Volleyball,"5-1 Chippewa 4-2 Waynedale 7p"
4321,oh,"Ohio",Volleyball,"4-1 Austintown-Fitch 5-1 Lakeview 7p"
4322,oh,"Ohio",Volleyball,"1-2 South Central 3-0 St. Paul 7p"
4323,oh,"Ohio",Volleyball,"2-1 Newton Falls 3-3 LaBrae 7p"
4324,oh,"Ohio",Volleyball,"1-3 Fairland 0-3 Ironton 7p"
4325,oh,"Ohio",Volleyball,"4-1 Garaway 2-1 Hiland 7p"
4326,oh,"Ohio",Volleyball,"2-2 Dublin Jerome 5-2 Olentangy Liberty 7p"
4327,oh,"Ohio",Volleyball,"4-1 Gibsonburg 2-2 St. Joseph Central Catholic 7p"
4328,oh,"Ohio",Volleyball,"2-4 Dublin Scioto 3-3 Worthington Kilbourne 7p"
4329,oh,"Ohio",Volleyball,"2-2 Fort Frye 4-1 Buckeye Trail 7p"
4330,oh,"Ohio",Volleyball,"3-2 Southeastern Local 1-3 Cedarville 7p"
4331,oh,"Ohio",Volleyball,"7-2K Kingdom Christian 0-0C Castine Christian 7p"
4332,oh,"Ohio",Volleyball,"3-0 Walnut Ridge 3-3 West 7p"
4333,oh,"Ohio",Volleyball,"1-4 Lakota 5-2 Margaretta 7p"
4334,oh,"Ohio",Volleyball,"0-2 Marion-Franklin 0-1 Independence 7p"
4335,oh,"Ohio",Volleyball,"2-5 Rittman 5-0 Dalton 7p"
4336,oh,"Ohio",Volleyball,"2-2 Oak Hill 1-3 Minford 7p"
4337,oh,"Ohio",Volleyball,"1-4 Edgerton 1-5 Bryan 7p"
4338,oh,"Ohio",Volleyball,"1-4 Poland Seminary 5-1 Hubbard 7p"
4339,oh,"Ohio",Volleyball,"1-3 Columbus Academy 3-3 Worthington Christian 7p"
4340,oh,"Ohio",Volleyball,"3-1 Bloom-Carroll 3-1 Circleville 7p"
4341,oh,"Ohio",Volleyball,"1-6 Gorham Fayette 2-2 Evergreen 7p"
4342,oh,"Ohio",Volleyball,"0-0 East 2-1 Whetstone 7p"
4343,oh,"Ohio",Volleyball,"2-2 Northwest 2-4 South Webster 7p"
4344,oh,"Ohio",Volleyball,"1-3 Western 5-0 Valley 7p"
4345,oh,"Ohio",Volleyball,"0-3 Holgate 4-1 Swanton 7p"
4346,oh,"Ohio",Volleyball,"3-3 Revere 4-2 Mayfield 7p"
4347,oh,"Ohio",Volleyball,"2-2 West Liberty-Salem 1-6 Mechanicsburg 7p"
4348,oh,"Ohio",Volleyball,"2-1 Hicksville 1-4 Continental 7p"
4349,oh,"Ohio",Volleyball,"0-4 Newcomerstown 0-4 Conotton Valley 7p"
4350,oh,"Ohio",Volleyball,"1-2 Ridgewood 4-1 Indian Valley 7p"
4351,oh,"Ohio",Volleyball,"5-0 Cardinal 4-2 Grand Valley 7p"
4352,oh,"Ohio",Volleyball,"5-0 Miller City 6-0 Patrick Henry 7p"
4353,oh,"Ohio",Volleyball,"1-3 Aquinas 2-2 Lake Center Christian 7p"
4354,oh,"Ohio",Volleyball,"6-0 Tuscarawas Valley 2-1 Claymont 7p"
4355,oh,"Ohio",Volleyball,"0-7 Elida 2-2 Shawnee 7p"
4356,oh,"Ohio",Volleyball,"1-5 Lakewood 4-3 Heath 7p"
4357,oh,"Ohio",Volleyball,"2-2 Chesapeake 2-2 South Point 7p"
4358,oh,"Ohio",Volleyball,"1-4 Zanesville 3-2 Licking Heights 7p"
4359,oh,"Ohio",Volleyball,"4-1 Wapakoneta 1-3 Defiance 7p"
4360,oh,"Ohio",Volleyball,"1-2 Northland 1-2 Mifflin 7p"
4361,oh,"Ohio",Volleyball,"3-1 Genoa Area 4-3 Otsego 7p"
4362,oh,"Ohio",Volleyball,"2-4 Tuscarawas Central Catholic 2-1 Malvern 7p"
4363,oh,"Ohio",Volleyball,"2-5 Delta 1-3 Start 7p"
4364,oh,"Ohio",Volleyball,"1-3 River Valley 3-1 Shelby 7p"
4365,oh,"Ohio",Volleyball,"7-1 Hilliard Bradley 0-7 Westland 7p"
4366,oh,"Ohio",Volleyball,"3-3 Maysville 7-1 (#17) River View 7p"
4367,oh,"Ohio",Volleyball,"3-1 Windham 2-1 Lordstown 7p"
4368,oh,"Ohio",Volleyball,"4-2 Centennial 0-1 Columbus International 7p"
4369,oh,"Ohio",Volleyball,"1-6 Belpre 3-2 Southern 7p"
4370,oh,"Ohio",Volleyball,"1-2 Waite 1-4 Northwood 7p"
4371,oh,"Ohio",Volleyball,"1-1 Logan 2-3 Newark 7p"
4372,oh,"Ohio",Volleyball,"1-3 Stebbins 3-4 Greenville 7p"
4373,oh,"Ohio",Volleyball,"0-3 Beavercreek 2-1 Northmont 7p"
4374,oh,"Ohio",Volleyball,"1-4 Upper Sandusky 6-1 Mohawk 7p"
4375,oh,"Ohio",Volleyball,"0-3 Coshocton 2-3 West Muskingum 7p"
4376,oh,"Ohio",Volleyball,"2-4 Galion 1-4 Highland 7p"
4377,oh,"Ohio",Volleyball,"2-2 Coventry 2-2 Northwest 7p"
4378,oh,"Ohio",Volleyball,"3-3 Licking Valley 3-3 Granville 7p"
4379,oh,"Ohio",Volleyball,"2-3 Wynford 1-4 Lucas 7p"
4380,oh,"Ohio",Volleyball,"3-2 Canal Winchester 3-1 Pickerington Central 7p"
4381,oh,"Ohio",Volleyball,"1-7 Grove City 3-0 (#1) Olentangy 7p"
4382,oh,"Ohio",Volleyball,"5-0 Northside Christian 3-5 Calvary Christian 7p"
4383,oh,"Ohio",Volleyball,"2-3W Watkins Memorial 6-2 Mt. Vernon 7p"
4384,oh,"Ohio",Volleyball,"2-3 Lincoln 5-1 (#12) Dublin Coffman 7p"
4385,oh,"Ohio",Volleyball,"1-3 Memorial 1-6 Celina 7p"
4386,oh,"Ohio",Volleyball,"3-2 Eastern 5-0 (#13) Wheelersburg 7p"
4387,oh,"Ohio",Volleyball,"2-3 Cardinal Mooney 1-5 Heartland Christian 7p"
4388,oh,"Ohio",Volleyball,"5-0 River 5-0 Marietta 7p"
4389,oh,"Ohio",Volleyball,"4-2 Medina 4-2 Hudson 7p"
4390,oh,"Ohio",Volleyball,"0-2 Wayne 0-3 Miamisburg 7p"
4391,oh,"Ohio",Volleyball,"3-4 Thomas Worthington 4-1 Hilliard Davidson 7p"
4392,oh,"Ohio",Volleyball,"3-2 Utica 4-3 Johnstown-Monroe 7p"
4393,oh,"Ohio",Volleyball,"2-0 Bexley 3-1 Buckeye Valley 7p"
4394,oh,"Ohio",Volleyball,"5-0 Columbiana 0-2 Valley Christian 7p"
4395,oh,"Ohio",Volleyball,"3-2 Fairbanks 5-1 Triad 7p"
4396,oh,"Ohio",Volleyball,"4-1 Liberty Center 5-2 Tinora 7p"
4397,oh,"Ohio",Volleyball,"1-2 Perry 4-1 Louisville 7p"
4398,oh,"Ohio",Volleyball,"1-3 Northeastern 3-4 West Jefferson 7p"
4399,oh,"Ohio",Volleyball,"6-0 South Range 1-5 Girard 7p"
4400,oh,"Ohio",Volleyball,"3-4 Westerville North 1-4 Hayes 7p"
4401,oh,"Ohio",Volleyball,"1-3 Centerville 1-2 Springfield 7p"
4402,oh,"Ohio",Volleyball,"4-1 Ottawa Hills 5-0 Danbury 7p"
4403,oh,"Ohio",Volleyball,"4-1 Piqua 3-0 Butler 7p"
4404,oh,"Ohio",Volleyball,"2-2 Ridgedale 1-5 Perry 7p"
4405,oh,"Ohio",Volleyball,"6-0 (#14) Calvert 5-0 (#23) Old Fort 7p"
4406,oh,"Ohio",Volleyball,"2-3 Waterford 4-2 Trimble 7p"
4407,oh,"Ohio",Volleyball,"0-1 Briggs 2-0 Eastmoor Academy 7p"
4408,oh,"Ohio",Volleyball,"3-2 Wooster 2-3 Dover 7p"
4409,oh,"Ohio",Volleyball,"0-4 Catholic Central 5-1 Madison Plains 7p"
4410,oh,"Ohio",Volleyball,"6-2 East Palestine 1-4 Southern 7p"
4411,oh,"Ohio",Volleyball,"6-0 Memorial 1-3 Lowellville 7p"
4412,oh,"Ohio",Volleyball,"3-2 Wadsworth 3-2 Stow-Munroe Falls 7p"
4413,oh,"Ohio",Volleyball,"2-2 Canton Central Catholic 3-1 Mogadore 7p"
4414,oh,"Ohio",Volleyball,"2-1 Beechcroft 0-1 Linden-McKinley 7p"
4415,oh,"Ohio",Volleyball,"4-0 Federal Hocking 3-1 Eastern 7p"
4416,oh,"Ohio",Volleyball,"1-2 Greenon 4-2 Greeneview 7p"
4417,oh,"Ohio",Volleyball,"1-3 West Carrollton 5-0 Tippecanoe 7p"
4418,oh,"Ohio",Volleyball,"2-2 East Canton 2-2 Strasburg-Franklin 7p"
4419,oh,"Ohio",Volleyball,"5-1 Van Buren 0-6 Hopewell-Loudon 7p"
4420,oh,"Ohio",Volleyball,"1-3 Troy 2-4 Xenia 7p"
4421,oh,"Ohio",Volleyball,"4-0 Springboro 1-2 Fairmont 7p"
4422,oh,"Ohio",Volleyball,"1-4 Rock Hill 4-2 Portsmouth 7p"
4423,oh,"Ohio",Volleyball,"4-1 Monroe 3-1 Bellbrook 7p"
4424,oh,"Ohio",Volleyball,"0-5 Harding 2-2 Ursuline 7p"
4425,oh,"Ohio",Volleyball,"0-1 Cristo Rey 0-2 Patriot Prep Academy 7p"
4426,oh,"Ohio",Volleyball,"0-4 Seneca East 2-4 Bucyrus 7p"
4427,oh,"Ohio",Volleyball,"3-1 Jefferson 5-0 Paulding 7p"
4428,oh,"Ohio",Volleyball,"0-4 Barberton 3-1 Twinsburg 7p"
4429,oh,"Ohio",Volleyball,"5-2 Northridge 3-0 Newark Catholic 7p"
4430,oh,"Ohio",Volleyball,"3-3 Sidney 2-1 Fairborn 7p"
4431,oh,"Ohio",Volleyball,"5-0 Warren 6-0 (#7) Gallia Academy 7p"
4432,oh,"Ohio",Volleyball,"4-1 Olentangy Berlin 0-3 Bishop Hartley 7p"
4433,oh,"Ohio",Volleyball,"0-3 Crooksville 3-1 New Lexington 7p"
4434,oh,"Ohio",Volleyball,"1-3 Bishop Rosecrans 1-5 Harvest Prep 7p"
4435,oh,"Ohio",Volleyball,"3-3 St. Francis DeSales 2-5 Upper Arlington 7p"
4436,oh,"Ohio",Volleyball,"2-3 Ontario 3-0 Pleasant 7p"
4437,oh,"Ohio",Volleyball,"0-5 Wellston 1-3 Alexander 7:15p"
4438,oh,"Ohio",Volleyball,"1-6 Wauseon 1-5 Elmwood 7:15p"
4439,oh,"Ohio",Volleyball,"4-0 Meadowbrook 3-2 Morgan 7:15p"
4440,oh,"Ohio",Volleyball,"1-4 Westfall 3-3 Huntington 7:15p"
4441,oh,"Ohio",Volleyball,"0-4 Vinton County 3-1 River Valley 7:15p"
4442,oh,"Ohio",Volleyball,"0-4 Meigs 1-5 Athens 7:15p"
4443,oh,"Ohio",Volleyball,"3-4 Deer Park 2-2 Middletown Christian 7:15p"
4444,oh,"Ohio",Volleyball,"4-1 Hamilton Township 1-5 Fairfield Union 7:15p"
4445,oh,"Ohio",Volleyball,"2-3 Granville Christian Academy 2-0 Shekinah Christian 7:15p"
4446,oh,"Ohio",Volleyball,"5-3 Grove City Christian 2-0 Fisher Catholic 7:30p"
4447,oh,"Ohio",Volleyball,"0-3 Washington 2-3 Jackson 7:30p"
4448,oh,"Ohio",Volleyball,"2-1 Cornerstone Academy 0-0O Oakstone Academy"
4449,oh,"Ohio",Volleyball,"Related ScoreboardsConferences Akron CityAll-AmericanBlanchard ValleyBuckeye 8Buckeye BorderCentral Buckeye - Kenton TrailCentral Buckeye - Mad RiverCentral CatholicChagrin Valley - ChagrinChagrin Valley - Lake Associations Ohio Boys Volleyball Coaches AssociationOhio High School Athletic AssociationOhio High School Volleyball Coaches AssociationOhio Valley Athletic Conference Metros CincinnatiClevelandColumbusDaytonLimaToledoYoungstownZanesville"
4450,oh,"Ohio",Volleyball,"Thursday, Sep. 3 3-0 Bishop Moore 4-0 (#4) Orangewood Christian 6p 7-0 (#22) Mother McAuley 5-2 Lincoln-Way East 5p 0-2 Berkeley Prep 7-0 (#21) Calvary Christian 6:30p 10-0 (#3) Assumption 10-3 Providence 7p 3-0 (#10) Harrisburg 1-1 Washington 6:30p 2-4 Avon 10-0 (#25) Hamilton Southeastern 7:30p 1-0 (#11) Torrey Pines 11-0 (#1) Sierra Canyon 5:30p 6-3 Mira Costa 6-0 (#2) Mater Dei 5:45p 1-0 (#13) Cathedral Catholic 6-6 Southeast Career Tech 7p 0-2 Lincoln Christian 6-0 (#15) Norris"
4451,oh,"Ohio",Volleyball,"3-0 Bishop Moore 4-0 (#4) Orangewood Christian 6p"
4452,oh,"Ohio",Volleyball,"7-0 (#22) Mother McAuley 5-2 Lincoln-Way East 5p"
4453,oh,"Ohio",Volleyball,"0-2 Berkeley Prep 7-0 (#21) Calvary Christian 6:30p"
4454,oh,"Ohio",Volleyball,"10-0 (#3) Assumption 10-3 Providence 7p"
4455,oh,"Ohio",Volleyball,"3-0 (#10) Harrisburg 1-1 Washington 6:30p"
4456,oh,"Ohio",Volleyball,"2-4 Avon 10-0 (#25) Hamilton Southeastern 7:30p"
4457,oh,"Ohio",Volleyball,"1-0 (#11) Torrey Pines 11-0 (#1) Sierra Canyon 5:30p"
4458,oh,"Ohio",Volleyball,"6-3 Mira Costa 6-0 (#2) Mater Dei 5:45p"
4459,oh,"Ohio",Volleyball,"1-0 (#13) Cathedral Catholic 6-6 Southeast Career Tech 7p"
4460,oh,"Ohio",Volleyball,"0-2 Lincoln Christian 6-0 (#15) Norris"
4461,ok,"Oklahoma",Volleyball,"There are 52 matches for Oklahoma volleyball on Thu, 9/3/2026. The featured matches are by Oklahoma top ranked teams #19 Oklahoma Christian (Edmond, OK) @ #2 Mount St. Mary (Oklahoma City, OK), Bishop McGuinness (Oklahoma City, OK) @ #3 Jenks (OK), and #4 Edmond North (Edmond, OK) @ Mustang (OK). The first match, Summit Christian Academy (Broken Arrow, OK) @ Holland Hall (Tulsa, OK), starts at 7a. Related Content Oklahoma Girls Volleyball Stat LeadersOklahoma Girls Volleyball PlayoffsOklahoma Girls Volleyball Rankings Oklahoma High School Volleyball Schedule 52 Matches 4-2 Summit Christian Academy 1-2 Holland Hall 7a 1-1 Golden Valley 6-3 Metro Christian 9a console.log('MaxPrepsAds - createMark: Element Defined - leaderboard-banner-inc1');performance && performance.mark && performance.mark('MaxPrepsAds - Element Defined: leaderboard-banner-inc1'); 6-3 Metro Christian 9-13 Tarkington 11:30a 2-9 Clinton 2-5 Cache 4p 2-5 Minco 3-1 Tishomingo 4p 2-7 Duncan 2-5 Newcastle 4p 3-2O Okay 1-3 Wagoner 4p 0-0 Nathan Hale 1-5 Will Rogers College 4p 5-4 Snyder 0-0C Cement 4:30p 1-0E Erick 1-3 Sharon-Mutual 4:30p 4-0 Columbia Christian 0-0 West Side Christian 4:30p 2-3 Del City 2-3 Perkins-Tryon 5p 3-1 Marshall 0-4 Grant 5p 5-1 Southeast 5-4 Shawnee 5p 0-0 Southwestern Heights 0-2 Guymon 5p 2-4 McLain Science & Tech 0-5 Central 5p 1-2 Northwest Classen 4-4 Star-Spencer 5p 1-5 Will Rogers College 5-6 Nathan Hale 5p 3-9 Christian Ministries Academy 2-6 Trinity Christian 5:30p V Varsity Opponent 0-0 MSAD 5:30p 0-1 Blytheville 1-3 Arkansas Christian Academy 5:30p 6-3 Yukon 4-6 Moore 6p 8-2 (#24) El Reno 5-3 Noble 6p 0-6 Westmoore 2-2 Southmoore 6p 6-3 Bishop McGuinness 10-5 (#3) Jenks 6p 0-0 Elkhart 0-2 Guymon 6p 0-11 Deer Creek 6-2 (#6) Edmond Memorial 6p 4-5 Midwest City 2-0 Putnam City West 6p 13-3 (#11) Cascia Hall 5-6 Lincoln Christian 6p 1-4E Enid 3-0 Putnam City 6p 1-4 Tahlequah 8-6 Memorial 6p 12-3 (#4) Edmond North 3-4 Mustang 6p 5-3 Tuttle 2-6 Lawton 6p 6-3 (#19) Oklahoma Christian 15-8 (#2) Mount St. Mary 6p 13-7 Inola 3-1 Berryhill 6p 5-2 Carl Albert 3-4 MacArthur 6p 4-4 Casady 7-3 (#7) Community Christian 6p 0-6 Choctaw 8-4 (#12) Piedmont 6p 4-2 Summit Christian Academy 1-2 Holland Hall 6p 2-5 Douglass 1-7 Guthrie 6p 6-3 (#18) Crossings Christian 3-2 Bethany 6p 4-5 Bixby 5-5 Bishop Kelley 6:30p 0-4 Catoosa 3-3 Collinsville 6:30p 3-3A Amber-Pocasset 2-4 Elgin 6:30p 4-4 Verdigris 5-4 Glenpool 6:30p 7-8 Stillwater 2-8 Bartlesville 6:30p 2-2 Tulsa NOAH HomeSchool 1-5 Regent Prep 7p 2-12 McAlester 2-6 Pryor 7p 3-5 Chickasha 5-3 Blanchard 7p 0-0 Lisa Academy North 5-4 Abundant Life 7:30p 5-0 (#8) Chouteau-Mazie 1-5 Oklahoma Union 7:30p 0-0B Billings 4-5-1S Stillwater Spartans"
4462,ok,"Oklahoma",Volleyball,"4-2 Summit Christian Academy 1-2 Holland Hall 7a"
4463,ok,"Oklahoma",Volleyball,"1-1 Golden Valley 6-3 Metro Christian 9a"
4464,ok,"Oklahoma",Volleyball,"6-3 Metro Christian 9-13 Tarkington 11:30a"
4465,ok,"Oklahoma",Volleyball,"2-9 Clinton 2-5 Cache 4p"
4466,ok,"Oklahoma",Volleyball,"2-5 Minco 3-1 Tishomingo 4p"
4467,ok,"Oklahoma",Volleyball,"2-7 Duncan 2-5 Newcastle 4p"
4468,ok,"Oklahoma",Volleyball,"3-2O Okay 1-3 Wagoner 4p"
4469,ok,"Oklahoma",Volleyball,"0-0 Nathan Hale 1-5 Will Rogers College 4p"
4470,ok,"Oklahoma",Volleyball,"5-4 Snyder 0-0C Cement 4:30p"
4471,ok,"Oklahoma",Volleyball,"1-0E Erick 1-3 Sharon-Mutual 4:30p"
4472,ok,"Oklahoma",Volleyball,"4-0 Columbia Christian 0-0 West Side Christian 4:30p"
4473,ok,"Oklahoma",Volleyball,"2-3 Del City 2-3 Perkins-Tryon 5p"
4474,ok,"Oklahoma",Volleyball,"3-1 Marshall 0-4 Grant 5p"
4475,ok,"Oklahoma",Volleyball,"5-1 Southeast 5-4 Shawnee 5p"
4476,ok,"Oklahoma",Volleyball,"0-0 Southwestern Heights 0-2 Guymon 5p"
4477,ok,"Oklahoma",Volleyball,"2-4 McLain Science & Tech 0-5 Central 5p"
4478,ok,"Oklahoma",Volleyball,"1-2 Northwest Classen 4-4 Star-Spencer 5p"
4479,ok,"Oklahoma",Volleyball,"1-5 Will Rogers College 5-6 Nathan Hale 5p"
4480,ok,"Oklahoma",Volleyball,"3-9 Christian Ministries Academy 2-6 Trinity Christian 5:30p"
4481,ok,"Oklahoma",Volleyball,"V Varsity Opponent 0-0 MSAD 5:30p"
4482,ok,"Oklahoma",Volleyball,"0-1 Blytheville 1-3 Arkansas Christian Academy 5:30p"
4483,ok,"Oklahoma",Volleyball,"6-3 Yukon 4-6 Moore 6p"
4484,ok,"Oklahoma",Volleyball,"8-2 (#24) El Reno 5-3 Noble 6p"
4485,ok,"Oklahoma",Volleyball,"0-6 Westmoore 2-2 Southmoore 6p"
4486,ok,"Oklahoma",Volleyball,"6-3 Bishop McGuinness 10-5 (#3) Jenks 6p"
4487,ok,"Oklahoma",Volleyball,"0-0 Elkhart 0-2 Guymon 6p"
4488,ok,"Oklahoma",Volleyball,"0-11 Deer Creek 6-2 (#6) Edmond Memorial 6p"
4489,ok,"Oklahoma",Volleyball,"4-5 Midwest City 2-0 Putnam City West 6p"
4490,ok,"Oklahoma",Volleyball,"13-3 (#11) Cascia Hall 5-6 Lincoln Christian 6p"
4491,ok,"Oklahoma",Volleyball,"1-4E Enid 3-0 Putnam City 6p"
4492,ok,"Oklahoma",Volleyball,"1-4 Tahlequah 8-6 Memorial 6p"
4493,ok,"Oklahoma",Volleyball,"12-3 (#4) Edmond North 3-4 Mustang 6p"
4494,ok,"Oklahoma",Volleyball,"5-3 Tuttle 2-6 Lawton 6p"
4495,ok,"Oklahoma",Volleyball,"6-3 (#19) Oklahoma Christian 15-8 (#2) Mount St. Mary 6p"
4496,ok,"Oklahoma",Volleyball,"13-7 Inola 3-1 Berryhill 6p"
4497,ok,"Oklahoma",Volleyball,"5-2 Carl Albert 3-4 MacArthur 6p"
4498,ok,"Oklahoma",Volleyball,"4-4 Casady 7-3 (#7) Community Christian 6p"
4499,ok,"Oklahoma",Volleyball,"0-6 Choctaw 8-4 (#12) Piedmont 6p"
4500,ok,"Oklahoma",Volleyball,"4-2 Summit Christian Academy 1-2 Holland Hall 6p"
4501,ok,"Oklahoma",Volleyball,"2-5 Douglass 1-7 Guthrie 6p"
4502,ok,"Oklahoma",Volleyball,"6-3 (#18) Crossings Christian 3-2 Bethany 6p"
4503,ok,"Oklahoma",Volleyball,"4-5 Bixby 5-5 Bishop Kelley 6:30p"
4504,ok,"Oklahoma",Volleyball,"0-4 Catoosa 3-3 Collinsville 6:30p"
4505,ok,"Oklahoma",Volleyball,"3-3A Amber-Pocasset 2-4 Elgin 6:30p"
4506,ok,"Oklahoma",Volleyball,"4-4 Verdigris 5-4 Glenpool 6:30p"
4507,ok,"Oklahoma",Volleyball,"7-8 Stillwater 2-8 Bartlesville 6:30p"
4508,ok,"Oklahoma",Volleyball,"2-2 Tulsa NOAH HomeSchool 1-5 Regent Prep 7p"
4509,ok,"Oklahoma",Volleyball,"2-12 McAlester 2-6 Pryor 7p"
4510,ok,"Oklahoma",Volleyball,"3-5 Chickasha 5-3 Blanchard 7p"
4511,ok,"Oklahoma",Volleyball,"0-0 Lisa Academy North 5-4 Abundant Life 7:30p"
4512,ok,"Oklahoma",Volleyball,"5-0 (#8) Chouteau-Mazie 1-5 Oklahoma Union 7:30p"
4513,ok,"Oklahoma",Volleyball,"0-0B Billings 4-5-1S Stillwater Spartans"
4514,ok,"Oklahoma",Volleyball,"Related ScoreboardsDistricts 66All-CityArrowheadBig Eight StarCentennialCentral OklahomaCherokeeChisholm TrailFreelanceFrisco Associations Oklahoma Secondary School Activities Association Metros Oklahoma CityShermanTulsa"
4515,ok,"Oklahoma",Volleyball,"Thursday, Sep. 3 3-0 Bishop Moore 4-0 (#4) Orangewood Christian 6p 7-0 (#22) Mother McAuley 5-2 Lincoln-Way East 5p 0-2 Berkeley Prep 7-0 (#21) Calvary Christian 6:30p 10-0 (#3) Assumption 10-3 Providence 7p 3-0 (#10) Harrisburg 1-1 Washington 6:30p 2-4 Avon 10-0 (#25) Hamilton Southeastern 7:30p 1-0 (#11) Torrey Pines 11-0 (#1) Sierra Canyon 5:30p 6-3 Mira Costa 6-0 (#2) Mater Dei 5:45p 1-0 (#13) Cathedral Catholic 6-6 Southeast Career Tech 7p 0-2 Lincoln Christian 6-0 (#15) Norris"
4516,ok,"Oklahoma",Volleyball,"3-0 Bishop Moore 4-0 (#4) Orangewood Christian 6p"
4517,ok,"Oklahoma",Volleyball,"7-0 (#22) Mother McAuley 5-2 Lincoln-Way East 5p"
4518,ok,"Oklahoma",Volleyball,"0-2 Berkeley Prep 7-0 (#21) Calvary Christian 6:30p"
4519,ok,"Oklahoma",Volleyball,"10-0 (#3) Assumption 10-3 Providence 7p"
4520,ok,"Oklahoma",Volleyball,"3-0 (#10) Harrisburg 1-1 Washington 6:30p"
4521,ok,"Oklahoma",Volleyball,"2-4 Avon 10-0 (#25) Hamilton Southeastern 7:30p"
4522,ok,"Oklahoma",Volleyball,"1-0 (#11) Torrey Pines 11-0 (#1) Sierra Canyon 5:30p"
4523,ok,"Oklahoma",Volleyball,"6-3 Mira Costa 6-0 (#2) Mater Dei 5:45p"
4524,ok,"Oklahoma",Volleyball,"1-0 (#13) Cathedral Catholic 6-6 Southeast Career Tech 7p"
4525,ok,"Oklahoma",Volleyball,"0-2 Lincoln Christian 6-0 (#15) Norris"
4526,or,"Oregon",Volleyball,"There are 114 matches for Oregon volleyball on Thu, 9/3/2026. The featured matches are by Oregon top ranked teams Caldera (Bend, OR) @ #2 Ashland (OR), and Westview (Portland, OR) @ #3 South Salem (Salem, OR). The first match, Gold Beach (OR) @ Toledo (OR), starts at 12p. Related Content Oregon Girls Volleyball Stat LeadersOregon Girls Volleyball PlayoffsOregon Girls Volleyball Rankings Oregon High School Volleyball Schedule 114 Matches 5-2 Gold Beach 2-1 Toledo 12p 2-1 La Grande 1-0 Madras 1p console.log('MaxPrepsAds - createMark: Element Defined - leaderboard-banner-inc1');performance && performance.mark && performance.mark('MaxPrepsAds - Element Defined: leaderboard-banner-inc1'); 0-0 Crater 0-0 Bend 1p 5-2 Gold Beach 1-3W Waldport 2p 0-0 Santiam 0-1 Portland Christian 2p 0-1M Mapleton 1-0C Crow 3p 2-1 La Grande 3-2R Redmond 3p 2-1 McKenzie 0-0M Mohawk 3p 2-1C Creswell 1-0 Coquille 3:30p 1-0A Alsea 0-1E Eddyville 4p 0-0I Ione/Arlington 2-1G Griswold 4p 0-0 Santiam 1-0C Crosshill Christian 4p 0-0 Valley Catholic 2-0 The Dalles 4p 0-1T Triangle Lake 0-1M Mapleton 4:30p 1-0C Crosshill Christian 0-1 Portland Christian 4:30p 1-0L Lyle 0-0 Condon/Wheeler 4:58p 1-0 Dufur 0-0 Bickleton 5p 2-1-1S Sherman 0-1 Trout Lake 5p 1-6H Horizon Christian 0-0C Condon 5p 1-1C Corbett 0-2 Santiam Christian 5p 1-0 Madras 3-2R Redmond 5p 0-0I Ione/Arlington 0-0M McLoughlin 5p 2-1C Creswell 1-1 Marshfield 5p 0-1C Chiloquin 0-0 Bonanza 5:30p 0-0 Crater 0-0 Summit 5:30p 2-0 The Dalles 2-1 Marist 5:30p 0-0 Siletz Valley 1-0A Alsea 5:30p 1-2 Harrisburg 1-1C Corbett 5:30p 2-0 Westside Christian 1-0 Clatskanie 5:30p 2-0 Riverdale 3-0N Neah-Kah-Nie 5:45p 2-2 Powder Valley 1-2 Cove 5:50p 2-1 Marist 0-0 Valley Catholic 6p 2-2N North Clackamas Christian 0-0 Elkton 6p 0-0 Myrtle Point 1-0G Glide 6p 0-1 Yamhill-Carlton 1-0S Sisters 6p 1-0 Lowell 0-0O Oakland 6p 2-2 Nestucca 3-3E East Linn Christian Academy 6p 1-3 North Medford 1-1 Cascade Christian 6p 0-0L Livingstone Adventist Academy 3-1F FCKVC (CO-OP) 6p 3-3 Sheridan 2-0S Scio 6p 0-0A Astoria 0-1 Stayton 6p 0-2 Nyssa 0-0H Harper 6p 0-0O Oregon Episcopal 1-3 Gladstone 6p 2-1 Toledo 1-3W Waldport 6p 0-4 Monroe 1-2 Reedsport 6p 1-6H Horizon Christian 0-0C Condon 6p 1-0 Portland Adventist Academy 2-0 Catlin Gabel 6p 0-1C Cottage Grove 0-1 Molalla 6p 1-1 Tillamook 0-1P Philomath 6p 0-0 Rogue River 1-0G Glendale 6p 0-3 Sutherlin 1-0 Sweet Home 6p 1-2 Taft 2-1S Seaside 6p 0-1 Pendleton 4-3 Kamehameha Kapalama 3p 1-1 Siuslaw 1-0N Newport 6p 4-7 Weed 0-2 Lost River 6p 0-1T Triangle Lake 1-0C Crow 6p 0-2B Banks 1-1 Dayton 6p 2-4 Jewell 2-2W Willamette Valley Christian 6p 1-2R Rainier 0-3K Knappa 6p 2-0G Grand View Christian Academy 1-2W Western Christian 6p 0-1 Brookings-Harbor 2-0B Bandon 6p 2-1P Perrydale 0-0 Chemawa Indian 6p 2-3 La Salle 1-0 Ida B. Wells 6p 1-1 Oakridge 2-1 La Pine 6p 0-1 Central Linn 1-6 Country Christian 6p 2-0 Gaston 0-0L Lewis Academy 6p 3-0 Elmira 0-0 North Marion 6p 0-1 McKay 2-0 Roosevelt 6p 2-2 Warrenton 2-1 Willamina 6p 3-0 Pleasant Hill 1-1 Blanchet Catholic 6p 1-0 Jefferson 0-1 Aloha 6p 0-1 Pendleton 5-5 Redlands 6p 2-2S South Umpqua 1-3 Mazama 6:15p 1-1 Marshfield 1-0 Coquille 6:30p 0-1 Tigard 0-0S St. Mary's Academy 6:30p 3-1H Henley 8-5 Yreka 6:30p 3-0 West Linn 0-1 Lake Oswego 6:30p 2-0 Central 0-1 Dallas 6:30p 4-0I Imbler 4-0 Heppner 6:30p 1-0 Oregon City 1-0 Lakeridge 6:30p 1-0 Beaverton 0-1 North Salem 6:30p 2-2 Westview 2-1 (#3) South Salem 6:30p 0-0I Irrigon 0-2R Riverside 6:30p 0-1 Clackamas 0-1 Gresham 6:30p 0-0 Santiam 0-1 Portland Christian 6:30p 0-2 Corvallis 2-0 Central 6:30p 1-0 North Valley 1-2 Eagle Point 6:30p 3-0 Jesuit 3-0 Sprague 6:30p 2-0 North Eugene 1-0 Roseburg 6:30p 0-1 Parkrose 0-1 Centennial 6:30p 1-3 Nelson 0-1 Barlow 6:30p 3-1 Central Catholic 0-2 Reynolds 6:30p 4-0 Franklin 0-0 Hillsboro 6:45p 0-2C Cleveland 1-1 Thurston 6:45p 1-0B Benson Tech 0-0 Liberty 6:45p 0-1 McDaniel 1-0 Southridge 6:45p 2-2 West Salem 0-0 Mountainside 6:45p 0-1 St. Helens 0-1 Putnam 6:45p 1-1 McNary 0-0 Sunset 6:45p 1-0 Grant 2-0 Churchill 6:45p 0-1 Stayton 1-0 Scappoose 6:45p 1-1 Springfield 2-0J Junction City 6:45p 0-0 Crescent Valley 0-0 South Eugene 6:45p 0-0 Siletz Valley 0-1E Eddyville 7p 0-1M Mapleton 1-0C Crow 7p 1-0 Stevenson 1-6H Horizon Christian 7p 0-3C Caldera 3-2 (#2) Ashland 7p 0-1 Kennedy 0-1 Jefferson 7p 3-5 Melba 0-1 Vale 7p 1-2 Harrisburg 0-2 Santiam Christian 7p 0-0G Gilchrist 0-3P Prospect 7p 0-0M McLoughlin 2-1G Griswold 7p 2-1 Payette 0-1 Ontario 7p 4-0C Central Christian 0-0R Rogue Valley Adventist"
4527,or,"Oregon",Volleyball,"5-2 Gold Beach 2-1 Toledo 12p"
4528,or,"Oregon",Volleyball,"2-1 La Grande 1-0 Madras 1p"
4529,or,"Oregon",Volleyball,"0-0 Crater 0-0 Bend 1p"
4530,or,"Oregon",Volleyball,"5-2 Gold Beach 1-3W Waldport 2p"
4531,or,"Oregon",Volleyball,"0-0 Santiam 0-1 Portland Christian 2p"
4532,or,"Oregon",Volleyball,"0-1M Mapleton 1-0C Crow 3p"
4533,or,"Oregon",Volleyball,"2-1 La Grande 3-2R Redmond 3p"
4534,or,"Oregon",Volleyball,"2-1 McKenzie 0-0M Mohawk 3p"
4535,or,"Oregon",Volleyball,"2-1C Creswell 1-0 Coquille 3:30p"
4536,or,"Oregon",Volleyball,"1-0A Alsea 0-1E Eddyville 4p"
4537,or,"Oregon",Volleyball,"0-0I Ione/Arlington 2-1G Griswold 4p"
4538,or,"Oregon",Volleyball,"0-0 Santiam 1-0C Crosshill Christian 4p"
4539,or,"Oregon",Volleyball,"0-0 Valley Catholic 2-0 The Dalles 4p"
4540,or,"Oregon",Volleyball,"0-1T Triangle Lake 0-1M Mapleton 4:30p"
4541,or,"Oregon",Volleyball,"1-0C Crosshill Christian 0-1 Portland Christian 4:30p"
4542,or,"Oregon",Volleyball,"1-0L Lyle 0-0 Condon/Wheeler 4:58p"
4543,or,"Oregon",Volleyball,"1-0 Dufur 0-0 Bickleton 5p"
4544,or,"Oregon",Volleyball,"2-1-1S Sherman 0-1 Trout Lake 5p"
4545,or,"Oregon",Volleyball,"1-6H Horizon Christian 0-0C Condon 5p"
4546,or,"Oregon",Volleyball,"1-1C Corbett 0-2 Santiam Christian 5p"
4547,or,"Oregon",Volleyball,"1-0 Madras 3-2R Redmond 5p"
4548,or,"Oregon",Volleyball,"0-0I Ione/Arlington 0-0M McLoughlin 5p"
4549,or,"Oregon",Volleyball,"2-1C Creswell 1-1 Marshfield 5p"
4550,or,"Oregon",Volleyball,"0-1C Chiloquin 0-0 Bonanza 5:30p"
4551,or,"Oregon",Volleyball,"0-0 Crater 0-0 Summit 5:30p"
4552,or,"Oregon",Volleyball,"2-0 The Dalles 2-1 Marist 5:30p"
4553,or,"Oregon",Volleyball,"0-0 Siletz Valley 1-0A Alsea 5:30p"
4554,or,"Oregon",Volleyball,"1-2 Harrisburg 1-1C Corbett 5:30p"
4555,or,"Oregon",Volleyball,"2-0 Westside Christian 1-0 Clatskanie 5:30p"
4556,or,"Oregon",Volleyball,"2-0 Riverdale 3-0N Neah-Kah-Nie 5:45p"
4557,or,"Oregon",Volleyball,"2-2 Powder Valley 1-2 Cove 5:50p"
4558,or,"Oregon",Volleyball,"2-1 Marist 0-0 Valley Catholic 6p"
4559,or,"Oregon",Volleyball,"2-2N North Clackamas Christian 0-0 Elkton 6p"
4560,or,"Oregon",Volleyball,"0-0 Myrtle Point 1-0G Glide 6p"
4561,or,"Oregon",Volleyball,"0-1 Yamhill-Carlton 1-0S Sisters 6p"
4562,or,"Oregon",Volleyball,"1-0 Lowell 0-0O Oakland 6p"
4563,or,"Oregon",Volleyball,"2-2 Nestucca 3-3E East Linn Christian Academy 6p"
4564,or,"Oregon",Volleyball,"1-3 North Medford 1-1 Cascade Christian 6p"
4565,or,"Oregon",Volleyball,"0-0L Livingstone Adventist Academy 3-1F FCKVC (CO-OP) 6p"
4566,or,"Oregon",Volleyball,"3-3 Sheridan 2-0S Scio 6p"
4567,or,"Oregon",Volleyball,"0-0A Astoria 0-1 Stayton 6p"
4568,or,"Oregon",Volleyball,"0-2 Nyssa 0-0H Harper 6p"
4569,or,"Oregon",Volleyball,"0-0O Oregon Episcopal 1-3 Gladstone 6p"
4570,or,"Oregon",Volleyball,"2-1 Toledo 1-3W Waldport 6p"
4571,or,"Oregon",Volleyball,"0-4 Monroe 1-2 Reedsport 6p"
4572,or,"Oregon",Volleyball,"1-6H Horizon Christian 0-0C Condon 6p"
4573,or,"Oregon",Volleyball,"1-0 Portland Adventist Academy 2-0 Catlin Gabel 6p"
4574,or,"Oregon",Volleyball,"0-1C Cottage Grove 0-1 Molalla 6p"
4575,or,"Oregon",Volleyball,"1-1 Tillamook 0-1P Philomath 6p"
4576,or,"Oregon",Volleyball,"0-0 Rogue River 1-0G Glendale 6p"
4577,or,"Oregon",Volleyball,"0-3 Sutherlin 1-0 Sweet Home 6p"
4578,or,"Oregon",Volleyball,"1-2 Taft 2-1S Seaside 6p"
4579,or,"Oregon",Volleyball,"0-1 Pendleton 4-3 Kamehameha Kapalama 3p"
4580,or,"Oregon",Volleyball,"1-1 Siuslaw 1-0N Newport 6p"
4581,or,"Oregon",Volleyball,"4-7 Weed 0-2 Lost River 6p"
4582,or,"Oregon",Volleyball,"0-1T Triangle Lake 1-0C Crow 6p"
4583,or,"Oregon",Volleyball,"0-2B Banks 1-1 Dayton 6p"
4584,or,"Oregon",Volleyball,"2-4 Jewell 2-2W Willamette Valley Christian 6p"
4585,or,"Oregon",Volleyball,"1-2R Rainier 0-3K Knappa 6p"
4586,or,"Oregon",Volleyball,"2-0G Grand View Christian Academy 1-2W Western Christian 6p"
4587,or,"Oregon",Volleyball,"0-1 Brookings-Harbor 2-0B Bandon 6p"
4588,or,"Oregon",Volleyball,"2-1P Perrydale 0-0 Chemawa Indian 6p"
4589,or,"Oregon",Volleyball,"2-3 La Salle 1-0 Ida B. Wells 6p"
4590,or,"Oregon",Volleyball,"1-1 Oakridge 2-1 La Pine 6p"
4591,or,"Oregon",Volleyball,"0-1 Central Linn 1-6 Country Christian 6p"
4592,or,"Oregon",Volleyball,"2-0 Gaston 0-0L Lewis Academy 6p"
4593,or,"Oregon",Volleyball,"3-0 Elmira 0-0 North Marion 6p"
4594,or,"Oregon",Volleyball,"0-1 McKay 2-0 Roosevelt 6p"
4595,or,"Oregon",Volleyball,"2-2 Warrenton 2-1 Willamina 6p"
4596,or,"Oregon",Volleyball,"3-0 Pleasant Hill 1-1 Blanchet Catholic 6p"
4597,or,"Oregon",Volleyball,"1-0 Jefferson 0-1 Aloha 6p"
4598,or,"Oregon",Volleyball,"0-1 Pendleton 5-5 Redlands 6p"
4599,or,"Oregon",Volleyball,"2-2S South Umpqua 1-3 Mazama 6:15p"
4600,or,"Oregon",Volleyball,"1-1 Marshfield 1-0 Coquille 6:30p"
4601,or,"Oregon",Volleyball,"0-1 Tigard 0-0S St. Mary's Academy 6:30p"
4602,or,"Oregon",Volleyball,"3-1H Henley 8-5 Yreka 6:30p"
4603,or,"Oregon",Volleyball,"3-0 West Linn 0-1 Lake Oswego 6:30p"
4604,or,"Oregon",Volleyball,"2-0 Central 0-1 Dallas 6:30p"
4605,or,"Oregon",Volleyball,"4-0I Imbler 4-0 Heppner 6:30p"
4606,or,"Oregon",Volleyball,"1-0 Oregon City 1-0 Lakeridge 6:30p"
4607,or,"Oregon",Volleyball,"1-0 Beaverton 0-1 North Salem 6:30p"
4608,or,"Oregon",Volleyball,"2-2 Westview 2-1 (#3) South Salem 6:30p"
4609,or,"Oregon",Volleyball,"0-0I Irrigon 0-2R Riverside 6:30p"
4610,or,"Oregon",Volleyball,"0-1 Clackamas 0-1 Gresham 6:30p"
4611,or,"Oregon",Volleyball,"0-0 Santiam 0-1 Portland Christian 6:30p"
4612,or,"Oregon",Volleyball,"0-2 Corvallis 2-0 Central 6:30p"
4613,or,"Oregon",Volleyball,"1-0 North Valley 1-2 Eagle Point 6:30p"
4614,or,"Oregon",Volleyball,"3-0 Jesuit 3-0 Sprague 6:30p"
4615,or,"Oregon",Volleyball,"2-0 North Eugene 1-0 Roseburg 6:30p"
4616,or,"Oregon",Volleyball,"0-1 Parkrose 0-1 Centennial 6:30p"
4617,or,"Oregon",Volleyball,"1-3 Nelson 0-1 Barlow 6:30p"
4618,or,"Oregon",Volleyball,"3-1 Central Catholic 0-2 Reynolds 6:30p"
4619,or,"Oregon",Volleyball,"4-0 Franklin 0-0 Hillsboro 6:45p"
4620,or,"Oregon",Volleyball,"0-2C Cleveland 1-1 Thurston 6:45p"
4621,or,"Oregon",Volleyball,"1-0B Benson Tech 0-0 Liberty 6:45p"
4622,or,"Oregon",Volleyball,"0-1 McDaniel 1-0 Southridge 6:45p"
4623,or,"Oregon",Volleyball,"2-2 West Salem 0-0 Mountainside 6:45p"
4624,or,"Oregon",Volleyball,"0-1 St. Helens 0-1 Putnam 6:45p"
4625,or,"Oregon",Volleyball,"1-1 McNary 0-0 Sunset 6:45p"
4626,or,"Oregon",Volleyball,"1-0 Grant 2-0 Churchill 6:45p"
4627,or,"Oregon",Volleyball,"0-1 Stayton 1-0 Scappoose 6:45p"
4628,or,"Oregon",Volleyball,"1-1 Springfield 2-0J Junction City 6:45p"
4629,or,"Oregon",Volleyball,"0-0 Crescent Valley 0-0 South Eugene 6:45p"
4630,or,"Oregon",Volleyball,"0-0 Siletz Valley 0-1E Eddyville 7p"
4631,or,"Oregon",Volleyball,"0-1M Mapleton 1-0C Crow 7p"
4632,or,"Oregon",Volleyball,"1-0 Stevenson 1-6H Horizon Christian 7p"
4633,or,"Oregon",Volleyball,"0-3C Caldera 3-2 (#2) Ashland 7p"
4634,or,"Oregon",Volleyball,"0-1 Kennedy 0-1 Jefferson 7p"
4635,or,"Oregon",Volleyball,"3-5 Melba 0-1 Vale 7p"
4636,or,"Oregon",Volleyball,"1-2 Harrisburg 0-2 Santiam Christian 7p"
4637,or,"Oregon",Volleyball,"0-0G Gilchrist 0-3P Prospect 7p"
4638,or,"Oregon",Volleyball,"0-0M McLoughlin 2-1G Griswold 7p"
4639,or,"Oregon",Volleyball,"2-1 Payette 0-1 Ontario 7p"
4640,or,"Oregon",Volleyball,"4-0C Central Christian 0-0R Rogue Valley Adventist"
4641,or,"Oregon",Volleyball,"Related ScoreboardsLeagues 1A Big Sky1A Casco1A High Desert1A Mountain Valley1A Mountain West1A Old Oregon1A Skyline1A The Valley 102A Blue Mountain2A East Cascades Associations Oregon School Activities Association Metros BendEugeneMedfordPortland"
4642,or,"Oregon",Volleyball,"Thursday, Sep. 3 3-0 Bishop Moore 4-0 (#4) Orangewood Christian 6p 7-0 (#22) Mother McAuley 5-2 Lincoln-Way East 5p 0-2 Berkeley Prep 7-0 (#21) Calvary Christian 6:30p 10-0 (#3) Assumption 10-3 Providence 7p 3-0 (#10) Harrisburg 1-1 Washington 6:30p 2-4 Avon 10-0 (#25) Hamilton Southeastern 7:30p 1-0 (#11) Torrey Pines 11-0 (#1) Sierra Canyon 5:30p 6-3 Mira Costa 6-0 (#2) Mater Dei 5:45p 1-0 (#13) Cathedral Catholic 6-6 Southeast Career Tech 7p 0-2 Lincoln Christian 6-0 (#15) Norris"
4643,or,"Oregon",Volleyball,"3-0 Bishop Moore 4-0 (#4) Orangewood Christian 6p"
4644,or,"Oregon",Volleyball,"7-0 (#22) Mother McAuley 5-2 Lincoln-Way East 5p"
4645,or,"Oregon",Volleyball,"0-2 Berkeley Prep 7-0 (#21) Calvary Christian 6:30p"
4646,or,"Oregon",Volleyball,"10-0 (#3) Assumption 10-3 Providence 7p"
4647,or,"Oregon",Volleyball,"3-0 (#10) Harrisburg 1-1 Washington 6:30p"
4648,or,"Oregon",Volleyball,"2-4 Avon 10-0 (#25) Hamilton Southeastern 7:30p"
4649,or,"Oregon",Volleyball,"1-0 (#11) Torrey Pines 11-0 (#1) Sierra Canyon 5:30p"
4650,or,"Oregon",Volleyball,"6-3 Mira Costa 6-0 (#2) Mater Dei 5:45p"
4651,or,"Oregon",Volleyball,"1-0 (#13) Cathedral Catholic 6-6 Southeast Career Tech 7p"
4652,or,"Oregon",Volleyball,"0-2 Lincoln Christian 6-0 (#15) Norris"
4653,pa,"Pennsylvania",Volleyball,"There are 177 matches for Pennsylvania volleyball on Thu, 9/3/2026. The featured matches are by Pennsylvania top ranked teams #2 Bethlehem Christian (Easton, PA) @ Alliance Christian (Birdsboro, PA), #3 Notre Dame-Green Pond (Easton, PA) @ Palmerton (PA), and William Allen (Allentown, PA) @ #4 East Stroudsburg South (East Stroudsburg, PA). The first match, Frankford (Philadelphia, PA) @ Tacony Academy Charter (Philadelphia, PA), starts at 3p. Related Content Pennsylvania Girls Volleyball Stat LeadersPennsylvania Girls Volleyball PlayoffsPennsylvania Girls Volleyball Rankings Pennsylvania High School Volleyball Schedule 177 Matches 0-1 Frankford 0-1 Tacony Academy Charter 3p 0-0 Jules E. Mastbaum Vo-Tech 0-1 PHSG 3p console.log('MaxPrepsAds - createMark: Element Defined - leaderboard-banner-inc1');performance && performance.mark && performance.mark('MaxPrepsAds - Element Defined: leaderboard-banner-inc1'); 1-1 Franklin Towne 0-0 Masterman 3p 0-0 George Washington 0-1 CHSES 3p 0-0 Bodine 0-0 Samuel Fels 3p 0-0 Creative & Performing Arts 0-0 Northeast 3p 0-0 MAST Charter II 0-0 Overbrook 3p 1-0 Science Leadership Academy 0-1 Parkway Center City 3p 1-0-1 Central 0-1 Arts Academy at Benjamin Rush 3p 0-1 Interboro 0-0 Chester 3:45p 0-1 St. Marys 1-0 Elk County Catholic 4p 1-0 Johnsonburg 1-0 Elk County Catholic 4p 2-0R Ridgway 1-0 Elk County Catholic 4p 1-0 Stuart Country Day 0-0 Princeton Day 4p 0-0 Wyoming Area 0-0 Wyoming Valley West 4:30p 0-0 Nazareth Academy 0-0 Springfield Township 4:30p 1-0 Lower Merion 1-0 East 4:45p 5-1 (#2) Bethlehem Christian 0-0A Alliance Christian 4:45p 0-1 Haverford 0-1 Plymouth Whitemarsh 4:45p 1-0 Agnes Irwin 0-0 Shipley 4:45p 0-1 Strath Haven 0-0 Downingtown East 5p 0-1 Mountain View 2-0 Blue Ridge 5p 0-0 Garnet Valley 0-0 Unionville 5p 0-0F Forest City 2-0 Valley View 5p 0-1 East Allegheny 0-0 Trinity Christian 5p 0-0 Montrose 0-0 Dunmore 5p 0-0-1 William Tennent 0-0 Bensalem 5p 0-1 Abington Heights 0-2 Western Wayne 5p 2-1 Central Bucks South 1-0 Villa Joseph Marie 5p 2-1 Phoenixville 1-1 Norristown 5p 0-1 MAST Community Charter 0-0 CCSA 5p 0-1 William Allen 1-2 (#4) East Stroudsburg South 5p 0-1 North Clarion 0-0 Brookville 5p 2-1 Wissahickon 1-0 Cheltenham 5p 2-0 Penncrest 1-0 Henderson 5p 1-0 North Pocono 0-0 Scranton 5p 0-0 Thomas A. Edison 1-0 Academy at Palumbo 5p 0-1 Susquehanna 0-1 Hanover Area 5p 0-1 Northwestern Lehigh 3-2-2 Freedom 5p 0-2 Conestoga 1-0 Bayard Rustin 5p 0-0 Archbishop Wood 0-0 Merion Mercy Academy 5:15p 0-0 Baldwin 0-0 Sacred Heart Academy 5:15p 0-1 Williamsport 0-0 Lake-Lehman 5:30p 1-2 Mount Union 2-0 Northern Bedford County 5:30p 1-0 Wellsboro 1-0 Towanda 5:30p 0-1 Juniata N Non Varsity Opponent 5:30p 0-0 Elizabeth Forward 0-0 Uniontown 5:30p 1-0 Waynesburg Central 0-1 West Greene 5:30p 1-0 Dallas 2-0 Pocono Mountain West 5:30p 0-2 Pine Grove 0-0 North Schuylkill 5:30p N Non Varsity Opponent 0-1 West Greene 5:30p 0-2 North Penn-Liberty 1-0 Athens 5:30p 2-0 Red Land 1-0 Gettysburg 6p 0-0 Laurel 0-0 Mohawk Area 6p 2-0 West Perry 0-3 Middletown 6p 0-0 Maplewood 0-0 Neshannock 6p 1-0 Chambersburg 0-1 Greencastle-Antrim 6p 0-2 Rockwood 1-0-1 North Star 6p 1-0 Carmichaels 0-0 Charleroi 6p 3-1-3 (#3) Notre Dame-Green Pond 0-2 Palmerton 6p 0-0 Saint James 0-1 Forbes Road 6p 0-0 Penns Manor 0-1 Conemaugh Valley 6p 1-0 Spring-Ford 0-3 Owen J. Roberts 6p 0-0 Central Bucks East 0-0 Neshaminy 6p 0-0 Hatboro-Horsham 0-0 New Hope-Solebury 6p 0-0 Jamestown 0-1 Commodore Perry 6p 0-1 Catasauqua 1-0 Southern Lehigh 6p 0-0 Pine-Richland 1-1 North Catholic 6p 0-0 Bethlehem Center 0-1 Turkeyfoot Valley Area 6p 0-0 Cedar Crest 0-0 Palmyra 6:15p 0-1 Council Rock North 0-2 Central Bucks West 6:30p 0-0 Williamson 0-0 Montoursville 6:30p 0-0 South Williamsport 0-0-1 Loyalsock Township 6:30p 1-0 Geibel Catholic 0-0 Jefferson-Morgan 6:30p 0-1 Fannett Metal 0-1 East Juniata 6:30p 1-2-1 (#5) Bishop McDevitt 0-2 Fleetwood 6:30p 1-0 Northern York 0-2C Carlisle 6:30p 1-0 Millersburg 0-0 Midd-West 6:30p 0-1 Juniata 1-0 Danville 6:30p 0-0 Northeast Bradford 0-0 Sayre 6:30p 0-0 Harrisburg Christian 0-2 Halifax 6:30p 0-0 Avella 1-1 Mapletown 6:30p 2-2 Perkiomen Valley 0-0 Methacton 6:45p 0-1 Pottstown 2-1 Upper Merion Area 6:45p 3-3 Somerset 0-0 Westmont Hilltop 7p 1-1 Penn Cambria 2-2-1 Forest Hills 7p 1-0 West York Area 1-0 Delone Catholic 7p 1-1 Shalom Christian Academy 0-2 Fairfield 7p 2-0 Penns Valley Area 0-1 Bellefonte 7p 0-1 Moshannon Valley 0-2 Glendale 7p 1-0 Coventry Christian 0-0 New Covenant Christian 7p 3-0 Littlestown 0-1 Hanover 7p 1-0 Lancaster Mennonite 1-2 J.P. McCaskey 7p 0-1-1 Cedar Cliff 1-1 Waynesboro 7p 0-1 Panther Valley 1-0 Mahanoy Area 7p 1-0 Bethel Park 0-0 Keystone Oaks 7p 2-0 Shenandoah Valley 0-1 Williams Valley 7p 1-1W Weatherly 2-0 Tri-Valley 7p 0-1 Kane 0-1 Punxsutawney 7p 0-0 Conrad Weiser 0-1 Cocalico 7p 0-0 Manheim Township 0-0 Hempfield 7p 0-1 Our Lady of Lourdes Regional 2-0 Pottsville 7p 3-0 Central Cambria 0-2 Greater Johnstown 7p 1-0 Solanco 1-0 Manheim Central 7p 5-3-1 Allegheny-Clarion Valley 1-0 Moniteau 7p 0-0 Wyalusing Valley 0-1-1 Troy 7p 1-0 Southern Huntingdon County 2-0 Juniata Valley 7p 0-2 Warwick 0-1 Lampeter-Strasburg 7p 0-1 Donegal 0-0C Columbia 7p 3-0 Hollidaysburg 1-0 Bald Eagle Area 7p 2-0 Eastern Lebanon County 1-0 Garden Spot 7p 1-0 Marian Catholic 0-1 Schuylkill Haven 7p 2-0 Conestoga Valley 0-2 Elizabethtown 7p 0-2 Octorara Area 0-0 Lebanon 7p 1-0 Purchase Line 1-1 Portage 7p 0-1 Oswayo Valley 0-1 Cameron County 7p 0-0 Northeastern 0-0 YCST 7p 0-0 Gateway 0-0 Fox Chapel 7p 2-0 West Shamokin 0-1 United 7p 1-0-1 Spring Grove 2-0 Red Lion 7p 0-1-1 Northern Lebanon 0-1 Lancaster Catholic 7p 0-0 Eastern York 0-0 York Catholic 7p 0-0 Penn Manor 1-1 Ephrata 7p 0-0 Ringgold 7-11 Dade County 7p 0-0 Marion Center 0-6-1 Cambria Heights 7p 0-0 McDowell 1-0 Fairview 7p 3-0 James Buchanan 2-0 Bermudian Springs 7p 0-2 Central Mountain 0-1 Jersey Shore 7p 1-0 West Branch 0-3 Curwensville 7p 1-0 Eden Christian Academy 0-1 Moon Area 7p 0-2 Karns City 2-0 Redbank Valley 7p 0-1 Wilmington 0-1 Sharon 7p 0-1 Commodore Perry 0-0 Union City 7:15p 0-0 Warren 0-0-1 Clarion Area 7:15p 0-0 Cornell 0-0 Brentwood 7:15p 0-2 Titusville 0-0 Seneca 7:15p 3-1-2 Otto-Eldred 0-0A Austin 7:15p 0-0 Cambridge Springs 0-0 Central Tech 7:15p 0-0 Freedom Area 0-0 Ambridge 7:15p 1-0 Kennard-Dale 0-0W William Penn 7:15p 1-1 Port Allegany 0-1 Northern Potter 7:15p 0-0 Saegertown 0-1 Mercyhurst Prep 7:15p 1-0 Clarion-Limestone 1-0 Franklin 7:15p 2-0 Clearfield 0-1 Bellwood-Antis 7:15p 0-0 Cochranton 2-0 Slippery Rock 7:15p 0-0 Kiski Area 1-0 Freeport 7:15p 0-0 Norwin 0-0 Penn-Trafford 7:15p 0-2 Hickory 0-1 Lakeview 7:15p 1-1 Ferndale 2-1 Berlin Brothersvalley 7:15p 0-0 Shaler Area 3-0 Oakland Catholic 7:15p 0-1 Smethport 1-0 Coudersport 7:15p 1-1B Bishop Carroll 1-0 Bedford 7:15p 0-0 North East 1-1 Harbor Creek 7:15p 1-0 South Park 0-0 Thomas Jefferson 7:15p 0-1 Sharpsville 2-0 Greenville 7:15p 1-0 Girard 1-0 Oil City 7:15p 0-2 Rocky Grove 0-0 Grove City 7:15p 0-1 Laurel Highlands 0-0 Connellsville 7:15p 2-0 Windber 1-3 Meyersdale 7:15p 0-1 Knoch 1-0 Plum 7:15p 0-0 Carlynton 0-2 Avonworth 7:15p 2-0 Tussey Mountain 0-1 Claysburg-Kimmel 7:15p 1-2 McConnellsburg 2-0 Everett 7:15p 0-0 St. Joseph 0-0 Highlands 7:30p 5-3 Grove City Christian 2-0 Fisher Catholic 7:30p 1-0 South Allegheny 0-0 Serra Catholic 7:30p 0-1 Philipsburg-Osceola 0-1 Tyrone 7:30p 0-0 Penn Hills 0-0 Woodland Hills 7:30p 2-0 Brockway 1-1 Bradford 7:30p 0-1 Upper St. Clair 0-0 Mt. Lebanon 7:30p 0-0 Mechanicsburg 1-0 Wilson 7:30p 0-0 New Castle 0-1 Beaver 7:30p 0-0 Bishop Canevin 0-1 Bentworth 7:30p 0-0 Seton LaSalle 0-1 Bentworth 7:30p 0-0 Baldwin 0-0 Belle Vernon 7:30p 0-0-1 Blackhawk 0-0-1 Ellwood City 7:30p 0-0 Hempfield Area 0-0 Greater Latrobe 7:30p"
4654,pa,"Pennsylvania",Volleyball,"0-1 Frankford 0-1 Tacony Academy Charter 3p"
4655,pa,"Pennsylvania",Volleyball,"0-0 Jules E. Mastbaum Vo-Tech 0-1 PHSG 3p"
4656,pa,"Pennsylvania",Volleyball,"1-1 Franklin Towne 0-0 Masterman 3p"
4657,pa,"Pennsylvania",Volleyball,"0-0 George Washington 0-1 CHSES 3p"
4658,pa,"Pennsylvania",Volleyball,"0-0 Bodine 0-0 Samuel Fels 3p"
4659,pa,"Pennsylvania",Volleyball,"0-0 Creative & Performing Arts 0-0 Northeast 3p"
4660,pa,"Pennsylvania",Volleyball,"0-0 MAST Charter II 0-0 Overbrook 3p"
4661,pa,"Pennsylvania",Volleyball,"1-0 Science Leadership Academy 0-1 Parkway Center City 3p"
4662,pa,"Pennsylvania",Volleyball,"1-0-1 Central 0-1 Arts Academy at Benjamin Rush 3p"
4663,pa,"Pennsylvania",Volleyball,"0-1 Interboro 0-0 Chester 3:45p"
4664,pa,"Pennsylvania",Volleyball,"0-1 St. Marys 1-0 Elk County Catholic 4p"
4665,pa,"Pennsylvania",Volleyball,"1-0 Johnsonburg 1-0 Elk County Catholic 4p"
4666,pa,"Pennsylvania",Volleyball,"2-0R Ridgway 1-0 Elk County Catholic 4p"
4667,pa,"Pennsylvania",Volleyball,"1-0 Stuart Country Day 0-0 Princeton Day 4p"
4668,pa,"Pennsylvania",Volleyball,"0-0 Wyoming Area 0-0 Wyoming Valley West 4:30p"
4669,pa,"Pennsylvania",Volleyball,"0-0 Nazareth Academy 0-0 Springfield Township 4:30p"
4670,pa,"Pennsylvania",Volleyball,"1-0 Lower Merion 1-0 East 4:45p"
4671,pa,"Pennsylvania",Volleyball,"5-1 (#2) Bethlehem Christian 0-0A Alliance Christian 4:45p"
4672,pa,"Pennsylvania",Volleyball,"0-1 Haverford 0-1 Plymouth Whitemarsh 4:45p"
4673,pa,"Pennsylvania",Volleyball,"1-0 Agnes Irwin 0-0 Shipley 4:45p"
4674,pa,"Pennsylvania",Volleyball,"0-1 Strath Haven 0-0 Downingtown East 5p"
4675,pa,"Pennsylvania",Volleyball,"0-1 Mountain View 2-0 Blue Ridge 5p"
4676,pa,"Pennsylvania",Volleyball,"0-0 Garnet Valley 0-0 Unionville 5p"
4677,pa,"Pennsylvania",Volleyball,"0-0F Forest City 2-0 Valley View 5p"
4678,pa,"Pennsylvania",Volleyball,"0-1 East Allegheny 0-0 Trinity Christian 5p"
4679,pa,"Pennsylvania",Volleyball,"0-0 Montrose 0-0 Dunmore 5p"
4680,pa,"Pennsylvania",Volleyball,"0-0-1 William Tennent 0-0 Bensalem 5p"
4681,pa,"Pennsylvania",Volleyball,"0-1 Abington Heights 0-2 Western Wayne 5p"
4682,pa,"Pennsylvania",Volleyball,"2-1 Central Bucks South 1-0 Villa Joseph Marie 5p"
4683,pa,"Pennsylvania",Volleyball,"2-1 Phoenixville 1-1 Norristown 5p"
4684,pa,"Pennsylvania",Volleyball,"0-1 MAST Community Charter 0-0 CCSA 5p"
4685,pa,"Pennsylvania",Volleyball,"0-1 William Allen 1-2 (#4) East Stroudsburg South 5p"
4686,pa,"Pennsylvania",Volleyball,"0-1 North Clarion 0-0 Brookville 5p"
4687,pa,"Pennsylvania",Volleyball,"2-1 Wissahickon 1-0 Cheltenham 5p"
4688,pa,"Pennsylvania",Volleyball,"2-0 Penncrest 1-0 Henderson 5p"
4689,pa,"Pennsylvania",Volleyball,"1-0 North Pocono 0-0 Scranton 5p"
4690,pa,"Pennsylvania",Volleyball,"0-0 Thomas A. Edison 1-0 Academy at Palumbo 5p"
4691,pa,"Pennsylvania",Volleyball,"0-1 Susquehanna 0-1 Hanover Area 5p"
4692,pa,"Pennsylvania",Volleyball,"0-1 Northwestern Lehigh 3-2-2 Freedom 5p"
4693,pa,"Pennsylvania",Volleyball,"0-2 Conestoga 1-0 Bayard Rustin 5p"
4694,pa,"Pennsylvania",Volleyball,"0-0 Archbishop Wood 0-0 Merion Mercy Academy 5:15p"
4695,pa,"Pennsylvania",Volleyball,"0-0 Baldwin 0-0 Sacred Heart Academy 5:15p"
4696,pa,"Pennsylvania",Volleyball,"0-1 Williamsport 0-0 Lake-Lehman 5:30p"
4697,pa,"Pennsylvania",Volleyball,"1-2 Mount Union 2-0 Northern Bedford County 5:30p"
4698,pa,"Pennsylvania",Volleyball,"1-0 Wellsboro 1-0 Towanda 5:30p"
4699,pa,"Pennsylvania",Volleyball,"0-1 Juniata N Non Varsity Opponent 5:30p"
4700,pa,"Pennsylvania",Volleyball,"0-0 Elizabeth Forward 0-0 Uniontown 5:30p"
4701,pa,"Pennsylvania",Volleyball,"1-0 Waynesburg Central 0-1 West Greene 5:30p"
4702,pa,"Pennsylvania",Volleyball,"1-0 Dallas 2-0 Pocono Mountain West 5:30p"
4703,pa,"Pennsylvania",Volleyball,"0-2 Pine Grove 0-0 North Schuylkill 5:30p"
4704,pa,"Pennsylvania",Volleyball,"N Non Varsity Opponent 0-1 West Greene 5:30p"
4705,pa,"Pennsylvania",Volleyball,"0-2 North Penn-Liberty 1-0 Athens 5:30p"
4706,pa,"Pennsylvania",Volleyball,"2-0 Red Land 1-0 Gettysburg 6p"
4707,pa,"Pennsylvania",Volleyball,"0-0 Laurel 0-0 Mohawk Area 6p"
4708,pa,"Pennsylvania",Volleyball,"2-0 West Perry 0-3 Middletown 6p"
4709,pa,"Pennsylvania",Volleyball,"0-0 Maplewood 0-0 Neshannock 6p"
4710,pa,"Pennsylvania",Volleyball,"1-0 Chambersburg 0-1 Greencastle-Antrim 6p"
4711,pa,"Pennsylvania",Volleyball,"0-2 Rockwood 1-0-1 North Star 6p"
4712,pa,"Pennsylvania",Volleyball,"1-0 Carmichaels 0-0 Charleroi 6p"
4713,pa,"Pennsylvania",Volleyball,"3-1-3 (#3) Notre Dame-Green Pond 0-2 Palmerton 6p"
4714,pa,"Pennsylvania",Volleyball,"0-0 Saint James 0-1 Forbes Road 6p"
4715,pa,"Pennsylvania",Volleyball,"0-0 Penns Manor 0-1 Conemaugh Valley 6p"
4716,pa,"Pennsylvania",Volleyball,"1-0 Spring-Ford 0-3 Owen J. Roberts 6p"
4717,pa,"Pennsylvania",Volleyball,"0-0 Central Bucks East 0-0 Neshaminy 6p"
4718,pa,"Pennsylvania",Volleyball,"0-0 Hatboro-Horsham 0-0 New Hope-Solebury 6p"
4719,pa,"Pennsylvania",Volleyball,"0-0 Jamestown 0-1 Commodore Perry 6p"
4720,pa,"Pennsylvania",Volleyball,"0-1 Catasauqua 1-0 Southern Lehigh 6p"
4721,pa,"Pennsylvania",Volleyball,"0-0 Pine-Richland 1-1 North Catholic 6p"
4722,pa,"Pennsylvania",Volleyball,"0-0 Bethlehem Center 0-1 Turkeyfoot Valley Area 6p"
4723,pa,"Pennsylvania",Volleyball,"0-0 Cedar Crest 0-0 Palmyra 6:15p"
4724,pa,"Pennsylvania",Volleyball,"0-1 Council Rock North 0-2 Central Bucks West 6:30p"
4725,pa,"Pennsylvania",Volleyball,"0-0 Williamson 0-0 Montoursville 6:30p"
4726,pa,"Pennsylvania",Volleyball,"0-0 South Williamsport 0-0-1 Loyalsock Township 6:30p"
4727,pa,"Pennsylvania",Volleyball,"1-0 Geibel Catholic 0-0 Jefferson-Morgan 6:30p"
4728,pa,"Pennsylvania",Volleyball,"0-1 Fannett Metal 0-1 East Juniata 6:30p"
4729,pa,"Pennsylvania",Volleyball,"1-2-1 (#5) Bishop McDevitt 0-2 Fleetwood 6:30p"
4730,pa,"Pennsylvania",Volleyball,"1-0 Northern York 0-2C Carlisle 6:30p"
4731,pa,"Pennsylvania",Volleyball,"1-0 Millersburg 0-0 Midd-West 6:30p"
4732,pa,"Pennsylvania",Volleyball,"0-1 Juniata 1-0 Danville 6:30p"
4733,pa,"Pennsylvania",Volleyball,"0-0 Northeast Bradford 0-0 Sayre 6:30p"
4734,pa,"Pennsylvania",Volleyball,"0-0 Harrisburg Christian 0-2 Halifax 6:30p"
4735,pa,"Pennsylvania",Volleyball,"0-0 Avella 1-1 Mapletown 6:30p"
4736,pa,"Pennsylvania",Volleyball,"2-2 Perkiomen Valley 0-0 Methacton 6:45p"
4737,pa,"Pennsylvania",Volleyball,"0-1 Pottstown 2-1 Upper Merion Area 6:45p"
4738,pa,"Pennsylvania",Volleyball,"3-3 Somerset 0-0 Westmont Hilltop 7p"
4739,pa,"Pennsylvania",Volleyball,"1-1 Penn Cambria 2-2-1 Forest Hills 7p"
4740,pa,"Pennsylvania",Volleyball,"1-0 West York Area 1-0 Delone Catholic 7p"
4741,pa,"Pennsylvania",Volleyball,"1-1 Shalom Christian Academy 0-2 Fairfield 7p"
4742,pa,"Pennsylvania",Volleyball,"2-0 Penns Valley Area 0-1 Bellefonte 7p"
4743,pa,"Pennsylvania",Volleyball,"0-1 Moshannon Valley 0-2 Glendale 7p"
4744,pa,"Pennsylvania",Volleyball,"1-0 Coventry Christian 0-0 New Covenant Christian 7p"
4745,pa,"Pennsylvania",Volleyball,"3-0 Littlestown 0-1 Hanover 7p"
4746,pa,"Pennsylvania",Volleyball,"1-0 Lancaster Mennonite 1-2 J.P. McCaskey 7p"
4747,pa,"Pennsylvania",Volleyball,"0-1-1 Cedar Cliff 1-1 Waynesboro 7p"
4748,pa,"Pennsylvania",Volleyball,"0-1 Panther Valley 1-0 Mahanoy Area 7p"
4749,pa,"Pennsylvania",Volleyball,"1-0 Bethel Park 0-0 Keystone Oaks 7p"
4750,pa,"Pennsylvania",Volleyball,"2-0 Shenandoah Valley 0-1 Williams Valley 7p"
4751,pa,"Pennsylvania",Volleyball,"1-1W Weatherly 2-0 Tri-Valley 7p"
4752,pa,"Pennsylvania",Volleyball,"0-1 Kane 0-1 Punxsutawney 7p"
4753,pa,"Pennsylvania",Volleyball,"0-0 Conrad Weiser 0-1 Cocalico 7p"
4754,pa,"Pennsylvania",Volleyball,"0-0 Manheim Township 0-0 Hempfield 7p"
4755,pa,"Pennsylvania",Volleyball,"0-1 Our Lady of Lourdes Regional 2-0 Pottsville 7p"
4756,pa,"Pennsylvania",Volleyball,"3-0 Central Cambria 0-2 Greater Johnstown 7p"
4757,pa,"Pennsylvania",Volleyball,"1-0 Solanco 1-0 Manheim Central 7p"
4758,pa,"Pennsylvania",Volleyball,"5-3-1 Allegheny-Clarion Valley 1-0 Moniteau 7p"
4759,pa,"Pennsylvania",Volleyball,"0-0 Wyalusing Valley 0-1-1 Troy 7p"
4760,pa,"Pennsylvania",Volleyball,"1-0 Southern Huntingdon County 2-0 Juniata Valley 7p"
4761,pa,"Pennsylvania",Volleyball,"0-2 Warwick 0-1 Lampeter-Strasburg 7p"
4762,pa,"Pennsylvania",Volleyball,"0-1 Donegal 0-0C Columbia 7p"
4763,pa,"Pennsylvania",Volleyball,"3-0 Hollidaysburg 1-0 Bald Eagle Area 7p"
4764,pa,"Pennsylvania",Volleyball,"2-0 Eastern Lebanon County 1-0 Garden Spot 7p"
4765,pa,"Pennsylvania",Volleyball,"1-0 Marian Catholic 0-1 Schuylkill Haven 7p"
4766,pa,"Pennsylvania",Volleyball,"2-0 Conestoga Valley 0-2 Elizabethtown 7p"
4767,pa,"Pennsylvania",Volleyball,"0-2 Octorara Area 0-0 Lebanon 7p"
4768,pa,"Pennsylvania",Volleyball,"1-0 Purchase Line 1-1 Portage 7p"
4769,pa,"Pennsylvania",Volleyball,"0-1 Oswayo Valley 0-1 Cameron County 7p"
4770,pa,"Pennsylvania",Volleyball,"0-0 Northeastern 0-0 YCST 7p"
4771,pa,"Pennsylvania",Volleyball,"0-0 Gateway 0-0 Fox Chapel 7p"
4772,pa,"Pennsylvania",Volleyball,"2-0 West Shamokin 0-1 United 7p"
4773,pa,"Pennsylvania",Volleyball,"1-0-1 Spring Grove 2-0 Red Lion 7p"
4774,pa,"Pennsylvania",Volleyball,"0-1-1 Northern Lebanon 0-1 Lancaster Catholic 7p"
4775,pa,"Pennsylvania",Volleyball,"0-0 Eastern York 0-0 York Catholic 7p"
4776,pa,"Pennsylvania",Volleyball,"0-0 Penn Manor 1-1 Ephrata 7p"
4777,pa,"Pennsylvania",Volleyball,"0-0 Ringgold 7-11 Dade County 7p"
4778,pa,"Pennsylvania",Volleyball,"0-0 Marion Center 0-6-1 Cambria Heights 7p"
4779,pa,"Pennsylvania",Volleyball,"0-0 McDowell 1-0 Fairview 7p"
4780,pa,"Pennsylvania",Volleyball,"3-0 James Buchanan 2-0 Bermudian Springs 7p"
4781,pa,"Pennsylvania",Volleyball,"0-2 Central Mountain 0-1 Jersey Shore 7p"
4782,pa,"Pennsylvania",Volleyball,"1-0 West Branch 0-3 Curwensville 7p"
4783,pa,"Pennsylvania",Volleyball,"1-0 Eden Christian Academy 0-1 Moon Area 7p"
4784,pa,"Pennsylvania",Volleyball,"0-2 Karns City 2-0 Redbank Valley 7p"
4785,pa,"Pennsylvania",Volleyball,"0-1 Wilmington 0-1 Sharon 7p"
4786,pa,"Pennsylvania",Volleyball,"0-1 Commodore Perry 0-0 Union City 7:15p"
4787,pa,"Pennsylvania",Volleyball,"0-0 Warren 0-0-1 Clarion Area 7:15p"
4788,pa,"Pennsylvania",Volleyball,"0-0 Cornell 0-0 Brentwood 7:15p"
4789,pa,"Pennsylvania",Volleyball,"0-2 Titusville 0-0 Seneca 7:15p"
4790,pa,"Pennsylvania",Volleyball,"3-1-2 Otto-Eldred 0-0A Austin 7:15p"
4791,pa,"Pennsylvania",Volleyball,"0-0 Cambridge Springs 0-0 Central Tech 7:15p"
4792,pa,"Pennsylvania",Volleyball,"0-0 Freedom Area 0-0 Ambridge 7:15p"
4793,pa,"Pennsylvania",Volleyball,"1-0 Kennard-Dale 0-0W William Penn 7:15p"
4794,pa,"Pennsylvania",Volleyball,"1-1 Port Allegany 0-1 Northern Potter 7:15p"
4795,pa,"Pennsylvania",Volleyball,"0-0 Saegertown 0-1 Mercyhurst Prep 7:15p"
4796,pa,"Pennsylvania",Volleyball,"1-0 Clarion-Limestone 1-0 Franklin 7:15p"
4797,pa,"Pennsylvania",Volleyball,"2-0 Clearfield 0-1 Bellwood-Antis 7:15p"
4798,pa,"Pennsylvania",Volleyball,"0-0 Cochranton 2-0 Slippery Rock 7:15p"
4799,pa,"Pennsylvania",Volleyball,"0-0 Kiski Area 1-0 Freeport 7:15p"
4800,pa,"Pennsylvania",Volleyball,"0-0 Norwin 0-0 Penn-Trafford 7:15p"
4801,pa,"Pennsylvania",Volleyball,"0-2 Hickory 0-1 Lakeview 7:15p"
4802,pa,"Pennsylvania",Volleyball,"1-1 Ferndale 2-1 Berlin Brothersvalley 7:15p"
4803,pa,"Pennsylvania",Volleyball,"0-0 Shaler Area 3-0 Oakland Catholic 7:15p"
4804,pa,"Pennsylvania",Volleyball,"0-1 Smethport 1-0 Coudersport 7:15p"
4805,pa,"Pennsylvania",Volleyball,"1-1B Bishop Carroll 1-0 Bedford 7:15p"
4806,pa,"Pennsylvania",Volleyball,"0-0 North East 1-1 Harbor Creek 7:15p"
4807,pa,"Pennsylvania",Volleyball,"1-0 South Park 0-0 Thomas Jefferson 7:15p"
4808,pa,"Pennsylvania",Volleyball,"0-1 Sharpsville 2-0 Greenville 7:15p"
4809,pa,"Pennsylvania",Volleyball,"1-0 Girard 1-0 Oil City 7:15p"
4810,pa,"Pennsylvania",Volleyball,"0-2 Rocky Grove 0-0 Grove City 7:15p"
4811,pa,"Pennsylvania",Volleyball,"0-1 Laurel Highlands 0-0 Connellsville 7:15p"
4812,pa,"Pennsylvania",Volleyball,"2-0 Windber 1-3 Meyersdale 7:15p"
4813,pa,"Pennsylvania",Volleyball,"0-1 Knoch 1-0 Plum 7:15p"
4814,pa,"Pennsylvania",Volleyball,"0-0 Carlynton 0-2 Avonworth 7:15p"
4815,pa,"Pennsylvania",Volleyball,"2-0 Tussey Mountain 0-1 Claysburg-Kimmel 7:15p"
4816,pa,"Pennsylvania",Volleyball,"1-2 McConnellsburg 2-0 Everett 7:15p"
4817,pa,"Pennsylvania",Volleyball,"0-0 St. Joseph 0-0 Highlands 7:30p"
4818,pa,"Pennsylvania",Volleyball,"5-3 Grove City Christian 2-0 Fisher Catholic 7:30p"
4819,pa,"Pennsylvania",Volleyball,"1-0 South Allegheny 0-0 Serra Catholic 7:30p"
4820,pa,"Pennsylvania",Volleyball,"0-1 Philipsburg-Osceola 0-1 Tyrone 7:30p"
4821,pa,"Pennsylvania",Volleyball,"0-0 Penn Hills 0-0 Woodland Hills 7:30p"
4822,pa,"Pennsylvania",Volleyball,"2-0 Brockway 1-1 Bradford 7:30p"
4823,pa,"Pennsylvania",Volleyball,"0-1 Upper St. Clair 0-0 Mt. Lebanon 7:30p"
4824,pa,"Pennsylvania",Volleyball,"0-0 Mechanicsburg 1-0 Wilson 7:30p"
4825,pa,"Pennsylvania",Volleyball,"0-0 New Castle 0-1 Beaver 7:30p"
4826,pa,"Pennsylvania",Volleyball,"0-0 Bishop Canevin 0-1 Bentworth 7:30p"
4827,pa,"Pennsylvania",Volleyball,"0-0 Seton LaSalle 0-1 Bentworth 7:30p"
4828,pa,"Pennsylvania",Volleyball,"0-0 Baldwin 0-0 Belle Vernon 7:30p"
4829,pa,"Pennsylvania",Volleyball,"0-0-1 Blackhawk 0-0-1 Ellwood City 7:30p"
4830,pa,"Pennsylvania",Volleyball,"0-0 Hempfield Area 0-0 Greater Latrobe 7:30p"
4831,pa,"Pennsylvania",Volleyball,"Related ScoreboardsConferences ACCACBerks CountyBicentennialCatholic AcademiesCentralChes-MontColonialCommonwealth ChristianDel-ValDistrict 10 Region 1 Associations PAISAAAPennsylvania Interscholastic Athletic AssociationPIAA District IPIAA District IIPIAA District IIIPIAA District IVPIAA District IXPIAA District VPIAA District VIPIAA District VII (WPIAL)PIAA District VIIIPIAA District XPIAA District XIPIAA District XII Metros ErieHarrisburgJohnstownPhiladelphiaPittsburghWilkes Barre"
4832,pa,"Pennsylvania",Volleyball,"Thursday, Sep. 3 3-0 Bishop Moore 4-0 (#4) Orangewood Christian 6p 7-0 (#22) Mother McAuley 5-2 Lincoln-Way East 5p 0-2 Berkeley Prep 7-0 (#21) Calvary Christian 6:30p 10-0 (#3) Assumption 10-3 Providence 7p 3-0 (#10) Harrisburg 1-1 Washington 6:30p 2-4 Avon 10-0 (#25) Hamilton Southeastern 7:30p 1-0 (#11) Torrey Pines 11-0 (#1) Sierra Canyon 5:30p 6-3 Mira Costa 6-0 (#2) Mater Dei 5:45p 1-0 (#13) Cathedral Catholic 6-6 Southeast Career Tech 7p 0-2 Lincoln Christian 6-0 (#15) Norris"
4833,pa,"Pennsylvania",Volleyball,"3-0 Bishop Moore 4-0 (#4) Orangewood Christian 6p"
4834,pa,"Pennsylvania",Volleyball,"7-0 (#22) Mother McAuley 5-2 Lincoln-Way East 5p"
4835,pa,"Pennsylvania",Volleyball,"0-2 Berkeley Prep 7-0 (#21) Calvary Christian 6:30p"
4836,pa,"Pennsylvania",Volleyball,"10-0 (#3) Assumption 10-3 Providence 7p"
4837,pa,"Pennsylvania",Volleyball,"3-0 (#10) Harrisburg 1-1 Washington 6:30p"
4838,pa,"Pennsylvania",Volleyball,"2-4 Avon 10-0 (#25) Hamilton Southeastern 7:30p"
4839,pa,"Pennsylvania",Volleyball,"1-0 (#11) Torrey Pines 11-0 (#1) Sierra Canyon 5:30p"
4840,pa,"Pennsylvania",Volleyball,"6-3 Mira Costa 6-0 (#2) Mater Dei 5:45p"
4841,pa,"Pennsylvania",Volleyball,"1-0 (#13) Cathedral Catholic 6-6 Southeast Career Tech 7p"
4842,pa,"Pennsylvania",Volleyball,"0-2 Lincoln Christian 6-0 (#15) Norris"
4843,ri,"Rhode Island",Volleyball,"There are 10 matches for Rhode Island volleyball on Thu, 9/3/2026. The featured matches are by Rhode Island top ranked teams #1 Mt. Hope (Bristol, RI) @ Cumberland (RI). The first match, Rogers (Newport, RI) @ Davies Career & Tech (Lincoln, RI), starts at 5p. Related Content Rhode Island Girls Volleyball Stat LeadersRhode Island Girls Volleyball PlayoffsRhode Island Girls Volleyball Rankings Rhode Island High School Volleyball Schedule 10 Matches 0-0 Rogers 1-1 Davies Career & Tech 5p 0-0 Times Squared Academy 0-1-1 Blackstone Valley Prep 6p console.log('MaxPrepsAds - createMark: Element Defined - leaderboard-banner-inc1');performance && performance.mark && performance.mark('MaxPrepsAds - Element Defined: leaderboard-banner-inc1'); 0-1 South Kingstown 0-2 Chariho 6p 0-0S St. Patrick Academy 0-0 Central 6p 1-0 East Providence 1-0 Barrington 6:30p 0-1 Coventry 3-0 North Kingstown 6:30p 0-1 Cranston West 1-0 East Greenwich 6:30p 1-0W Woonsocket 0-0 Scituate 6:30p 0-0 Pilgrim 1-1 Portsmouth 6:30p 3-1 (#1) Mt. Hope 0-2 Cumberland 6:30p"
4844,ri,"Rhode Island",Volleyball,"0-0 Rogers 1-1 Davies Career & Tech 5p"
4845,ri,"Rhode Island",Volleyball,"0-0 Times Squared Academy 0-1-1 Blackstone Valley Prep 6p"
4846,ri,"Rhode Island",Volleyball,"0-1 South Kingstown 0-2 Chariho 6p"
4847,ri,"Rhode Island",Volleyball,"0-0S St. Patrick Academy 0-0 Central 6p"
4848,ri,"Rhode Island",Volleyball,"1-0 East Providence 1-0 Barrington 6:30p"
4849,ri,"Rhode Island",Volleyball,"0-1 Coventry 3-0 North Kingstown 6:30p"
4850,ri,"Rhode Island",Volleyball,"0-1 Cranston West 1-0 East Greenwich 6:30p"
4851,ri,"Rhode Island",Volleyball,"1-0W Woonsocket 0-0 Scituate 6:30p"
4852,ri,"Rhode Island",Volleyball,"0-0 Pilgrim 1-1 Portsmouth 6:30p"
4853,ri,"Rhode Island",Volleyball,"3-1 (#1) Mt. Hope 0-2 Cumberland 6:30p"
4854,ri,"Rhode Island",Volleyball,"Related ScoreboardsLeagues Division 1 Division 2Division 3 Associations Rhode Island Interscholastic League Inc. Metros Providence"
4855,ri,"Rhode Island",Volleyball,"Thursday, Sep. 3 3-0 Bishop Moore 4-0 (#4) Orangewood Christian 6p 7-0 (#22) Mother McAuley 5-2 Lincoln-Way East 5p 0-2 Berkeley Prep 7-0 (#21) Calvary Christian 6:30p 10-0 (#3) Assumption 10-3 Providence 7p 3-0 (#10) Harrisburg 1-1 Washington 6:30p 2-4 Avon 10-0 (#25) Hamilton Southeastern 7:30p 1-0 (#11) Torrey Pines 11-0 (#1) Sierra Canyon 5:30p 6-3 Mira Costa 6-0 (#2) Mater Dei 5:45p 1-0 (#13) Cathedral Catholic 6-6 Southeast Career Tech 7p 0-2 Lincoln Christian 6-0 (#15) Norris"
4856,ri,"Rhode Island",Volleyball,"3-0 Bishop Moore 4-0 (#4) Orangewood Christian 6p"
4857,ri,"Rhode Island",Volleyball,"7-0 (#22) Mother McAuley 5-2 Lincoln-Way East 5p"
4858,ri,"Rhode Island",Volleyball,"0-2 Berkeley Prep 7-0 (#21) Calvary Christian 6:30p"
4859,ri,"Rhode Island",Volleyball,"10-0 (#3) Assumption 10-3 Providence 7p"
4860,ri,"Rhode Island",Volleyball,"3-0 (#10) Harrisburg 1-1 Washington 6:30p"
4861,ri,"Rhode Island",Volleyball,"2-4 Avon 10-0 (#25) Hamilton Southeastern 7:30p"
4862,ri,"Rhode Island",Volleyball,"1-0 (#11) Torrey Pines 11-0 (#1) Sierra Canyon 5:30p"
4863,ri,"Rhode Island",Volleyball,"6-3 Mira Costa 6-0 (#2) Mater Dei 5:45p"
4864,ri,"Rhode Island",Volleyball,"1-0 (#13) Cathedral Catholic 6-6 Southeast Career Tech 7p"
4865,ri,"Rhode Island",Volleyball,"0-2 Lincoln Christian 6-0 (#15) Norris"
4866,sc,"South Carolina",Volleyball,"There are 127 matches for South Carolina volleyball on Thu, 9/3/2026. The featured matches are by South Carolina top ranked teams Clover (SC) @ #2 Nation Ford (Fort Mill, SC), #3 Woodmont (Piedmont, SC) @ #10 Riverside (Greer, SC), and #5 Oceanside Collegiate Academy (Mt. Pleasant, SC) @ May River (Bluffton, SC). The first match, Abundant Life Christian Academy (Indian Trail, NC) @ South Pointe Christian (Pageland, SC), starts at 4p. Related Content South Carolina Girls Volleyball Stat LeadersSouth Carolina Girls Volleyball PlayoffsSouth Carolina Girls Volleyball Rankings South Carolina High School Volleyball Schedule 127 Matches 0-3 ALCA 0-0 South Pointe Christian 4p 0-2 Clarendon Hall 3-2 Colleton Prep Academy 4p console.log('MaxPrepsAds - createMark: Element Defined - leaderboard-banner-inc1');performance && performance.mark && performance.mark('MaxPrepsAds - Element Defined: leaderboard-banner-inc1'); 0-4 St. John's Christian Academy 0-1 Holly Hill Academy 4p 7-0 (#22) Andrew Jackson Academy 8-2 Cathedral Academy 4p 5-0 Florence Christian 5-2 Palmetto Christian Academy 4:30p 1-5 Dutch Fork 4-2 Westwood 5p 3-3 Blacksburg 4-4 Laurens 5p 3-0 Laurens Academy 3-2 King Academy 5p 0-3 Cambridge Academy 3-1 Richard Winn Academy 5p 6-3 Pinewood Prep 5-1 Northwood Academy 5p 1-6 Wardlaw Academy 2-3 Newberry Academy 5p 3-2 James Island Christian 0-0 Faith Christian 5p 3-6-1 Charleston Collegiate 1-5 Hilton Head Prep 5:15p 3-3 Great Falls 0-2 Fairfield Central 5:30p 4-1 Abbeville 0-1 SCSDB 5:30p 0-3 Sandhills 5-5-3 South Aiken Baptist Christian 5:30p 1-2 Oakbrook Prep 2-1 Bob Jones Academy 5:30p 4-2 Barnwell 0-1 Hunter-Kinard-Tyler 5:30p 0-2 Lowcountry Wildcats Athletics 1-1E Emmanuel Christian 5:30p 0-4 Lake City 2-2 Lakewood 5:30p 1-3 Ridge View 3-3-2 Irmo 5:30p 9-1 Wilson Hall 1-1 Thomas Sumter Academy 5:30p 1-3 Lee Academy 9-3 Carolina Academy 5:30p 1-1 Belton-Honea Path 3-7 Greenwood 5:30p 0-0L Lighthouse Christian 3-0 Union Christian Day 5:30p 6-3-1 T.L. Hanna 13-4 (#24) Mauldin 5:30p 1-1 Oconee Christian Academy V Varsity Opponent 5:30p 2-1 Dillon Christian 0-1 Marlboro Academy 5:45p 2-1 GSSM 7-2 Chesterfield 6p 0-1 Orangeburg Christian Academy 0-0 Northside Christian School 6p 0-3 Hammond 0-7 Trinity Collegiate 6p 4-4 Laurens 6-4 Union County 6p 2-2 Calhoun County 0-2 Blackville-Hilda 6p 0-1 Thomas Heyward Academy 0-3 Patrick Henry Academy 6p 2-3 Buford 2-3 Riverwalk Academy 6p 3-0 White Knoll 1-1 Belton-Honea Path 6p 1-1 Oconee Christian Academy 6-2 Temple Christian Academy 6p 0-4 Upstate 0-3 GREEN Upstate 6p 0-0 Baptist Hill 0-1 Palmetto Scholars Academy 6p 3-3 Blacksburg 3-0 Laurens Academy 6p 2-4 Military Magnet Academy 0-0 St. John's 6p 2-2 Christ the Cornerstone Academy 1-2 Maranatha Christian 6p 2-3 Andrews 3-4-1 Waccamaw 6p 2-2 Travelers Rest 5-2 (#15) Pickens 6p 10-7 Camden County 2-3 Beaufort 6p 4-2 New Covenant School 0-3 Greenville Classical Academy 6p 3-4 Green Sea Floyds 8-1 South Columbus 6p 0-0 Coastal 3-3 Lake View 6p 6-5 Landrum 5-2 (#6) Mountain View Prep 6p 0-2 Indian Land 1-1 York 6:15p 4-2 Legion Collegiate Academy 6-5 (#21) Catawba Ridge 6:15p 7-6 Palisades 4-3 (#23) Fort Mill 6:15p 0-2-1 Lake Marion 4-1 Academic Magnet 6:30p 0-0 Burke 1-6 Lowcountry Leadership 6:30p 5-1 Christ Church Episcopal 2-3 Greenville Hurricanes 6:30p 7-7 Clover 6-1 (#2) Nation Ford 6:30p 7-0 Colleton County 0-4 Goose Creek 6:30p 0-6 Marion 4-2 Latta 6:30p 3-6 Heathwood Hall Episcopal 4-4 Augusta Christian 6:30p 0-3 Stall 0-1 North Charleston 6:30p 1-3 Woodland 8-1 (#13) Philip Simmons 6:30p 3-0 York Prep 7-3 Mid-Carolina 6:30p 2-2 Charleston Math & Science 0-3 Cross 6:30p 9-4 (#20) Greenville 6-3-1 T.L. Hanna 6:30p 0-3 Allendale-Fairfax 0-3 Edisto 6:30p 4-0 (#14) West Ashley 5-4-1 Summerville 6:30p 1-4 Central 3-6 McBee 6:30p 2-6-1 Ashley Ridge 8-4 Fort Dorchester 6:30p 2-0 Ben Lippen 1-1 Cardinal Newman 6:30p 1-6 Virtus Academy 0-4 Mullins 6:30p 2-3 Ridge Spring-Monetta 0-2 Denmark-Olar 6:45p 4-4 Bamberg-Ehrhardt 0-3 Hampton County 6:45p 0-3 Whale Branch TBA 6:45p 6-0 Liberty 2-3 Greenville Tech Charter 6:45p 0-0 Midland Valley 2-2 North Augusta 7p 10-7 Camden County 5-3-3 Cross 7p 2-3 Kingstree 2-2 Manning 7p 1-3 North 2-2 Wagener-Salley 7p 4-3-2 Conway 5-2 South Florence 7p 1-5 Dutch Fork 3-4 Blythewood 7p 3-4 Blythewood 4-2 Westwood 7p 7-4 Chesnee 9-3 Woodruff 7p 9-2 Aynor 12-0-1 (#11) Hartsville 7p 5-1 (#5) Oceanside Collegiate Academy 6-4 May River 7p 2-3 Ware Shoals 4-1 Dixie 7p 0-0 Loris 2-5 Crestwood 7p 7-3 Daniel 3-5-1 Easley 7p 1-3 Seneca 0-4 Westside 7p 3-0 White Knoll 3-7 Greenwood 7p 10-4-1 West Florence 10-2 (#9) North Myrtle Beach 7p 7-5 Lexington 1-2 South Aiken 7p 1-2 McCormick 7-6 Ninety Six 7p 2-6 Hillcrest 6-4 Fountain Inn 7p 3-1 St. James 10-4 Wilson 7p 13-1 (#17) Eastside 3-6 Boiling Springs 7p 2-3 Beaufort 8-4 Savannah Arts Academy 7p 2-5 High Point Academy 1-4 Clinton 7p 1-4 Spartanburg 1-7 Spartanburg Christian Academy 7p 3-4 Greer 1-3 Blue Ridge 7p 3-5 Cheraw 1-3 Lee Central 7p 0-1 Lower Richland 2-3 Camden 7p 7-1 (#3) Woodmont 7-1-1 (#10) Riverside 7p 2-6 Greer Middle College 0-5 Southside Christian 7p 5-0 North Central 4-7 Lamar 7p 5-7 Chapman 6-4 FPAASF 7p 2-2 Brookland-Cayce 2-2 Airport 7p 0-2 Newberry 0-6 Columbia 7p 10-2 West-Oak 0-2 BMCC 7p 2-2-1 Saluda 4-1 Horse Creek Academy 7p 3-4 GSIC 15-3 Lake Oconee Academy 7p 3-3 Blacksburg 6-4 Union County 7p 9-1B Batesburg-Leesville 4-1 Northside Christian Academy 7p 2-6-1 Thornwell 0-4 Calhoun Falls Charter 7p 3-4 Pelion 3-4-2 Strom Thurmond 7p 0-1 Atlantic Collegiate Academy 5-3-3 Darlington 7p 0-7 Rabun Gap-Nacoochee 2-7 Walhalla 7p 3-4 Tri-Cities Christian 10-3 Concord Christian 6p 4-8 Dorman 7-4 James F. Byrnes 7p 3-0 Foothills Christian V Varsity Opponent 7p 1-3 Hannah-Pamplico 1-3 East Clarendon 7p 10-5 Pendleton 2-6 Crescent 7:15p 5-0 (#12) St. Joseph's Catholic 0-3 Carolina Academy 7:15p 2-7 James Island 2-6-2 Stratford 7:30p 5-0 (#7) Powdersville 0-4 Westside 7:30p 9-4 (#20) Greenville 13-4 (#24) Mauldin 7:30p 0-4 Keenan 1-1 Chester 1-5 Battery Creek 4-2 Timberland"
4867,sc,"South Carolina",Volleyball,"0-3 ALCA 0-0 South Pointe Christian 4p"
4868,sc,"South Carolina",Volleyball,"0-2 Clarendon Hall 3-2 Colleton Prep Academy 4p"
4869,sc,"South Carolina",Volleyball,"0-4 St. John's Christian Academy 0-1 Holly Hill Academy 4p"
4870,sc,"South Carolina",Volleyball,"7-0 (#22) Andrew Jackson Academy 8-2 Cathedral Academy 4p"
4871,sc,"South Carolina",Volleyball,"5-0 Florence Christian 5-2 Palmetto Christian Academy 4:30p"
4872,sc,"South Carolina",Volleyball,"1-5 Dutch Fork 4-2 Westwood 5p"
4873,sc,"South Carolina",Volleyball,"3-3 Blacksburg 4-4 Laurens 5p"
4874,sc,"South Carolina",Volleyball,"3-0 Laurens Academy 3-2 King Academy 5p"
4875,sc,"South Carolina",Volleyball,"0-3 Cambridge Academy 3-1 Richard Winn Academy 5p"
4876,sc,"South Carolina",Volleyball,"6-3 Pinewood Prep 5-1 Northwood Academy 5p"
4877,sc,"South Carolina",Volleyball,"1-6 Wardlaw Academy 2-3 Newberry Academy 5p"
4878,sc,"South Carolina",Volleyball,"3-2 James Island Christian 0-0 Faith Christian 5p"
4879,sc,"South Carolina",Volleyball,"3-6-1 Charleston Collegiate 1-5 Hilton Head Prep 5:15p"
4880,sc,"South Carolina",Volleyball,"3-3 Great Falls 0-2 Fairfield Central 5:30p"
4881,sc,"South Carolina",Volleyball,"4-1 Abbeville 0-1 SCSDB 5:30p"
4882,sc,"South Carolina",Volleyball,"0-3 Sandhills 5-5-3 South Aiken Baptist Christian 5:30p"
4883,sc,"South Carolina",Volleyball,"1-2 Oakbrook Prep 2-1 Bob Jones Academy 5:30p"
4884,sc,"South Carolina",Volleyball,"4-2 Barnwell 0-1 Hunter-Kinard-Tyler 5:30p"
4885,sc,"South Carolina",Volleyball,"0-2 Lowcountry Wildcats Athletics 1-1E Emmanuel Christian 5:30p"
4886,sc,"South Carolina",Volleyball,"0-4 Lake City 2-2 Lakewood 5:30p"
4887,sc,"South Carolina",Volleyball,"1-3 Ridge View 3-3-2 Irmo 5:30p"
4888,sc,"South Carolina",Volleyball,"9-1 Wilson Hall 1-1 Thomas Sumter Academy 5:30p"
4889,sc,"South Carolina",Volleyball,"1-3 Lee Academy 9-3 Carolina Academy 5:30p"
4890,sc,"South Carolina",Volleyball,"1-1 Belton-Honea Path 3-7 Greenwood 5:30p"
4891,sc,"South Carolina",Volleyball,"0-0L Lighthouse Christian 3-0 Union Christian Day 5:30p"
4892,sc,"South Carolina",Volleyball,"6-3-1 T.L. Hanna 13-4 (#24) Mauldin 5:30p"
4893,sc,"South Carolina",Volleyball,"1-1 Oconee Christian Academy V Varsity Opponent 5:30p"
4894,sc,"South Carolina",Volleyball,"2-1 Dillon Christian 0-1 Marlboro Academy 5:45p"
4895,sc,"South Carolina",Volleyball,"2-1 GSSM 7-2 Chesterfield 6p"
4896,sc,"South Carolina",Volleyball,"0-1 Orangeburg Christian Academy 0-0 Northside Christian School 6p"
4897,sc,"South Carolina",Volleyball,"0-3 Hammond 0-7 Trinity Collegiate 6p"
4898,sc,"South Carolina",Volleyball,"4-4 Laurens 6-4 Union County 6p"
4899,sc,"South Carolina",Volleyball,"2-2 Calhoun County 0-2 Blackville-Hilda 6p"
4900,sc,"South Carolina",Volleyball,"0-1 Thomas Heyward Academy 0-3 Patrick Henry Academy 6p"
4901,sc,"South Carolina",Volleyball,"2-3 Buford 2-3 Riverwalk Academy 6p"
4902,sc,"South Carolina",Volleyball,"3-0 White Knoll 1-1 Belton-Honea Path 6p"
4903,sc,"South Carolina",Volleyball,"1-1 Oconee Christian Academy 6-2 Temple Christian Academy 6p"
4904,sc,"South Carolina",Volleyball,"0-4 Upstate 0-3 GREEN Upstate 6p"
4905,sc,"South Carolina",Volleyball,"0-0 Baptist Hill 0-1 Palmetto Scholars Academy 6p"
4906,sc,"South Carolina",Volleyball,"3-3 Blacksburg 3-0 Laurens Academy 6p"
4907,sc,"South Carolina",Volleyball,"2-4 Military Magnet Academy 0-0 St. John's 6p"
4908,sc,"South Carolina",Volleyball,"2-2 Christ the Cornerstone Academy 1-2 Maranatha Christian 6p"
4909,sc,"South Carolina",Volleyball,"2-3 Andrews 3-4-1 Waccamaw 6p"
4910,sc,"South Carolina",Volleyball,"2-2 Travelers Rest 5-2 (#15) Pickens 6p"
4911,sc,"South Carolina",Volleyball,"10-7 Camden County 2-3 Beaufort 6p"
4912,sc,"South Carolina",Volleyball,"4-2 New Covenant School 0-3 Greenville Classical Academy 6p"
4913,sc,"South Carolina",Volleyball,"3-4 Green Sea Floyds 8-1 South Columbus 6p"
4914,sc,"South Carolina",Volleyball,"0-0 Coastal 3-3 Lake View 6p"
4915,sc,"South Carolina",Volleyball,"6-5 Landrum 5-2 (#6) Mountain View Prep 6p"
4916,sc,"South Carolina",Volleyball,"0-2 Indian Land 1-1 York 6:15p"
4917,sc,"South Carolina",Volleyball,"4-2 Legion Collegiate Academy 6-5 (#21) Catawba Ridge 6:15p"
4918,sc,"South Carolina",Volleyball,"7-6 Palisades 4-3 (#23) Fort Mill 6:15p"
4919,sc,"South Carolina",Volleyball,"0-2-1 Lake Marion 4-1 Academic Magnet 6:30p"
4920,sc,"South Carolina",Volleyball,"0-0 Burke 1-6 Lowcountry Leadership 6:30p"
4921,sc,"South Carolina",Volleyball,"5-1 Christ Church Episcopal 2-3 Greenville Hurricanes 6:30p"
4922,sc,"South Carolina",Volleyball,"7-7 Clover 6-1 (#2) Nation Ford 6:30p"
4923,sc,"South Carolina",Volleyball,"7-0 Colleton County 0-4 Goose Creek 6:30p"
4924,sc,"South Carolina",Volleyball,"0-6 Marion 4-2 Latta 6:30p"
4925,sc,"South Carolina",Volleyball,"3-6 Heathwood Hall Episcopal 4-4 Augusta Christian 6:30p"
4926,sc,"South Carolina",Volleyball,"0-3 Stall 0-1 North Charleston 6:30p"
4927,sc,"South Carolina",Volleyball,"1-3 Woodland 8-1 (#13) Philip Simmons 6:30p"
4928,sc,"South Carolina",Volleyball,"3-0 York Prep 7-3 Mid-Carolina 6:30p"
4929,sc,"South Carolina",Volleyball,"2-2 Charleston Math & Science 0-3 Cross 6:30p"
4930,sc,"South Carolina",Volleyball,"9-4 (#20) Greenville 6-3-1 T.L. Hanna 6:30p"
4931,sc,"South Carolina",Volleyball,"0-3 Allendale-Fairfax 0-3 Edisto 6:30p"
4932,sc,"South Carolina",Volleyball,"4-0 (#14) West Ashley 5-4-1 Summerville 6:30p"
4933,sc,"South Carolina",Volleyball,"1-4 Central 3-6 McBee 6:30p"
4934,sc,"South Carolina",Volleyball,"2-6-1 Ashley Ridge 8-4 Fort Dorchester 6:30p"
4935,sc,"South Carolina",Volleyball,"2-0 Ben Lippen 1-1 Cardinal Newman 6:30p"
4936,sc,"South Carolina",Volleyball,"1-6 Virtus Academy 0-4 Mullins 6:30p"
4937,sc,"South Carolina",Volleyball,"2-3 Ridge Spring-Monetta 0-2 Denmark-Olar 6:45p"
4938,sc,"South Carolina",Volleyball,"4-4 Bamberg-Ehrhardt 0-3 Hampton County 6:45p"
4939,sc,"South Carolina",Volleyball,"0-3 Whale Branch TBA 6:45p"
4940,sc,"South Carolina",Volleyball,"6-0 Liberty 2-3 Greenville Tech Charter 6:45p"
4941,sc,"South Carolina",Volleyball,"0-0 Midland Valley 2-2 North Augusta 7p"
4942,sc,"South Carolina",Volleyball,"10-7 Camden County 5-3-3 Cross 7p"
4943,sc,"South Carolina",Volleyball,"2-3 Kingstree 2-2 Manning 7p"
4944,sc,"South Carolina",Volleyball,"1-3 North 2-2 Wagener-Salley 7p"
4945,sc,"South Carolina",Volleyball,"4-3-2 Conway 5-2 South Florence 7p"
4946,sc,"South Carolina",Volleyball,"1-5 Dutch Fork 3-4 Blythewood 7p"
4947,sc,"South Carolina",Volleyball,"3-4 Blythewood 4-2 Westwood 7p"
4948,sc,"South Carolina",Volleyball,"7-4 Chesnee 9-3 Woodruff 7p"
4949,sc,"South Carolina",Volleyball,"9-2 Aynor 12-0-1 (#11) Hartsville 7p"
4950,sc,"South Carolina",Volleyball,"5-1 (#5) Oceanside Collegiate Academy 6-4 May River 7p"
4951,sc,"South Carolina",Volleyball,"2-3 Ware Shoals 4-1 Dixie 7p"
4952,sc,"South Carolina",Volleyball,"0-0 Loris 2-5 Crestwood 7p"
4953,sc,"South Carolina",Volleyball,"7-3 Daniel 3-5-1 Easley 7p"
4954,sc,"South Carolina",Volleyball,"1-3 Seneca 0-4 Westside 7p"
4955,sc,"South Carolina",Volleyball,"3-0 White Knoll 3-7 Greenwood 7p"
4956,sc,"South Carolina",Volleyball,"10-4-1 West Florence 10-2 (#9) North Myrtle Beach 7p"
4957,sc,"South Carolina",Volleyball,"7-5 Lexington 1-2 South Aiken 7p"
4958,sc,"South Carolina",Volleyball,"1-2 McCormick 7-6 Ninety Six 7p"
4959,sc,"South Carolina",Volleyball,"2-6 Hillcrest 6-4 Fountain Inn 7p"
4960,sc,"South Carolina",Volleyball,"3-1 St. James 10-4 Wilson 7p"
4961,sc,"South Carolina",Volleyball,"13-1 (#17) Eastside 3-6 Boiling Springs 7p"
4962,sc,"South Carolina",Volleyball,"2-3 Beaufort 8-4 Savannah Arts Academy 7p"
4963,sc,"South Carolina",Volleyball,"2-5 High Point Academy 1-4 Clinton 7p"
4964,sc,"South Carolina",Volleyball,"1-4 Spartanburg 1-7 Spartanburg Christian Academy 7p"
4965,sc,"South Carolina",Volleyball,"3-4 Greer 1-3 Blue Ridge 7p"
4966,sc,"South Carolina",Volleyball,"3-5 Cheraw 1-3 Lee Central 7p"
4967,sc,"South Carolina",Volleyball,"0-1 Lower Richland 2-3 Camden 7p"
4968,sc,"South Carolina",Volleyball,"7-1 (#3) Woodmont 7-1-1 (#10) Riverside 7p"
4969,sc,"South Carolina",Volleyball,"2-6 Greer Middle College 0-5 Southside Christian 7p"
4970,sc,"South Carolina",Volleyball,"5-0 North Central 4-7 Lamar 7p"
4971,sc,"South Carolina",Volleyball,"5-7 Chapman 6-4 FPAASF 7p"
4972,sc,"South Carolina",Volleyball,"2-2 Brookland-Cayce 2-2 Airport 7p"
4973,sc,"South Carolina",Volleyball,"0-2 Newberry 0-6 Columbia 7p"
4974,sc,"South Carolina",Volleyball,"10-2 West-Oak 0-2 BMCC 7p"
4975,sc,"South Carolina",Volleyball,"2-2-1 Saluda 4-1 Horse Creek Academy 7p"
4976,sc,"South Carolina",Volleyball,"3-4 GSIC 15-3 Lake Oconee Academy 7p"
4977,sc,"South Carolina",Volleyball,"3-3 Blacksburg 6-4 Union County 7p"
4978,sc,"South Carolina",Volleyball,"9-1B Batesburg-Leesville 4-1 Northside Christian Academy 7p"
4979,sc,"South Carolina",Volleyball,"2-6-1 Thornwell 0-4 Calhoun Falls Charter 7p"
4980,sc,"South Carolina",Volleyball,"3-4 Pelion 3-4-2 Strom Thurmond 7p"
4981,sc,"South Carolina",Volleyball,"0-1 Atlantic Collegiate Academy 5-3-3 Darlington 7p"
4982,sc,"South Carolina",Volleyball,"0-7 Rabun Gap-Nacoochee 2-7 Walhalla 7p"
4983,sc,"South Carolina",Volleyball,"3-4 Tri-Cities Christian 10-3 Concord Christian 6p"
4984,sc,"South Carolina",Volleyball,"4-8 Dorman 7-4 James F. Byrnes 7p"
4985,sc,"South Carolina",Volleyball,"3-0 Foothills Christian V Varsity Opponent 7p"
4986,sc,"South Carolina",Volleyball,"1-3 Hannah-Pamplico 1-3 East Clarendon 7p"
4987,sc,"South Carolina",Volleyball,"10-5 Pendleton 2-6 Crescent 7:15p"
4988,sc,"South Carolina",Volleyball,"5-0 (#12) St. Joseph's Catholic 0-3 Carolina Academy 7:15p"
4989,sc,"South Carolina",Volleyball,"2-7 James Island 2-6-2 Stratford 7:30p"
4990,sc,"South Carolina",Volleyball,"5-0 (#7) Powdersville 0-4 Westside 7:30p"
4991,sc,"South Carolina",Volleyball,"9-4 (#20) Greenville 13-4 (#24) Mauldin 7:30p"
4992,sc,"South Carolina",Volleyball,"0-4 Keenan 1-1 Chester"
4993,sc,"South Carolina",Volleyball,"1-5 Battery Creek 4-2 Timberland"
4994,sc,"South Carolina",Volleyball,"Related ScoreboardsRegions A Region 1A Region 10A Region 2A Region 3A Region 4A Region 5A Region 6A Region 7A Region 8A Region 9 Associations South Carolina High School LeagueSouth Carolina Independent School Association Metros CharlestonColumbiaGreenvilleMyrtle Beach"
4995,sc,"South Carolina",Volleyball,"Thursday, Sep. 3 3-0 Bishop Moore 4-0 (#4) Orangewood Christian 6p 7-0 (#22) Mother McAuley 5-2 Lincoln-Way East 5p 0-2 Berkeley Prep 7-0 (#21) Calvary Christian 6:30p 10-0 (#3) Assumption 10-3 Providence 7p 3-0 (#10) Harrisburg 1-1 Washington 6:30p 2-4 Avon 10-0 (#25) Hamilton Southeastern 7:30p 1-0 (#11) Torrey Pines 11-0 (#1) Sierra Canyon 5:30p 6-3 Mira Costa 6-0 (#2) Mater Dei 5:45p 1-0 (#13) Cathedral Catholic 6-6 Southeast Career Tech 7p 0-2 Lincoln Christian 6-0 (#15) Norris"
4996,sc,"South Carolina",Volleyball,"3-0 Bishop Moore 4-0 (#4) Orangewood Christian 6p"
4997,sc,"South Carolina",Volleyball,"7-0 (#22) Mother McAuley 5-2 Lincoln-Way East 5p"
4998,sc,"South Carolina",Volleyball,"0-2 Berkeley Prep 7-0 (#21) Calvary Christian 6:30p"
4999,sc,"South Carolina",Volleyball,"10-0 (#3) Assumption 10-3 Providence 7p"
5000,sc,"South Carolina",Volleyball,"3-0 (#10) Harrisburg 1-1 Washington 6:30p"
5001,sc,"South Carolina",Volleyball,"2-4 Avon 10-0 (#25) Hamilton Southeastern 7:30p"
5002,sc,"South Carolina",Volleyball,"1-0 (#11) Torrey Pines 11-0 (#1) Sierra Canyon 5:30p"
5003,sc,"South Carolina",Volleyball,"6-3 Mira Costa 6-0 (#2) Mater Dei 5:45p"
5004,sc,"South Carolina",Volleyball,"1-0 (#13) Cathedral Catholic 6-6 Southeast Career Tech 7p"
5005,sc,"South Carolina",Volleyball,"0-2 Lincoln Christian 6-0 (#15) Norris"
5006,sd,"South Dakota",Volleyball,"There are 58 matches for South Dakota volleyball on Thu, 9/3/2026. The featured matches are by South Dakota top ranked teams Sioux Falls Christian (Sioux Falls, SD) @ #1 Dell Rapids (SD), #2 Parker/Marion (Parker, SD) @ #21 McCook Central/Montrose (Salem, SD), and #3 Madison (SD) @ West Central (Hartford, SD). The first match, DeSmet (SD) @ Colman-Egan (Colman, SD), starts at 2p. Related Content South Dakota Girls Volleyball Stat LeadersSouth Dakota Girls Volleyball PlayoffsSouth Dakota Girls Volleyball Rankings Recent South Dakota Girls Volleyball HeadlinesVOLLEYBALL: Preseason top 100VOLLEYBALL: Preseason All-Americans South Dakota High School Volleyball Schedule 58 Matches 1-2D DeSmet 3-0C Colman-Egan 2p 2-2 Dupree 1-3 McLaughlin 4p console.log('MaxPrepsAds - createMark: Element Defined - leaderboard-banner-inc1');performance && performance.mark && performance.mark('MaxPrepsAds - Element Defined: leaderboard-banner-inc1'); 4-1 (#8) Gettysburg 3-0 Mobridge-Pollock 4:30p 1-1 St. Francis Indian 1-3 Pine Ridge 4:30p 1-2 Timber Lake 1-1 Bison 4:55p 1-2 McIntosh 0-2 Faith 5p 2-3 Herreid/Selby 1-1 Aberdeen Christian 5p 8-2 Lemmon 2-0 Harding County 5:25p 0-0 Wakpala 0-0 Takini 5:30p 0-2 Elkton/Lake Benton 2-2 Oldham-Ramona/Rutland 6p 1-0 Kadoka 0-2 Philip 6p 3-2F Freeman 0-4H Howard 6:15p 2-3A (#15) Avon 0-4A Andes Central/Dakota Christian 6:15p 6-1 Irene/Wakonda 2-0 Tripp-Delmont/Armour 6:15p 1-1 Burke 1-3 Kimball/White Lake 6:15p 0-4 Gregory 1-0 Lyman 6:30p 2-1 Jones County 4-0 Bennett County 6:30p 3-2 Lead-Deadwood 2-1 Wall 6:30p 3-3 (#17) Brookings 4-3 (#19) Watertown 6:30p 0-2 Tea 1-1 Pierre T.F. Riggs 6:30p 2-0 O'Gorman 5-1 Huron 6:30p 3-0 Harrisburg 1-1 Washington 6:30p 3-2 Tri-Valley 2-1 Vermillion 6:30p 1-1 Jefferson 1-1 Lincoln 6:30p 3-3 (#11) Yankton 2-1 (#14) Aberdeen Central 6:30p 5-1 Sioux Falls Christian 7-0 (#1) Dell Rapids 6:45p 2-1 Webster 2-0 Britton-Hecla 7p 3-2S Sioux Falls Lutheran 1-5 (#22) Menno 7p 1-1 South Sioux City 2-1 Vermillion 7p 1-0L Lennox 3-2 Tri-Valley 7p 5-0 (#3) Madison 1-2 West Central 7p 3-2 Elk Point-Jefferson 2-0 Dakota Valley 7p 3-1 Sioux Valley 2-4 Beresford 7p 4-0 Gayville-Volin 1-1 Alcester-Hudson 7p 0-2 Hills-Beaver Creek 2-1 Canton 7p 0-3 Stanley County 2-3 Platte/Geddes 7p 4-0 Winner 0-1 Valentine 7p 1-3 Newell 3-3 Custer 7p 1-3 Garretson 1-1 Baltic 7:15p 1-2 Deuel 1-2 Redfield 7:15p 1-4 Ipswich 2-0 Waubay/Summit 7:15p 2-4 Groton 1-2 Sisseton 7:15p 3-1P (#2) Parker/Marion 1-5 (#21) McCook Central/Montrose 7:15p 0-2C Castlewood 4-2 Deubrook 7:15p 0-4S Scotland 0-3C Canistota 7:15p 2-0 Faulkton 4-1N (#4) North Central 7:30p 0-2 Tiospa Zina 3-0 Roncalli 7:30p 0-3 Flandreau 3-0 Hamlin 7:30p 3-0 Clark/Willow Lake 1-1M Milbank 7:30p 0-1 TS (CO-OP) 2-5 Great Plains Lutheran 7:30p 4-2 (#6) Northwestern Area 4-1 Langford 7:30p 1-3 Hanson 4-3 (#20) Parkston 7:30p 1-5C (#23) Corsica/Stickney 3-2 (#13) Centerville 7:30p 2-2 (#12) Miller 2-2 Bon Homme 7:30p 2-1 Lower Brule 2-0 Highmore/Harrold 7:30p 1-4E Ethan 3-2 Sanborn Central/Woonsocket 7:30p 2-2 Chamberlain 5-1 (#5) Wagner 7:45p 0-3 Leola/Frederick 5-1 (#9) Warner 7:45p"
5007,sd,"South Dakota",Volleyball,"1-2D DeSmet 3-0C Colman-Egan 2p"
5008,sd,"South Dakota",Volleyball,"2-2 Dupree 1-3 McLaughlin 4p"
5009,sd,"South Dakota",Volleyball,"4-1 (#8) Gettysburg 3-0 Mobridge-Pollock 4:30p"
5010,sd,"South Dakota",Volleyball,"1-1 St. Francis Indian 1-3 Pine Ridge 4:30p"
5011,sd,"South Dakota",Volleyball,"1-2 Timber Lake 1-1 Bison 4:55p"
5012,sd,"South Dakota",Volleyball,"1-2 McIntosh 0-2 Faith 5p"
5013,sd,"South Dakota",Volleyball,"2-3 Herreid/Selby 1-1 Aberdeen Christian 5p"
5014,sd,"South Dakota",Volleyball,"8-2 Lemmon 2-0 Harding County 5:25p"
5015,sd,"South Dakota",Volleyball,"0-0 Wakpala 0-0 Takini 5:30p"
5016,sd,"South Dakota",Volleyball,"0-2 Elkton/Lake Benton 2-2 Oldham-Ramona/Rutland 6p"
5017,sd,"South Dakota",Volleyball,"1-0 Kadoka 0-2 Philip 6p"
5018,sd,"South Dakota",Volleyball,"3-2F Freeman 0-4H Howard 6:15p"
5019,sd,"South Dakota",Volleyball,"2-3A (#15) Avon 0-4A Andes Central/Dakota Christian 6:15p"
5020,sd,"South Dakota",Volleyball,"6-1 Irene/Wakonda 2-0 Tripp-Delmont/Armour 6:15p"
5021,sd,"South Dakota",Volleyball,"1-1 Burke 1-3 Kimball/White Lake 6:15p"
5022,sd,"South Dakota",Volleyball,"0-4 Gregory 1-0 Lyman 6:30p"
5023,sd,"South Dakota",Volleyball,"2-1 Jones County 4-0 Bennett County 6:30p"
5024,sd,"South Dakota",Volleyball,"3-2 Lead-Deadwood 2-1 Wall 6:30p"
5025,sd,"South Dakota",Volleyball,"3-3 (#17) Brookings 4-3 (#19) Watertown 6:30p"
5026,sd,"South Dakota",Volleyball,"0-2 Tea 1-1 Pierre T.F. Riggs 6:30p"
5027,sd,"South Dakota",Volleyball,"2-0 O'Gorman 5-1 Huron 6:30p"
5028,sd,"South Dakota",Volleyball,"3-0 Harrisburg 1-1 Washington 6:30p"
5029,sd,"South Dakota",Volleyball,"3-2 Tri-Valley 2-1 Vermillion 6:30p"
5030,sd,"South Dakota",Volleyball,"1-1 Jefferson 1-1 Lincoln 6:30p"
5031,sd,"South Dakota",Volleyball,"3-3 (#11) Yankton 2-1 (#14) Aberdeen Central 6:30p"
5032,sd,"South Dakota",Volleyball,"5-1 Sioux Falls Christian 7-0 (#1) Dell Rapids 6:45p"
5033,sd,"South Dakota",Volleyball,"2-1 Webster 2-0 Britton-Hecla 7p"
5034,sd,"South Dakota",Volleyball,"3-2S Sioux Falls Lutheran 1-5 (#22) Menno 7p"
5035,sd,"South Dakota",Volleyball,"1-1 South Sioux City 2-1 Vermillion 7p"
5036,sd,"South Dakota",Volleyball,"1-0L Lennox 3-2 Tri-Valley 7p"
5037,sd,"South Dakota",Volleyball,"5-0 (#3) Madison 1-2 West Central 7p"
5038,sd,"South Dakota",Volleyball,"3-2 Elk Point-Jefferson 2-0 Dakota Valley 7p"
5039,sd,"South Dakota",Volleyball,"3-1 Sioux Valley 2-4 Beresford 7p"
5040,sd,"South Dakota",Volleyball,"4-0 Gayville-Volin 1-1 Alcester-Hudson 7p"
5041,sd,"South Dakota",Volleyball,"0-2 Hills-Beaver Creek 2-1 Canton 7p"
5042,sd,"South Dakota",Volleyball,"0-3 Stanley County 2-3 Platte/Geddes 7p"
5043,sd,"South Dakota",Volleyball,"4-0 Winner 0-1 Valentine 7p"
5044,sd,"South Dakota",Volleyball,"1-3 Newell 3-3 Custer 7p"
5045,sd,"South Dakota",Volleyball,"1-3 Garretson 1-1 Baltic 7:15p"
5046,sd,"South Dakota",Volleyball,"1-2 Deuel 1-2 Redfield 7:15p"
5047,sd,"South Dakota",Volleyball,"1-4 Ipswich 2-0 Waubay/Summit 7:15p"
5048,sd,"South Dakota",Volleyball,"2-4 Groton 1-2 Sisseton 7:15p"
5049,sd,"South Dakota",Volleyball,"3-1P (#2) Parker/Marion 1-5 (#21) McCook Central/Montrose 7:15p"
5050,sd,"South Dakota",Volleyball,"0-2C Castlewood 4-2 Deubrook 7:15p"
5051,sd,"South Dakota",Volleyball,"0-4S Scotland 0-3C Canistota 7:15p"
5052,sd,"South Dakota",Volleyball,"2-0 Faulkton 4-1N (#4) North Central 7:30p"
5053,sd,"South Dakota",Volleyball,"0-2 Tiospa Zina 3-0 Roncalli 7:30p"
5054,sd,"South Dakota",Volleyball,"0-3 Flandreau 3-0 Hamlin 7:30p"
5055,sd,"South Dakota",Volleyball,"3-0 Clark/Willow Lake 1-1M Milbank 7:30p"
5056,sd,"South Dakota",Volleyball,"0-1 TS (CO-OP) 2-5 Great Plains Lutheran 7:30p"
5057,sd,"South Dakota",Volleyball,"4-2 (#6) Northwestern Area 4-1 Langford 7:30p"
5058,sd,"South Dakota",Volleyball,"1-3 Hanson 4-3 (#20) Parkston 7:30p"
5059,sd,"South Dakota",Volleyball,"1-5C (#23) Corsica/Stickney 3-2 (#13) Centerville 7:30p"
5060,sd,"South Dakota",Volleyball,"2-2 (#12) Miller 2-2 Bon Homme 7:30p"
5061,sd,"South Dakota",Volleyball,"2-1 Lower Brule 2-0 Highmore/Harrold 7:30p"
5062,sd,"South Dakota",Volleyball,"1-4E Ethan 3-2 Sanborn Central/Woonsocket 7:30p"
5063,sd,"South Dakota",Volleyball,"2-2 Chamberlain 5-1 (#5) Wagner 7:45p"
5064,sd,"South Dakota",Volleyball,"0-3 Leola/Frederick 5-1 (#9) Warner 7:45p"
5065,sd,"South Dakota",Volleyball,"Related ScoreboardsRegions A Region 1A Region 2A Region 3A Region 4A Region 5A Region 6A Region 7A Region 8AA District 1AA District 2 Associations South Dakota High School Activities Association Metros Rapid CitySioux Falls"
5066,sd,"South Dakota",Volleyball,"Thursday, Sep. 3 3-0 Bishop Moore 4-0 (#4) Orangewood Christian 6p 7-0 (#22) Mother McAuley 5-2 Lincoln-Way East 5p 0-2 Berkeley Prep 7-0 (#21) Calvary Christian 6:30p 10-0 (#3) Assumption 10-3 Providence 7p 3-0 (#10) Harrisburg 1-1 Washington 6:30p 2-4 Avon 10-0 (#25) Hamilton Southeastern 7:30p 1-0 (#11) Torrey Pines 11-0 (#1) Sierra Canyon 5:30p 6-3 Mira Costa 6-0 (#2) Mater Dei 5:45p 1-0 (#13) Cathedral Catholic 6-6 Southeast Career Tech 7p 0-2 Lincoln Christian 6-0 (#15) Norris"
5067,sd,"South Dakota",Volleyball,"3-0 Bishop Moore 4-0 (#4) Orangewood Christian 6p"
5068,sd,"South Dakota",Volleyball,"7-0 (#22) Mother McAuley 5-2 Lincoln-Way East 5p"
5069,sd,"South Dakota",Volleyball,"0-2 Berkeley Prep 7-0 (#21) Calvary Christian 6:30p"
5070,sd,"South Dakota",Volleyball,"10-0 (#3) Assumption 10-3 Providence 7p"
5071,sd,"South Dakota",Volleyball,"3-0 (#10) Harrisburg 1-1 Washington 6:30p"
5072,sd,"South Dakota",Volleyball,"2-4 Avon 10-0 (#25) Hamilton Southeastern 7:30p"
5073,sd,"South Dakota",Volleyball,"1-0 (#11) Torrey Pines 11-0 (#1) Sierra Canyon 5:30p"
5074,sd,"South Dakota",Volleyball,"6-3 Mira Costa 6-0 (#2) Mater Dei 5:45p"
5075,sd,"South Dakota",Volleyball,"1-0 (#13) Cathedral Catholic 6-6 Southeast Career Tech 7p"
5076,sd,"South Dakota",Volleyball,"0-2 Lincoln Christian 6-0 (#15) Norris"
5077,tn,"Tennessee",Volleyball,"There are 169 matches for Tennessee volleyball on Thu, 9/3/2026. The featured matches are by Tennessee top ranked teams Munford (TN) @ #2 Arlington (TN), #4 Eagleville (TN) @ Culleoka (TN), and #5 Lawrence County (Lawrenceburg, TN) @ Central (Florence, AL). The first match, Azle (TX) vs. #23 Dobyns-Bennett (Kingsport, TN), starts at 10:15a. Related Content Tennessee Girls Volleyball Stat LeadersTennessee Girls Volleyball PlayoffsTennessee Girls Volleyball Rankings Tennessee High School Volleyball Schedule 169 Matches 7-15 Azle 7-3 (#23) Dobyns-Bennett 10:15a 10-8 Summer Creek 7-3 (#23) Dobyns-Bennett 11:30a console.log('MaxPrepsAds - createMark: Element Defined - leaderboard-banner-inc1');performance && performance.mark && performance.mark('MaxPrepsAds - Element Defined: leaderboard-banner-inc1'); 13-1 (#8) Science Hill 2-2 Jensen Beach 12:45p 3-1 John Battle 7-3 (#23) Dobyns-Bennett 12:45p 4-5 Smith County 2-4 Gordonsville 1p 5-4 Zion Christian Academy 6-2 (#16) Franklin Road Academy 4p 2-7 Cleveland 2-8 East Hamilton 4:15p 6-2 Soddy Daisy 2-7 Ooltewah 4:15p 1-3 Kingsbury 6-3 Germantown 4:30p 1-0 East Nashville Magnet 0-1 Pearl-Cohn 4:30p 0-3 Mount Juliet Christian Academy 3-4 Friendship Christian 4:30p 0-5 Cane Ridge 1-4 Glencliff 4:30p 2-0 Hardin County 4-3 McNairy Central 5p 5-2 Grainger 0-5 Cumberland Gap 5p 0-1 Memphis Business Academy 1-3 KIPP Collegiate 5p 5-2 Fayette Academy 0-2 Tipton Christian Academy 5p 5-2 Trinity Christian Academy 5-4 Jackson Christian 5p 12-1 (#15) Knoxville Central 1-2 Powell 5p 5-8 Greenbrier 0-3 Macon County 5p 4-3 Warren County 2-4 White County 5p 0-2 Craigmont 0-2 Raleigh-Egypt 5p 0-2 Humboldt 0-1 Bradford 5p 6-5 Stone Memorial 2-6 DeKalb County 5p 2-2 Obion County 8-5 (#13) Dyer County 5p 2-5 Livingston Academy 11-1 Upperman 5p 0-2 Melrose 0-0 Hamilton 5p 0-1 Sheffield 2-1 Ridgeway 5p 0-6 Liberty Tech Magnet 0-4J Jackson Central Merry 5p 2-4 South Gibson 1-4 Westview 5p 0-3 Georgia School for the Deaf 0-0 Tennessee School for the Deaf 5p 1-5 Dyersburg 4-2 Milan 5p 2-0 Morristown-Hamblen West 0-7 Cocke County 5p 0-4 Middleton 0-0 MSEW 5p 1-1 Pleasant View 3-1 Compass - Midtown 5p 4-0 Booker T. Washington 2-3 Hillcrest 5p 2-1 Chester County 7-6 Lexington 5p 0-0 Madison 1-1 McKenzie 5p 5-1 Huntingdon 3-1 Peabody 5p 1-4 Union City 5-2 Lake County 5p 7-2 Trezevant 3-3 MASAE 5p 3-4 Boyd-Buchanan 0-2S St. Andrews-Sewanee 5p 4-3 Bolivar Central 4-1 Haywood 5p 0-1 Ripley 0-3 Halls 5p 0-2 Douglass 2-3 Bolton 5p 0-3 Harding Academy 7-2 Lausanne Collegiate 5p 0-2 Scotts Hill 1-1 Jackson North Side 5p 4-1 Northview Academy 0-2 Fulton 5p 6-5 Brentwood Academy 11-1 (#11) Christ Presbyterian Academy 5:15p 13-1 (#8) Science Hill 7-3 Las Vegas 3:15p 10-3 (#12) Father Ryan 2-4 Lipscomb Academy 5:15p 6-5 Signal Mountain 2-7 Cleveland 5:15p 3-10 Harpeth Hall 1-8 Ensworth 5:15p 0-2 Clay County 7-3 Jackson County 5:30p 4-3 Whitwell 1-5 Grundy County 5:30p 2-2 Jefferson County 2-5 Morristown-Hamblen East 5:30p 4-2 Monterey 2-5 Clarkrange 5:30p 2-8 Mt. Pleasant 11-9 Summertown 5:30p 0-4 Cordova 2-3 Whitehaven 5:30p 5-1 Hillsboro 3-2 Overton 5:30p 3-1 LEAD Academy 0-2 KIPP Nashville Collegiate 5:30p 0-4 York Institute 2-3 Red Boiling Springs 5:30p 2-1 Whites Creek 2-8 Martin Luther King Jr. Magnet 5:30p 0-5 Unicoi County 7-11 Greeneville 5:30p 7-1 Sullivan East 1-5 Johnson County 5:30p 4-1 Hume-Fogg 0-1 Stratford 5:30p 7-4 McGavock 0-3 Hunters Lane 5:30p 0-1 Soulsville 0-0 Fairley 5:30p 2-0 Riverside 2-3 West Carroll 5:30p 2-2 Freedom Prep Academy 0-1 Westwood 5:30p 1-3-5 Clarksville Academy 7-0 Nashville Christian 5:45p 5-0 (#10) Providence Christian Academy 1-3 The Webb School 5:45p 5-2 Franklin Christian Academy 7-7 Middle Tennessee Christian 5:45p 6-2 Ezell-Harding Christian 0-1 Davidson Academy 5:45p 12-1 (#19) Goodpasture Christian 7-5 Donelson Christian Academy 5:45p 1-3 Columbia Academy 0-6 St. Cecilia Academy 5:45p 8-5 Coffee County Central 5-3 Tullahoma 6p 4-4 Station Camp 8-5 Mount Juliet 6p 8-3 (#24) Knoxville Catholic 4-1 Girls Preparatory School 6p 1-2 Camden Central 0-4 Stewart County 6p 4-6 Sale Creek 3-7 Hardy Memorial 6p 1-8 Spring Hill 0-5 Marshall County 6p V Varsity Opponent 6-2 Apostolic Christian 6p 7-3G Green Hill 1-4 Beech 6p N Non Varsity Opponent 1-2-1 Franklin Classical School 6p 9-3 Anderson County 0-4 Campbell County 6p 0-1P Paideia Academy 3-6 Knoxville Christian 6p 6-0 Meigs County 1-2 Red Bank 6p 5-6 South-Doyle 1-4 Loudon 6p 9-9 Sequoyah 5-7 Alcoa 6p 11-3 Ardmore 4-3 Lincoln County 6p 12-6 Heritage 9-4C CSLA 6p 10-2 (#17) Nolensville 7-2 (#18) Page 6p 3-7 Hickman County 8-1 McEwen 6p 1-4 Hampshire 3-7 Collinwood 6p 0-2 Chattanooga Central 0-5 East Ridge 6p 1-9 East Hickman County 3-5 Houston County 6p 1-4 Franklin County 5-6 Columbia Central 6p 0-3-1 Boyd Christian 0-0 Tennessee Heat 6p 1-5 Independence 10-1 (#6) Franklin 6p 0-5 Centennial 1-6 Brentwood 6p 3-6 Grace Baptist Academy 11-5 Notre Dame 6p 7-4 Creek Wood 0-2 Montgomery Central 6p 7-6 Ravenwood 6-5 Summit 6p 12-6 Hendersonville 1-6 Gallatin 6p 4-2 Hancock County 5-1 Cosby 6p 0-2 Innovation Academy 0-5 Jo Byrns 6p 2-4 Polk County 0-2 Copper Basin 6p 3-4 Tri-Cities Christian 10-3 Concord Christian 6p 9-3 Seymour 0-7 Austin-East 6p 9-8 Loretto 0-6 Perry County 6p 0-0 Christian Community 6-2 Portland 6p 0-2 Tyner Academy 0-1 Brainerd 6p 0-0 Central Baptist 1-2 Powell 6p 0-1 Lighthouse Christian 9-1 Franklin Road Christian 6p 5-0 Liberty Creek 3-4 White House-Heritage 6p 1-4 White Academy 0-6 Maryville Christian 6p 5-2 University School of Jackson 1-5 St. George's 6p 4-3 McMinn Central 7-2 Sweetwater 6p 3-8 Karns 9-2 (#20) Maryville 6p 4-3 Santa Fe 0-3 Moore County 6p 1-6 Munford 10-1 (#2) Arlington 6p 1-4 Claiborne 1-4 Union County 6p 1-2 Hampton 2-6 Happy Valley 6p 6-8K King's Academy 1-9F First Baptist Academy 6p 0-2 Cheatham County Central 3-5 Fairview 6p 0-2 Knoxville Ambassadors 2-4 Pigeon Forge 6p 1-11 Smyrna 0-6 LaVergne 6p 9-1 (#7) Baylor 10-2 (#25) Webb 6p 19-0 (#4) Eagleville 1-2 Culleoka 6p 1-7 Wilson Central 6-5 Stewarts Creek 6p 2-4 West Creek 0-0 Henry County 6p 2-5 Halls 11-6 Clinton 6p 8-1 Forrest 1-3 Cascade 6p 1-3 Lookout Valley 0-4 Tellico Plains 6p 4-11 Riverdale 1-5 Rockvale 6p 6-0 East Robertson 3-3 Trousdale County 6p 8-4 Silverdale Academy 1-3C Collegedale Academy 6p 4-1 Sevier County 6-8 Heritage 6p 7-5 Pope John Paul II 4-1 Merrol Hyde Magnet 6p 6-2 Soddy Daisy 2-7 Ooltewah 6:15p 8-3 Rhea County 11-2 Bradley Central 6:15p 2-3 Walker Valley 1-3 Howard Tech 6:15p 6-5 Signal Mountain 2-8 East Hamilton 6:15p 3-1 Overton 4-5 White Station 6:30p 11-4 (#14) St. Mary's Episcopal 11-5 Bartlett 6:30p 12-1 (#5) Lawrence County 11-6 Central 6:30p 10-3 Cookeville 8-0 (#21) Lebanon 6:30p 4-8 St. Benedict at Auburndale 7-3 Evangelical Christian 6:30p 0-4 Coalfield 3-4 Greenback 6:30p 3-8 Apostolic Christian Academy 7-6 Lakeway Christian Academy 6:30p 8-2K Kirkwood 1-2 Rossview 6:30p 6-4 Oakland 7-5 Siegel 6:30p 5-0W Wartburg Central 1-3 Oliver Springs 6:30p 3-1 Covington 2-5 Millington Central 6:30p 7-3 Berean Christian 4-6 Christian Academy of Knoxville 6:30p 4-1 Harriman 1-7 Jellico 6:30p 3-7 Oak Ridge 1-7 Gibbs 6:30p 1-3 Gatlinburg-Pittman 1-2 Carter 6:30p 4-7 Grace Christian Academy 5-4 Clayton-Bradley Academy 6:30p 12-1 Clarksville 1-2 Springfield 6:30p 2-11 Tennessee 1-10 David Crockett 6:30p 5-2 Fort Campbell 4-7 Northeast 6:33p 3-4 Dickson County 0-2 Northwest 7p 1-2 Lenoir City 10-3 William Blount 7p 4-5 Farragut 8-2 Hardin Valley Academy 7p 5-1 Bledsoe County 2-3 Sequatchie County 7p 9-8 Loretto 0-6 Perry County 7p 2-1 South Pittsburg 4-1 Marion County 7p 3-2 Cherokee 0-6 Volunteer 7:30p"
5078,tn,"Tennessee",Volleyball,"7-15 Azle 7-3 (#23) Dobyns-Bennett 10:15a"
5079,tn,"Tennessee",Volleyball,"10-8 Summer Creek 7-3 (#23) Dobyns-Bennett 11:30a"
5080,tn,"Tennessee",Volleyball,"13-1 (#8) Science Hill 2-2 Jensen Beach 12:45p"
5081,tn,"Tennessee",Volleyball,"3-1 John Battle 7-3 (#23) Dobyns-Bennett 12:45p"
5082,tn,"Tennessee",Volleyball,"4-5 Smith County 2-4 Gordonsville 1p"
5083,tn,"Tennessee",Volleyball,"5-4 Zion Christian Academy 6-2 (#16) Franklin Road Academy 4p"
5084,tn,"Tennessee",Volleyball,"2-7 Cleveland 2-8 East Hamilton 4:15p"
5085,tn,"Tennessee",Volleyball,"6-2 Soddy Daisy 2-7 Ooltewah 4:15p"
5086,tn,"Tennessee",Volleyball,"1-3 Kingsbury 6-3 Germantown 4:30p"
5087,tn,"Tennessee",Volleyball,"1-0 East Nashville Magnet 0-1 Pearl-Cohn 4:30p"
5088,tn,"Tennessee",Volleyball,"0-3 Mount Juliet Christian Academy 3-4 Friendship Christian 4:30p"
5089,tn,"Tennessee",Volleyball,"0-5 Cane Ridge 1-4 Glencliff 4:30p"
5090,tn,"Tennessee",Volleyball,"2-0 Hardin County 4-3 McNairy Central 5p"
5091,tn,"Tennessee",Volleyball,"5-2 Grainger 0-5 Cumberland Gap 5p"
5092,tn,"Tennessee",Volleyball,"0-1 Memphis Business Academy 1-3 KIPP Collegiate 5p"
5093,tn,"Tennessee",Volleyball,"5-2 Fayette Academy 0-2 Tipton Christian Academy 5p"
5094,tn,"Tennessee",Volleyball,"5-2 Trinity Christian Academy 5-4 Jackson Christian 5p"
5095,tn,"Tennessee",Volleyball,"12-1 (#15) Knoxville Central 1-2 Powell 5p"
5096,tn,"Tennessee",Volleyball,"5-8 Greenbrier 0-3 Macon County 5p"
5097,tn,"Tennessee",Volleyball,"4-3 Warren County 2-4 White County 5p"
5098,tn,"Tennessee",Volleyball,"0-2 Craigmont 0-2 Raleigh-Egypt 5p"
5099,tn,"Tennessee",Volleyball,"0-2 Humboldt 0-1 Bradford 5p"
5100,tn,"Tennessee",Volleyball,"6-5 Stone Memorial 2-6 DeKalb County 5p"
5101,tn,"Tennessee",Volleyball,"2-2 Obion County 8-5 (#13) Dyer County 5p"
5102,tn,"Tennessee",Volleyball,"2-5 Livingston Academy 11-1 Upperman 5p"
5103,tn,"Tennessee",Volleyball,"0-2 Melrose 0-0 Hamilton 5p"
5104,tn,"Tennessee",Volleyball,"0-1 Sheffield 2-1 Ridgeway 5p"
5105,tn,"Tennessee",Volleyball,"0-6 Liberty Tech Magnet 0-4J Jackson Central Merry 5p"
5106,tn,"Tennessee",Volleyball,"2-4 South Gibson 1-4 Westview 5p"
5107,tn,"Tennessee",Volleyball,"0-3 Georgia School for the Deaf 0-0 Tennessee School for the Deaf 5p"
5108,tn,"Tennessee",Volleyball,"1-5 Dyersburg 4-2 Milan 5p"
5109,tn,"Tennessee",Volleyball,"2-0 Morristown-Hamblen West 0-7 Cocke County 5p"
5110,tn,"Tennessee",Volleyball,"0-4 Middleton 0-0 MSEW 5p"
5111,tn,"Tennessee",Volleyball,"1-1 Pleasant View 3-1 Compass - Midtown 5p"
5112,tn,"Tennessee",Volleyball,"4-0 Booker T. Washington 2-3 Hillcrest 5p"
5113,tn,"Tennessee",Volleyball,"2-1 Chester County 7-6 Lexington 5p"
5114,tn,"Tennessee",Volleyball,"0-0 Madison 1-1 McKenzie 5p"
5115,tn,"Tennessee",Volleyball,"5-1 Huntingdon 3-1 Peabody 5p"
5116,tn,"Tennessee",Volleyball,"1-4 Union City 5-2 Lake County 5p"
5117,tn,"Tennessee",Volleyball,"7-2 Trezevant 3-3 MASAE 5p"
5118,tn,"Tennessee",Volleyball,"3-4 Boyd-Buchanan 0-2S St. Andrews-Sewanee 5p"
5119,tn,"Tennessee",Volleyball,"4-3 Bolivar Central 4-1 Haywood 5p"
5120,tn,"Tennessee",Volleyball,"0-1 Ripley 0-3 Halls 5p"
5121,tn,"Tennessee",Volleyball,"0-2 Douglass 2-3 Bolton 5p"
5122,tn,"Tennessee",Volleyball,"0-3 Harding Academy 7-2 Lausanne Collegiate 5p"
5123,tn,"Tennessee",Volleyball,"0-2 Scotts Hill 1-1 Jackson North Side 5p"
5124,tn,"Tennessee",Volleyball,"4-1 Northview Academy 0-2 Fulton 5p"
5125,tn,"Tennessee",Volleyball,"6-5 Brentwood Academy 11-1 (#11) Christ Presbyterian Academy 5:15p"
5126,tn,"Tennessee",Volleyball,"13-1 (#8) Science Hill 7-3 Las Vegas 3:15p"
5127,tn,"Tennessee",Volleyball,"10-3 (#12) Father Ryan 2-4 Lipscomb Academy 5:15p"
5128,tn,"Tennessee",Volleyball,"6-5 Signal Mountain 2-7 Cleveland 5:15p"
5129,tn,"Tennessee",Volleyball,"3-10 Harpeth Hall 1-8 Ensworth 5:15p"
5130,tn,"Tennessee",Volleyball,"0-2 Clay County 7-3 Jackson County 5:30p"
5131,tn,"Tennessee",Volleyball,"4-3 Whitwell 1-5 Grundy County 5:30p"
5132,tn,"Tennessee",Volleyball,"2-2 Jefferson County 2-5 Morristown-Hamblen East 5:30p"
5133,tn,"Tennessee",Volleyball,"4-2 Monterey 2-5 Clarkrange 5:30p"
5134,tn,"Tennessee",Volleyball,"2-8 Mt. Pleasant 11-9 Summertown 5:30p"
5135,tn,"Tennessee",Volleyball,"0-4 Cordova 2-3 Whitehaven 5:30p"
5136,tn,"Tennessee",Volleyball,"5-1 Hillsboro 3-2 Overton 5:30p"
5137,tn,"Tennessee",Volleyball,"3-1 LEAD Academy 0-2 KIPP Nashville Collegiate 5:30p"
5138,tn,"Tennessee",Volleyball,"0-4 York Institute 2-3 Red Boiling Springs 5:30p"
5139,tn,"Tennessee",Volleyball,"2-1 Whites Creek 2-8 Martin Luther King Jr. Magnet 5:30p"
5140,tn,"Tennessee",Volleyball,"0-5 Unicoi County 7-11 Greeneville 5:30p"
5141,tn,"Tennessee",Volleyball,"7-1 Sullivan East 1-5 Johnson County 5:30p"
5142,tn,"Tennessee",Volleyball,"4-1 Hume-Fogg 0-1 Stratford 5:30p"
5143,tn,"Tennessee",Volleyball,"7-4 McGavock 0-3 Hunters Lane 5:30p"
5144,tn,"Tennessee",Volleyball,"0-1 Soulsville 0-0 Fairley 5:30p"
5145,tn,"Tennessee",Volleyball,"2-0 Riverside 2-3 West Carroll 5:30p"
5146,tn,"Tennessee",Volleyball,"2-2 Freedom Prep Academy 0-1 Westwood 5:30p"
5147,tn,"Tennessee",Volleyball,"1-3-5 Clarksville Academy 7-0 Nashville Christian 5:45p"
5148,tn,"Tennessee",Volleyball,"5-0 (#10) Providence Christian Academy 1-3 The Webb School 5:45p"
5149,tn,"Tennessee",Volleyball,"5-2 Franklin Christian Academy 7-7 Middle Tennessee Christian 5:45p"
5150,tn,"Tennessee",Volleyball,"6-2 Ezell-Harding Christian 0-1 Davidson Academy 5:45p"
5151,tn,"Tennessee",Volleyball,"12-1 (#19) Goodpasture Christian 7-5 Donelson Christian Academy 5:45p"
5152,tn,"Tennessee",Volleyball,"1-3 Columbia Academy 0-6 St. Cecilia Academy 5:45p"
5153,tn,"Tennessee",Volleyball,"8-5 Coffee County Central 5-3 Tullahoma 6p"
5154,tn,"Tennessee",Volleyball,"4-4 Station Camp 8-5 Mount Juliet 6p"
5155,tn,"Tennessee",Volleyball,"8-3 (#24) Knoxville Catholic 4-1 Girls Preparatory School 6p"
5156,tn,"Tennessee",Volleyball,"1-2 Camden Central 0-4 Stewart County 6p"
5157,tn,"Tennessee",Volleyball,"4-6 Sale Creek 3-7 Hardy Memorial 6p"
5158,tn,"Tennessee",Volleyball,"1-8 Spring Hill 0-5 Marshall County 6p"
5159,tn,"Tennessee",Volleyball,"V Varsity Opponent 6-2 Apostolic Christian 6p"
5160,tn,"Tennessee",Volleyball,"7-3G Green Hill 1-4 Beech 6p"
5161,tn,"Tennessee",Volleyball,"N Non Varsity Opponent 1-2-1 Franklin Classical School 6p"
5162,tn,"Tennessee",Volleyball,"9-3 Anderson County 0-4 Campbell County 6p"
5163,tn,"Tennessee",Volleyball,"0-1P Paideia Academy 3-6 Knoxville Christian 6p"
5164,tn,"Tennessee",Volleyball,"6-0 Meigs County 1-2 Red Bank 6p"
5165,tn,"Tennessee",Volleyball,"5-6 South-Doyle 1-4 Loudon 6p"
5166,tn,"Tennessee",Volleyball,"9-9 Sequoyah 5-7 Alcoa 6p"
5167,tn,"Tennessee",Volleyball,"11-3 Ardmore 4-3 Lincoln County 6p"
5168,tn,"Tennessee",Volleyball,"12-6 Heritage 9-4C CSLA 6p"
5169,tn,"Tennessee",Volleyball,"10-2 (#17) Nolensville 7-2 (#18) Page 6p"
5170,tn,"Tennessee",Volleyball,"3-7 Hickman County 8-1 McEwen 6p"
5171,tn,"Tennessee",Volleyball,"1-4 Hampshire 3-7 Collinwood 6p"
5172,tn,"Tennessee",Volleyball,"0-2 Chattanooga Central 0-5 East Ridge 6p"
5173,tn,"Tennessee",Volleyball,"1-9 East Hickman County 3-5 Houston County 6p"
5174,tn,"Tennessee",Volleyball,"1-4 Franklin County 5-6 Columbia Central 6p"
5175,tn,"Tennessee",Volleyball,"0-3-1 Boyd Christian 0-0 Tennessee Heat 6p"
5176,tn,"Tennessee",Volleyball,"1-5 Independence 10-1 (#6) Franklin 6p"
5177,tn,"Tennessee",Volleyball,"0-5 Centennial 1-6 Brentwood 6p"
5178,tn,"Tennessee",Volleyball,"3-6 Grace Baptist Academy 11-5 Notre Dame 6p"
5179,tn,"Tennessee",Volleyball,"7-4 Creek Wood 0-2 Montgomery Central 6p"
5180,tn,"Tennessee",Volleyball,"7-6 Ravenwood 6-5 Summit 6p"
5181,tn,"Tennessee",Volleyball,"12-6 Hendersonville 1-6 Gallatin 6p"
5182,tn,"Tennessee",Volleyball,"4-2 Hancock County 5-1 Cosby 6p"
5183,tn,"Tennessee",Volleyball,"0-2 Innovation Academy 0-5 Jo Byrns 6p"
5184,tn,"Tennessee",Volleyball,"2-4 Polk County 0-2 Copper Basin 6p"
5185,tn,"Tennessee",Volleyball,"3-4 Tri-Cities Christian 10-3 Concord Christian 6p"
5186,tn,"Tennessee",Volleyball,"9-3 Seymour 0-7 Austin-East 6p"
5187,tn,"Tennessee",Volleyball,"9-8 Loretto 0-6 Perry County 6p"
5188,tn,"Tennessee",Volleyball,"0-0 Christian Community 6-2 Portland 6p"
5189,tn,"Tennessee",Volleyball,"0-2 Tyner Academy 0-1 Brainerd 6p"
5190,tn,"Tennessee",Volleyball,"0-0 Central Baptist 1-2 Powell 6p"
5191,tn,"Tennessee",Volleyball,"0-1 Lighthouse Christian 9-1 Franklin Road Christian 6p"
5192,tn,"Tennessee",Volleyball,"5-0 Liberty Creek 3-4 White House-Heritage 6p"
5193,tn,"Tennessee",Volleyball,"1-4 White Academy 0-6 Maryville Christian 6p"
5194,tn,"Tennessee",Volleyball,"5-2 University School of Jackson 1-5 St. George's 6p"
5195,tn,"Tennessee",Volleyball,"4-3 McMinn Central 7-2 Sweetwater 6p"
5196,tn,"Tennessee",Volleyball,"3-8 Karns 9-2 (#20) Maryville 6p"
5197,tn,"Tennessee",Volleyball,"4-3 Santa Fe 0-3 Moore County 6p"
5198,tn,"Tennessee",Volleyball,"1-6 Munford 10-1 (#2) Arlington 6p"
5199,tn,"Tennessee",Volleyball,"1-4 Claiborne 1-4 Union County 6p"
5200,tn,"Tennessee",Volleyball,"1-2 Hampton 2-6 Happy Valley 6p"
5201,tn,"Tennessee",Volleyball,"6-8K King's Academy 1-9F First Baptist Academy 6p"
5202,tn,"Tennessee",Volleyball,"0-2 Cheatham County Central 3-5 Fairview 6p"
5203,tn,"Tennessee",Volleyball,"0-2 Knoxville Ambassadors 2-4 Pigeon Forge 6p"
5204,tn,"Tennessee",Volleyball,"1-11 Smyrna 0-6 LaVergne 6p"
5205,tn,"Tennessee",Volleyball,"9-1 (#7) Baylor 10-2 (#25) Webb 6p"
5206,tn,"Tennessee",Volleyball,"19-0 (#4) Eagleville 1-2 Culleoka 6p"
5207,tn,"Tennessee",Volleyball,"1-7 Wilson Central 6-5 Stewarts Creek 6p"
5208,tn,"Tennessee",Volleyball,"2-4 West Creek 0-0 Henry County 6p"
5209,tn,"Tennessee",Volleyball,"2-5 Halls 11-6 Clinton 6p"
5210,tn,"Tennessee",Volleyball,"8-1 Forrest 1-3 Cascade 6p"
5211,tn,"Tennessee",Volleyball,"1-3 Lookout Valley 0-4 Tellico Plains 6p"
5212,tn,"Tennessee",Volleyball,"4-11 Riverdale 1-5 Rockvale 6p"
5213,tn,"Tennessee",Volleyball,"6-0 East Robertson 3-3 Trousdale County 6p"
5214,tn,"Tennessee",Volleyball,"8-4 Silverdale Academy 1-3C Collegedale Academy 6p"
5215,tn,"Tennessee",Volleyball,"4-1 Sevier County 6-8 Heritage 6p"
5216,tn,"Tennessee",Volleyball,"7-5 Pope John Paul II 4-1 Merrol Hyde Magnet 6p"
5217,tn,"Tennessee",Volleyball,"6-2 Soddy Daisy 2-7 Ooltewah 6:15p"
5218,tn,"Tennessee",Volleyball,"8-3 Rhea County 11-2 Bradley Central 6:15p"
5219,tn,"Tennessee",Volleyball,"2-3 Walker Valley 1-3 Howard Tech 6:15p"
5220,tn,"Tennessee",Volleyball,"6-5 Signal Mountain 2-8 East Hamilton 6:15p"
5221,tn,"Tennessee",Volleyball,"3-1 Overton 4-5 White Station 6:30p"
5222,tn,"Tennessee",Volleyball,"11-4 (#14) St. Mary's Episcopal 11-5 Bartlett 6:30p"
5223,tn,"Tennessee",Volleyball,"12-1 (#5) Lawrence County 11-6 Central 6:30p"
5224,tn,"Tennessee",Volleyball,"10-3 Cookeville 8-0 (#21) Lebanon 6:30p"
5225,tn,"Tennessee",Volleyball,"4-8 St. Benedict at Auburndale 7-3 Evangelical Christian 6:30p"
5226,tn,"Tennessee",Volleyball,"0-4 Coalfield 3-4 Greenback 6:30p"
5227,tn,"Tennessee",Volleyball,"3-8 Apostolic Christian Academy 7-6 Lakeway Christian Academy 6:30p"
5228,tn,"Tennessee",Volleyball,"8-2K Kirkwood 1-2 Rossview 6:30p"
5229,tn,"Tennessee",Volleyball,"6-4 Oakland 7-5 Siegel 6:30p"
5230,tn,"Tennessee",Volleyball,"5-0W Wartburg Central 1-3 Oliver Springs 6:30p"
5231,tn,"Tennessee",Volleyball,"3-1 Covington 2-5 Millington Central 6:30p"
5232,tn,"Tennessee",Volleyball,"7-3 Berean Christian 4-6 Christian Academy of Knoxville 6:30p"
5233,tn,"Tennessee",Volleyball,"4-1 Harriman 1-7 Jellico 6:30p"
5234,tn,"Tennessee",Volleyball,"3-7 Oak Ridge 1-7 Gibbs 6:30p"
5235,tn,"Tennessee",Volleyball,"1-3 Gatlinburg-Pittman 1-2 Carter 6:30p"
5236,tn,"Tennessee",Volleyball,"4-7 Grace Christian Academy 5-4 Clayton-Bradley Academy 6:30p"
5237,tn,"Tennessee",Volleyball,"12-1 Clarksville 1-2 Springfield 6:30p"
5238,tn,"Tennessee",Volleyball,"2-11 Tennessee 1-10 David Crockett 6:30p"
5239,tn,"Tennessee",Volleyball,"5-2 Fort Campbell 4-7 Northeast 6:33p"
5240,tn,"Tennessee",Volleyball,"3-4 Dickson County 0-2 Northwest 7p"
5241,tn,"Tennessee",Volleyball,"1-2 Lenoir City 10-3 William Blount 7p"
5242,tn,"Tennessee",Volleyball,"4-5 Farragut 8-2 Hardin Valley Academy 7p"
5243,tn,"Tennessee",Volleyball,"5-1 Bledsoe County 2-3 Sequatchie County 7p"
5244,tn,"Tennessee",Volleyball,"9-8 Loretto 0-6 Perry County 7p"
5245,tn,"Tennessee",Volleyball,"2-1 South Pittsburg 4-1 Marion County 7p"
5246,tn,"Tennessee",Volleyball,"3-2 Cherokee 0-6 Volunteer 7:30p"
5247,tn,"Tennessee",Volleyball,"Related ScoreboardsDistricts A District 1A District 10A District 11A District 12A District 13A District 14A District 15A District 16A District 2A District 3 Associations Tennessee Secondary School Athletic Association Metros ChattanoogaJackson, TnKnoxvilleMemphisNashvilleTri-Cities"
5248,tn,"Tennessee",Volleyball,"Thursday, Sep. 3 3-0 Bishop Moore 4-0 (#4) Orangewood Christian 6p 7-0 (#22) Mother McAuley 5-2 Lincoln-Way East 5p 0-2 Berkeley Prep 7-0 (#21) Calvary Christian 6:30p 10-0 (#3) Assumption 10-3 Providence 7p 3-0 (#10) Harrisburg 1-1 Washington 6:30p 2-4 Avon 10-0 (#25) Hamilton Southeastern 7:30p 1-0 (#11) Torrey Pines 11-0 (#1) Sierra Canyon 5:30p 6-3 Mira Costa 6-0 (#2) Mater Dei 5:45p 1-0 (#13) Cathedral Catholic 6-6 Southeast Career Tech 7p 0-2 Lincoln Christian 6-0 (#15) Norris"
5249,tn,"Tennessee",Volleyball,"3-0 Bishop Moore 4-0 (#4) Orangewood Christian 6p"
5250,tn,"Tennessee",Volleyball,"7-0 (#22) Mother McAuley 5-2 Lincoln-Way East 5p"
5251,tn,"Tennessee",Volleyball,"0-2 Berkeley Prep 7-0 (#21) Calvary Christian 6:30p"
5252,tn,"Tennessee",Volleyball,"10-0 (#3) Assumption 10-3 Providence 7p"
5253,tn,"Tennessee",Volleyball,"3-0 (#10) Harrisburg 1-1 Washington 6:30p"
5254,tn,"Tennessee",Volleyball,"2-4 Avon 10-0 (#25) Hamilton Southeastern 7:30p"
5255,tn,"Tennessee",Volleyball,"1-0 (#11) Torrey Pines 11-0 (#1) Sierra Canyon 5:30p"
5256,tn,"Tennessee",Volleyball,"6-3 Mira Costa 6-0 (#2) Mater Dei 5:45p"
5257,tn,"Tennessee",Volleyball,"1-0 (#13) Cathedral Catholic 6-6 Southeast Career Tech 7p"
5258,tn,"Tennessee",Volleyball,"0-2 Lincoln Christian 6-0 (#15) Norris"
5259,tx,"Texas",Volleyball,"There are 171 matches for Texas volleyball on Thu, 9/3/2026. The featured matches are by Texas top ranked teams Abilene Christian (Abilene, TX) @ #13 Wylie (Abilene, TX), #16 Argyle (TX) vs. Cherokee (NC), and #16 Argyle (TX) vs. Satellite (Satellite Beach, FL). The first match, De Kalb (TX) @ Commerce (TX), starts at 8a. Related Content Texas Girls Volleyball Stat LeadersTexas Girls Volleyball PlayoffsTexas Girls Volleyball Rankings Recent Texas Girls Volleyball HeadlinesMaxPreps/AVCA Players of the WeekVOLLEYBALL: Preseason top 100 Division 1155 Matches 4-9 De Kalb 13-5 Commerce 8a 7-10 Marcus 4-0 Seminole Ridge 9a console.log('MaxPrepsAds - createMark: Element Defined - leaderboard-banner-inc1');performance && performance.mark && performance.mark('MaxPrepsAds - Element Defined: leaderboard-banner-inc1'); 13-8 Little Cypress-Mauriceville 6-4 Chester 8:30a 3-0 Lifegate Christian 1-4N Nordheim 9a 7-8 Tom Bean 1-4 Rivercrest 9a 9-13 Tarkington 2-2 American Heritage 10:15a 7-11 Splendora 8-4 Anahuac 9:45a 7-3 Hardin 6-11 Woodville 9:45a 2-2 Victoria Gators HomeSchool 9-10 Louise 10a 1-4N Nordheim 8-7 Karnes City 10a 6-7 Brownsboro 10-7 Whitehouse 10a 5-10 Mesquite 10-3 GHSA 10a 3-5 Shelton 13-5 Commerce 10a 4-9 De Kalb 7-8 Tom Bean 10a 19-3 Lindale 2-14 New Diana 10a 7-15 Azle 7-3 Dobyns-Bennett 10:15a 7-10 Marcus 2-2 American Heritage 11:30a 12-6 Bullard 6-13 Gilmer 11a 4-9 De Kalb 1-4 Rivercrest 11a 7-11 Buna 10-11 Hardin-Jefferson 11a 4-12 Ganado 8-7 Karnes City 11a 4-9 Yorktown 9-10 Louise 11a 1-4N Nordheim 4-12 Ganado 11a 8-2 Hamshire-Fannett 8-4 Anahuac 11a 7-3 Hardin 6-4 Chester 11a 6-3 Metro Christian 9-13 Tarkington 11:30a 10-8 Summer Creek 7-3 Dobyns-Bennett 11:30a 5-14 Jersey Village 4-16 Clear Creek 12p 11-8 Fairfield 6-13 Gilmer 12p 14-7 Cypress Ranch 10-6 Sterling 12p 8-7 Karnes City 3-0 Lifegate Christian 12p 8-8 Pewitt 13-5 Commerce 12p 11-9 Mayde Creek 10-9 Clear Falls 12p 13-8 Stratford 7-13 Klein Collins 12p 10-10 Langham Creek 4-14 Clear Brook 12p 4-5 Westside 14-7 Clear Lake 12p 9-9 Klein 16-6 (#24) Clear Springs 12p 13-8 Little Cypress-Mauriceville 6-11 Woodville 12:15p 16-2 North Lamar 2-14 New Diana 1p 15-7 Andrews 3-2 Satellite 2p 16-4 (#16) Argyle 8-1 Cherokee 2p 7-8 Tom Bean 13-5 Commerce 1p 4-11 Cinco Ranch 12-5 Episcopal 1:15p 3-7 Eisenhower 10-8 Katy 1:15p 19-2 Memorial 9-10 Cy-Fair 1:15p 12-6 Paetow 0-15 Spring 1:15p 6-4 Chester 6-11 Woodville 1:30p 4-12 Ganado 3-0 Lifegate Christian 2p 3-2 Luling 9-10 Louise 2p 17-3 Friendswood 2-2 Jensen Beach 3:15p 16-4 (#16) Argyle 3-2 Satellite 3:15p 16-6 (#24) Clear Springs 12-6 Paetow 2:30p 10-9 Clear Falls 9-10 Cy-Fair 2:30p 4-11 Cinco Ranch 14-7 Cypress Ranch 2:30p 8-13 Katy Taylor 14-7 Clear Lake 2:30p 10-8 Katy 4-16 Clear Creek 2:30p 2-2 West Orange-Stark 8-4 Anahuac 2:45p 3-6 Evadale 7-11 Buna 2:45p 18-5 Tyler HEAT 2-14 New Diana 3p 0-0 Scarsdale 15-7 Andrews 3:15p 8-3 Atascocita 10-10 Langham Creek 3:45p 5-14 Jersey Village 3-7 Eisenhower 3:45p 13-7 Oak Ridge 7-13 Klein Collins 3:45p 6-18 Seguin 7-3 Las Vegas 2p 16-9 North Hopkins 12-10 Mount Vernon 4:30p 0-2 Leggett 0-6 Goodrich 4:30p 0-0 Lincoln 0-0T Texas Empowerment Academy 4:30p 0-6 Trinity 6-11 Richards 4:30p 16-4 (#16) Argyle 15-7 Andrews 4:30p 18-5 Westwood 10-9 Frankston 4:30p 2-5 West Hardin 17-6 Onalaska 4:30p 2-4 Van Horn 2-3 Buena Vista 5p 3-8 Bishop Reicher Catholic 0-4 Concordia 5p 11-9 Mayde Creek 9-10 Cy-Fair 5p 0-0P Presbyterian Pan American 5-4S South Texas Christian Academy 5p 13-10 Ridge Point 7-13 Klein Collins 5p 9-9 Klein 12-6 Paetow 5p 1-1 Town East Christian 0-1M McCauley Christian Academy 5p 14-7 Jordan 10-10 Langham Creek 5p 14-9 Woodsboro 3-5 John Paul II 5p 15-14 Schulenburg 20-8 Burton 5p 6-1-1 Bay Area Christian 10-11 Danbury 5p 5-14 Jersey Village 10-8 Katy 5p 3-4 Kopperl 0-4M Methodist Children's Home 5:30p 4-6 Beaumont United 10-10 Goose Creek Memorial 5:30p 12-12 Deer Park 12-10 Foster 5:30p 11-6-1 Runge 0-1W Westhoff Academy 5:30p 9-2 Immanuel Christian 0-0F Father Yermo 5:30p 9-10 Thrall 5-8 Smithville 5:30p 14-8 West Rusk 8-11 Cumberland Academy 5:30p 6-6 Second Baptist 1-5 St. Francis Episcopal 5:30p 2-0 SBUM 3-1 Banff 5:30p 2-1 North Dallas Adventist Academy 8-1-1 Lucas Christian Academy 6p 21-7 Brock 10-14 Paschal 6p 9-8 Seymour 2-7 Petrolia 6p 9-4 Cypress Christian 0-1D DASH 6p 14-4 Strawn 16-3-1 Perrin-Whitt 6p 0-0 Temple Christian 0-1 Christian Life Preparatory 6p 0-7 TWCA 8-3-1 Fort Bend Christian Academy 6p 8-16 Bowie 9-7 Chico 6p 5-7 Shelbyville 1-6 Colmesneil 6p 3-4 BCHA 2-10 Bartlett 6p 16-8 Sealy 16-11 Needville 6p 13-9 Ursuline Academy 8-7 Crandall 6p 15-4-1F Faith Christian 0-3 CHSA HomeSchool Maroon 6p 0-1 Burton Adventist Academy 6-3 Nazarene Christian Academy 6p 1-0 El Paso HomeSchool 0-2 EPLAE 6p 3-2-2A Alcuin 3-4 Parish Episcopal 6p 2-2 Stephenville FAITH 0-0 Victory Baptist Academy 6p 11-7 Lutheran South Academy 8-13 St. John XXIII 6p 4-4 Houston Christian 4-4 Legacy Prep Christian Academy 6p 11-13 Wilson 6-3-1 Molina 6p 0-2 Covenant Christian 2-5-2 Brazosport Christian 6p 12-7 Victory Christian Academy 0-8 Sacred Heart 6p 0-3 Westbury Christian 0-0 Northland Christian 6p 17-4 Liberty Christian 9-6-1 Legacy Christian Academy 6p 0-1 Alliance Christian Academy 1-2 Dallas Academy 6p 21-5A Abilene Christian 23-4 (#13) Wylie 6:05p 12-5 Episcopal 14-7 Cypress Ranch 6:15p 19-2 Memorial 10-9 Clear Falls 6:15p 3-7 Eisenhower 4-16 Clear Creek 6:15p 0-15 Spring 16-6 (#24) Clear Springs 6:15p 16-5 A&M Consolidated 14-7 Clear Lake 6:15p 5-11-4 Irving 8-11-1 North Side 6:30p 10-15 Thorndale 9-19 Caldwell 6:30p 1-2 Cleveland 0-6 Coldspring-Oakhurst 6:30p 2-2 Faith Academy 14-7 Central Texas Christian 6:30p 1-1 Coram Deo Academy 5-2 Coram Deo Academy Rhetoric 6:30p 5-9 John Paul II 9-11-1 Round Rock Christian Academy 6:30p 17-11 Royse City 13-12 Pearce 6:30p 4-8 Concordia Lutheran 4-1 Emery/Weiner 6:30p 6-17 Lamar 23-4 Burleson 6:30p 1-0 El Paso HomeSchool 1-0 Northeast Christian Academy 6:30p 4-2 Faustina Academy 1-3 Fellowship Academy 7p 8-0 Kelton 0-5 Holy Cross Catholic Academy 7p 4-1 Magnolia 0-0 Byrd 7p 1-1G Grace Christian Academy 1-1 Joshua Christian 7p 12-3 Valor Preparatory Academy 2-8 Vanguard College Prep 7p 15-7 Ovilla Christian 3-2 Grace Prep 7p 8-9 Fox Tech 0-12 St. Anthony 7p 14-12 Savio 15-1 New Braunfels Thunder 7p 0-0 IDEA Bluff Springs 2-2T Texas Serve Christian 7p 5-0 St. Paul's Prep 3-2 Harvest Christian Academy 7p 2-8 First Baptist 4-7 Waxahachie Prep 7p 2-4 CenTex HomeSchool 8-5 Grace Academy 7:15p 5-3 Troup 11-8 Pine Tree 10p 5-10 Pleasant Grove 11-8 Pine Tree 11p 0-6 Lee TBA TBA 10-6 Sterling N NVTO 0-0S Southland TBA 8-14 Granbury TBA 13-10 Ridge Point 13-8 NBCA 0-2 Veritas Academy 9-5 CHAAMP HomeSchool TBA 8-13 Katy Taylor TBA Division 27 Matches 1-0 Harmony School of Innovation 0-15 Waco 1p 1-0 St. Mary 1-0 Loyola College Prep 5p 9-2 Immanuel Christian 0-0F Father Yermo 5:30p 1-0 Caddo Magnet 0-0 Bossier 5:30p 2-0 SBUM 3-1 Banff 5:30p 0-0 Temple Christian 0-1 Christian Life Preparatory 6p 5-0 St. Paul's Prep 3-2 Harvest Christian Academy 7p Freelance7 Matches 2-2 Victoria Gators HomeSchool 9-10 Louise 10a 18-5 Tyler HEAT 2-14 New Diana 3p 3-2 Alpha Omega Academy 13-10 Providence Classical 5:30p 15-4-1F Faith Christian 0-3 CHSA HomeSchool Maroon 6p 0-2-1D Dallas HSAA Red 6-9-1F Founders Classical Academy 6:30p 14-12 Savio 15-1 New Braunfels Thunder 7p 0-0 IDEA Bluff Springs 2-2T Texas Serve Christian 7p Region II9 Matches 10-3 GHSA 8-8 Pewitt 8a 7-8 Tom Bean 1-4 Rivercrest 9a 4-9 De Kalb 1-4 Rivercrest 11a 1-4 Rivercrest 10-3 GHSA 12p 8-8 Pewitt 13-5 Commerce 12p 13-8 Stratford 7-13 Klein Collins 12p 8-8 Pewitt 1-4 Rivercrest 1p 13-7 Oak Ridge 7-13 Klein Collins 3:45p 13-10 Ridge Point 7-13 Klein Collins 5p Region III8 Matches 4-2 Kelly Catholic 7-11 Buna 9:45a 12-6 Bullard 6-13 Gilmer 11a 7-11 Buna 10-11 Hardin-Jefferson 11a 11-8 Fairfield 6-13 Gilmer 12p 1-0 Harmony School of Innovation 0-15 Waco 1p 4-11 Cinco Ranch 12-5 Episcopal 1:15p 4-11 Cinco Ranch 14-7 Cypress Ranch 2:30p 3-6 Evadale 7-11 Buna 2:45p Region IV6 Matches 13-8 Little Cypress-Mauriceville 6-4 Chester 8:30a 7-3 Hardin 6-4 Chester 11a 6-4 Chester 6-11 Woodville 1:30p 6-1-1 Bay Area Christian 10-11 Danbury 5p 11-6-1 Runge 0-1W Westhoff Academy 5:30p 16-8 Sealy 16-11 Needville 6p Southwest Prep3 Matches 9-4 Cypress Christian 0-1D DASH 6p 4-4 Casady 7-3 Community Christian 6p 12-2 Saint Mary's Hall 16-7 San Antonio Christian 6p TAIAO8 Matches 10-3 GHSA 8-8 Pewitt 8a 5-10 Mesquite 10-3 GHSA 10a 1-4 Rivercrest 10-3 GHSA 12p 0-1 Clariden 0-0 Winston School of Dallas 5p 3-4 BCHA 2-10 Bartlett 6p 4-10 Arlington Heights Christian N Non Varsity Opponent 6p 0-2-1D Dallas HSAA Red 6-9-1F Founders Classical Academy 6:30p V Varsity Opponent 0-1 GCCA 7p TAPPS12 Matches 4-2 Kelly Catholic 7-11 Buna 9:45a 0-1 Clariden 0-0 Winston School of Dallas 5p 6-6 Second Baptist 1-5 St. Francis Episcopal 5:30p 3-2 Alpha Omega Academy 13-10 Providence Classical 5:30p 0-7 TWCA 8-3-1 Fort Bend Christian Academy 6p 3-2 Harvest Christian 0-0 Bethesda Christian 6p 11-7 Lutheran South Academy 8-13 St. John XXIII 6p 4-4 Houston Christian 4-4 Legacy Prep Christian Academy 6p 12-2 Saint Mary's Hall 16-7 San Antonio Christian 6p 5-9 John Paul II 9-11-1 Round Rock Christian Academy 6:30p 2-8 First Baptist 4-7 Waxahachie Prep 7p 13-8 NBCA 0-2 Veritas Academy TCAF5 Matches 0-1 Burton Adventist Academy 6-3 Nazarene Christian Academy 6p 12-7 Victory Christian Academy 0-8 Sacred Heart 6p 0-1 Alliance Christian Academy 1-2 Dallas Academy 6p 3-0 Newman International Academy V Varsity Opponent 6:30p 1-1G Grace Christian Academy 1-1 Joshua Christian 7p TCSAAL1 Match 3-4 Kopperl 0-4M Methodist Children's Home 5:30p"
5260,tx,"Texas",Volleyball,"4-9 De Kalb 13-5 Commerce 8a"
5261,tx,"Texas",Volleyball,"7-10 Marcus 4-0 Seminole Ridge 9a"
5262,tx,"Texas",Volleyball,"13-8 Little Cypress-Mauriceville 6-4 Chester 8:30a"
5263,tx,"Texas",Volleyball,"3-0 Lifegate Christian 1-4N Nordheim 9a"
5264,tx,"Texas",Volleyball,"7-8 Tom Bean 1-4 Rivercrest 9a"
5265,tx,"Texas",Volleyball,"9-13 Tarkington 2-2 American Heritage 10:15a"
5266,tx,"Texas",Volleyball,"7-11 Splendora 8-4 Anahuac 9:45a"
5267,tx,"Texas",Volleyball,"7-3 Hardin 6-11 Woodville 9:45a"
5268,tx,"Texas",Volleyball,"2-2 Victoria Gators HomeSchool 9-10 Louise 10a"
5269,tx,"Texas",Volleyball,"1-4N Nordheim 8-7 Karnes City 10a"
5270,tx,"Texas",Volleyball,"6-7 Brownsboro 10-7 Whitehouse 10a"
5271,tx,"Texas",Volleyball,"5-10 Mesquite 10-3 GHSA 10a"
5272,tx,"Texas",Volleyball,"3-5 Shelton 13-5 Commerce 10a"
5273,tx,"Texas",Volleyball,"4-9 De Kalb 7-8 Tom Bean 10a"
5274,tx,"Texas",Volleyball,"19-3 Lindale 2-14 New Diana 10a"
5275,tx,"Texas",Volleyball,"7-15 Azle 7-3 Dobyns-Bennett 10:15a"
5276,tx,"Texas",Volleyball,"7-10 Marcus 2-2 American Heritage 11:30a"
5277,tx,"Texas",Volleyball,"12-6 Bullard 6-13 Gilmer 11a"
5278,tx,"Texas",Volleyball,"4-9 De Kalb 1-4 Rivercrest 11a"
5279,tx,"Texas",Volleyball,"7-11 Buna 10-11 Hardin-Jefferson 11a"
5280,tx,"Texas",Volleyball,"4-12 Ganado 8-7 Karnes City 11a"
5281,tx,"Texas",Volleyball,"4-9 Yorktown 9-10 Louise 11a"
5282,tx,"Texas",Volleyball,"1-4N Nordheim 4-12 Ganado 11a"
5283,tx,"Texas",Volleyball,"8-2 Hamshire-Fannett 8-4 Anahuac 11a"
5284,tx,"Texas",Volleyball,"7-3 Hardin 6-4 Chester 11a"
5285,tx,"Texas",Volleyball,"6-3 Metro Christian 9-13 Tarkington 11:30a"
5286,tx,"Texas",Volleyball,"10-8 Summer Creek 7-3 Dobyns-Bennett 11:30a"
5287,tx,"Texas",Volleyball,"5-14 Jersey Village 4-16 Clear Creek 12p"
5288,tx,"Texas",Volleyball,"11-8 Fairfield 6-13 Gilmer 12p"
5289,tx,"Texas",Volleyball,"14-7 Cypress Ranch 10-6 Sterling 12p"
5290,tx,"Texas",Volleyball,"8-7 Karnes City 3-0 Lifegate Christian 12p"
5291,tx,"Texas",Volleyball,"8-8 Pewitt 13-5 Commerce 12p"
5292,tx,"Texas",Volleyball,"11-9 Mayde Creek 10-9 Clear Falls 12p"
5293,tx,"Texas",Volleyball,"13-8 Stratford 7-13 Klein Collins 12p"
5294,tx,"Texas",Volleyball,"10-10 Langham Creek 4-14 Clear Brook 12p"
5295,tx,"Texas",Volleyball,"4-5 Westside 14-7 Clear Lake 12p"
5296,tx,"Texas",Volleyball,"9-9 Klein 16-6 (#24) Clear Springs 12p"
5297,tx,"Texas",Volleyball,"13-8 Little Cypress-Mauriceville 6-11 Woodville 12:15p"
5298,tx,"Texas",Volleyball,"16-2 North Lamar 2-14 New Diana 1p"
5299,tx,"Texas",Volleyball,"15-7 Andrews 3-2 Satellite 2p"
5300,tx,"Texas",Volleyball,"16-4 (#16) Argyle 8-1 Cherokee 2p"
5301,tx,"Texas",Volleyball,"7-8 Tom Bean 13-5 Commerce 1p"
5302,tx,"Texas",Volleyball,"4-11 Cinco Ranch 12-5 Episcopal 1:15p"
5303,tx,"Texas",Volleyball,"3-7 Eisenhower 10-8 Katy 1:15p"
5304,tx,"Texas",Volleyball,"19-2 Memorial 9-10 Cy-Fair 1:15p"
5305,tx,"Texas",Volleyball,"12-6 Paetow 0-15 Spring 1:15p"
5306,tx,"Texas",Volleyball,"6-4 Chester 6-11 Woodville 1:30p"
5307,tx,"Texas",Volleyball,"4-12 Ganado 3-0 Lifegate Christian 2p"
5308,tx,"Texas",Volleyball,"3-2 Luling 9-10 Louise 2p"
5309,tx,"Texas",Volleyball,"17-3 Friendswood 2-2 Jensen Beach 3:15p"
5310,tx,"Texas",Volleyball,"16-4 (#16) Argyle 3-2 Satellite 3:15p"
5311,tx,"Texas",Volleyball,"16-6 (#24) Clear Springs 12-6 Paetow 2:30p"
5312,tx,"Texas",Volleyball,"10-9 Clear Falls 9-10 Cy-Fair 2:30p"
5313,tx,"Texas",Volleyball,"4-11 Cinco Ranch 14-7 Cypress Ranch 2:30p"
5314,tx,"Texas",Volleyball,"8-13 Katy Taylor 14-7 Clear Lake 2:30p"
5315,tx,"Texas",Volleyball,"10-8 Katy 4-16 Clear Creek 2:30p"
5316,tx,"Texas",Volleyball,"2-2 West Orange-Stark 8-4 Anahuac 2:45p"
5317,tx,"Texas",Volleyball,"3-6 Evadale 7-11 Buna 2:45p"
5318,tx,"Texas",Volleyball,"18-5 Tyler HEAT 2-14 New Diana 3p"
5319,tx,"Texas",Volleyball,"0-0 Scarsdale 15-7 Andrews 3:15p"
5320,tx,"Texas",Volleyball,"8-3 Atascocita 10-10 Langham Creek 3:45p"
5321,tx,"Texas",Volleyball,"5-14 Jersey Village 3-7 Eisenhower 3:45p"
5322,tx,"Texas",Volleyball,"13-7 Oak Ridge 7-13 Klein Collins 3:45p"
5323,tx,"Texas",Volleyball,"6-18 Seguin 7-3 Las Vegas 2p"
5324,tx,"Texas",Volleyball,"16-9 North Hopkins 12-10 Mount Vernon 4:30p"
5325,tx,"Texas",Volleyball,"0-2 Leggett 0-6 Goodrich 4:30p"
5326,tx,"Texas",Volleyball,"0-0 Lincoln 0-0T Texas Empowerment Academy 4:30p"
5327,tx,"Texas",Volleyball,"0-6 Trinity 6-11 Richards 4:30p"
5328,tx,"Texas",Volleyball,"16-4 (#16) Argyle 15-7 Andrews 4:30p"
5329,tx,"Texas",Volleyball,"18-5 Westwood 10-9 Frankston 4:30p"
5330,tx,"Texas",Volleyball,"2-5 West Hardin 17-6 Onalaska 4:30p"
5331,tx,"Texas",Volleyball,"2-4 Van Horn 2-3 Buena Vista 5p"
5332,tx,"Texas",Volleyball,"3-8 Bishop Reicher Catholic 0-4 Concordia 5p"
5333,tx,"Texas",Volleyball,"11-9 Mayde Creek 9-10 Cy-Fair 5p"
5334,tx,"Texas",Volleyball,"0-0P Presbyterian Pan American 5-4S South Texas Christian Academy 5p"
5335,tx,"Texas",Volleyball,"13-10 Ridge Point 7-13 Klein Collins 5p"
5336,tx,"Texas",Volleyball,"9-9 Klein 12-6 Paetow 5p"
5337,tx,"Texas",Volleyball,"1-1 Town East Christian 0-1M McCauley Christian Academy 5p"
5338,tx,"Texas",Volleyball,"14-7 Jordan 10-10 Langham Creek 5p"
5339,tx,"Texas",Volleyball,"14-9 Woodsboro 3-5 John Paul II 5p"
5340,tx,"Texas",Volleyball,"15-14 Schulenburg 20-8 Burton 5p"
5341,tx,"Texas",Volleyball,"6-1-1 Bay Area Christian 10-11 Danbury 5p"
5342,tx,"Texas",Volleyball,"5-14 Jersey Village 10-8 Katy 5p"
5343,tx,"Texas",Volleyball,"3-4 Kopperl 0-4M Methodist Children's Home 5:30p"
5344,tx,"Texas",Volleyball,"4-6 Beaumont United 10-10 Goose Creek Memorial 5:30p"
5345,tx,"Texas",Volleyball,"12-12 Deer Park 12-10 Foster 5:30p"
5346,tx,"Texas",Volleyball,"11-6-1 Runge 0-1W Westhoff Academy 5:30p"
5347,tx,"Texas",Volleyball,"9-2 Immanuel Christian 0-0F Father Yermo 5:30p"
5348,tx,"Texas",Volleyball,"9-10 Thrall 5-8 Smithville 5:30p"
5349,tx,"Texas",Volleyball,"14-8 West Rusk 8-11 Cumberland Academy 5:30p"
5350,tx,"Texas",Volleyball,"6-6 Second Baptist 1-5 St. Francis Episcopal 5:30p"
5351,tx,"Texas",Volleyball,"2-0 SBUM 3-1 Banff 5:30p"
5352,tx,"Texas",Volleyball,"2-1 North Dallas Adventist Academy 8-1-1 Lucas Christian Academy 6p"
5353,tx,"Texas",Volleyball,"21-7 Brock 10-14 Paschal 6p"
5354,tx,"Texas",Volleyball,"9-8 Seymour 2-7 Petrolia 6p"
5355,tx,"Texas",Volleyball,"9-4 Cypress Christian 0-1D DASH 6p"
5356,tx,"Texas",Volleyball,"14-4 Strawn 16-3-1 Perrin-Whitt 6p"
5357,tx,"Texas",Volleyball,"0-0 Temple Christian 0-1 Christian Life Preparatory 6p"
5358,tx,"Texas",Volleyball,"0-7 TWCA 8-3-1 Fort Bend Christian Academy 6p"
5359,tx,"Texas",Volleyball,"8-16 Bowie 9-7 Chico 6p"
5360,tx,"Texas",Volleyball,"5-7 Shelbyville 1-6 Colmesneil 6p"
5361,tx,"Texas",Volleyball,"3-4 BCHA 2-10 Bartlett 6p"
5362,tx,"Texas",Volleyball,"16-8 Sealy 16-11 Needville 6p"
5363,tx,"Texas",Volleyball,"13-9 Ursuline Academy 8-7 Crandall 6p"
5364,tx,"Texas",Volleyball,"15-4-1F Faith Christian 0-3 CHSA HomeSchool Maroon 6p"
5365,tx,"Texas",Volleyball,"0-1 Burton Adventist Academy 6-3 Nazarene Christian Academy 6p"
5366,tx,"Texas",Volleyball,"1-0 El Paso HomeSchool 0-2 EPLAE 6p"
5367,tx,"Texas",Volleyball,"3-2-2A Alcuin 3-4 Parish Episcopal 6p"
5368,tx,"Texas",Volleyball,"2-2 Stephenville FAITH 0-0 Victory Baptist Academy 6p"
5369,tx,"Texas",Volleyball,"11-7 Lutheran South Academy 8-13 St. John XXIII 6p"
5370,tx,"Texas",Volleyball,"4-4 Houston Christian 4-4 Legacy Prep Christian Academy 6p"
5371,tx,"Texas",Volleyball,"11-13 Wilson 6-3-1 Molina 6p"
5372,tx,"Texas",Volleyball,"0-2 Covenant Christian 2-5-2 Brazosport Christian 6p"
5373,tx,"Texas",Volleyball,"12-7 Victory Christian Academy 0-8 Sacred Heart 6p"
5374,tx,"Texas",Volleyball,"0-3 Westbury Christian 0-0 Northland Christian 6p"
5375,tx,"Texas",Volleyball,"17-4 Liberty Christian 9-6-1 Legacy Christian Academy 6p"
5376,tx,"Texas",Volleyball,"0-1 Alliance Christian Academy 1-2 Dallas Academy 6p"
5377,tx,"Texas",Volleyball,"21-5A Abilene Christian 23-4 (#13) Wylie 6:05p"
5378,tx,"Texas",Volleyball,"12-5 Episcopal 14-7 Cypress Ranch 6:15p"
5379,tx,"Texas",Volleyball,"19-2 Memorial 10-9 Clear Falls 6:15p"
5380,tx,"Texas",Volleyball,"3-7 Eisenhower 4-16 Clear Creek 6:15p"
5381,tx,"Texas",Volleyball,"0-15 Spring 16-6 (#24) Clear Springs 6:15p"
5382,tx,"Texas",Volleyball,"16-5 A&M Consolidated 14-7 Clear Lake 6:15p"
5383,tx,"Texas",Volleyball,"5-11-4 Irving 8-11-1 North Side 6:30p"
5384,tx,"Texas",Volleyball,"10-15 Thorndale 9-19 Caldwell 6:30p"
5385,tx,"Texas",Volleyball,"1-2 Cleveland 0-6 Coldspring-Oakhurst 6:30p"
5386,tx,"Texas",Volleyball,"2-2 Faith Academy 14-7 Central Texas Christian 6:30p"
5387,tx,"Texas",Volleyball,"1-1 Coram Deo Academy 5-2 Coram Deo Academy Rhetoric 6:30p"
5388,tx,"Texas",Volleyball,"5-9 John Paul II 9-11-1 Round Rock Christian Academy 6:30p"
5389,tx,"Texas",Volleyball,"17-11 Royse City 13-12 Pearce 6:30p"
5390,tx,"Texas",Volleyball,"4-8 Concordia Lutheran 4-1 Emery/Weiner 6:30p"
5391,tx,"Texas",Volleyball,"6-17 Lamar 23-4 Burleson 6:30p"
5392,tx,"Texas",Volleyball,"1-0 El Paso HomeSchool 1-0 Northeast Christian Academy 6:30p"
5393,tx,"Texas",Volleyball,"4-2 Faustina Academy 1-3 Fellowship Academy 7p"
5394,tx,"Texas",Volleyball,"8-0 Kelton 0-5 Holy Cross Catholic Academy 7p"
5395,tx,"Texas",Volleyball,"4-1 Magnolia 0-0 Byrd 7p"
5396,tx,"Texas",Volleyball,"1-1G Grace Christian Academy 1-1 Joshua Christian 7p"
5397,tx,"Texas",Volleyball,"12-3 Valor Preparatory Academy 2-8 Vanguard College Prep 7p"
5398,tx,"Texas",Volleyball,"15-7 Ovilla Christian 3-2 Grace Prep 7p"
5399,tx,"Texas",Volleyball,"8-9 Fox Tech 0-12 St. Anthony 7p"
5400,tx,"Texas",Volleyball,"14-12 Savio 15-1 New Braunfels Thunder 7p"
5401,tx,"Texas",Volleyball,"0-0 IDEA Bluff Springs 2-2T Texas Serve Christian 7p"
5402,tx,"Texas",Volleyball,"5-0 St. Paul's Prep 3-2 Harvest Christian Academy 7p"
5403,tx,"Texas",Volleyball,"2-8 First Baptist 4-7 Waxahachie Prep 7p"
5404,tx,"Texas",Volleyball,"2-4 CenTex HomeSchool 8-5 Grace Academy 7:15p"
5405,tx,"Texas",Volleyball,"5-3 Troup 11-8 Pine Tree 10p"
5406,tx,"Texas",Volleyball,"5-10 Pleasant Grove 11-8 Pine Tree 11p"
5407,tx,"Texas",Volleyball,"0-6 Lee TBA"
5408,tx,"Texas",Volleyball,"TBA 10-6 Sterling"
5409,tx,"Texas",Volleyball,"N NVTO 0-0S Southland"
5410,tx,"Texas",Volleyball,"TBA 8-14 Granbury"
5411,tx,"Texas",Volleyball,"TBA 13-10 Ridge Point"
5412,tx,"Texas",Volleyball,"13-8 NBCA 0-2 Veritas Academy"
5413,tx,"Texas",Volleyball,"9-5 CHAAMP HomeSchool TBA"
5414,tx,"Texas",Volleyball,"8-13 Katy Taylor TBA"
5415,tx,"Texas",Volleyball,"1-0 Harmony School of Innovation 0-15 Waco 1p"
5416,tx,"Texas",Volleyball,"1-0 St. Mary 1-0 Loyola College Prep 5p"
5417,tx,"Texas",Volleyball,"9-2 Immanuel Christian 0-0F Father Yermo 5:30p"
5418,tx,"Texas",Volleyball,"1-0 Caddo Magnet 0-0 Bossier 5:30p"
5419,tx,"Texas",Volleyball,"2-0 SBUM 3-1 Banff 5:30p"
5420,tx,"Texas",Volleyball,"0-0 Temple Christian 0-1 Christian Life Preparatory 6p"
5421,tx,"Texas",Volleyball,"5-0 St. Paul's Prep 3-2 Harvest Christian Academy 7p"
5422,tx,"Texas",Volleyball,"2-2 Victoria Gators HomeSchool 9-10 Louise 10a"
5423,tx,"Texas",Volleyball,"18-5 Tyler HEAT 2-14 New Diana 3p"
5424,tx,"Texas",Volleyball,"3-2 Alpha Omega Academy 13-10 Providence Classical 5:30p"
5425,tx,"Texas",Volleyball,"15-4-1F Faith Christian 0-3 CHSA HomeSchool Maroon 6p"
5426,tx,"Texas",Volleyball,"0-2-1D Dallas HSAA Red 6-9-1F Founders Classical Academy 6:30p"
5427,tx,"Texas",Volleyball,"14-12 Savio 15-1 New Braunfels Thunder 7p"
5428,tx,"Texas",Volleyball,"0-0 IDEA Bluff Springs 2-2T Texas Serve Christian 7p"
5429,tx,"Texas",Volleyball,"10-3 GHSA 8-8 Pewitt 8a"
5430,tx,"Texas",Volleyball,"7-8 Tom Bean 1-4 Rivercrest 9a"
5431,tx,"Texas",Volleyball,"4-9 De Kalb 1-4 Rivercrest 11a"
5432,tx,"Texas",Volleyball,"1-4 Rivercrest 10-3 GHSA 12p"
5433,tx,"Texas",Volleyball,"8-8 Pewitt 13-5 Commerce 12p"
5434,tx,"Texas",Volleyball,"13-8 Stratford 7-13 Klein Collins 12p"
5435,tx,"Texas",Volleyball,"8-8 Pewitt 1-4 Rivercrest 1p"
5436,tx,"Texas",Volleyball,"13-7 Oak Ridge 7-13 Klein Collins 3:45p"
5437,tx,"Texas",Volleyball,"13-10 Ridge Point 7-13 Klein Collins 5p"
5438,tx,"Texas",Volleyball,"4-2 Kelly Catholic 7-11 Buna 9:45a"
5439,tx,"Texas",Volleyball,"12-6 Bullard 6-13 Gilmer 11a"
5440,tx,"Texas",Volleyball,"7-11 Buna 10-11 Hardin-Jefferson 11a"
5441,tx,"Texas",Volleyball,"11-8 Fairfield 6-13 Gilmer 12p"
5442,tx,"Texas",Volleyball,"1-0 Harmony School of Innovation 0-15 Waco 1p"
5443,tx,"Texas",Volleyball,"4-11 Cinco Ranch 12-5 Episcopal 1:15p"
5444,tx,"Texas",Volleyball,"4-11 Cinco Ranch 14-7 Cypress Ranch 2:30p"
5445,tx,"Texas",Volleyball,"3-6 Evadale 7-11 Buna 2:45p"
5446,tx,"Texas",Volleyball,"13-8 Little Cypress-Mauriceville 6-4 Chester 8:30a"
5447,tx,"Texas",Volleyball,"7-3 Hardin 6-4 Chester 11a"
5448,tx,"Texas",Volleyball,"6-4 Chester 6-11 Woodville 1:30p"
5449,tx,"Texas",Volleyball,"6-1-1 Bay Area Christian 10-11 Danbury 5p"
5450,tx,"Texas",Volleyball,"11-6-1 Runge 0-1W Westhoff Academy 5:30p"
5451,tx,"Texas",Volleyball,"16-8 Sealy 16-11 Needville 6p"
5452,tx,"Texas",Volleyball,"9-4 Cypress Christian 0-1D DASH 6p"
5453,tx,"Texas",Volleyball,"4-4 Casady 7-3 Community Christian 6p"
5454,tx,"Texas",Volleyball,"12-2 Saint Mary's Hall 16-7 San Antonio Christian 6p"
5455,tx,"Texas",Volleyball,"10-3 GHSA 8-8 Pewitt 8a"
5456,tx,"Texas",Volleyball,"5-10 Mesquite 10-3 GHSA 10a"
5457,tx,"Texas",Volleyball,"1-4 Rivercrest 10-3 GHSA 12p"
5458,tx,"Texas",Volleyball,"0-1 Clariden 0-0 Winston School of Dallas 5p"
5459,tx,"Texas",Volleyball,"3-4 BCHA 2-10 Bartlett 6p"
5460,tx,"Texas",Volleyball,"4-10 Arlington Heights Christian N Non Varsity Opponent 6p"
5461,tx,"Texas",Volleyball,"0-2-1D Dallas HSAA Red 6-9-1F Founders Classical Academy 6:30p"
5462,tx,"Texas",Volleyball,"V Varsity Opponent 0-1 GCCA 7p"
5463,tx,"Texas",Volleyball,"4-2 Kelly Catholic 7-11 Buna 9:45a"
5464,tx,"Texas",Volleyball,"0-1 Clariden 0-0 Winston School of Dallas 5p"
5465,tx,"Texas",Volleyball,"6-6 Second Baptist 1-5 St. Francis Episcopal 5:30p"
5466,tx,"Texas",Volleyball,"3-2 Alpha Omega Academy 13-10 Providence Classical 5:30p"
5467,tx,"Texas",Volleyball,"0-7 TWCA 8-3-1 Fort Bend Christian Academy 6p"
5468,tx,"Texas",Volleyball,"3-2 Harvest Christian 0-0 Bethesda Christian 6p"
5469,tx,"Texas",Volleyball,"11-7 Lutheran South Academy 8-13 St. John XXIII 6p"
5470,tx,"Texas",Volleyball,"4-4 Houston Christian 4-4 Legacy Prep Christian Academy 6p"
5471,tx,"Texas",Volleyball,"12-2 Saint Mary's Hall 16-7 San Antonio Christian 6p"
5472,tx,"Texas",Volleyball,"5-9 John Paul II 9-11-1 Round Rock Christian Academy 6:30p"
5473,tx,"Texas",Volleyball,"2-8 First Baptist 4-7 Waxahachie Prep 7p"
5474,tx,"Texas",Volleyball,"13-8 NBCA 0-2 Veritas Academy"
5475,tx,"Texas",Volleyball,"0-1 Burton Adventist Academy 6-3 Nazarene Christian Academy 6p"
5476,tx,"Texas",Volleyball,"12-7 Victory Christian Academy 0-8 Sacred Heart 6p"
5477,tx,"Texas",Volleyball,"0-1 Alliance Christian Academy 1-2 Dallas Academy 6p"
5478,tx,"Texas",Volleyball,"3-0 Newman International Academy V Varsity Opponent 6:30p"
5479,tx,"Texas",Volleyball,"1-1G Grace Christian Academy 1-1 Joshua Christian 7p"
5480,tx,"Texas",Volleyball,"3-4 Kopperl 0-4M Methodist Children's Home 5:30p"
5481,tx,"Texas",Volleyball,"Related ScoreboardsRegions 6-Man TCAL (6 Man)A 6-Man Freelance (6 Man)Division 1Division 2FreelanceRegion IRegion IIRegion IIIRegion IVSouthwest PrepSWCAATAIAOTAPPSTCAFTCALTCSAAL Associations TAIAOTCSAALTexas Association of Private & Parochial SchoolsTexas Christian Athletic FellowshipTexas Christian Athletic LeagueTexas High School Coaches AssociationTexas Southwest PrepTexas SWCAATexas Trinity LeagueTexas University Interscholastic League Metros AbileneAmarilloAustinBeaumontCorpus ChristiDallasEl PasoHarlingenHoustonLaredoLubbockOdessaSan AngeloSan AntonioTylerVictoriaWacoWichita Falls & Lawton"
5482,tx,"Texas",Volleyball,"Thursday, Sep. 3 3-0 Bishop Moore 4-0 (#4) Orangewood Christian 6p 7-0 (#22) Mother McAuley 5-2 Lincoln-Way East 5p 0-2 Berkeley Prep 7-0 (#21) Calvary Christian 6:30p 10-0 (#3) Assumption 10-3 Providence 7p 3-0 (#10) Harrisburg 1-1 Washington 6:30p 2-4 Avon 10-0 (#25) Hamilton Southeastern 7:30p 1-0 (#11) Torrey Pines 11-0 (#1) Sierra Canyon 5:30p 6-3 Mira Costa 6-0 (#2) Mater Dei 5:45p 1-0 (#13) Cathedral Catholic 6-6 Southeast Career Tech 7p 0-2 Lincoln Christian 6-0 (#15) Norris"
5483,tx,"Texas",Volleyball,"3-0 Bishop Moore 4-0 (#4) Orangewood Christian 6p"
5484,tx,"Texas",Volleyball,"7-0 (#22) Mother McAuley 5-2 Lincoln-Way East 5p"
5485,tx,"Texas",Volleyball,"0-2 Berkeley Prep 7-0 (#21) Calvary Christian 6:30p"
5486,tx,"Texas",Volleyball,"10-0 (#3) Assumption 10-3 Providence 7p"
5487,tx,"Texas",Volleyball,"3-0 (#10) Harrisburg 1-1 Washington 6:30p"
5488,tx,"Texas",Volleyball,"2-4 Avon 10-0 (#25) Hamilton Southeastern 7:30p"
5489,tx,"Texas",Volleyball,"1-0 (#11) Torrey Pines 11-0 (#1) Sierra Canyon 5:30p"
5490,tx,"Texas",Volleyball,"6-3 Mira Costa 6-0 (#2) Mater Dei 5:45p"
5491,tx,"Texas",Volleyball,"1-0 (#13) Cathedral Catholic 6-6 Southeast Career Tech 7p"
5492,tx,"Texas",Volleyball,"0-2 Lincoln Christian 6-0 (#15) Norris"
5493,ut,"Utah",Volleyball,"There are 50 matches for Utah volleyball on Thu, 9/3/2026. The featured matches are by Utah top ranked teams #1 Corner Canyon (Draper, UT) @ #24 Syracuse (UT), #2 Green Canyon (North Logan, UT) @ Ridgeline (Millville, UT), and #3 Lone Peak (Highland, UT) @ Layton (UT). The first match, #3 Lone Peak (Highland, UT) @ Layton (UT), starts at 5p. Related Content Utah Girls Volleyball Stat LeadersUtah Girls Volleyball PlayoffsUtah Girls Volleyball Rankings Recent Utah Girls Volleyball HeadlinesVOLLEYBALL: Preseason top 100 Utah High School Volleyball Schedule 50 Matches 3-0 (#3) Lone Peak 7-6 Layton 5p 4-4 (#18) American Fork 9-4 Farmington 5p console.log('MaxPrepsAds - createMark: Element Defined - leaderboard-banner-inc1');performance && performance.mark && performance.mark('MaxPrepsAds - Element Defined: leaderboard-banner-inc1'); 7-0 (#1) Corner Canyon 3-2 (#24) Syracuse 5p 5-1 (#20) Lehi 1-10 Davis 5p 1-6 Highland 1-7 Cottonwood 6p 5-1 Waterford 4-3 Tintic 6p 3-6 West Jordan 4-5 Taylorsville 6p 4-1R Rowland Hall 2-5 American Heritage 6p 0-1 Salt Lake Academy 0-4 UMACW 6p 0-7 Merit Preparatory Academy 1-6 Freedom Prep Academy 6p 5-0 (#17) Hunter 7-7 Hillcrest 6p 4-1 American Prep WV 4-4 Rockwell 6p 1-3 Dugway 0-7 Wendover 6p 3-10 Kearns 8-7 Cyprus 6p 1-11 Granger 4-6 West 6p 1-0 Whitehorse 1-2 Monument Valley 6:15p 6-3 American Leadership Academy 1-10 Ben Lomond 6:30p 8-2 (#22) Spanish Fork 2-4 Springville 6:30p 1-8 Deer Creek 3-5 Timpanogos 6:30p 4-0 (#7) Provo 7-7 Summit Academy 6:30p 7-3 Carbon 9-3 (#25) Delta 6:30p 3-4 South Sevier 4-3 Gunnison Valley 6:30p 6-4 Olympus 3-2 (#21) Brighton 6:30p 1-6 Kanab 4-4 Beaver 6:30p 2-8 Bonneville 3-4 Roy 6:30p 7-1 (#23) Bear River 2-12 Tooele 6:30p 5-8 Grantsville 3-5 Richfield 6:30p 5-7 Jordan 1-2 Logan 6:30p 10-0 (#5) North Sanpete 4-3 Millard 6:30p 5-3 Snow Canyon 5-2 Canyon View 6:30p 4-6 Alta 1-3 Bountiful 6:30p 3-8 Deseret Peak 6-6 Sky View 6:30p 11-7 Copper Hills 1-3 Bingham 6:30p 10-3 Viewmont 10-1 (#8) Woods Cross 6:30p 9-3 (#15) Payson 2-5 Salem Hills 6:30p 6-0 (#2) Green Canyon 3-2 Ridgeline 6:30p 4-6 Riverton 6-4 Herriman 6:30p 6-9 Uintah 2-3 Orem 6:30p 2-12 Northridge 6-1 (#16) West Field 6:30p 6-4 (#11) Mountain Ridge 3-8 Cedar Valley 6:30p 8-1 (#4) Pleasant Grove 1-4 Timpview 6:30p 6-2 (#14) Wasatch 3-4 Mountain View 6:30p 4-5 Juab 10-2 Union 6:30p 6-2 Parowan 6-9 Enterprise 6:30p 1-9 Mountain Crest 4-11 Stansbury 6:30p 9-4 Box Elder 4-7 Clearfield 6:30p 1-7 Grand County 8-4 San Juan 6:30p 4-2 Maeser Prep Academy 0-2 UMAHF 7p 4-0 Panguitch 3-3 North Sevier 7p 7-3 Dixie 8-3 (#9) Desert Hills 7p"
5494,ut,"Utah",Volleyball,"3-0 (#3) Lone Peak 7-6 Layton 5p"
5495,ut,"Utah",Volleyball,"4-4 (#18) American Fork 9-4 Farmington 5p"
5496,ut,"Utah",Volleyball,"7-0 (#1) Corner Canyon 3-2 (#24) Syracuse 5p"
5497,ut,"Utah",Volleyball,"5-1 (#20) Lehi 1-10 Davis 5p"
5498,ut,"Utah",Volleyball,"1-6 Highland 1-7 Cottonwood 6p"
5499,ut,"Utah",Volleyball,"5-1 Waterford 4-3 Tintic 6p"
5500,ut,"Utah",Volleyball,"3-6 West Jordan 4-5 Taylorsville 6p"
5501,ut,"Utah",Volleyball,"4-1R Rowland Hall 2-5 American Heritage 6p"
5502,ut,"Utah",Volleyball,"0-1 Salt Lake Academy 0-4 UMACW 6p"
5503,ut,"Utah",Volleyball,"0-7 Merit Preparatory Academy 1-6 Freedom Prep Academy 6p"
5504,ut,"Utah",Volleyball,"5-0 (#17) Hunter 7-7 Hillcrest 6p"
5505,ut,"Utah",Volleyball,"4-1 American Prep WV 4-4 Rockwell 6p"
5506,ut,"Utah",Volleyball,"1-3 Dugway 0-7 Wendover 6p"
5507,ut,"Utah",Volleyball,"3-10 Kearns 8-7 Cyprus 6p"
5508,ut,"Utah",Volleyball,"1-11 Granger 4-6 West 6p"
5509,ut,"Utah",Volleyball,"1-0 Whitehorse 1-2 Monument Valley 6:15p"
5510,ut,"Utah",Volleyball,"6-3 American Leadership Academy 1-10 Ben Lomond 6:30p"
5511,ut,"Utah",Volleyball,"8-2 (#22) Spanish Fork 2-4 Springville 6:30p"
5512,ut,"Utah",Volleyball,"1-8 Deer Creek 3-5 Timpanogos 6:30p"
5513,ut,"Utah",Volleyball,"4-0 (#7) Provo 7-7 Summit Academy 6:30p"
5514,ut,"Utah",Volleyball,"7-3 Carbon 9-3 (#25) Delta 6:30p"
5515,ut,"Utah",Volleyball,"3-4 South Sevier 4-3 Gunnison Valley 6:30p"
5516,ut,"Utah",Volleyball,"6-4 Olympus 3-2 (#21) Brighton 6:30p"
5517,ut,"Utah",Volleyball,"1-6 Kanab 4-4 Beaver 6:30p"
5518,ut,"Utah",Volleyball,"2-8 Bonneville 3-4 Roy 6:30p"
5519,ut,"Utah",Volleyball,"7-1 (#23) Bear River 2-12 Tooele 6:30p"
5520,ut,"Utah",Volleyball,"5-8 Grantsville 3-5 Richfield 6:30p"
5521,ut,"Utah",Volleyball,"5-7 Jordan 1-2 Logan 6:30p"
5522,ut,"Utah",Volleyball,"10-0 (#5) North Sanpete 4-3 Millard 6:30p"
5523,ut,"Utah",Volleyball,"5-3 Snow Canyon 5-2 Canyon View 6:30p"
5524,ut,"Utah",Volleyball,"4-6 Alta 1-3 Bountiful 6:30p"
5525,ut,"Utah",Volleyball,"3-8 Deseret Peak 6-6 Sky View 6:30p"
5526,ut,"Utah",Volleyball,"11-7 Copper Hills 1-3 Bingham 6:30p"
5527,ut,"Utah",Volleyball,"10-3 Viewmont 10-1 (#8) Woods Cross 6:30p"
5528,ut,"Utah",Volleyball,"9-3 (#15) Payson 2-5 Salem Hills 6:30p"
5529,ut,"Utah",Volleyball,"6-0 (#2) Green Canyon 3-2 Ridgeline 6:30p"
5530,ut,"Utah",Volleyball,"4-6 Riverton 6-4 Herriman 6:30p"
5531,ut,"Utah",Volleyball,"6-9 Uintah 2-3 Orem 6:30p"
5532,ut,"Utah",Volleyball,"2-12 Northridge 6-1 (#16) West Field 6:30p"
5533,ut,"Utah",Volleyball,"6-4 (#11) Mountain Ridge 3-8 Cedar Valley 6:30p"
5534,ut,"Utah",Volleyball,"8-1 (#4) Pleasant Grove 1-4 Timpview 6:30p"
5535,ut,"Utah",Volleyball,"6-2 (#14) Wasatch 3-4 Mountain View 6:30p"
5536,ut,"Utah",Volleyball,"4-5 Juab 10-2 Union 6:30p"
5537,ut,"Utah",Volleyball,"6-2 Parowan 6-9 Enterprise 6:30p"
5538,ut,"Utah",Volleyball,"1-9 Mountain Crest 4-11 Stansbury 6:30p"
5539,ut,"Utah",Volleyball,"9-4 Box Elder 4-7 Clearfield 6:30p"
5540,ut,"Utah",Volleyball,"1-7 Grand County 8-4 San Juan 6:30p"
5541,ut,"Utah",Volleyball,"4-2 Maeser Prep Academy 0-2 UMAHF 7p"
5542,ut,"Utah",Volleyball,"4-0 Panguitch 3-3 North Sevier 7p"
5543,ut,"Utah",Volleyball,"7-3 Dixie 8-3 (#9) Desert Hills 7p"
5544,ut,"Utah",Volleyball,"Related ScoreboardsRegions 1A Region 191A Region 201A Region 211A Region 222A Region 152A Region 162A Region 172A Region 183A Region 123A Region 13 Associations Utah High School Activities Association Metros Salt Lake CityUtah Valley"
5545,ut,"Utah",Volleyball,"Thursday, Sep. 3 3-0 Bishop Moore 4-0 (#4) Orangewood Christian 6p 7-0 (#22) Mother McAuley 5-2 Lincoln-Way East 5p 0-2 Berkeley Prep 7-0 (#21) Calvary Christian 6:30p 10-0 (#3) Assumption 10-3 Providence 7p 3-0 (#10) Harrisburg 1-1 Washington 6:30p 2-4 Avon 10-0 (#25) Hamilton Southeastern 7:30p 1-0 (#11) Torrey Pines 11-0 (#1) Sierra Canyon 5:30p 6-3 Mira Costa 6-0 (#2) Mater Dei 5:45p 1-0 (#13) Cathedral Catholic 6-6 Southeast Career Tech 7p 0-2 Lincoln Christian 6-0 (#15) Norris"
5546,ut,"Utah",Volleyball,"3-0 Bishop Moore 4-0 (#4) Orangewood Christian 6p"
5547,ut,"Utah",Volleyball,"7-0 (#22) Mother McAuley 5-2 Lincoln-Way East 5p"
5548,ut,"Utah",Volleyball,"0-2 Berkeley Prep 7-0 (#21) Calvary Christian 6:30p"
5549,ut,"Utah",Volleyball,"10-0 (#3) Assumption 10-3 Providence 7p"
5550,ut,"Utah",Volleyball,"3-0 (#10) Harrisburg 1-1 Washington 6:30p"
5551,ut,"Utah",Volleyball,"2-4 Avon 10-0 (#25) Hamilton Southeastern 7:30p"
5552,ut,"Utah",Volleyball,"1-0 (#11) Torrey Pines 11-0 (#1) Sierra Canyon 5:30p"
5553,ut,"Utah",Volleyball,"6-3 Mira Costa 6-0 (#2) Mater Dei 5:45p"
5554,ut,"Utah",Volleyball,"1-0 (#13) Cathedral Catholic 6-6 Southeast Career Tech 7p"
5555,ut,"Utah",Volleyball,"0-2 Lincoln Christian 6-0 (#15) Norris"
5556,vt,"Vermont",Volleyball,"There is 1 match for Vermont volleyball on Thu, 9/3/2026. Related Content Vermont Girls Volleyball Stat LeadersVermont Girls Volleyball PlayoffsVermont Girls Volleyball Rankings Vermont High School Volleyball Schedule 1 Match 0-0 Mid Vermont Christian 0-0T Trinity Christian 4p console.log('MaxPrepsAds - createMark: Element Defined - leaderboard-banner-inc1');performance && performance.mark && performance.mark('MaxPrepsAds - Element Defined: leaderboard-banner-inc1');"
5557,vt,"Vermont",Volleyball,"0-0 Mid Vermont Christian 0-0T Trinity Christian 4p"
5558,vt,"Vermont",Volleyball,"Related ScoreboardsDistricts Division 1Division 2 Associations Vermont High School Activities Association Metros Burlington"
5559,vt,"Vermont",Volleyball,"Thursday, Sep. 3 3-0 Bishop Moore 4-0 (#4) Orangewood Christian 6p 7-0 (#22) Mother McAuley 5-2 Lincoln-Way East 5p 0-2 Berkeley Prep 7-0 (#21) Calvary Christian 6:30p 10-0 (#3) Assumption 10-3 Providence 7p 3-0 (#10) Harrisburg 1-1 Washington 6:30p 2-4 Avon 10-0 (#25) Hamilton Southeastern 7:30p 1-0 (#11) Torrey Pines 11-0 (#1) Sierra Canyon 5:30p 6-3 Mira Costa 6-0 (#2) Mater Dei 5:45p 1-0 (#13) Cathedral Catholic 6-6 Southeast Career Tech 7p 0-2 Lincoln Christian 6-0 (#15) Norris"
5560,vt,"Vermont",Volleyball,"3-0 Bishop Moore 4-0 (#4) Orangewood Christian 6p"
5561,vt,"Vermont",Volleyball,"7-0 (#22) Mother McAuley 5-2 Lincoln-Way East 5p"
5562,vt,"Vermont",Volleyball,"0-2 Berkeley Prep 7-0 (#21) Calvary Christian 6:30p"
5563,vt,"Vermont",Volleyball,"10-0 (#3) Assumption 10-3 Providence 7p"
5564,vt,"Vermont",Volleyball,"3-0 (#10) Harrisburg 1-1 Washington 6:30p"
5565,vt,"Vermont",Volleyball,"2-4 Avon 10-0 (#25) Hamilton Southeastern 7:30p"
5566,vt,"Vermont",Volleyball,"1-0 (#11) Torrey Pines 11-0 (#1) Sierra Canyon 5:30p"
5567,vt,"Vermont",Volleyball,"6-3 Mira Costa 6-0 (#2) Mater Dei 5:45p"
5568,vt,"Vermont",Volleyball,"1-0 (#13) Cathedral Catholic 6-6 Southeast Career Tech 7p"
5569,vt,"Vermont",Volleyball,"0-2 Lincoln Christian 6-0 (#15) Norris"
5570,va,"Virginia",Volleyball,"There are 97 matches for Virginia volleyball on Thu, 9/3/2026. The featured matches are by Virginia top ranked teams #1 Fort Defiance (VA) @ Alleghany (Covington, VA), Radford (VA) @ #2 Blacksburg (VA), and #3 Lakeland (Suffolk, VA) @ Nansemond River (Suffolk, VA). The first match, Amherst County (Amherst, VA) @ Altavista (VA), starts at 7a. Related Content Virginia Girls Volleyball Stat LeadersVirginia Girls Volleyball PlayoffsVirginia Girls Volleyball Rankings Virginia High School Volleyball Schedule 97 Matches 1-2 Amherst County 1-2 Altavista 7a 3-1 John Battle 7-3 Dobyns-Bennett 12:45p console.log('MaxPrepsAds - createMark: Element Defined - leaderboard-banner-inc1');performance && performance.mark && performance.mark('MaxPrepsAds - Element Defined: leaderboard-banner-inc1'); 0-0 Landmark Christian 0-0 Great Hope Baptist 4p 0-0 Quantico 0-0 Wakefield Country Day 4p 1-1 The New Community School 1-2 Guardian Christian Academy 4:30p 1-1 Bishop Ireton 0-1 Episcopal 4:30p 1-1 Greenbrier Christian Academy 2-1 Grove Christian School 5p 2-1 Bethel 1-2 Heritage 5p 0-0 Massanutten Military Academy 0-0 Shenandoah Valley Academy 5p 2-0 The Covenant School 3-0 Nansemond-Suffolk Academy 5p 2-2 Kecoughtan 2-0 Woodside 5p 1-1 Menchville 0-3 Warwick 5p 1-5D Denbigh 0-3 Hampton 5p 3-0 Temple Christian 4-0 Timberlake Christian 5:15p 1-2 Gate City 0-2 Virginia High 5:30p 2-1 Grace Christian School 2-2 Steward 5:30p 0-1 Salem 3-1 King's Fork 5:30p 0-0 Ballard Christian 0-0 Appalachian Christian Academy 5:30p 0-3 Christ Chapel Academy 0-0 Cornerstone Christian 5:30p 0-4 Arcadia 0-0 Holly Grove Christian 5:30p 0-3 Parry McCluer 3-0 James River 5:30p 1-1 Peninsula Catholic 1-3 Hampton Christian Academy 5:30p 0-1 National Cathedral 0-0 St. Stephen's & St. Agnes 5:30p 0-0 Christchurch School 2-0 The Carmel School 5:30p 3-1 Walsingham Academy 0-0 Blessed Sacrament-Huguenot 5:30p 2-3 Roanoke Catholic 0-0C Chatham Hall 5:45p 1-3 Dayspring Christian Academy 1-1 Christian Heritage Academy 5:45p 5-0 (#3) Lakeland 2-0 Nansemond River 5:45p 2-0 Indian River 0-1 Oscar Smith 5:45p 1-2 Western Branch 1-0 Deep Creek 5:45p 1-3 Tallwood 2-1 Great Bridge 5:45p 0-1 Thomas Jefferson 0-2 Henrico 6p 0-2F Farmville Homeschool 2-1 Fuqua 6p 0-1 Park View 1-0 MVCA 6p 0-0 ARGAT 0-2 Petersburg 6p 5-2-2 Westover Christian Academy 1-1 North Cross 6p 9-0 (#12) CVHAA V Varsity Opponent 6:15p 0-3 Warhill 0-2 Smithfield 6:30p 3-0 Grafton 2-1 Poquoson 6:30p 0-0 The Academy of the Holy Cross 0-0 Bishop O'Connell 6:30p 2-1 Lafayette 1-1 Bruton 6:30p 2-1 William Monroe 3-0 Madison County 6:30p 2-6 North Stokes 2-1 Patrick County 6:30p 3-1 Louisa County 3-6 Spotsylvania 6:30p 0-5 Appalachian Christian School 1-2 United Christian Academy 6:30p 2-1 Liberty 1-2 Craig County 6:30p 5-3B Bethel Christian 1-1 Denbigh Baptist Christian 6:30p 1-2 Tabb 3-0 New Kent 6:30p 1-3 Tidewater Academy 3-2-3 Isle of Wight Academy 6:30p 5-0 (#5) Tunstall 1-2 Chatham 6:30p 8-0 (#10) Fredericksburg Victory 1-4 Colonial Beach 6:45p 1-2 Pulaski County 0-5 Fleming 6:45p 5-1 (#21) Faith Christian 3-0 Roanoke Valley Christian 6:45p 1-1 Giles 3-3 Galax 6:45p 2-1 Midlothian 1-3 Clover Hill 7p 1-1 Northampton 2-2 Windsor 7p 1-0 Middlesex 3-2 Rappahannock 7p 1-0 Virginia Academy 0-0 Trinity Christian 7p 1-1 Holston 2-0 Twin Springs 7p 0-1 Oaktree Academy 2-2 Norfolk Christian 7p 0-3 Rural Retreat 1-1 George Wythe 7p 1-2 Lord Botetourt 2-1 Patrick Henry 7p 2-0 Courtland 2-1 Powhatan 7p 0-1 Radford 3-0 (#2) Blacksburg 7p 3-1 Westmoreland 2-2 King & Queen Central 7p 2-6 Prince Edward County 3-2 Mecklenburg County 7p 1-1 Brookville 1-3 William Campbell 7p N Non Varsity Opponent 0-4 Honaker 7p 2-4 Osbourn Park 2-3 Gainesville 7p 11-1 Shelby Valley 1-0S Southern Gap 7p 1-3 Narrows 1-1 Graham 7p 3-0 Lebanon 0-4 Honaker 7p 4-1 (#22) Western Albemarle 5-2 Spotswood 7p 2-2 Auburn 3-1 Grayson County 7p 0-2 Buckingham 3-0 Appomattox County 7p 1-1 Cave Spring 2-3 William Byrd 7p 0-2 Fort Chiswell 1-1 Bland County 7p 0-3 George Washington 0-2 Martinsville 7p 3-0 Christiansburg 1-1 Franklin County 7p 2-2 Marion 6-0 (#14) Chilhowie 7p 0-1 Nelson County 0-3 Heritage 7p 1-4 Bassett 1-1 Carroll County 7p 1-2 Page County 1-7 East Rockingham 7p 3-1 Freeman 1-2 Maggie Walker 7p 5-2 Halifax County 1-1 Dan River 7p 0-1 Godwin 5-2 Fluvanna County 7:15p 6-0 (#1) Fort Defiance 3-0 Alleghany 7:15p 3-2 Independence 3-0 Battlefield 7:15p 0-5 Northside 2-0 Salem 7:15p 1-3-1 Strasburg 0-2 Stonewall Jackson 7:15p 4-0 Mechanicsville 1-0 Colonial Heights 7:30p 1-1 Riverheads 2-1 Stuarts Draft 7:30p 3-1-1 Buffalo Gap 1-2 Staunton 7:30p 2-1 Wilson Memorial 1-2 Rockbridge County 7:30p 5-0 (#8) Harrisonburg 3-3 Central Woodstock 7:30p 2-1 Varina 0-1 Matoaca 7:30p 0-4 Honaker 2-0 Twin Springs"
5571,va,"Virginia",Volleyball,"1-2 Amherst County 1-2 Altavista 7a"
5572,va,"Virginia",Volleyball,"3-1 John Battle 7-3 Dobyns-Bennett 12:45p"
5573,va,"Virginia",Volleyball,"0-0 Landmark Christian 0-0 Great Hope Baptist 4p"
5574,va,"Virginia",Volleyball,"0-0 Quantico 0-0 Wakefield Country Day 4p"
5575,va,"Virginia",Volleyball,"1-1 The New Community School 1-2 Guardian Christian Academy 4:30p"
5576,va,"Virginia",Volleyball,"1-1 Bishop Ireton 0-1 Episcopal 4:30p"
5577,va,"Virginia",Volleyball,"1-1 Greenbrier Christian Academy 2-1 Grove Christian School 5p"
5578,va,"Virginia",Volleyball,"2-1 Bethel 1-2 Heritage 5p"
5579,va,"Virginia",Volleyball,"0-0 Massanutten Military Academy 0-0 Shenandoah Valley Academy 5p"
5580,va,"Virginia",Volleyball,"2-0 The Covenant School 3-0 Nansemond-Suffolk Academy 5p"
5581,va,"Virginia",Volleyball,"2-2 Kecoughtan 2-0 Woodside 5p"
5582,va,"Virginia",Volleyball,"1-1 Menchville 0-3 Warwick 5p"
5583,va,"Virginia",Volleyball,"1-5D Denbigh 0-3 Hampton 5p"
5584,va,"Virginia",Volleyball,"3-0 Temple Christian 4-0 Timberlake Christian 5:15p"
5585,va,"Virginia",Volleyball,"1-2 Gate City 0-2 Virginia High 5:30p"
5586,va,"Virginia",Volleyball,"2-1 Grace Christian School 2-2 Steward 5:30p"
5587,va,"Virginia",Volleyball,"0-1 Salem 3-1 King's Fork 5:30p"
5588,va,"Virginia",Volleyball,"0-0 Ballard Christian 0-0 Appalachian Christian Academy 5:30p"
5589,va,"Virginia",Volleyball,"0-3 Christ Chapel Academy 0-0 Cornerstone Christian 5:30p"
5590,va,"Virginia",Volleyball,"0-4 Arcadia 0-0 Holly Grove Christian 5:30p"
5591,va,"Virginia",Volleyball,"0-3 Parry McCluer 3-0 James River 5:30p"
5592,va,"Virginia",Volleyball,"1-1 Peninsula Catholic 1-3 Hampton Christian Academy 5:30p"
5593,va,"Virginia",Volleyball,"0-1 National Cathedral 0-0 St. Stephen's & St. Agnes 5:30p"
5594,va,"Virginia",Volleyball,"0-0 Christchurch School 2-0 The Carmel School 5:30p"
5595,va,"Virginia",Volleyball,"3-1 Walsingham Academy 0-0 Blessed Sacrament-Huguenot 5:30p"
5596,va,"Virginia",Volleyball,"2-3 Roanoke Catholic 0-0C Chatham Hall 5:45p"
5597,va,"Virginia",Volleyball,"1-3 Dayspring Christian Academy 1-1 Christian Heritage Academy 5:45p"
5598,va,"Virginia",Volleyball,"5-0 (#3) Lakeland 2-0 Nansemond River 5:45p"
5599,va,"Virginia",Volleyball,"2-0 Indian River 0-1 Oscar Smith 5:45p"
5600,va,"Virginia",Volleyball,"1-2 Western Branch 1-0 Deep Creek 5:45p"
5601,va,"Virginia",Volleyball,"1-3 Tallwood 2-1 Great Bridge 5:45p"
5602,va,"Virginia",Volleyball,"0-1 Thomas Jefferson 0-2 Henrico 6p"
5603,va,"Virginia",Volleyball,"0-2F Farmville Homeschool 2-1 Fuqua 6p"
5604,va,"Virginia",Volleyball,"0-1 Park View 1-0 MVCA 6p"
5605,va,"Virginia",Volleyball,"0-0 ARGAT 0-2 Petersburg 6p"
5606,va,"Virginia",Volleyball,"5-2-2 Westover Christian Academy 1-1 North Cross 6p"
5607,va,"Virginia",Volleyball,"9-0 (#12) CVHAA V Varsity Opponent 6:15p"
5608,va,"Virginia",Volleyball,"0-3 Warhill 0-2 Smithfield 6:30p"
5609,va,"Virginia",Volleyball,"3-0 Grafton 2-1 Poquoson 6:30p"
5610,va,"Virginia",Volleyball,"0-0 The Academy of the Holy Cross 0-0 Bishop O'Connell 6:30p"
5611,va,"Virginia",Volleyball,"2-1 Lafayette 1-1 Bruton 6:30p"
5612,va,"Virginia",Volleyball,"2-1 William Monroe 3-0 Madison County 6:30p"
5613,va,"Virginia",Volleyball,"2-6 North Stokes 2-1 Patrick County 6:30p"
5614,va,"Virginia",Volleyball,"3-1 Louisa County 3-6 Spotsylvania 6:30p"
5615,va,"Virginia",Volleyball,"0-5 Appalachian Christian School 1-2 United Christian Academy 6:30p"
5616,va,"Virginia",Volleyball,"2-1 Liberty 1-2 Craig County 6:30p"
5617,va,"Virginia",Volleyball,"5-3B Bethel Christian 1-1 Denbigh Baptist Christian 6:30p"
5618,va,"Virginia",Volleyball,"1-2 Tabb 3-0 New Kent 6:30p"
5619,va,"Virginia",Volleyball,"1-3 Tidewater Academy 3-2-3 Isle of Wight Academy 6:30p"
5620,va,"Virginia",Volleyball,"5-0 (#5) Tunstall 1-2 Chatham 6:30p"
5621,va,"Virginia",Volleyball,"8-0 (#10) Fredericksburg Victory 1-4 Colonial Beach 6:45p"
5622,va,"Virginia",Volleyball,"1-2 Pulaski County 0-5 Fleming 6:45p"
5623,va,"Virginia",Volleyball,"5-1 (#21) Faith Christian 3-0 Roanoke Valley Christian 6:45p"
5624,va,"Virginia",Volleyball,"1-1 Giles 3-3 Galax 6:45p"
5625,va,"Virginia",Volleyball,"2-1 Midlothian 1-3 Clover Hill 7p"
5626,va,"Virginia",Volleyball,"1-1 Northampton 2-2 Windsor 7p"
5627,va,"Virginia",Volleyball,"1-0 Middlesex 3-2 Rappahannock 7p"
5628,va,"Virginia",Volleyball,"1-0 Virginia Academy 0-0 Trinity Christian 7p"
5629,va,"Virginia",Volleyball,"1-1 Holston 2-0 Twin Springs 7p"
5630,va,"Virginia",Volleyball,"0-1 Oaktree Academy 2-2 Norfolk Christian 7p"
5631,va,"Virginia",Volleyball,"0-3 Rural Retreat 1-1 George Wythe 7p"
5632,va,"Virginia",Volleyball,"1-2 Lord Botetourt 2-1 Patrick Henry 7p"
5633,va,"Virginia",Volleyball,"2-0 Courtland 2-1 Powhatan 7p"
5634,va,"Virginia",Volleyball,"0-1 Radford 3-0 (#2) Blacksburg 7p"
5635,va,"Virginia",Volleyball,"3-1 Westmoreland 2-2 King & Queen Central 7p"
5636,va,"Virginia",Volleyball,"2-6 Prince Edward County 3-2 Mecklenburg County 7p"
5637,va,"Virginia",Volleyball,"1-1 Brookville 1-3 William Campbell 7p"
5638,va,"Virginia",Volleyball,"N Non Varsity Opponent 0-4 Honaker 7p"
5639,va,"Virginia",Volleyball,"2-4 Osbourn Park 2-3 Gainesville 7p"
5640,va,"Virginia",Volleyball,"11-1 Shelby Valley 1-0S Southern Gap 7p"
5641,va,"Virginia",Volleyball,"1-3 Narrows 1-1 Graham 7p"
5642,va,"Virginia",Volleyball,"3-0 Lebanon 0-4 Honaker 7p"
5643,va,"Virginia",Volleyball,"4-1 (#22) Western Albemarle 5-2 Spotswood 7p"
5644,va,"Virginia",Volleyball,"2-2 Auburn 3-1 Grayson County 7p"
5645,va,"Virginia",Volleyball,"0-2 Buckingham 3-0 Appomattox County 7p"
5646,va,"Virginia",Volleyball,"1-1 Cave Spring 2-3 William Byrd 7p"
5647,va,"Virginia",Volleyball,"0-2 Fort Chiswell 1-1 Bland County 7p"
5648,va,"Virginia",Volleyball,"0-3 George Washington 0-2 Martinsville 7p"
5649,va,"Virginia",Volleyball,"3-0 Christiansburg 1-1 Franklin County 7p"
5650,va,"Virginia",Volleyball,"2-2 Marion 6-0 (#14) Chilhowie 7p"
5651,va,"Virginia",Volleyball,"0-1 Nelson County 0-3 Heritage 7p"
5652,va,"Virginia",Volleyball,"1-4 Bassett 1-1 Carroll County 7p"
5653,va,"Virginia",Volleyball,"1-2 Page County 1-7 East Rockingham 7p"
5654,va,"Virginia",Volleyball,"3-1 Freeman 1-2 Maggie Walker 7p"
5655,va,"Virginia",Volleyball,"5-2 Halifax County 1-1 Dan River 7p"
5656,va,"Virginia",Volleyball,"0-1 Godwin 5-2 Fluvanna County 7:15p"
5657,va,"Virginia",Volleyball,"6-0 (#1) Fort Defiance 3-0 Alleghany 7:15p"
5658,va,"Virginia",Volleyball,"3-2 Independence 3-0 Battlefield 7:15p"
5659,va,"Virginia",Volleyball,"0-5 Northside 2-0 Salem 7:15p"
5660,va,"Virginia",Volleyball,"1-3-1 Strasburg 0-2 Stonewall Jackson 7:15p"
5661,va,"Virginia",Volleyball,"4-0 Mechanicsville 1-0 Colonial Heights 7:30p"
5662,va,"Virginia",Volleyball,"1-1 Riverheads 2-1 Stuarts Draft 7:30p"
5663,va,"Virginia",Volleyball,"3-1-1 Buffalo Gap 1-2 Staunton 7:30p"
5664,va,"Virginia",Volleyball,"2-1 Wilson Memorial 1-2 Rockbridge County 7:30p"
5665,va,"Virginia",Volleyball,"5-0 (#8) Harrisonburg 3-3 Central Woodstock 7:30p"
5666,va,"Virginia",Volleyball,"2-1 Varina 0-1 Matoaca 7:30p"
5667,va,"Virginia",Volleyball,"0-4 Honaker 2-0 Twin Springs"
5668,va,"Virginia",Volleyball,"Related ScoreboardsRegions BattlefieldBay RiversBeachBlack DiamondBlue RidgeBull RunCapitalCapital City CardinalCatoctin Associations VA Independent Schools Athletic AssociationVirginia High School LeagueVirginia Homeschool Athletic Association Metros CharlottesvilleHarrisonburgNorfolkRichmondRoanoke"
5669,va,"Virginia",Volleyball,"Thursday, Sep. 3 3-0 Bishop Moore 4-0 (#4) Orangewood Christian 6p 7-0 (#22) Mother McAuley 5-2 Lincoln-Way East 5p 0-2 Berkeley Prep 7-0 (#21) Calvary Christian 6:30p 10-0 (#3) Assumption 10-3 Providence 7p 3-0 (#10) Harrisburg 1-1 Washington 6:30p 2-4 Avon 10-0 (#25) Hamilton Southeastern 7:30p 1-0 (#11) Torrey Pines 11-0 (#1) Sierra Canyon 5:30p 6-3 Mira Costa 6-0 (#2) Mater Dei 5:45p 1-0 (#13) Cathedral Catholic 6-6 Southeast Career Tech 7p 0-2 Lincoln Christian 6-0 (#15) Norris"
5670,va,"Virginia",Volleyball,"3-0 Bishop Moore 4-0 (#4) Orangewood Christian 6p"
5671,va,"Virginia",Volleyball,"7-0 (#22) Mother McAuley 5-2 Lincoln-Way East 5p"
5672,va,"Virginia",Volleyball,"0-2 Berkeley Prep 7-0 (#21) Calvary Christian 6:30p"
5673,va,"Virginia",Volleyball,"10-0 (#3) Assumption 10-3 Providence 7p"
5674,va,"Virginia",Volleyball,"3-0 (#10) Harrisburg 1-1 Washington 6:30p"
5675,va,"Virginia",Volleyball,"2-4 Avon 10-0 (#25) Hamilton Southeastern 7:30p"
5676,va,"Virginia",Volleyball,"1-0 (#11) Torrey Pines 11-0 (#1) Sierra Canyon 5:30p"
5677,va,"Virginia",Volleyball,"6-3 Mira Costa 6-0 (#2) Mater Dei 5:45p"
5678,va,"Virginia",Volleyball,"1-0 (#13) Cathedral Catholic 6-6 Southeast Career Tech 7p"
5679,va,"Virginia",Volleyball,"0-2 Lincoln Christian 6-0 (#15) Norris"
5680,wa,"Washington",Volleyball,"There are 75 matches for Washington volleyball on Thu, 9/3/2026. The featured matches are by Washington top ranked teams Pullman (WA) @ #1 Selah (WA). The first match, Nathan Hale (Seattle, WA) @ Will Rogers College (Tulsa, OK), starts at 4p. Related Content Washington Girls Volleyball Stat LeadersWashington Girls Volleyball PlayoffsWashington Girls Volleyball Rankings Washington High School Volleyball Schedule 75 Matches 0-0 Nathan Hale 1-5 Will Rogers College 4p 0-0C Columbia River 0-0 Camas 4p console.log('MaxPrepsAds - createMark: Element Defined - leaderboard-banner-inc1');performance && performance.mark && performance.mark('MaxPrepsAds - Element Defined: leaderboard-banner-inc1'); 0-0 Ocosta 0-0 Hoquiam 4p 1-0 Pomeroy 0-1R Rosalia 4p 0-0 Pullman 2-0-1 (#1) Selah 5:30p 0-0 Granger 0-0 Cle Elum-Roslyn 5:30p 0-0 Mt. Baker 0-0 Sultan 5:45p 0-0 Colfax 0-0 Valley Christian 6p 0-0 Quilcene 0-0 Mary M. Knight 6p 0-0-1 Eisenhower 0-0 East Valley 6p 0-0 Tri-Cities Prep 0-0 Davenport 6p 0-0 Chief Leschi 0-0 Oakville 6p N Non Varsity Opponent 0-0 Columbia Adventist Academy 6:15p 0-0 Naselle 0-0 Columbia Adventist Academy 6:15p 0-0 Brewster 0-0 Pateros 6:15p 0-0 Goldendale 0-0 River View 6:30p 0-0 Highland 0-0 Columbia 6:30p 0-0 Wapato 0-0 Cashmere 6:30p 0-0 Tonasket 0-0 Okanogan 6:30p 0-0S Sequim 0-0 Yelm 6:30p 0-0W Waterville 0-0 Cascade Christian Academy 6:30p 0-0 Kiona-Benton 0-0 Royal 6:30p 0-0 Sunnyside Christian 0-0 White Swan 6:30p 0-0 Wahluke 0-0 Connell 6:30p 0-0 Chelan 0-0 Eastmont 6:30p 0-0 WF West 0-1 Rochester 6:30p 1-0 Omak 0-0 Lakeside 6:30p 2-2 Timberlake 0-0 Riverside 6:30p 0-0 Hanford 0-0 Moses Lake 6:30p 0-0 Reardan 0-0 Liberty 6:45p 0-0 Shadle Park 0-0 Northwest Christian School 6:45p 0-0 Interlake 0-0 Newport - Bellevue 7p 0-0 Foster 0-0 Rainier Beach 7p 0-0 Tyee 0-0 Highline 7p 0-1 Ephrata 0-0 West Valley 7p 0-0 Burlington-Edison 0-0 Nooksack Valley 7p 1-0 Stevenson 1-6H Horizon Christian 7p 0-0 Granite Falls 0-0 Meadowdale 7p 0-0 Evergreen 0-0 Woodland 7p 0-0 Fort Vancouver 0-0 Hudson's Bay 7p 0-0 Seattle Christian 0-0 King's 7p 0-0 Mount Vernon 0-0 Lakewood 7p 0-0 Hockinson 0-0 Battle Ground 7p 0-0 Hazen 0-0 Renton 7p 0-0 Everett 0-0 Mountlake Terrace 7p 0-0 Freeman 0-0 Deer Park 7p 0-0 Kalama 0-0 R.A. Long 7p 0-0 North Creek 0-0 Inglemoor 7p 0-0 North Kitsap 0-0 South Kitsap 7p 0-0 Wahkiakum 0-0 Willapa Valley 7p 0-0 Emerald Ridge 0-0 Skyline 7p 0-0 Prosser 0-1 Davis 7p 0-0 Eatonville 0-0 Centralia 7p 0-0 King's Way Christian 0-0 Toutle Lake 7p 0-0M Marysville-Pilchuck 0-0 Mariner 7p 0-0 Lake Washington 0-0 Shorecrest 7p 0-0 Kamiak 0-0 Shorewood 7p 0-0 Ilwaco 0-0 Winlock 7p 0-0 Lake Stevens 0-0 Stanwood 7p 0-0 Glacier Peak 0-0 Snohomish 7p 0-0 Central Kitsap 0-0 Curtis 7p 0-0O Oak Harbor 0-0 Squalicum 7p 0-0 Onalaska 0-0 Shelton 7p 0-0 Meadowdale 0-0 Ingraham 7p 0-0 River Ridge 0-0 Black Hills 7p 0-0 Eastlake 0-0 Liberty 7p 0-0-1 Grandview 0-0 Sunnyside 7p 0-0 Columbia 0-0 Heritage 7p 0-0 Decatur 0-0 Auburn 7:15p 0-0 Rogers 0-0 Lincoln 7:15p 0-0 Federal Way 0-0 White River 7:15p 0-0 Spanaway Lake 0-0 Fife 7:15p 0-0 Olympia 0-0 Capital 7:15p 0-0 Enumclaw 0-0 Auburn Mountainview 7:15p 0-0K Kent-Meridian 0-0 Jefferson 7:15p"
5681,wa,"Washington",Volleyball,"0-0 Nathan Hale 1-5 Will Rogers College 4p"
5682,wa,"Washington",Volleyball,"0-0C Columbia River 0-0 Camas 4p"
5683,wa,"Washington",Volleyball,"0-0 Ocosta 0-0 Hoquiam 4p"
5684,wa,"Washington",Volleyball,"1-0 Pomeroy 0-1R Rosalia 4p"
5685,wa,"Washington",Volleyball,"0-0 Pullman 2-0-1 (#1) Selah 5:30p"
5686,wa,"Washington",Volleyball,"0-0 Granger 0-0 Cle Elum-Roslyn 5:30p"
5687,wa,"Washington",Volleyball,"0-0 Mt. Baker 0-0 Sultan 5:45p"
5688,wa,"Washington",Volleyball,"0-0 Colfax 0-0 Valley Christian 6p"
5689,wa,"Washington",Volleyball,"0-0 Quilcene 0-0 Mary M. Knight 6p"
5690,wa,"Washington",Volleyball,"0-0-1 Eisenhower 0-0 East Valley 6p"
5691,wa,"Washington",Volleyball,"0-0 Tri-Cities Prep 0-0 Davenport 6p"
5692,wa,"Washington",Volleyball,"0-0 Chief Leschi 0-0 Oakville 6p"
5693,wa,"Washington",Volleyball,"N Non Varsity Opponent 0-0 Columbia Adventist Academy 6:15p"
5694,wa,"Washington",Volleyball,"0-0 Naselle 0-0 Columbia Adventist Academy 6:15p"
5695,wa,"Washington",Volleyball,"0-0 Brewster 0-0 Pateros 6:15p"
5696,wa,"Washington",Volleyball,"0-0 Goldendale 0-0 River View 6:30p"
5697,wa,"Washington",Volleyball,"0-0 Highland 0-0 Columbia 6:30p"
5698,wa,"Washington",Volleyball,"0-0 Wapato 0-0 Cashmere 6:30p"
5699,wa,"Washington",Volleyball,"0-0 Tonasket 0-0 Okanogan 6:30p"
5700,wa,"Washington",Volleyball,"0-0S Sequim 0-0 Yelm 6:30p"
5701,wa,"Washington",Volleyball,"0-0W Waterville 0-0 Cascade Christian Academy 6:30p"
5702,wa,"Washington",Volleyball,"0-0 Kiona-Benton 0-0 Royal 6:30p"
5703,wa,"Washington",Volleyball,"0-0 Sunnyside Christian 0-0 White Swan 6:30p"
5704,wa,"Washington",Volleyball,"0-0 Wahluke 0-0 Connell 6:30p"
5705,wa,"Washington",Volleyball,"0-0 Chelan 0-0 Eastmont 6:30p"
5706,wa,"Washington",Volleyball,"0-0 WF West 0-1 Rochester 6:30p"
5707,wa,"Washington",Volleyball,"1-0 Omak 0-0 Lakeside 6:30p"
5708,wa,"Washington",Volleyball,"2-2 Timberlake 0-0 Riverside 6:30p"
5709,wa,"Washington",Volleyball,"0-0 Hanford 0-0 Moses Lake 6:30p"
5710,wa,"Washington",Volleyball,"0-0 Reardan 0-0 Liberty 6:45p"
5711,wa,"Washington",Volleyball,"0-0 Shadle Park 0-0 Northwest Christian School 6:45p"
5712,wa,"Washington",Volleyball,"0-0 Interlake 0-0 Newport - Bellevue 7p"
5713,wa,"Washington",Volleyball,"0-0 Foster 0-0 Rainier Beach 7p"
5714,wa,"Washington",Volleyball,"0-0 Tyee 0-0 Highline 7p"
5715,wa,"Washington",Volleyball,"0-1 Ephrata 0-0 West Valley 7p"
5716,wa,"Washington",Volleyball,"0-0 Burlington-Edison 0-0 Nooksack Valley 7p"
5717,wa,"Washington",Volleyball,"1-0 Stevenson 1-6H Horizon Christian 7p"
5718,wa,"Washington",Volleyball,"0-0 Granite Falls 0-0 Meadowdale 7p"
5719,wa,"Washington",Volleyball,"0-0 Evergreen 0-0 Woodland 7p"
5720,wa,"Washington",Volleyball,"0-0 Fort Vancouver 0-0 Hudson's Bay 7p"
5721,wa,"Washington",Volleyball,"0-0 Seattle Christian 0-0 King's 7p"
5722,wa,"Washington",Volleyball,"0-0 Mount Vernon 0-0 Lakewood 7p"
5723,wa,"Washington",Volleyball,"0-0 Hockinson 0-0 Battle Ground 7p"
5724,wa,"Washington",Volleyball,"0-0 Hazen 0-0 Renton 7p"
5725,wa,"Washington",Volleyball,"0-0 Everett 0-0 Mountlake Terrace 7p"
5726,wa,"Washington",Volleyball,"0-0 Freeman 0-0 Deer Park 7p"
5727,wa,"Washington",Volleyball,"0-0 Kalama 0-0 R.A. Long 7p"
5728,wa,"Washington",Volleyball,"0-0 North Creek 0-0 Inglemoor 7p"
5729,wa,"Washington",Volleyball,"0-0 North Kitsap 0-0 South Kitsap 7p"
5730,wa,"Washington",Volleyball,"0-0 Wahkiakum 0-0 Willapa Valley 7p"
5731,wa,"Washington",Volleyball,"0-0 Emerald Ridge 0-0 Skyline 7p"
5732,wa,"Washington",Volleyball,"0-0 Prosser 0-1 Davis 7p"
5733,wa,"Washington",Volleyball,"0-0 Eatonville 0-0 Centralia 7p"
5734,wa,"Washington",Volleyball,"0-0 King's Way Christian 0-0 Toutle Lake 7p"
5735,wa,"Washington",Volleyball,"0-0M Marysville-Pilchuck 0-0 Mariner 7p"
5736,wa,"Washington",Volleyball,"0-0 Lake Washington 0-0 Shorecrest 7p"
5737,wa,"Washington",Volleyball,"0-0 Kamiak 0-0 Shorewood 7p"
5738,wa,"Washington",Volleyball,"0-0 Ilwaco 0-0 Winlock 7p"
5739,wa,"Washington",Volleyball,"0-0 Lake Stevens 0-0 Stanwood 7p"
5740,wa,"Washington",Volleyball,"0-0 Glacier Peak 0-0 Snohomish 7p"
5741,wa,"Washington",Volleyball,"0-0 Central Kitsap 0-0 Curtis 7p"
5742,wa,"Washington",Volleyball,"0-0O Oak Harbor 0-0 Squalicum 7p"
5743,wa,"Washington",Volleyball,"0-0 Onalaska 0-0 Shelton 7p"
5744,wa,"Washington",Volleyball,"0-0 Meadowdale 0-0 Ingraham 7p"
5745,wa,"Washington",Volleyball,"0-0 River Ridge 0-0 Black Hills 7p"
5746,wa,"Washington",Volleyball,"0-0 Eastlake 0-0 Liberty 7p"
5747,wa,"Washington",Volleyball,"0-0-1 Grandview 0-0 Sunnyside 7p"
5748,wa,"Washington",Volleyball,"0-0 Columbia 0-0 Heritage 7p"
5749,wa,"Washington",Volleyball,"0-0 Decatur 0-0 Auburn 7:15p"
5750,wa,"Washington",Volleyball,"0-0 Rogers 0-0 Lincoln 7:15p"
5751,wa,"Washington",Volleyball,"0-0 Federal Way 0-0 White River 7:15p"
5752,wa,"Washington",Volleyball,"0-0 Spanaway Lake 0-0 Fife 7:15p"
5753,wa,"Washington",Volleyball,"0-0 Olympia 0-0 Capital 7:15p"
5754,wa,"Washington",Volleyball,"0-0 Enumclaw 0-0 Auburn Mountainview 7:15p"
5755,wa,"Washington",Volleyball,"0-0K Kent-Meridian 0-0 Jefferson 7:15p"
5756,wa,"Washington",Volleyball,"Related ScoreboardsDistricts 1A Caribou Trail1A Emerald Sound1A Evergreen1A Nisqually1A Northeast1A SCAC - East1A SCAC - West1A Trico1A/2A/3A Northwest1B Central Washington Associations Washington Interscholastic Activities Association Metros SeattleSpokaneYakima"
5757,wa,"Washington",Volleyball,"Thursday, Sep. 3 3-0 Bishop Moore 4-0 (#4) Orangewood Christian 6p 7-0 (#22) Mother McAuley 5-2 Lincoln-Way East 5p 0-2 Berkeley Prep 7-0 (#21) Calvary Christian 6:30p 10-0 (#3) Assumption 10-3 Providence 7p 3-0 (#10) Harrisburg 1-1 Washington 6:30p 2-4 Avon 10-0 (#25) Hamilton Southeastern 7:30p 1-0 (#11) Torrey Pines 11-0 (#1) Sierra Canyon 5:30p 6-3 Mira Costa 6-0 (#2) Mater Dei 5:45p 1-0 (#13) Cathedral Catholic 6-6 Southeast Career Tech 7p 0-2 Lincoln Christian 6-0 (#15) Norris"
5758,wa,"Washington",Volleyball,"3-0 Bishop Moore 4-0 (#4) Orangewood Christian 6p"
5759,wa,"Washington",Volleyball,"7-0 (#22) Mother McAuley 5-2 Lincoln-Way East 5p"
5760,wa,"Washington",Volleyball,"0-2 Berkeley Prep 7-0 (#21) Calvary Christian 6:30p"
5761,wa,"Washington",Volleyball,"10-0 (#3) Assumption 10-3 Providence 7p"
5762,wa,"Washington",Volleyball,"3-0 (#10) Harrisburg 1-1 Washington 6:30p"
5763,wa,"Washington",Volleyball,"2-4 Avon 10-0 (#25) Hamilton Southeastern 7:30p"
5764,wa,"Washington",Volleyball,"1-0 (#11) Torrey Pines 11-0 (#1) Sierra Canyon 5:30p"
5765,wa,"Washington",Volleyball,"6-3 Mira Costa 6-0 (#2) Mater Dei 5:45p"
5766,wa,"Washington",Volleyball,"1-0 (#13) Cathedral Catholic 6-6 Southeast Career Tech 7p"
5767,wa,"Washington",Volleyball,"0-2 Lincoln Christian 6-0 (#15) Norris"
5768,wv,"West Virginia",Volleyball,"There are 53 matches for West Virginia volleyball on Thu, 9/3/2026. The featured matches are by West Virginia top ranked teams #1 Martinsburg (WV) vs. Petersburg (WV), Pendleton County (Franklin, WV) @ #1 Martinsburg (WV), and #22 Jefferson (Shenandoah Junction, WV) @ #3 Musselman (Inwood, WV). The first match, Lewisburg Baptist Academy (Lewisburg, WV) @ New Life Christian Academy (Summersville, WV), starts at 5p. Related Content West Virginia Girls Volleyball Stat LeadersWest Virginia Girls Volleyball PlayoffsWest Virginia Girls Volleyball Rankings West Virginia High School Volleyball Schedule 53 Matches 0-0 Lewisburg Baptist Academy 0-2N New Life Christian Academy 5p 9-3 (#19) John Marshall 7-4 (#15) University 5:30p console.log('MaxPrepsAds - createMark: Element Defined - leaderboard-banner-inc1');performance && performance.mark && performance.mark('MaxPrepsAds - Element Defined: leaderboard-banner-inc1'); 5-1 Magnolia 6-1 St. Marys 5:30p 4-5-1 PikeView 9-2 (#13) Princeton 5:30p 2-3 Brooke 5-0 East Liverpool 5:30p 11-0 (#7) Ravenswood 2-2 (#24) Winfield 5:30p 10-1-1 (#10) St. Albans 0-7 South Charleston 5:30p 0-2 Pocahontas County 1-2 Richwood 5:30p 0-4 Man 2-5-1 River View 5:30p 0-0 Ballard Christian 0-0 Appalachian Christian Academy 5:30p 0-7 Sissonville 1-4 Scott 5:30p 1-5 St. Joseph Central 0-1 St. Joseph Central 6p 5-5-2 Oak Hill 2-3 Nicholas County 6p 2-0 Greater Beckley Christian 4-0 (#23) Victory Baptist Academy 6p 1-0 Van 4-3 Tolsia 6p 3-4 Huntington 11-0 (#7) Ravenswood 6p 2-0 Pendleton County 6-2 Petersburg 6p 2-4-2 Riverside 3-3 Sherman 6p 4-2 (#4) Herbert Hoover 4-3 (#12) Greenbrier East 6p 4-5 Madonna 3-0 Trinity Christian 6p 1-3 Notre Dame 6-1 St. Marys 6p 2-1 Tug Valley 3-4 Logan 6p 4-2-2 Summit Christian Academy 2-5-1 Mount Hope Christian Academy 6p 4-5 Chapmanville Regional 1-4 Westside 6p 0-2 Elkins 3-2 Grafton 6p 0-1 East 0-1 Hannan 6p 1-4 Summers County 0-5 Montcalm 6p 12-0 (#1) Martinsburg 6-2 Petersburg 6p 3-4 Huntington 0-5 Point Pleasant 6p 1-2 Greenbrier West 4-3 (#12) Greenbrier East 6p 2-2 (#24) Winfield 0-5 Point Pleasant 6:30p 1-3 Parkersburg 6-2-1 (#17) Hurricane 6:30p 5-1 Calvary Baptist Academy 0-2 Cross Lanes Christian 6:30p 1-4 Shadyside 5-3 (#6) Wheeling Central Catholic 6:30p 5-1 Magnolia 1-3 Notre Dame 7p 2-2 Mount View 4-5 Chapmanville Regional 7p 1-8 Cameron 1-2 Valley 7p 1-5 Fairmont Senior 1-6 Buckhannon-Upshur 7p 4-2 (#4) Herbert Hoover 1-2 Greenbrier West 7p 1-3 Notre Dame 4-5 Madonna 7p 3-0 (#16) Wyoming East 2-3 Nicholas County 7p 0-6 Clay-Battelle 4-1 (#8) Ritchie County 7p 6-5 Preston 1-5 Lincoln 7p 2-0 Pendleton County 12-0 (#1) Martinsburg 7p 2-2 (#22) Jefferson 7-1 (#3) Musselman 7:15p 1-4 Frankfort 2-2 Moorefield 7:15p 1-1 Teays Valley Christian 0-7 South Charleston 7:30p 3-4 Huntington 2-2 (#24) Winfield 7:30p 0-2 Robert C. Byrd 6-5 Preston 8p 0-4 East Fairmont 3-2 Grafton 8p 1-5 Fairmont Senior 3-1 Lewis County 8p 0-2 Robert C. Byrd 1-5 Lincoln 8p 0-5-1 Buffalo 2-5 Williamstown"
5769,wv,"West Virginia",Volleyball,"0-0 Lewisburg Baptist Academy 0-2N New Life Christian Academy 5p"
5770,wv,"West Virginia",Volleyball,"9-3 (#19) John Marshall 7-4 (#15) University 5:30p"
5771,wv,"West Virginia",Volleyball,"5-1 Magnolia 6-1 St. Marys 5:30p"
5772,wv,"West Virginia",Volleyball,"4-5-1 PikeView 9-2 (#13) Princeton 5:30p"
5773,wv,"West Virginia",Volleyball,"2-3 Brooke 5-0 East Liverpool 5:30p"
5774,wv,"West Virginia",Volleyball,"11-0 (#7) Ravenswood 2-2 (#24) Winfield 5:30p"
5775,wv,"West Virginia",Volleyball,"10-1-1 (#10) St. Albans 0-7 South Charleston 5:30p"
5776,wv,"West Virginia",Volleyball,"0-2 Pocahontas County 1-2 Richwood 5:30p"
5777,wv,"West Virginia",Volleyball,"0-4 Man 2-5-1 River View 5:30p"
5778,wv,"West Virginia",Volleyball,"0-0 Ballard Christian 0-0 Appalachian Christian Academy 5:30p"
5779,wv,"West Virginia",Volleyball,"0-7 Sissonville 1-4 Scott 5:30p"
5780,wv,"West Virginia",Volleyball,"1-5 St. Joseph Central 0-1 St. Joseph Central 6p"
5781,wv,"West Virginia",Volleyball,"5-5-2 Oak Hill 2-3 Nicholas County 6p"
5782,wv,"West Virginia",Volleyball,"2-0 Greater Beckley Christian 4-0 (#23) Victory Baptist Academy 6p"
5783,wv,"West Virginia",Volleyball,"1-0 Van 4-3 Tolsia 6p"
5784,wv,"West Virginia",Volleyball,"3-4 Huntington 11-0 (#7) Ravenswood 6p"
5785,wv,"West Virginia",Volleyball,"2-0 Pendleton County 6-2 Petersburg 6p"
5786,wv,"West Virginia",Volleyball,"2-4-2 Riverside 3-3 Sherman 6p"
5787,wv,"West Virginia",Volleyball,"4-2 (#4) Herbert Hoover 4-3 (#12) Greenbrier East 6p"
5788,wv,"West Virginia",Volleyball,"4-5 Madonna 3-0 Trinity Christian 6p"
5789,wv,"West Virginia",Volleyball,"1-3 Notre Dame 6-1 St. Marys 6p"
5790,wv,"West Virginia",Volleyball,"2-1 Tug Valley 3-4 Logan 6p"
5791,wv,"West Virginia",Volleyball,"4-2-2 Summit Christian Academy 2-5-1 Mount Hope Christian Academy 6p"
5792,wv,"West Virginia",Volleyball,"4-5 Chapmanville Regional 1-4 Westside 6p"
5793,wv,"West Virginia",Volleyball,"0-2 Elkins 3-2 Grafton 6p"
5794,wv,"West Virginia",Volleyball,"0-1 East 0-1 Hannan 6p"
5795,wv,"West Virginia",Volleyball,"1-4 Summers County 0-5 Montcalm 6p"
5796,wv,"West Virginia",Volleyball,"12-0 (#1) Martinsburg 6-2 Petersburg 6p"
5797,wv,"West Virginia",Volleyball,"3-4 Huntington 0-5 Point Pleasant 6p"
5798,wv,"West Virginia",Volleyball,"1-2 Greenbrier West 4-3 (#12) Greenbrier East 6p"
5799,wv,"West Virginia",Volleyball,"2-2 (#24) Winfield 0-5 Point Pleasant 6:30p"
5800,wv,"West Virginia",Volleyball,"1-3 Parkersburg 6-2-1 (#17) Hurricane 6:30p"
5801,wv,"West Virginia",Volleyball,"5-1 Calvary Baptist Academy 0-2 Cross Lanes Christian 6:30p"
5802,wv,"West Virginia",Volleyball,"1-4 Shadyside 5-3 (#6) Wheeling Central Catholic 6:30p"
5803,wv,"West Virginia",Volleyball,"5-1 Magnolia 1-3 Notre Dame 7p"
5804,wv,"West Virginia",Volleyball,"2-2 Mount View 4-5 Chapmanville Regional 7p"
5805,wv,"West Virginia",Volleyball,"1-8 Cameron 1-2 Valley 7p"
5806,wv,"West Virginia",Volleyball,"1-5 Fairmont Senior 1-6 Buckhannon-Upshur 7p"
5807,wv,"West Virginia",Volleyball,"4-2 (#4) Herbert Hoover 1-2 Greenbrier West 7p"
5808,wv,"West Virginia",Volleyball,"1-3 Notre Dame 4-5 Madonna 7p"
5809,wv,"West Virginia",Volleyball,"3-0 (#16) Wyoming East 2-3 Nicholas County 7p"
5810,wv,"West Virginia",Volleyball,"0-6 Clay-Battelle 4-1 (#8) Ritchie County 7p"
5811,wv,"West Virginia",Volleyball,"6-5 Preston 1-5 Lincoln 7p"
5812,wv,"West Virginia",Volleyball,"2-0 Pendleton County 12-0 (#1) Martinsburg 7p"
5813,wv,"West Virginia",Volleyball,"2-2 (#22) Jefferson 7-1 (#3) Musselman 7:15p"
5814,wv,"West Virginia",Volleyball,"1-4 Frankfort 2-2 Moorefield 7:15p"
5815,wv,"West Virginia",Volleyball,"1-1 Teays Valley Christian 0-7 South Charleston 7:30p"
5816,wv,"West Virginia",Volleyball,"3-4 Huntington 2-2 (#24) Winfield 7:30p"
5817,wv,"West Virginia",Volleyball,"0-2 Robert C. Byrd 6-5 Preston 8p"
5818,wv,"West Virginia",Volleyball,"0-4 East Fairmont 3-2 Grafton 8p"
5819,wv,"West Virginia",Volleyball,"1-5 Fairmont Senior 3-1 Lewis County 8p"
5820,wv,"West Virginia",Volleyball,"0-2 Robert C. Byrd 1-5 Lincoln 8p"
5821,wv,"West Virginia",Volleyball,"0-5-1 Buffalo 2-5 Williamstown"
5822,wv,"West Virginia",Volleyball,"Related ScoreboardsLeagues Big TenCardinalCoalfield ACoalfield AACumberland ValleyEastern PanhandleFreelanceLittle KanawhaMason-DixonMountain State Associations West Virginia Secondary School Activities Commission Metros BluefieldCharleston-HuntingtonClarksburgParkersburgWheeling"
5823,wv,"West Virginia",Volleyball,"Thursday, Sep. 3 3-0 Bishop Moore 4-0 (#4) Orangewood Christian 6p 7-0 (#22) Mother McAuley 5-2 Lincoln-Way East 5p 0-2 Berkeley Prep 7-0 (#21) Calvary Christian 6:30p 10-0 (#3) Assumption 10-3 Providence 7p 3-0 (#10) Harrisburg 1-1 Washington 6:30p 2-4 Avon 10-0 (#25) Hamilton Southeastern 7:30p 1-0 (#11) Torrey Pines 11-0 (#1) Sierra Canyon 5:30p 6-3 Mira Costa 6-0 (#2) Mater Dei 5:45p 1-0 (#13) Cathedral Catholic 6-6 Southeast Career Tech 7p 0-2 Lincoln Christian 6-0 (#15) Norris"
5824,wv,"West Virginia",Volleyball,"3-0 Bishop Moore 4-0 (#4) Orangewood Christian 6p"
5825,wv,"West Virginia",Volleyball,"7-0 (#22) Mother McAuley 5-2 Lincoln-Way East 5p"
5826,wv,"West Virginia",Volleyball,"0-2 Berkeley Prep 7-0 (#21) Calvary Christian 6:30p"
5827,wv,"West Virginia",Volleyball,"10-0 (#3) Assumption 10-3 Providence 7p"
5828,wv,"West Virginia",Volleyball,"3-0 (#10) Harrisburg 1-1 Washington 6:30p"
5829,wv,"West Virginia",Volleyball,"2-4 Avon 10-0 (#25) Hamilton Southeastern 7:30p"
5830,wv,"West Virginia",Volleyball,"1-0 (#11) Torrey Pines 11-0 (#1) Sierra Canyon 5:30p"
5831,wv,"West Virginia",Volleyball,"6-3 Mira Costa 6-0 (#2) Mater Dei 5:45p"
5832,wv,"West Virginia",Volleyball,"1-0 (#13) Cathedral Catholic 6-6 Southeast Career Tech 7p"
5833,wv,"West Virginia",Volleyball,"0-2 Lincoln Christian 6-0 (#15) Norris"
5834,wi,"Wisconsin",Volleyball,"There are 180 matches for Wisconsin volleyball on Thu, 9/3/2026. The featured matches are by Wisconsin top ranked teams Lakeland (Minocqua, WI) @ #1 Mosinee (WI), #2 Hudson (WI) @ Rice Lake (WI), and Hartford (WI) @ #3 Grafton (WI). The first match, Clear Lake (WI) @ Somerset (WI), starts at 5p. Related Content Wisconsin Girls Volleyball Stat LeadersWisconsin Girls Volleyball PlayoffsWisconsin Girls Volleyball Rankings Recent Wisconsin Girls Volleyball HeadlinesVOLLEYBALL: Preseason top 100VOLLEYBALL: Preseason All-Americans Wisconsin High School Volleyball Schedule 180 Matches 5-3 Clear Lake 0-5 Somerset 5p 4-6 Hayward 1-0 Washburn 5p console.log('MaxPrepsAds - createMark: Element Defined - leaderboard-banner-inc1');performance && performance.mark && performance.mark('MaxPrepsAds - Element Defined: leaderboard-banner-inc1'); 0-3 Neillsville 10-6 Three Lakes 5p 5-3 Baldwin-Woodville 8-2 St. Croix Falls 5p 5-3 West Salem 2-4 Black River Falls 5p 0-3 Wild Rose 9-2 Shiocton 5p 3-3 Phillips 4-6 Hayward 5p 0-4 Goodman-Pembine 2-6 Colby 5p 7-0 (#6) Webster 8-2 St. Croix Falls 5p 1-2 Prescott 8-2 St. Croix Falls 5p 11-2 (#14) Fall Creek 0-3 Regis 5p 4-3 Auburndale 0-3 Neillsville 5p 0-0 Wisconsin School for the Deaf 0-0E EVAE 5p 2-3 Almond-Bancroft 4-4C Coulee Region Christian 5p 5-1 Spring Valley 3-3 Elk Mound 5p 9-2 Stanley-Boyd 1-0 Whitehall 5p 11-1P Prentice 1-4 Thorp 5p 3-1 Boyceville 3-4 Ladysmith 5p 0-0 Owen-Withee 3-4 Abbotsford 5p 0-7 Faith Christian Academy 3-4 Port Edwards 5p 0-2W Washington Tech 1-0H Hmong Academy 5:30p 1-2 Prescott 5-3 Baldwin-Woodville 6p 2-3 Elmwood/Plum City 3-4 Ladysmith 6p 1-3 Menominee 1-0 Escanaba 7p 0-0G Greenwood/Granton 3-4 Port Edwards 6p 10-6 Three Lakes 4-3 Auburndale 6p 2-6 Colby 0-1 White Lake 6p 2-5 Rib Lake 0-3 Neillsville 6p 0-2 Monticello 1-3A Albany 6p 4-1 Highland 1-5C Cassville 6p 2-4 Altoona 11-2 (#14) Fall Creek 6p 2-4 Tri-County 9-2 Shiocton 6p 0-0S St. Anthony 0-0 Veritas/Tenor 6p 0-4 Hiawatha 1-0 Ashton-Franklin Center 6p 5-0A Argyle 0-2J Juda 6p 9-2 Stanley-Boyd 0-2 Durand-Arkansaw 6p 0-0S St. Joan Antida 1-0 Salam 6p 1-1 Potosi 1-4 Benton 6p 0-1B Black Hawk 5-0 Barneveld 6p 2-4 River Ridge 0-2 Belmont 6p 2-7 St. Croix Central 5-1 Spring Valley 6p 0-0 South 0-1 Messmer 6:15p 3-3 Phillips 1-0 Washburn 6:15p 6-1 (#11) New Berlin West 6-1 (#7) Wisconsin Lutheran 6:30p 2-4 Turner 0-0 Monroe 6:30p 4-3 Racine Lutheran 2-2 Racine Park 6:30p 1-7 Homestead 3-5 Kenosha Bradford 6:30p 0-1 Greenfield 1-0 South Milwaukee 6:30p 5-1 Pius XI Catholic 1-5 Greendale 6:30p 1-4 Waukesha North 1-5 Waukesha South 6:30p 3-0 West Allis Hale 0-4 Brown Deer 6:30p 2-3 Brodhead 0-3S St. Ambrose Academy 6:30p 1-0L Lincoln Academy 0-5M Milwaukee Juneau 6:30p 2-5 Shoreland Lutheran 0-1 Brookfield Academy 6:30p 0-4 Cudahy 1-1 Whitnall 6:30p 3-3 Pacelli 4-2 Iola-Scandinavia 6:45p 0-1 New Glarus 8-1 (#9) Cambridge 6:45p 4-2 Belleville 5-2 Marshall 6:45p 5-2 Waterloo 5-1 Wisconsin Heights 6:45p 5-6 Lodi 4-4 Poynette 6:45p 1-4 Rosholt 1-2 Weyauwega-Fremont 6:45p 8-1 (#12) Marathon 8-3 Wittenberg-Birnamwood 6:45p 2-1 Columbus 1-4 Waupun 6:45p 5-2 Lakeside Lutheran 3-7 Lake Mills 6:45p 0-7 Madison West 6-1 Madison East 6:55p 1-3 Northwestern 3-8 Superior 7p 1-1 Menasha 7-4 Xavier 7p 2-3 Kewaunee 5-5 Gibraltar 7p 1-2 Niagara 2-2 Suring 7p 3-7 Wisconsin Rapids Lincoln 5-5 Wausau West 7p 6-2 Verona 6-2 Janesville Craig 7p 2-3 Amherst 9-2 Shiocton 7p 2-1 Ozaukee 0-3 Random Lake 7p 10-2 Chippewa Falls 6-0 (#13) New Richmond 7p 0-0 Colfax 5-3 Clear Lake 7p 4-4C Coulee Region Christian 4-1 Marion 7p 1-0 Stockbridge 4-1 Marion 7p 4-1 Marion 2-3 Almond-Bancroft 7p 2-3 Wausau East 8-3 (#20) Marshfield 7p 0-1 Viroqua 5-3 West Salem 7p 8-3 Plymouth 0-6 Sheboygan Falls 7p 0-3 Portage 1-4 Stoughton 7p 8-0 St. Mary Catholic 2-4 Hilbert 7p 5-3 Pittsville 8-5 Stratford 7p 3-3 Kettle Moraine Lutheran 1-4 West Bend West 7p 2-5 Oshkosh North 7-2 (#24) Kimberly 7p 2-5 Clintonville 6-4 Little Chute 7p 10-2 (#2) Hudson 6-1 Rice Lake 7p 1-0 Gillett 0-10 Coleman 7p 5-4 Slinger 5-2 Cedarburg 7p 3-8 Eau Claire North 9-1 (#21) River Falls 7p 2-0 Lena 0-0 Oneida Nation 7p 2-5 Kaukauna 6-5 Appleton East 7p 3-6 Aquinas 1-6 La Crosse Logan 7p 1-3 Chequamegon 0-4 Crandon 7p 2-5 Delavan-Darien 0-6 Racine Horlick 7p 2-6 New London 3-4 Winneconne 7p 2-2 New Holstein 6-3 Sheboygan Area Lutheran 7p 0-2S South Shore 3-4 Ladysmith 7p 4-1 Reedsburg 1-1 Sauk Prairie 7p 5-2 Barron 11-2 (#14) Fall Creek 7p 3-4 Gale-Ettrick-Trempealeau 3-4 Arcadia 7p 5-3 Adams-Friendship 2-5 Ripon 7p 3-4 Monona Grove 6-4 Beaver Dam 7p 3-5 Elkhart Lake-Glenbeulah 2-6 Reedsville 7p 0-3 Madison La Follette 0-0 Sun Prairie 7p 1-6 Cumberland 5-1 Spring Valley 7p 4-0 (#10) Fond du Lac 0-3 Oshkosh West 7p 2-4 Mishicot 8-4 Manitowoc Lutheran 7p 6-0 Mount Horeb 4-3 McFarland 7p 2-4 Gresham Community 1-4 Menominee Nation 7p 0-3 Madison La Follette 4-4 Sun Prairie East 7p 1-2 Nicolet 0-7 Whitefish Bay 7p 4-1 Oconto 7-6 Sturgeon Bay 7p 8-3 (#16) Neenah 4-3 Hortonville 7p 6-4 D.C. Everest 6-4 Stevens Point 7p 7-2 Green Bay N.E.W. Lutheran 1-3 Algoma 7p 0-2 Mauston 4-3 Nekoosa 7p 2-6 Waupaca 0-2 Marinette 7p 2-4 Lakeland 11-0 (#1) Mosinee 7p 7-0 Platteville 1-0 Lancaster 7p 2-3 Gilman 3-4 Abbotsford 7p 0-0 NWCHS 3-1 Tigerton 7p 0-0 Saint Thomas Aquinas 3-1 Crivitz 7p 0-1 La Farge 0-0 Kickapoo 7p 3-9 Wrightstown 6-5 Luxemburg-Casco 7p 1-0 Middleton 4-2 Madison Memorial 7p 7-0 (#6) Webster 1-2 Prescott 7p 3-7 Rhinelander 3-2 Merrill 7p 0-0 Milwaukee School of Languages 2-1 University School of Milwaukee 7p 1-5 New Lisbon 3-4 Bangor 7p 1-3 Appleton West 4-2 Appleton North 7p 2-2 Peshtigo 4-5 Southern Door 7p 5-2 Oregon 6-4 Watertown 7p 0-1 Prairie du Chien 4-3 River Valley 7p 3-4 Baraboo 5-2 DeForest 7p 7-0 (#6) Webster 5-3 Baldwin-Woodville 7p 2-5 Rib Lake 10-6 Three Lakes 7p 1-4 West Bend West 3-2 Port Washington 7p 2-4 Cedar Grove-Belgium 3-0 Oostburg 7p 7-1 (#15) Milton 8-3 Waunakee 7p 1-1 Sheboygan Christian 5-5 Howards Grove 7p 7-0 Laconia 1-5 St. Mary's Springs 7p 3-3 Hillsboro 3-2 Royall 7p 7-1 (#25) La Crosse Central 5-3 Holmen 7p 3-3 Winnebago Lutheran Academy 0-2 Lomira 7p 3-4 Kewaskum 0-1 Sheboygan South 7p 1-5 Tomahawk 0-2 Medford 7p 4-2 Tomah 3-6 Onalaska 7p 0-3 Green Bay West 10-1 (#4) Fox Valley Lutheran 7p 7-3 Wisconsin Dells 2-7 Westfield Area 7p 3-3 Kettle Moraine Lutheran 4-5 West Bend East 7p 6-1 Edgewood 3-1 Fort Atkinson 7p 2-5 Rib Lake 4-3 Auburndale 7p 5-1 Richland Center 0-4 Dodgeville 7p 5-2 Eau Claire Memorial 0-3 Menomonie 7p 9-2 Stanley-Boyd 0-4 Ellsworth 7p 2-1 Hartford 9-1 (#3) Grafton 7p 0-2 Northland Lutheran 3-4 Port Edwards 7p 4-4 Omro 6-1 Mayville 7p 0-0 Frederic 0-1 Siren 7:15p 6-2 (#19) Cuba City 3-3 Darlington 7:15p 1-2 Williams Bay 1-0 Madison Country Day 7:15p 2-1 Shell Lake 7-4 Turtle Lake 7:15p 4-2 Wabasha-Kellogg 0-0 La Crescent 7:15p 0-6 Boscobel 9-3 Fennimore 7:15p 5-4 Valley Christian 1-4 Dodgeland 7:15p 0-1W Weston 1-0 Wauzeka-Steuben 7:15p 2-4C Cornell 0-0W Winter 7:15p 0-7 Luck 4-6 Grantsburg 7:15p 1-5 Parkview 9-0 (#22) Deerfield 7:15p 6-3 Central Wisconsin Christian 0-7 Wayland Academy 7:15p 3-2 Oakfield 5-1 Horicon 7:15p 5-3 Edgar 6-4 Columbus Catholic 7:15p 2-9 Southwestern 6-1 Mineral Point 7:15p 1-4 New Auburn 0-1N Northwood 7:15p 0-2L Lake Holcombe 0-1B Birchwood 7:15p 2-2 Flambeau 0-3 Bruce 7:15p 3-3 Palmyra-Eagle 6-1 Abundant Life 7:15p 4-4 Sun Prairie West 0-7 Janesville Parker 7:30p"
5835,wi,"Wisconsin",Volleyball,"5-3 Clear Lake 0-5 Somerset 5p"
5836,wi,"Wisconsin",Volleyball,"4-6 Hayward 1-0 Washburn 5p"
5837,wi,"Wisconsin",Volleyball,"0-3 Neillsville 10-6 Three Lakes 5p"
5838,wi,"Wisconsin",Volleyball,"5-3 Baldwin-Woodville 8-2 St. Croix Falls 5p"
5839,wi,"Wisconsin",Volleyball,"5-3 West Salem 2-4 Black River Falls 5p"
5840,wi,"Wisconsin",Volleyball,"0-3 Wild Rose 9-2 Shiocton 5p"
5841,wi,"Wisconsin",Volleyball,"3-3 Phillips 4-6 Hayward 5p"
5842,wi,"Wisconsin",Volleyball,"0-4 Goodman-Pembine 2-6 Colby 5p"
5843,wi,"Wisconsin",Volleyball,"7-0 (#6) Webster 8-2 St. Croix Falls 5p"
5844,wi,"Wisconsin",Volleyball,"1-2 Prescott 8-2 St. Croix Falls 5p"
5845,wi,"Wisconsin",Volleyball,"11-2 (#14) Fall Creek 0-3 Regis 5p"
5846,wi,"Wisconsin",Volleyball,"4-3 Auburndale 0-3 Neillsville 5p"
5847,wi,"Wisconsin",Volleyball,"0-0 Wisconsin School for the Deaf 0-0E EVAE 5p"
5848,wi,"Wisconsin",Volleyball,"2-3 Almond-Bancroft 4-4C Coulee Region Christian 5p"
5849,wi,"Wisconsin",Volleyball,"5-1 Spring Valley 3-3 Elk Mound 5p"
5850,wi,"Wisconsin",Volleyball,"9-2 Stanley-Boyd 1-0 Whitehall 5p"
5851,wi,"Wisconsin",Volleyball,"11-1P Prentice 1-4 Thorp 5p"
5852,wi,"Wisconsin",Volleyball,"3-1 Boyceville 3-4 Ladysmith 5p"
5853,wi,"Wisconsin",Volleyball,"0-0 Owen-Withee 3-4 Abbotsford 5p"
5854,wi,"Wisconsin",Volleyball,"0-7 Faith Christian Academy 3-4 Port Edwards 5p"
5855,wi,"Wisconsin",Volleyball,"0-2W Washington Tech 1-0H Hmong Academy 5:30p"
5856,wi,"Wisconsin",Volleyball,"1-2 Prescott 5-3 Baldwin-Woodville 6p"
5857,wi,"Wisconsin",Volleyball,"2-3 Elmwood/Plum City 3-4 Ladysmith 6p"
5858,wi,"Wisconsin",Volleyball,"1-3 Menominee 1-0 Escanaba 7p"
5859,wi,"Wisconsin",Volleyball,"0-0G Greenwood/Granton 3-4 Port Edwards 6p"
5860,wi,"Wisconsin",Volleyball,"10-6 Three Lakes 4-3 Auburndale 6p"
5861,wi,"Wisconsin",Volleyball,"2-6 Colby 0-1 White Lake 6p"
5862,wi,"Wisconsin",Volleyball,"2-5 Rib Lake 0-3 Neillsville 6p"
5863,wi,"Wisconsin",Volleyball,"0-2 Monticello 1-3A Albany 6p"
5864,wi,"Wisconsin",Volleyball,"4-1 Highland 1-5C Cassville 6p"
5865,wi,"Wisconsin",Volleyball,"2-4 Altoona 11-2 (#14) Fall Creek 6p"
5866,wi,"Wisconsin",Volleyball,"2-4 Tri-County 9-2 Shiocton 6p"
5867,wi,"Wisconsin",Volleyball,"0-0S St. Anthony 0-0 Veritas/Tenor 6p"
5868,wi,"Wisconsin",Volleyball,"0-4 Hiawatha 1-0 Ashton-Franklin Center 6p"
5869,wi,"Wisconsin",Volleyball,"5-0A Argyle 0-2J Juda 6p"
5870,wi,"Wisconsin",Volleyball,"9-2 Stanley-Boyd 0-2 Durand-Arkansaw 6p"
5871,wi,"Wisconsin",Volleyball,"0-0S St. Joan Antida 1-0 Salam 6p"
5872,wi,"Wisconsin",Volleyball,"1-1 Potosi 1-4 Benton 6p"
5873,wi,"Wisconsin",Volleyball,"0-1B Black Hawk 5-0 Barneveld 6p"
5874,wi,"Wisconsin",Volleyball,"2-4 River Ridge 0-2 Belmont 6p"
5875,wi,"Wisconsin",Volleyball,"2-7 St. Croix Central 5-1 Spring Valley 6p"
5876,wi,"Wisconsin",Volleyball,"0-0 South 0-1 Messmer 6:15p"
5877,wi,"Wisconsin",Volleyball,"3-3 Phillips 1-0 Washburn 6:15p"
5878,wi,"Wisconsin",Volleyball,"6-1 (#11) New Berlin West 6-1 (#7) Wisconsin Lutheran 6:30p"
5879,wi,"Wisconsin",Volleyball,"2-4 Turner 0-0 Monroe 6:30p"
5880,wi,"Wisconsin",Volleyball,"4-3 Racine Lutheran 2-2 Racine Park 6:30p"
5881,wi,"Wisconsin",Volleyball,"1-7 Homestead 3-5 Kenosha Bradford 6:30p"
5882,wi,"Wisconsin",Volleyball,"0-1 Greenfield 1-0 South Milwaukee 6:30p"
5883,wi,"Wisconsin",Volleyball,"5-1 Pius XI Catholic 1-5 Greendale 6:30p"
5884,wi,"Wisconsin",Volleyball,"1-4 Waukesha North 1-5 Waukesha South 6:30p"
5885,wi,"Wisconsin",Volleyball,"3-0 West Allis Hale 0-4 Brown Deer 6:30p"
5886,wi,"Wisconsin",Volleyball,"2-3 Brodhead 0-3S St. Ambrose Academy 6:30p"
5887,wi,"Wisconsin",Volleyball,"1-0L Lincoln Academy 0-5M Milwaukee Juneau 6:30p"
5888,wi,"Wisconsin",Volleyball,"2-5 Shoreland Lutheran 0-1 Brookfield Academy 6:30p"
5889,wi,"Wisconsin",Volleyball,"0-4 Cudahy 1-1 Whitnall 6:30p"
5890,wi,"Wisconsin",Volleyball,"3-3 Pacelli 4-2 Iola-Scandinavia 6:45p"
5891,wi,"Wisconsin",Volleyball,"0-1 New Glarus 8-1 (#9) Cambridge 6:45p"
5892,wi,"Wisconsin",Volleyball,"4-2 Belleville 5-2 Marshall 6:45p"
5893,wi,"Wisconsin",Volleyball,"5-2 Waterloo 5-1 Wisconsin Heights 6:45p"
5894,wi,"Wisconsin",Volleyball,"5-6 Lodi 4-4 Poynette 6:45p"
5895,wi,"Wisconsin",Volleyball,"1-4 Rosholt 1-2 Weyauwega-Fremont 6:45p"
5896,wi,"Wisconsin",Volleyball,"8-1 (#12) Marathon 8-3 Wittenberg-Birnamwood 6:45p"
5897,wi,"Wisconsin",Volleyball,"2-1 Columbus 1-4 Waupun 6:45p"
5898,wi,"Wisconsin",Volleyball,"5-2 Lakeside Lutheran 3-7 Lake Mills 6:45p"
5899,wi,"Wisconsin",Volleyball,"0-7 Madison West 6-1 Madison East 6:55p"
5900,wi,"Wisconsin",Volleyball,"1-3 Northwestern 3-8 Superior 7p"
5901,wi,"Wisconsin",Volleyball,"1-1 Menasha 7-4 Xavier 7p"
5902,wi,"Wisconsin",Volleyball,"2-3 Kewaunee 5-5 Gibraltar 7p"
5903,wi,"Wisconsin",Volleyball,"1-2 Niagara 2-2 Suring 7p"
5904,wi,"Wisconsin",Volleyball,"3-7 Wisconsin Rapids Lincoln 5-5 Wausau West 7p"
5905,wi,"Wisconsin",Volleyball,"6-2 Verona 6-2 Janesville Craig 7p"
5906,wi,"Wisconsin",Volleyball,"2-3 Amherst 9-2 Shiocton 7p"
5907,wi,"Wisconsin",Volleyball,"2-1 Ozaukee 0-3 Random Lake 7p"
5908,wi,"Wisconsin",Volleyball,"10-2 Chippewa Falls 6-0 (#13) New Richmond 7p"
5909,wi,"Wisconsin",Volleyball,"0-0 Colfax 5-3 Clear Lake 7p"
5910,wi,"Wisconsin",Volleyball,"4-4C Coulee Region Christian 4-1 Marion 7p"
5911,wi,"Wisconsin",Volleyball,"1-0 Stockbridge 4-1 Marion 7p"
5912,wi,"Wisconsin",Volleyball,"4-1 Marion 2-3 Almond-Bancroft 7p"
5913,wi,"Wisconsin",Volleyball,"2-3 Wausau East 8-3 (#20) Marshfield 7p"
5914,wi,"Wisconsin",Volleyball,"0-1 Viroqua 5-3 West Salem 7p"
5915,wi,"Wisconsin",Volleyball,"8-3 Plymouth 0-6 Sheboygan Falls 7p"
5916,wi,"Wisconsin",Volleyball,"0-3 Portage 1-4 Stoughton 7p"
5917,wi,"Wisconsin",Volleyball,"8-0 St. Mary Catholic 2-4 Hilbert 7p"
5918,wi,"Wisconsin",Volleyball,"5-3 Pittsville 8-5 Stratford 7p"
5919,wi,"Wisconsin",Volleyball,"3-3 Kettle Moraine Lutheran 1-4 West Bend West 7p"
5920,wi,"Wisconsin",Volleyball,"2-5 Oshkosh North 7-2 (#24) Kimberly 7p"
5921,wi,"Wisconsin",Volleyball,"2-5 Clintonville 6-4 Little Chute 7p"
5922,wi,"Wisconsin",Volleyball,"10-2 (#2) Hudson 6-1 Rice Lake 7p"
5923,wi,"Wisconsin",Volleyball,"1-0 Gillett 0-10 Coleman 7p"
5924,wi,"Wisconsin",Volleyball,"5-4 Slinger 5-2 Cedarburg 7p"
5925,wi,"Wisconsin",Volleyball,"3-8 Eau Claire North 9-1 (#21) River Falls 7p"
5926,wi,"Wisconsin",Volleyball,"2-0 Lena 0-0 Oneida Nation 7p"
5927,wi,"Wisconsin",Volleyball,"2-5 Kaukauna 6-5 Appleton East 7p"
5928,wi,"Wisconsin",Volleyball,"3-6 Aquinas 1-6 La Crosse Logan 7p"
5929,wi,"Wisconsin",Volleyball,"1-3 Chequamegon 0-4 Crandon 7p"
5930,wi,"Wisconsin",Volleyball,"2-5 Delavan-Darien 0-6 Racine Horlick 7p"
5931,wi,"Wisconsin",Volleyball,"2-6 New London 3-4 Winneconne 7p"
5932,wi,"Wisconsin",Volleyball,"2-2 New Holstein 6-3 Sheboygan Area Lutheran 7p"
5933,wi,"Wisconsin",Volleyball,"0-2S South Shore 3-4 Ladysmith 7p"
5934,wi,"Wisconsin",Volleyball,"4-1 Reedsburg 1-1 Sauk Prairie 7p"
5935,wi,"Wisconsin",Volleyball,"5-2 Barron 11-2 (#14) Fall Creek 7p"
5936,wi,"Wisconsin",Volleyball,"3-4 Gale-Ettrick-Trempealeau 3-4 Arcadia 7p"
5937,wi,"Wisconsin",Volleyball,"5-3 Adams-Friendship 2-5 Ripon 7p"
5938,wi,"Wisconsin",Volleyball,"3-4 Monona Grove 6-4 Beaver Dam 7p"
5939,wi,"Wisconsin",Volleyball,"3-5 Elkhart Lake-Glenbeulah 2-6 Reedsville 7p"
5940,wi,"Wisconsin",Volleyball,"0-3 Madison La Follette 0-0 Sun Prairie 7p"
5941,wi,"Wisconsin",Volleyball,"1-6 Cumberland 5-1 Spring Valley 7p"
5942,wi,"Wisconsin",Volleyball,"4-0 (#10) Fond du Lac 0-3 Oshkosh West 7p"
5943,wi,"Wisconsin",Volleyball,"2-4 Mishicot 8-4 Manitowoc Lutheran 7p"
5944,wi,"Wisconsin",Volleyball,"6-0 Mount Horeb 4-3 McFarland 7p"
5945,wi,"Wisconsin",Volleyball,"2-4 Gresham Community 1-4 Menominee Nation 7p"
5946,wi,"Wisconsin",Volleyball,"0-3 Madison La Follette 4-4 Sun Prairie East 7p"
5947,wi,"Wisconsin",Volleyball,"1-2 Nicolet 0-7 Whitefish Bay 7p"
5948,wi,"Wisconsin",Volleyball,"4-1 Oconto 7-6 Sturgeon Bay 7p"
5949,wi,"Wisconsin",Volleyball,"8-3 (#16) Neenah 4-3 Hortonville 7p"
5950,wi,"Wisconsin",Volleyball,"6-4 D.C. Everest 6-4 Stevens Point 7p"
5951,wi,"Wisconsin",Volleyball,"7-2 Green Bay N.E.W. Lutheran 1-3 Algoma 7p"
5952,wi,"Wisconsin",Volleyball,"0-2 Mauston 4-3 Nekoosa 7p"
5953,wi,"Wisconsin",Volleyball,"2-6 Waupaca 0-2 Marinette 7p"
5954,wi,"Wisconsin",Volleyball,"2-4 Lakeland 11-0 (#1) Mosinee 7p"
5955,wi,"Wisconsin",Volleyball,"7-0 Platteville 1-0 Lancaster 7p"
5956,wi,"Wisconsin",Volleyball,"2-3 Gilman 3-4 Abbotsford 7p"
5957,wi,"Wisconsin",Volleyball,"0-0 NWCHS 3-1 Tigerton 7p"
5958,wi,"Wisconsin",Volleyball,"0-0 Saint Thomas Aquinas 3-1 Crivitz 7p"
5959,wi,"Wisconsin",Volleyball,"0-1 La Farge 0-0 Kickapoo 7p"
5960,wi,"Wisconsin",Volleyball,"3-9 Wrightstown 6-5 Luxemburg-Casco 7p"
5961,wi,"Wisconsin",Volleyball,"1-0 Middleton 4-2 Madison Memorial 7p"
5962,wi,"Wisconsin",Volleyball,"7-0 (#6) Webster 1-2 Prescott 7p"
5963,wi,"Wisconsin",Volleyball,"3-7 Rhinelander 3-2 Merrill 7p"
5964,wi,"Wisconsin",Volleyball,"0-0 Milwaukee School of Languages 2-1 University School of Milwaukee 7p"
5965,wi,"Wisconsin",Volleyball,"1-5 New Lisbon 3-4 Bangor 7p"
5966,wi,"Wisconsin",Volleyball,"1-3 Appleton West 4-2 Appleton North 7p"
5967,wi,"Wisconsin",Volleyball,"2-2 Peshtigo 4-5 Southern Door 7p"
5968,wi,"Wisconsin",Volleyball,"5-2 Oregon 6-4 Watertown 7p"
5969,wi,"Wisconsin",Volleyball,"0-1 Prairie du Chien 4-3 River Valley 7p"
5970,wi,"Wisconsin",Volleyball,"3-4 Baraboo 5-2 DeForest 7p"
5971,wi,"Wisconsin",Volleyball,"7-0 (#6) Webster 5-3 Baldwin-Woodville 7p"
5972,wi,"Wisconsin",Volleyball,"2-5 Rib Lake 10-6 Three Lakes 7p"
5973,wi,"Wisconsin",Volleyball,"1-4 West Bend West 3-2 Port Washington 7p"
5974,wi,"Wisconsin",Volleyball,"2-4 Cedar Grove-Belgium 3-0 Oostburg 7p"
5975,wi,"Wisconsin",Volleyball,"7-1 (#15) Milton 8-3 Waunakee 7p"
5976,wi,"Wisconsin",Volleyball,"1-1 Sheboygan Christian 5-5 Howards Grove 7p"
5977,wi,"Wisconsin",Volleyball,"7-0 Laconia 1-5 St. Mary's Springs 7p"
5978,wi,"Wisconsin",Volleyball,"3-3 Hillsboro 3-2 Royall 7p"
5979,wi,"Wisconsin",Volleyball,"7-1 (#25) La Crosse Central 5-3 Holmen 7p"
5980,wi,"Wisconsin",Volleyball,"3-3 Winnebago Lutheran Academy 0-2 Lomira 7p"
5981,wi,"Wisconsin",Volleyball,"3-4 Kewaskum 0-1 Sheboygan South 7p"
5982,wi,"Wisconsin",Volleyball,"1-5 Tomahawk 0-2 Medford 7p"
5983,wi,"Wisconsin",Volleyball,"4-2 Tomah 3-6 Onalaska 7p"
5984,wi,"Wisconsin",Volleyball,"0-3 Green Bay West 10-1 (#4) Fox Valley Lutheran 7p"
5985,wi,"Wisconsin",Volleyball,"7-3 Wisconsin Dells 2-7 Westfield Area 7p"
5986,wi,"Wisconsin",Volleyball,"3-3 Kettle Moraine Lutheran 4-5 West Bend East 7p"
5987,wi,"Wisconsin",Volleyball,"6-1 Edgewood 3-1 Fort Atkinson 7p"
5988,wi,"Wisconsin",Volleyball,"2-5 Rib Lake 4-3 Auburndale 7p"
5989,wi,"Wisconsin",Volleyball,"5-1 Richland Center 0-4 Dodgeville 7p"
5990,wi,"Wisconsin",Volleyball,"5-2 Eau Claire Memorial 0-3 Menomonie 7p"
5991,wi,"Wisconsin",Volleyball,"9-2 Stanley-Boyd 0-4 Ellsworth 7p"
5992,wi,"Wisconsin",Volleyball,"2-1 Hartford 9-1 (#3) Grafton 7p"
5993,wi,"Wisconsin",Volleyball,"0-2 Northland Lutheran 3-4 Port Edwards 7p"
5994,wi,"Wisconsin",Volleyball,"4-4 Omro 6-1 Mayville 7p"
5995,wi,"Wisconsin",Volleyball,"0-0 Frederic 0-1 Siren 7:15p"
5996,wi,"Wisconsin",Volleyball,"6-2 (#19) Cuba City 3-3 Darlington 7:15p"
5997,wi,"Wisconsin",Volleyball,"1-2 Williams Bay 1-0 Madison Country Day 7:15p"
5998,wi,"Wisconsin",Volleyball,"2-1 Shell Lake 7-4 Turtle Lake 7:15p"
5999,wi,"Wisconsin",Volleyball,"4-2 Wabasha-Kellogg 0-0 La Crescent 7:15p"
6000,wi,"Wisconsin",Volleyball,"0-6 Boscobel 9-3 Fennimore 7:15p"
6001,wi,"Wisconsin",Volleyball,"5-4 Valley Christian 1-4 Dodgeland 7:15p"
6002,wi,"Wisconsin",Volleyball,"0-1W Weston 1-0 Wauzeka-Steuben 7:15p"
6003,wi,"Wisconsin",Volleyball,"2-4C Cornell 0-0W Winter 7:15p"
6004,wi,"Wisconsin",Volleyball,"0-7 Luck 4-6 Grantsburg 7:15p"
6005,wi,"Wisconsin",Volleyball,"1-5 Parkview 9-0 (#22) Deerfield 7:15p"
6006,wi,"Wisconsin",Volleyball,"6-3 Central Wisconsin Christian 0-7 Wayland Academy 7:15p"
6007,wi,"Wisconsin",Volleyball,"3-2 Oakfield 5-1 Horicon 7:15p"
6008,wi,"Wisconsin",Volleyball,"5-3 Edgar 6-4 Columbus Catholic 7:15p"
6009,wi,"Wisconsin",Volleyball,"2-9 Southwestern 6-1 Mineral Point 7:15p"
6010,wi,"Wisconsin",Volleyball,"1-4 New Auburn 0-1N Northwood 7:15p"
6011,wi,"Wisconsin",Volleyball,"0-2L Lake Holcombe 0-1B Birchwood 7:15p"
6012,wi,"Wisconsin",Volleyball,"2-2 Flambeau 0-3 Bruce 7:15p"
6013,wi,"Wisconsin",Volleyball,"3-3 Palmyra-Eagle 6-1 Abundant Life 7:15p"
6014,wi,"Wisconsin",Volleyball,"4-4 Sun Prairie West 0-7 Janesville Parker 7:30p"
6015,wi,"Wisconsin",Volleyball,"Related ScoreboardsConferences Badger - LargeBadger - SmallBayBig EastBig EightBig RiversCapitol - NorthCapitol - SouthCentral Wisconsin EastCentral Wisconsin North Associations Wisconsin Interscholastic Athletic Association Metros Green BayLa CrosseMadisonMilwaukeeWausau"
6016,wi,"Wisconsin",Volleyball,"Thursday, Sep. 3 3-0 Bishop Moore 4-0 (#4) Orangewood Christian 6p 7-0 (#22) Mother McAuley 5-2 Lincoln-Way East 5p 0-2 Berkeley Prep 7-0 (#21) Calvary Christian 6:30p 10-0 (#3) Assumption 10-3 Providence 7p 3-0 (#10) Harrisburg 1-1 Washington 6:30p 2-4 Avon 10-0 (#25) Hamilton Southeastern 7:30p 1-0 (#11) Torrey Pines 11-0 (#1) Sierra Canyon 5:30p 6-3 Mira Costa 6-0 (#2) Mater Dei 5:45p 1-0 (#13) Cathedral Catholic 6-6 Southeast Career Tech 7p 0-2 Lincoln Christian 6-0 (#15) Norris"
6017,wi,"Wisconsin",Volleyball,"3-0 Bishop Moore 4-0 (#4) Orangewood Christian 6p"
6018,wi,"Wisconsin",Volleyball,"7-0 (#22) Mother McAuley 5-2 Lincoln-Way East 5p"
6019,wi,"Wisconsin",Volleyball,"0-2 Berkeley Prep 7-0 (#21) Calvary Christian 6:30p"
6020,wi,"Wisconsin",Volleyball,"10-0 (#3) Assumption 10-3 Providence 7p"
6021,wi,"Wisconsin",Volleyball,"3-0 (#10) Harrisburg 1-1 Washington 6:30p"
6022,wi,"Wisconsin",Volleyball,"2-4 Avon 10-0 (#25) Hamilton Southeastern 7:30p"
6023,wi,"Wisconsin",Volleyball,"1-0 (#11) Torrey Pines 11-0 (#1) Sierra Canyon 5:30p"
6024,wi,"Wisconsin",Volleyball,"6-3 Mira Costa 6-0 (#2) Mater Dei 5:45p"
6025,wi,"Wisconsin",Volleyball,"1-0 (#13) Cathedral Catholic 6-6 Southeast Career Tech 7p"
6026,wi,"Wisconsin",Volleyball,"0-2 Lincoln Christian 6-0 (#15) Norris"
6027,wy,"Wyoming",Volleyball,"There are 3 matches for Wyoming volleyball on Thu, 9/3/2026. The featured matches are by Wyoming top ranked teams #18 Niobrara County (Lusk, WY) @ Lingle-Fort Laramie (Lingle, WY), and #24 Glenrock (WY) @ Pine Bluffs (WY). The first match, #18 Niobrara County (Lusk, WY) @ Lingle-Fort Laramie (Lingle, WY), starts at 4:30p. Related Content Wyoming Girls Volleyball Stat LeadersWyoming Girls Volleyball PlayoffsWyoming Girls Volleyball Rankings Wyoming High School Volleyball Schedule 3 Matches 2-1 (#18) Niobrara County 1-2 Lingle-Fort Laramie 4:30p 2-3 (#24) Glenrock 1-4 Pine Bluffs 5p console.log('MaxPrepsAds - createMark: Element Defined - leaderboard-banner-inc1');performance && performance.mark && performance.mark('MaxPrepsAds - Element Defined: leaderboard-banner-inc1'); 0-2 Hot Springs County 0-1 Worland 5p"
6028,wy,"Wyoming",Volleyball,"2-1 (#18) Niobrara County 1-2 Lingle-Fort Laramie 4:30p"
6029,wy,"Wyoming",Volleyball,"2-3 (#24) Glenrock 1-4 Pine Bluffs 5p"
6030,wy,"Wyoming",Volleyball,"0-2 Hot Springs County 0-1 Worland 5p"
6031,wy,"Wyoming",Volleyball,"Related ScoreboardsConferences 1A Northeast1A Northwest1A Southeast1A Southwest2A Northeast2A Northwest2A Southwest3A Northeast3A Northwest3A Southeast Associations Wyoming High School Activities Association Metros CasperCheyenne"
6032,wy,"Wyoming",Volleyball,"Thursday, Sep. 3 3-0 Bishop Moore 4-0 (#4) Orangewood Christian 6p 7-0 (#22) Mother McAuley 5-2 Lincoln-Way East 5p 0-2 Berkeley Prep 7-0 (#21) Calvary Christian 6:30p 10-0 (#3) Assumption 10-3 Providence 7p 3-0 (#10) Harrisburg 1-1 Washington 6:30p 2-4 Avon 10-0 (#25) Hamilton Southeastern 7:30p 1-0 (#11) Torrey Pines 11-0 (#1) Sierra Canyon 5:30p 6-3 Mira Costa 6-0 (#2) Mater Dei 5:45p 1-0 (#13) Cathedral Catholic 6-6 Southeast Career Tech 7p 0-2 Lincoln Christian 6-0 (#15) Norris"
6033,wy,"Wyoming",Volleyball,"3-0 Bishop Moore 4-0 (#4) Orangewood Christian 6p"
6034,wy,"Wyoming",Volleyball,"7-0 (#22) Mother McAuley 5-2 Lincoln-Way East 5p"
6035,wy,"Wyoming",Volleyball,"0-2 Berkeley Prep 7-0 (#21) Calvary Christian 6:30p"
6036,wy,"Wyoming",Volleyball,"10-0 (#3) Assumption 10-3 Providence 7p"
6037,wy,"Wyoming",Volleyball,"3-0 (#10) Harrisburg 1-1 Washington 6:30p"
6038,wy,"Wyoming",Volleyball,"2-4 Avon 10-0 (#25) Hamilton Southeastern 7:30p"
6039,wy,"Wyoming",Volleyball,"1-0 (#11) Torrey Pines 11-0 (#1) Sierra Canyon 5:30p"
6040,wy,"Wyoming",Volleyball,"6-3 Mira Costa 6-0 (#2) Mater Dei 5:45p"
6041,wy,"Wyoming",Volleyball,"1-0 (#13) Cathedral Catholic 6-6 Southeast Career Tech 7p"
6042,wy,"Wyoming",Volleyball,"0-2 Lincoln Christian 6-0 (#15) Norris"
