No,MatchName,Sport,Region,Date,Time,Game_Info,Relative_Path,Full_URL,Slug_Short,Team1_Mascot,Team2_Mascot,Team1_URL,Team2_URL,Team1_Thumb,Team2_Thumb
1,"Thompson Alabaster vs Vestavia Hills",Football,"Alabama",9/5/2026,7:30 PM,"The Vestavia Hills varsity football team has a game @ Thompson Alabaster (Alabama).","/al/football/game/thompson-alabaster-vs-vestavia-hills/9-4-2026/?c=592c6bca-5e37-4616-9dee-75190a10da96","https://www.maxpreps.com/al/football/game/thompson-alabaster-vs-vestavia-hills/9-4-2026/?c=592c6bca-5e37-4616-9dee-75190a10da96",e43,"Rebels","Warriors","https://www.maxpreps.com/al/thompson-alabaster/football/","https://www.maxpreps.com/al/vestavia-hills/football/","https://image.maxpreps.io/school-mascot/4/9/3/493a7c03-17c9-48f1-a8bb-fbb0b9364256.gif?version=638253699600000000&amp;width=128&amp;height=128&amp;auto=webp&amp;format=pjpg","https://image.maxpreps.io/school-mascot/f/d/8/fd85c43e-1a06-49c8-a805-b2c8fe9588ed.gif?version=638253696000000000&amp;width=128&amp;height=128&amp;auto=webp&amp;format=pjpg"
2,"Hewitt Trussville vs Hoover",Football,"Alabama",9/5/2026,7:30 PM,"The Hoover varsity football team has a game @ Hewitt Trussville (Alabama).","/al/football/game/hewitt-trussville-vs-hoover/9-4-2026/?c=d69aface-ab32-4f1e-95cb-fe5ab412511a","https://www.maxpreps.com/al/football/game/hewitt-trussville-vs-hoover/9-4-2026/?c=d69aface-ab32-4f1e-95cb-fe5ab412511a",af5,"Bucs","Huskies","https://www.maxpreps.com/al/hewitt-trussville/football/","https://www.maxpreps.com/al/hoover/football/","https://image.maxpreps.io/school-mascot/c/5/a/c5a22c7b-ff61-416b-be5d-f18948147988.gif?version=638234689200000000&amp;width=128&amp;height=128&amp;auto=webp&amp;format=pjpg","https://image.maxpreps.io/school-mascot/5/4/1/541aeea2-fce9-41fb-a02b-9d8e810c24a7.gif?version=638234686200000000&amp;width=128&amp;height=128&amp;auto=webp&amp;format=pjpg"
3,"Gulf Shores vs Saraland",Football,"Alabama",9/5/2026,7:30 PM,"The Saraland varsity football team has a game @ Gulf Shores (Alabama).","/al/football/game/gulf-shores-vs-saraland/9-4-2026/?c=53e91f25-cd1b-43f2-b58c-b831a5eff588","https://www.maxpreps.com/al/football/game/gulf-shores-vs-saraland/9-4-2026/?c=53e91f25-cd1b-43f2-b58c-b831a5eff588",8f8,"Dolphins","Spartans","https://www.maxpreps.com/al/gulf-shores/football/","https://www.maxpreps.com/al/saraland/football/","https://image.maxpreps.io/school-mascot/a/b/7/ab7be16f-9d97-4419-abb2-cf0786f0ddf9.gif?version=638229444000000000&amp;width=128&amp;height=128&amp;auto=webp&amp;format=pjpg","https://image.maxpreps.io/school-mascot/c/b/3/cb3e2346-78ff-4642-9bdb-ff0eb37c96d9.gif?version=638253672000000000&amp;width=128&amp;height=128&amp;auto=webp&amp;format=pjpg"
4,"Lakeside School Eufaula vs Miracle Academy Birmingham",Football,"Alabama",9/5/2026,7:30 PM,"The Miracle Academy Birmingham varsity football team has a game @ Lakeside School Eufaula (Alabama).","/al/football/game/lakeside-school-eufaula-vs-miracle-academy-birmingham/9-4-2026/?c=1031ae78-82cb-4c45-8621-b2f9af90d791","https://www.maxpreps.com/al/football/game/lakeside-school-eufaula-vs-miracle-academy-birmingham/9-4-2026/?c=1031ae78-82cb-4c45-8621-b2f9af90d791",1473,"Chiefs","TBD","https://www.maxpreps.com/al/lakeside-school-eufaula/football/","https://www.maxpreps.com/al/miracle-academy-birmingham/football/","https://image.maxpreps.io/school-mascot/c/e/4/ce4353ae-87e5-47a8-a044-251a94baa4ea.gif?version=636576517200000000&amp;width=128&amp;height=128&amp;auto=webp&amp;format=pjpg","https://asset.maxpreps.io/includes/images/logos/maxpreps-logo-white-2025.png"
5,"Fyffe vs Section",Football,"Alabama",9/5/2026,7:30 PM,"The Section varsity football team has a game @ Fyffe (Alabama).","/al/football/game/fyffe-vs-section/9-4-2026/?c=fca29ca3-afd8-45c0-93eb-d6278ae97479","https://www.maxpreps.com/al/football/game/fyffe-vs-section/9-4-2026/?c=fca29ca3-afd8-45c0-93eb-d6278ae97479",648,"Red Devils","Lions","https://www.maxpreps.com/al/fyffe/football/","https://www.maxpreps.com/al/section/football/","https://image.maxpreps.io/school-mascot/0/5/a/05a61c2b-2725-4304-a2c2-7811a2a7b608.gif?version=638225187600000000&amp;width=128&amp;height=128&amp;auto=webp&amp;format=pjpg","https://image.maxpreps.io/school-mascot/0/8/e/08e49eb1-e6ee-43ad-ad0b-43b4bfab6c0f.gif?version=638253674400000000&amp;width=128&amp;height=128&amp;auto=webp&amp;format=pjpg"
6,"Evangel Christian Academy Montgomery vs Springwood Lanett",Football,"Alabama",9/5/2026,7:30 PM,"The Springwood Lanett varsity football team has a game @ Evangel Christian Academy Montgomery (Alabama).","/al/football/game/evangel-christian-academy-montgomery-vs-springwood-lanett/9-4-2026/?c=73a4635c-f556-42c2-bd1d-7b6b485c63f1","https://www.maxpreps.com/al/football/game/evangel-christian-academy-montgomery-vs-springwood-lanett/9-4-2026/?c=73a4635c-f556-42c2-bd1d-7b6b485c63f1",1697,"Lions","Wildcats","https://www.maxpreps.com/al/evangel-christian-academy-montgomery/football/","https://www.maxpreps.com/al/springwood-lanett/football/","https://image.maxpreps.io/school-mascot/0/5/e/05e58a6e-6449-4f45-9fd3-c416066184f3.gif?version=637423138800000000&amp;width=128&amp;height=128&amp;auto=webp&amp;format=pjpg","https://image.maxpreps.io/school-mascot/a/9/3/a933ae4e-75c9-4922-b3b2-be98e12b1a56.gif?version=638222452800000000&amp;width=128&amp;height=128&amp;auto=webp&amp;format=pjpg"
7,"Bessemer Academy vs Jackson Academy",Football,"Alabama",9/5/2026,7:30 PM,"The Jackson Academy varsity football team has a game @ Bessemer Academy (Alabama).","/al/football/game/bessemer-academy-vs-jackson-academy/9-4-2026/?c=e6690ead-00e7-414b-b409-31f7082eab8e","https://www.maxpreps.com/al/football/game/bessemer-academy-vs-jackson-academy/9-4-2026/?c=e6690ead-00e7-414b-b409-31f7082eab8e",d84,"Eagles","Rebels","https://www.maxpreps.com/al/bessemer-academy/football/","https://www.maxpreps.com/al/jackson-academy/football/","https://image.maxpreps.io/school-mascot/8/2/b/82b4ffb3-e0e3-4219-aef2-d6c998fc16b8.gif?version=638876460044254110&amp;width=128&amp;height=128&amp;auto=webp&amp;format=pjpg","https://image.maxpreps.io/school-mascot/1/b/0/1b0906c7-41dd-4665-b28e-2e60fe49427e.gif?version=639206574880420700&amp;width=128&amp;height=128&amp;auto=webp&amp;format=pjpg"
8,"Gadsden City vs Sparkman Harvest",Football,"Alabama",9/5/2026,7:30 PM,"The Sparkman Harvest varsity football team has a game @ Gadsden City (Alabama).","/al/football/game/gadsden-city-vs-sparkman-harvest/9-4-2026/?c=1ccb86d7-b40e-45e4-adaa-564b9ad453d6","https://www.maxpreps.com/al/football/game/gadsden-city-vs-sparkman-harvest/9-4-2026/?c=1ccb86d7-b40e-45e4-adaa-564b9ad453d6",c86,"Senators","Titans","https://www.maxpreps.com/al/gadsden-city/football/","https://www.maxpreps.com/al/sparkman-harvest/football/","https://image.maxpreps.io/school-mascot/a/a/c/aace18ad-57d4-4921-8d55-93b179c246fa.gif?version=638249393400000000&amp;width=128&amp;height=128&amp;auto=webp&amp;format=pjpg","https://image.maxpreps.io/school-mascot/4/d/9/4d96ba46-91c2-44fa-b4b8-1f5b447fa9ef.gif?version=638228651400000000&amp;width=128&amp;height=128&amp;auto=webp&amp;format=pjpg"
9,"Leeds vs Sylacauga",Football,"Alabama",9/5/2026,7:30 PM,"The Sylacauga varsity football team has a game @ Leeds (Alabama).","/al/football/game/leeds-vs-sylacauga/9-4-2026/?c=17e78f5c-dd07-47af-bd23-5d818cd7873f","https://www.maxpreps.com/al/football/game/leeds-vs-sylacauga/9-4-2026/?c=17e78f5c-dd07-47af-bd23-5d818cd7873f",70a,"Greenwave","Aggies","https://www.maxpreps.com/al/leeds/football/","https://www.maxpreps.com/al/sylacauga/football/","https://image.maxpreps.io/school-mascot/6/1/1/6111ce28-98b0-49f7-86dd-f8e130d8224f.gif?version=638241479400000000&amp;width=128&amp;height=128&amp;auto=webp&amp;format=pjpg","https://image.maxpreps.io/school-mascot/9/7/d/97dd471e-3732-4921-916c-21576e75e20b.gif?version=638249401200000000&amp;width=128&amp;height=128&amp;auto=webp&amp;format=pjpg"
10,"Deshler Tuscumbia vs Lawrence County Moulton",Football,"Alabama",9/5/2026,7:30 PM,"The Lawrence County Moulton varsity football team has a game @ Deshler Tuscumbia (Alabama).","/al/football/game/deshler-tuscumbia-vs-lawrence-county-moulton/9-4-2026/?c=12d7cbb3-70c1-428f-84c5-7468516640a1","https://www.maxpreps.com/al/football/game/deshler-tuscumbia-vs-lawrence-county-moulton/9-4-2026/?c=12d7cbb3-70c1-428f-84c5-7468516640a1",117f,"Tigers","Red Devils","https://www.maxpreps.com/al/deshler-tuscumbia/football/","https://www.maxpreps.com/al/lawrence-county-moulton/football/","https://image.maxpreps.io/school-mascot/4/9/7/497d5242-1c43-48cd-befc-a73f49ce2d4a.gif?version=638216564400000000&amp;width=128&amp;height=128&amp;auto=webp&amp;format=pjpg","https://image.maxpreps.io/school-mascot/9/f/7/9f71562e-f130-42d5-9c56-8c9a73fc403b.gif?version=638241478200000000&amp;width=128&amp;height=128&amp;auto=webp&amp;format=pjpg"
11,"Lighthouse Homeschool Oneonta vs Southern Christian Opelika",Football,"Alabama",9/5/2026,7:30 PM,"The Southern Christian Opelika varsity football team has a game @ Lighthouse Homeschool Oneonta (Alabama).","/al/football/game/lighthouse-homeschool-oneonta-vs-southern-christian-opelika/9-4-2026/?c=77540e7b-0b63-43b5-a7c7-b1c21f77c1fd","https://www.maxpreps.com/al/football/game/lighthouse-homeschool-oneonta-vs-southern-christian-opelika/9-4-2026/?c=77540e7b-0b63-43b5-a7c7-b1c21f77c1fd",177a,"Patriots","Warriors","https://www.maxpreps.com/al/lighthouse-homeschool-oneonta/football/","https://www.maxpreps.com/al/southern-christian-opelika/football/","https://image.maxpreps.io/school-mascot/4/0/c/40c0a841-ebca-42a5-965a-a7d28f1dd52a.gif?version=638607075291209780&amp;width=128&amp;height=128&amp;auto=webp&amp;format=pjpg","https://image.maxpreps.io/school-mascot/a/e/3/ae306db7-bbc3-4471-b18d-051b31b7990b.gif?version=635797979400000000&amp;width=128&amp;height=128&amp;auto=webp&amp;format=pjpg"
12,"Glenwood Phenix City vs Houston Academy Dothan",Football,"Alabama",9/5/2026,7:30 PM,"The Houston Academy Dothan varsity football team has a game @ Glenwood Phenix City (Alabama).","/al/football/game/glenwood-phenix-city-vs-houston-academy-dothan/9-4-2026/?c=a0392fdc-379f-4bcd-a6b8-6aa745984c45","https://www.maxpreps.com/al/football/game/glenwood-phenix-city-vs-houston-academy-dothan/9-4-2026/?c=a0392fdc-379f-4bcd-a6b8-6aa745984c45",11fd,"Gators","Raiders","https://www.maxpreps.com/al/glenwood-phenix-city/football/","https://www.maxpreps.com/al/houston-academy-dothan/football/","https://image.maxpreps.io/school-mascot/6/8/3/68365369-82e6-4179-a3b5-eb5819ead6be.gif?version=635575183200000000&amp;width=128&amp;height=128&amp;auto=webp&amp;format=pjpg","https://image.maxpreps.io/school-mascot/4/e/8/4e877698-dd8f-4c40-9620-83a23116e648.gif?version=638234689800000000&amp;width=128&amp;height=128&amp;auto=webp&amp;format=pjpg"
13,"Southern Prep Academy Camp Hill vs Valiant Cross Academy Montgomery",Football,"Alabama",9/5/2026,7:30 PM,"The Valiant Cross Academy Montgomery varsity football team has a game @ Southern Prep Academy Camp Hill (Alabama).","/al/football/game/southern-prep-academy-camp-hill-vs-valiant-cross-academy-montgomery/9-4-2026/?c=ce5ebbe8-4903-4e00-9556-6fe611c59703","https://www.maxpreps.com/al/football/game/southern-prep-academy-camp-hill-vs-valiant-cross-academy-montgomery/9-4-2026/?c=ce5ebbe8-4903-4e00-9556-6fe611c59703",1a09,"Warriors","Rangers","https://www.maxpreps.com/al/southern-prep-academy-camp-hill/football/","https://www.maxpreps.com/al/valiant-cross-academy-montgomery/football/","https://image.maxpreps.io/school-mascot/6/0/3/6036edfd-af17-480b-b42b-871c773f83f5.gif?version=638869547726102220&amp;width=128&amp;height=128&amp;auto=webp&amp;format=pjpg","https://image.maxpreps.io/school-mascot/f/2/1/f21dab42-efbf-45be-bd8b-2feafe6f8038.gif?version=638938208103070710&amp;width=128&amp;height=128&amp;auto=webp&amp;format=pjpg"
14,"Priceville vs West Point Cullman",Football,"Alabama",9/5/2026,7:30 PM,"The West Point Cullman varsity football team has a game @ Priceville (Alabama).","/al/football/game/priceville-vs-west-point-cullman/9-4-2026/?c=7450b0d5-2456-4e84-ae5f-640373e25304","https://www.maxpreps.com/al/football/game/priceville-vs-west-point-cullman/9-4-2026/?c=7450b0d5-2456-4e84-ae5f-640373e25304",ca5,"Bulldogs","Warriors","https://www.maxpreps.com/al/priceville/football/","https://www.maxpreps.com/al/west-point-cullman/football/","https://image.maxpreps.io/school-mascot/d/4/b/d4bd745e-82a5-44c4-8344-ec53de1a4435.gif?version=638253638400000000&amp;width=128&amp;height=128&amp;auto=webp&amp;format=pjpg","https://image.maxpreps.io/school-mascot/6/2/d/62d9303b-93c7-4190-8cc5-8c20e043a822.gif?version=638253704400000000&amp;width=128&amp;height=128&amp;auto=webp&amp;format=pjpg"
15,"Abbeville vs Barbour County Clayton",Football,"Alabama",9/5/2026,7:30 PM,"The Barbour County Clayton varsity football team has a game @ Abbeville (Alabama).","/al/football/game/abbeville-vs-barbour-county-clayton/9-4-2026/?c=98d46d1b-6bc9-4137-8119-507f54d6d352","https://www.maxpreps.com/al/football/game/abbeville-vs-barbour-county-clayton/9-4-2026/?c=98d46d1b-6bc9-4137-8119-507f54d6d352",dcc,"Yellowjackets","Jaguars","https://www.maxpreps.com/al/abbeville/football/","https://www.maxpreps.com/al/barbour-county-clayton/football/","https://image.maxpreps.io/school-mascot/7/8/e/78ee5e47-5386-4384-8a8b-0628cf8b9e8b.gif?version=638212999800000000&amp;width=128&amp;height=128&amp;auto=webp&amp;format=pjpg","https://image.maxpreps.io/school-mascot/5/e/3/5e31c529-34e4-42ce-8e02-eb93e0def10c.gif?version=638213106600000000&amp;width=128&amp;height=128&amp;auto=webp&amp;format=pjpg"
16,"Jacksonville vs Lincoln",Football,"Alabama",9/5/2026,7:30 PM,"The Lincoln varsity football team has a game @ Jacksonville (Alabama).","/al/football/game/jacksonville-vs-lincoln/9-4-2026/?c=fdf7d46d-9044-4f5c-bc91-1259716fc53f","https://www.maxpreps.com/al/football/game/jacksonville-vs-lincoln/9-4-2026/?c=fdf7d46d-9044-4f5c-bc91-1259716fc53f",937,"Golden Bears","Golden Eagles","https://www.maxpreps.com/al/jacksonville/football/","https://www.maxpreps.com/al/lincoln/football/","https://image.maxpreps.io/school-mascot/7/d/0/7d00e3ae-f27b-4f75-a82e-d8b85eb58099.gif?version=638241486000000000&amp;width=128&amp;height=128&amp;auto=webp&amp;format=pjpg","https://image.maxpreps.io/school-mascot/b/e/a/bea725cc-e8cd-431c-a9ea-e80b2fe870a5.gif?version=638235459600000000&amp;width=128&amp;height=128&amp;auto=webp&amp;format=pjpg"
17,"Bullock County Union Springs vs Wicksburg Newton",Football,"Alabama",9/5/2026,7:30 PM,"The Wicksburg Newton varsity football team has a game @ Bullock County Union Springs (Alabama).","/al/football/game/bullock-county-union-springs-vs-wicksburg-newton/9-4-2026/?c=2ceb065a-d30c-4e0a-b90c-4852e3364448","https://www.maxpreps.com/al/football/game/bullock-county-union-springs-vs-wicksburg-newton/9-4-2026/?c=2ceb065a-d30c-4e0a-b90c-4852e3364448",1320,"Hornets","Panthers","https://www.maxpreps.com/al/bullock-county-union-springs/football/","https://www.maxpreps.com/al/wicksburg-newton/football/","https://image.maxpreps.io/school-mascot/f/2/8/f289a5ec-57c8-40aa-90c9-1a0d7ded7b5c.gif?version=638215519800000000&amp;width=128&amp;height=128&amp;auto=webp&amp;format=pjpg","https://image.maxpreps.io/school-mascot/6/c/7/6c7e1c35-8747-40b4-aef2-61efd47dd5eb.gif?version=638253706200000000&amp;width=128&amp;height=128&amp;auto=webp&amp;format=pjpg"
18,"Mortimer Jordan Kimberly vs Parker Birmingham",Football,"Alabama",9/5/2026,7:30 PM,"The Parker Birmingham varsity football team has a game @ Mortimer Jordan Kimberly (Alabama).","/al/football/game/mortimer-jordan-kimberly-vs-parker-birmingham/9-4-2026/?c=a1824ea1-3671-4f47-bda6-dbd7550f9687","https://www.maxpreps.com/al/football/game/mortimer-jordan-kimberly-vs-parker-birmingham/9-4-2026/?c=a1824ea1-3671-4f47-bda6-dbd7550f9687",11b9,"Thundering Herd","Blue Devils","https://www.maxpreps.com/al/mortimer-jordan-kimberly/football/","https://www.maxpreps.com/al/parker-birmingham/football/","https://image.maxpreps.io/school-mascot/6/6/1/6615552f-de84-43b3-aabb-2f4324c73f24.gif?version=638212222800000000&amp;width=128&amp;height=128&amp;auto=webp&amp;format=pjpg","https://image.maxpreps.io/school-mascot/7/1/1/711c3975-250c-4e4f-bedd-24af12ebf473.gif?version=638241475800000000&amp;width=128&amp;height=128&amp;auto=webp&amp;format=pjpg"
19,"Horseshoe Bend New Site vs Lanett",Football,"Alabama",9/5/2026,7:30 PM,"The Lanett varsity football team has a game @ Horseshoe Bend New Site (Alabama).","/al/football/game/horseshoe-bend-new-site-vs-lanett/9-4-2026/?c=7b9fa3ce-acfe-45fb-bccd-bd23a8a2894c","https://www.maxpreps.com/al/football/game/horseshoe-bend-new-site-vs-lanett/9-4-2026/?c=7b9fa3ce-acfe-45fb-bccd-bd23a8a2894c",cba,"Panthers","Generals","https://www.maxpreps.com/al/horseshoe-bend-new-site/football/","https://www.maxpreps.com/al/lanett/football/","https://image.maxpreps.io/school-mascot/c/8/d/c8d611a5-44f4-4b78-a4b6-b517e8159e00.gif?version=638241477600000000&amp;width=128&amp;height=128&amp;auto=webp&amp;format=pjpg","https://image.maxpreps.io/school-mascot/7/8/6/786636ca-3e7f-48a6-b8c1-31b916fc2e06.gif?version=638234689800000000&amp;width=128&amp;height=128&amp;auto=webp&amp;format=pjpg"
20,"Holly Pond vs Oneonta",Football,"Alabama",9/5/2026,7:30 PM,"The Oneonta varsity football team has a game @ Holly Pond (Alabama).","/al/football/game/holly-pond-vs-oneonta/9-4-2026/?c=7a554713-b3c7-42ed-a2f5-8bf6f1b08f96","https://www.maxpreps.com/al/football/game/holly-pond-vs-oneonta/9-4-2026/?c=7a554713-b3c7-42ed-a2f5-8bf6f1b08f96",83d,"Redskins","Broncos","https://www.maxpreps.com/al/holly-pond/football/","https://www.maxpreps.com/al/oneonta/football/","https://image.maxpreps.io/school-mascot/8/9/3/8938631f-5f99-4360-9ddb-0f8d185d1480.gif?version=638253625200000000&amp;width=128&amp;height=128&amp;auto=webp&amp;format=pjpg","https://image.maxpreps.io/school-mascot/e/c/9/ec9e16a8-893e-44a7-a3b7-080196e79cf3.gif?version=638664089500603280&amp;width=128&amp;height=128&amp;auto=webp&amp;format=pjpg"
21,"Cedar Bluff vs Ragland",Football,"Alabama",9/5/2026,7:30 PM,"The Ragland varsity football team has a game @ Cedar Bluff (Alabama).","/al/football/game/cedar-bluff-vs-ragland/9-4-2026/?c=ce478895-c478-4827-a68b-4494d6010e02","https://www.maxpreps.com/al/football/game/cedar-bluff-vs-ragland/9-4-2026/?c=ce478895-c478-4827-a68b-4494d6010e02",857,"Purple Devils","Tigers","https://www.maxpreps.com/al/cedar-bluff/football/","https://www.maxpreps.com/al/ragland/football/","https://image.maxpreps.io/school-mascot/6/7/0/670aef1f-0fe8-4234-93cd-845a0ded73d0.gif?version=638253639000000000&amp;width=128&amp;height=128&amp;auto=webp&amp;format=pjpg","https://image.maxpreps.io/school-mascot/9/e/0/9e00e6b3-d670-4824-81e7-f6a1c46174b6.gif?version=638215522200000000&amp;width=128&amp;height=128&amp;auto=webp&amp;format=pjpg"
22,"Clay Chalkville Pinson vs Springville",Football,"Alabama",9/5/2026,7:30 PM,"The Springville varsity football team has a game @ Clay Chalkville Pinson (Alabama).","/al/football/game/clay-chalkville-pinson-vs-springville/9-4-2026/?c=09124754-ce01-4c52-8bd6-ecdc98043270","https://www.maxpreps.com/al/football/game/clay-chalkville-pinson-vs-springville/9-4-2026/?c=09124754-ce01-4c52-8bd6-ecdc98043270",eab,"Cougars","Tigers","https://www.maxpreps.com/al/clay-chalkville-pinson/football/","https://www.maxpreps.com/al/springville/football/","https://image.maxpreps.io/school-mascot/d/1/0/d10ba1be-e353-4009-bd7b-99311091eeb0.gif?version=638215673400000000&amp;width=128&amp;height=128&amp;auto=webp&amp;format=pjpg","https://image.maxpreps.io/school-mascot/7/d/d/7ddec700-9aa7-4f78-9b6b-9dfa10638107.gif?version=638249394600000000&amp;width=128&amp;height=128&amp;auto=webp&amp;format=pjpg"
23,"Booker T Washington Tuskegee vs Slocomb",Football,"Alabama",9/5/2026,7:30 PM,"The Slocomb varsity football team has a game @ Booker T Washington Tuskegee (Alabama).","/al/football/game/booker-t-washington-tuskegee-vs-slocomb/9-4-2026/?c=041bb3dd-33ea-4eae-b841-40ca8fb852d5","https://www.maxpreps.com/al/football/game/booker-t-washington-tuskegee-vs-slocomb/9-4-2026/?c=041bb3dd-33ea-4eae-b841-40ca8fb852d5",f4e,"Golden Eagles","Red Tops","https://www.maxpreps.com/al/booker-t-washington-tuskegee/football/","https://www.maxpreps.com/al/slocomb/football/","https://image.maxpreps.io/school-mascot/7/0/a/70a001a1-be89-4155-9aff-aefe665430d6.gif?version=638213110800000000&amp;width=128&amp;height=128&amp;auto=webp&amp;format=pjpg","https://image.maxpreps.io/school-mascot/d/c/e/dceb86b1-c48f-4785-b7bb-14ffa3ce2c7c.gif?version=638253691200000000&amp;width=128&amp;height=128&amp;auto=webp&amp;format=pjpg"
24,"Albertville vs Arab",Football,"Alabama",9/5/2026,7:30 PM,"The Arab varsity football team has a game @ Albertville (Alabama).","/al/football/game/albertville-vs-arab/9-4-2026/?c=0dbde875-2590-492d-83a1-db24a9c97241","https://www.maxpreps.com/al/football/game/albertville-vs-arab/9-4-2026/?c=0dbde875-2590-492d-83a1-db24a9c97241",76f,"Knights","Aggies","https://www.maxpreps.com/al/albertville/football/","https://www.maxpreps.com/al/arab/football/","https://image.maxpreps.io/school-mascot/6/7/0/670d85aa-6301-44c5-90bc-e8089f42f4ea.gif?version=638212996800000000&amp;width=128&amp;height=128&amp;auto=webp&amp;format=pjpg","https://image.maxpreps.io/school-mascot/7/0/9/709df29e-028c-48ba-bdc9-eed11432511d.gif?version=638213003400000000&amp;width=128&amp;height=128&amp;auto=webp&amp;format=pjpg"
25,"Tuscaloosa Academy vs Victory Christian Pell City",Football,"Alabama",9/5/2026,7:30 PM,"The Victory Christian Pell City varsity football team has a game @ Tuscaloosa Academy (Alabama).","/al/football/game/tuscaloosa-academy-vs-victory-christian-pell-city/9-4-2026/?c=1a73591a-e5cc-4413-836a-ecf8770f627d","https://www.maxpreps.com/al/football/game/tuscaloosa-academy-vs-victory-christian-pell-city/9-4-2026/?c=1a73591a-e5cc-4413-836a-ecf8770f627d",1344,"Lions","Knights","https://www.maxpreps.com/al/tuscaloosa-academy/football/","https://www.maxpreps.com/al/victory-christian-pell-city/football/","https://image.maxpreps.io/school-mascot/7/5/a/75a92b7c-48ae-4645-85d1-6d1d09981413.gif?version=638253697200000000&amp;width=128&amp;height=128&amp;auto=webp&amp;format=pjpg","https://asset.maxpreps.io/includes/images/logos/maxpreps-logo-white-2025.png"
26,"Oak Mountain Birmingham vs Spain Park Hoover",Football,"Alabama",9/5/2026,7:30 PM,"The Spain Park Hoover varsity football team has a game @ Oak Mountain Birmingham (Alabama).","/al/football/game/oak-mountain-birmingham-vs-spain-park-hoover/9-4-2026/?c=344d24e1-2782-4410-99bb-4d750de71389","https://www.maxpreps.com/al/football/game/oak-mountain-birmingham-vs-spain-park-hoover/9-4-2026/?c=344d24e1-2782-4410-99bb-4d750de71389",1117,"Eagles","Jaguars","https://www.maxpreps.com/al/oak-mountain-birmingham/football/","https://www.maxpreps.com/al/spain-park-hoover/football/","https://image.maxpreps.io/school-mascot/d/1/e/d1e0e5f5-29c7-4eb2-ab39-af3bb781baf9.gif?version=638253624000000000&amp;width=128&amp;height=128&amp;auto=webp&amp;format=pjpg","https://image.maxpreps.io/school-mascot/7/4/2/7425f644-63c3-4f07-9766-b2a1b26fc12a.gif?version=638253693000000000&amp;width=128&amp;height=128&amp;auto=webp&amp;format=pjpg"
27,"Cordova vs Fultondale Birmingham",Football,"Alabama",9/5/2026,7:30 PM,"The Fultondale Birmingham varsity football team has a game @ Cordova (Alabama).","/al/football/game/cordova-vs-fultondale-birmingham/9-4-2026/?c=aca6bed9-1e48-4002-9e6f-d6010bfec42d","https://www.maxpreps.com/al/football/game/cordova-vs-fultondale-birmingham/9-4-2026/?c=aca6bed9-1e48-4002-9e6f-d6010bfec42d",caa,"Blue Devils","Wildcats","https://www.maxpreps.com/al/cordova/football/","https://www.maxpreps.com/al/fultondale-birmingham/football/","https://image.maxpreps.io/school-mascot/7/3/b/73bb7f0d-6627-4c56-8830-0de084d36e9e.gif?version=638215678800000000&amp;width=128&amp;height=128&amp;auto=webp&amp;format=pjpg","https://image.maxpreps.io/school-mascot/8/a/1/8a10f3c8-c7fb-421c-9717-76724ea1cd51.gif?version=638225183400000000&amp;width=128&amp;height=128&amp;auto=webp&amp;format=pjpg"
28,"Cleburne County Heflin vs White Plains Anniston",Football,"Alabama",9/5/2026,7:30 PM,"The White Plains Anniston varsity football team has a game @ Cleburne County Heflin (Alabama).","/al/football/game/cleburne-county-heflin-vs-white-plains-anniston/9-4-2026/?c=45fb65fb-040f-4d60-82e2-1660464dcade","https://www.maxpreps.com/al/football/game/cleburne-county-heflin-vs-white-plains-anniston/9-4-2026/?c=45fb65fb-040f-4d60-82e2-1660464dcade",1271,"Tigers","Wildcats","https://www.maxpreps.com/al/cleburne-county-heflin/football/","https://www.maxpreps.com/al/white-plains-anniston/football/","https://image.maxpreps.io/school-mascot/7/4/0/7408877a-09da-42a7-a28c-7eff37a42ae7.gif?version=638612339121180980&amp;width=128&amp;height=128&amp;auto=webp&amp;format=pjpg","https://image.maxpreps.io/school-mascot/9/e/c/9ec0074a-bc83-475e-868a-8e7911b4461c.gif?version=638253705600000000&amp;width=128&amp;height=128&amp;auto=webp&amp;format=pjpg"
29,"Demopolis vs Jemison",Football,"Alabama",9/5/2026,7:30 PM,"The Jemison varsity football team has a game @ Demopolis (Alabama).","/al/football/game/demopolis-vs-jemison/9-4-2026/?c=408f2634-5a7a-454b-b2c0-8c48e4d13da8","https://www.maxpreps.com/al/football/game/demopolis-vs-jemison/9-4-2026/?c=408f2634-5a7a-454b-b2c0-8c48e4d13da8",804,"Tigers","Panthers","https://www.maxpreps.com/al/demopolis/football/","https://www.maxpreps.com/al/jemison/football/","https://image.maxpreps.io/school-mascot/6/4/a/64a71063-870c-4640-99b0-e049befb8857.gif?version=638216564400000000&amp;width=128&amp;height=128&amp;auto=webp&amp;format=pjpg","https://image.maxpreps.io/school-mascot/a/1/6/a162b556-3294-449f-9ed6-3129648ae11e.gif?version=638235460800000000&amp;width=128&amp;height=128&amp;auto=webp&amp;format=pjpg"
30,"Etowah Attalla vs Hokes Bluff",Football,"Alabama",9/5/2026,7:30 PM,"The Hokes Bluff varsity football team has a game @ Etowah Attalla (Alabama).","/al/football/game/etowah-attalla-vs-hokes-bluff/9-4-2026/?c=3bf8bfa4-f270-4cd9-bd77-7cb4473e143a","https://www.maxpreps.com/al/football/game/etowah-attalla-vs-hokes-bluff/9-4-2026/?c=3bf8bfa4-f270-4cd9-bd77-7cb4473e143a",b31,"Eagles","Blue Devils","https://www.maxpreps.com/al/etowah-attalla/football/","https://www.maxpreps.com/al/hokes-bluff/football/","https://image.maxpreps.io/school-mascot/5/4/d/54dbaa83-011c-4279-a566-f4c3f61094b8.gif?version=638234687400000000&amp;width=128&amp;height=128&amp;auto=webp&amp;format=pjpg","https://image.maxpreps.io/school-mascot/f/c/d/fcd31af2-4aae-469a-8931-c37afb314d74.gif?version=638225147400000000&amp;width=128&amp;height=128&amp;auto=webp&amp;format=pjpg"
31,"Good Hope Cullman vs Guntersville",Football,"Alabama",9/5/2026,7:30 PM,"The Guntersville varsity football team has a game @ Good Hope Cullman (Alabama).","/al/football/game/good-hope-cullman-vs-guntersville/9-4-2026/?c=f1521a2b-27a3-4bca-bac3-40cd0f5e6b36","https://www.maxpreps.com/al/football/game/good-hope-cullman-vs-guntersville/9-4-2026/?c=f1521a2b-27a3-4bca-bac3-40cd0f5e6b36",d02,"Wildcats","Raiders","https://www.maxpreps.com/al/good-hope-cullman/football/","https://www.maxpreps.com/al/guntersville/football/","https://image.maxpreps.io/school-mascot/d/e/5/de507051-ce7b-478a-881f-dc03d589387d.gif?version=638229444000000000&amp;width=128&amp;height=128&amp;auto=webp&amp;format=pjpg","https://image.maxpreps.io/school-mascot/5/9/6/596d656b-7d91-45d4-ae31-287956f6a4b7.gif?version=638229440400000000&amp;width=128&amp;height=128&amp;auto=webp&amp;format=pjpg"
32,"Chilton County Clanton vs Ramsay Birmingham",Football,"Alabama",9/5/2026,7:30 PM,"The Ramsay Birmingham varsity football team has a game @ Chilton County Clanton (Alabama).","/al/football/game/chilton-county-clanton-vs-ramsay-birmingham/9-4-2026/?c=f6e694d1-55c5-4b0b-8032-6fe81dd8162b","https://www.maxpreps.com/al/football/game/chilton-county-clanton-vs-ramsay-birmingham/9-4-2026/?c=f6e694d1-55c5-4b0b-8032-6fe81dd8162b",10f7,"Rams","Tigers","https://www.maxpreps.com/al/chilton-county-clanton/football/","https://www.maxpreps.com/al/ramsay-birmingham/football/","https://image.maxpreps.io/school-mascot/8/a/0/8a00098c-35be-41f2-a7f5-14e42aa6d09c.gif?version=638253664800000000&amp;width=128&amp;height=128&amp;auto=webp&amp;format=pjpg","https://image.maxpreps.io/school-mascot/a/f/2/af201d9a-d5e8-4d0e-add7-7e5129418c49.gif?version=639236954101735190&amp;width=128&amp;height=128&amp;auto=webp&amp;format=pjpg"
33,"Charles Henderson Troy vs Valley",Football,"Alabama",9/5/2026,7:30 PM,"The Valley varsity football team has a game @ Charles Henderson Troy (Alabama).","/al/football/game/charles-henderson-troy-vs-valley/9-4-2026/?c=44f17d67-72ee-4e7a-86da-77a835180367","https://www.maxpreps.com/al/football/game/charles-henderson-troy-vs-valley/9-4-2026/?c=44f17d67-72ee-4e7a-86da-77a835180367",ca0,"Trojans","Rams","https://www.maxpreps.com/al/charles-henderson-troy/football/","https://www.maxpreps.com/al/valley/football/","https://image.maxpreps.io/school-mascot/f/3/8/f387a99e-3968-4665-b878-f39085130269.gif?version=638215525200000000&amp;width=128&amp;height=128&amp;auto=webp&amp;format=pjpg","https://image.maxpreps.io/school-mascot/4/5/c/45cabdb1-5930-48ef-9633-fdd36aef63c4.gif?version=638253698400000000&amp;width=128&amp;height=128&amp;auto=webp&amp;format=pjpg"
34,"Phillips Bear Creek vs Red Bay",Football,"Alabama",9/5/2026,7:30 PM,"The Red Bay varsity football team has a game @ Phillips Bear Creek (Alabama).","/al/football/game/phillips-bear-creek-vs-red-bay/9-4-2026/?c=156aa0c6-93f2-484e-9d14-1379315709a8","https://www.maxpreps.com/al/football/game/phillips-bear-creek-vs-red-bay/9-4-2026/?c=156aa0c6-93f2-484e-9d14-1379315709a8",b4a,"Bears","Tigers","https://www.maxpreps.com/al/phillips-bear-creek/football/","https://www.maxpreps.com/al/red-bay/football/","https://image.maxpreps.io/school-mascot/e/0/c/e0ca2c2e-c0fb-46fe-b982-21f09a29cdb7.gif?version=638253630600000000&amp;width=128&amp;height=128&amp;auto=webp&amp;format=pjpg","https://image.maxpreps.io/school-mascot/5/9/7/59717cd2-ccbc-42a6-a35e-8f9edd8a68bb.gif?version=638253666000000000&amp;width=128&amp;height=128&amp;auto=webp&amp;format=pjpg"
35,"South Choctaw Academy Toxey vs Southern Academy Greensboro",Football,"Alabama",9/5/2026,7:30 PM,"The Southern Academy Greensboro varsity football team has a game @ South Choctaw Academy Toxey (Alabama).","/al/football/game/south-choctaw-academy-toxey-vs-southern-academy-greensboro/9-4-2026/?c=f1e2cd70-feda-4000-95e8-1c6f71fc99a6","https://www.maxpreps.com/al/football/game/south-choctaw-academy-toxey-vs-southern-academy-greensboro/9-4-2026/?c=f1e2cd70-feda-4000-95e8-1c6f71fc99a6",16cf,"Rebels","Cougars","https://www.maxpreps.com/al/south-choctaw-academy-toxey/football/","https://www.maxpreps.com/al/southern-academy-greensboro/football/","https://image.maxpreps.io/school-mascot/7/0/5/705b6d25-5c73-48e9-9ceb-55e41a82dd76.gif?version=638877323374450700&amp;width=128&amp;height=128&amp;auto=webp&amp;format=pjpg","https://image.maxpreps.io/school-mascot/5/d/0/5d085598-630b-40c4-b80e-955ea461f167.gif?version=638877323276060110&amp;width=128&amp;height=128&amp;auto=webp&amp;format=pjpg"
36,"Falkville vs Winston County Double Springs",Football,"Alabama",9/5/2026,7:30 PM,"The Winston County Double Springs varsity football team has a game @ Falkville (Alabama).","/al/football/game/falkville-vs-winston-county-double-springs/9-4-2026/?c=069b6eca-e1b8-4725-8b59-537798310066","https://www.maxpreps.com/al/football/game/falkville-vs-winston-county-double-springs/9-4-2026/?c=069b6eca-e1b8-4725-8b59-537798310066",10b9,"Yellowjackets","Blue Devils","https://www.maxpreps.com/al/falkville/football/","https://www.maxpreps.com/al/winston-county-double-springs/football/","https://image.maxpreps.io/school-mascot/f/b/b/fbba0996-096d-4dc5-8dc9-54650afac019.gif?version=638253707400000000&amp;width=128&amp;height=128&amp;auto=webp&amp;format=pjpg","https://image.maxpreps.io/school-mascot/5/9/4/59433e83-5214-4046-9444-1ee8f66bcc52.gif?version=638225159400000000&amp;width=128&amp;height=128&amp;auto=webp&amp;format=pjpg"
37,"Comer Sylacauga vs Reeltown Notasulga",Football,"Alabama",9/5/2026,7:30 PM,"The Reeltown Notasulga varsity football team has a game @ Comer Sylacauga (Alabama).","/al/football/game/comer-sylacauga-vs-reeltown-notasulga/9-4-2026/?c=aa09bc43-c9e7-4ca3-a0d6-69c02f221f8e","https://www.maxpreps.com/al/football/game/comer-sylacauga-vs-reeltown-notasulga/9-4-2026/?c=aa09bc43-c9e7-4ca3-a0d6-69c02f221f8e",eab,"Tigers","Rebels","https://www.maxpreps.com/al/comer-sylacauga/football/","https://www.maxpreps.com/al/reeltown-notasulga/football/","https://image.maxpreps.io/school-mascot/a/b/8/ab8a001c-29d8-4254-91cd-fe4beb444acc.gif?version=638215681200000000&amp;width=128&amp;height=128&amp;auto=webp&amp;format=pjpg","https://image.maxpreps.io/school-mascot/5/2/3/52366518-7933-4e54-988d-7a579ce20d1e.gif?version=638253666600000000&amp;width=128&amp;height=128&amp;auto=webp&amp;format=pjpg"
38,"Florence vs Muscle Shoals",Football,"Alabama",9/5/2026,7:30 PM,"The Muscle Shoals varsity football team has a game @ Florence (Alabama).","/al/football/game/florence-vs-muscle-shoals/9-4-2026/?c=8cb5c177-21b8-4c8c-9ec0-bdbef4371f73","https://www.maxpreps.com/al/football/game/florence-vs-muscle-shoals/9-4-2026/?c=8cb5c177-21b8-4c8c-9ec0-bdbef4371f73",9d1,"Falcons","Trojans","https://www.maxpreps.com/al/florence/football/","https://www.maxpreps.com/al/muscle-shoals/football/","https://image.maxpreps.io/school-mascot/4/d/3/4d313808-ec6c-40fc-803f-cfd983fa0b10.gif?version=638225170200000000&amp;width=128&amp;height=128&amp;auto=webp&amp;format=pjpg","https://image.maxpreps.io/school-mascot/c/d/f/cdfadebf-1379-4353-8379-06a7e45a7ccc.gif?version=638241477000000000&amp;width=128&amp;height=128&amp;auto=webp&amp;format=pjpg"
39,"Haleyville vs Oakman",Football,"Alabama",9/5/2026,7:30 PM,"The Oakman varsity football team has a game @ Haleyville (Alabama).","/al/football/game/haleyville-vs-oakman/9-4-2026/?c=f0cf2f59-0552-4b35-8162-6ee9e81d0c51","https://www.maxpreps.com/al/football/game/haleyville-vs-oakman/9-4-2026/?c=f0cf2f59-0552-4b35-8162-6ee9e81d0c51",7e9,"Wildcats","Lions","https://www.maxpreps.com/al/haleyville/football/","https://www.maxpreps.com/al/oakman/football/","https://image.maxpreps.io/school-mascot/b/6/6/b6653353-9714-4ee1-8b40-ff1924cb8557.gif?version=638253624000000000&amp;width=128&amp;height=128&amp;auto=webp&amp;format=pjpg","https://image.maxpreps.io/school-mascot/5/5/c/55c3dc97-79ef-448a-bd62-959306672c00.gif?version=638234678400000000&amp;width=128&amp;height=128&amp;auto=webp&amp;format=pjpg"
40,"Hale County Moundville vs Pleasant Grove",Football,"Alabama",9/5/2026,7:30 PM,"The Pleasant Grove varsity football team has a game @ Hale County Moundville (Alabama).","/al/football/game/hale-county-moundville-vs-pleasant-grove/9-4-2026/?c=3194226b-6f39-4b59-bc02-0abe47a5f208","https://www.maxpreps.com/al/football/game/hale-county-moundville-vs-pleasant-grove/9-4-2026/?c=3194226b-6f39-4b59-bc02-0abe47a5f208",fc0,"Wildcats","Spartans","https://www.maxpreps.com/al/hale-county-moundville/football/","https://www.maxpreps.com/al/pleasant-grove/football/","https://image.maxpreps.io/school-mascot/5/e/c/5ec67c74-b576-4b90-b825-862a0fe75843.gif?version=638234677800000000&amp;width=128&amp;height=128&amp;auto=webp&amp;format=pjpg","https://image.maxpreps.io/school-mascot/9/0/b/90b0790c-51e8-426c-9b06-c95d46672e81.gif?version=638253635400000000&amp;width=128&amp;height=128&amp;auto=webp&amp;format=pjpg"
41,"Excel vs Wilcox Central Camden",Football,"Alabama",9/5/2026,7:30 PM,"The Wilcox Central Camden varsity football team has a game @ Excel (Alabama).","/al/football/game/excel-vs-wilcox-central-camden/9-4-2026/?c=b330053b-37c3-470a-8c12-c7119ada1edb","https://www.maxpreps.com/al/football/game/excel-vs-wilcox-central-camden/9-4-2026/?c=b330053b-37c3-470a-8c12-c7119ada1edb",b95,"Jaguars","Panthers","https://www.maxpreps.com/al/excel/football/","https://www.maxpreps.com/al/wilcox-central-camden/football/","https://image.maxpreps.io/school-mascot/9/8/b/98b3c90d-d90e-4214-996a-e66255568f3b.gif?version=638253706200000000&amp;width=128&amp;height=128&amp;auto=webp&amp;format=pjpg","https://image.maxpreps.io/school-mascot/4/7/2/472f8f6e-edcf-49d6-82d2-ee6f6ede3cc3.gif?version=638217273600000000&amp;width=128&amp;height=128&amp;auto=webp&amp;format=pjpg"
42,"Baldwin County Bay Minette vs Theodore",Football,"Alabama",9/5/2026,7:30 PM,"The Theodore varsity football team has a game @ Baldwin County Bay Minette (Alabama).","/al/football/game/baldwin-county-bay-minette-vs-theodore/9-4-2026/?c=b7bf85c6-232b-42af-9686-62b4ffc0a675","https://www.maxpreps.com/al/football/game/baldwin-county-bay-minette-vs-theodore/9-4-2026/?c=b7bf85c6-232b-42af-9686-62b4ffc0a675",ed9,"Tigers","Bobcats","https://www.maxpreps.com/al/baldwin-county-bay-minette/football/","https://www.maxpreps.com/al/theodore/football/","https://image.maxpreps.io/school-mascot/7/8/4/784bac1c-b1bb-455e-b3a0-3da6310973be.gif?version=638213106000000000&amp;width=128&amp;height=128&amp;auto=webp&amp;format=pjpg","https://image.maxpreps.io/school-mascot/4/a/d/4adff0be-79d7-4675-8082-accced8841a3.gif?version=638253695400000000&amp;width=128&amp;height=128&amp;auto=webp&amp;format=pjpg"
43,"Brantley vs Florala",Football,"Alabama",9/5/2026,7:30 PM,"The Florala varsity football team has a game @ Brantley (Alabama).","/al/football/game/brantley-vs-florala/9-4-2026/?c=945cc0a7-878c-4e58-8a0f-f2445404e917","https://www.maxpreps.com/al/football/game/brantley-vs-florala/9-4-2026/?c=945cc0a7-878c-4e58-8a0f-f2445404e917",785,"Wildcats","Bulldogs","https://www.maxpreps.com/al/brantley/football/","https://www.maxpreps.com/al/florala/football/","https://image.maxpreps.io/school-mascot/d/8/f/d8fb40a6-ac4d-4b56-aafe-5bf85366f7f9.gif?version=638225170200000000&amp;width=128&amp;height=128&amp;auto=webp&amp;format=pjpg","https://image.maxpreps.io/school-mascot/4/0/4/4048f3b6-771b-4cb7-80db-0ee531edef50.gif?version=638213111400000000&amp;width=128&amp;height=128&amp;auto=webp&amp;format=pjpg"
44,"Enterprise vs Opelika",Football,"Alabama",9/5/2026,7:30 PM,"The Opelika varsity football team has a game @ Enterprise (Alabama).","/al/football/game/enterprise-vs-opelika/9-4-2026/?c=625adaab-66f8-4a80-a4ee-7cfe93d3e579","https://www.maxpreps.com/al/football/game/enterprise-vs-opelika/9-4-2026/?c=625adaab-66f8-4a80-a4ee-7cfe93d3e579",869,"Wildcats","Bulldogs","https://www.maxpreps.com/al/enterprise/football/","https://www.maxpreps.com/al/opelika/football/","https://image.maxpreps.io/school-mascot/4/4/1/441784f2-e2af-4f3e-ab22-1d359ab28037.gif?version=638217273000000000&amp;width=128&amp;height=128&amp;auto=webp&amp;format=pjpg","https://image.maxpreps.io/school-mascot/c/a/9/ca9560b1-93d0-4960-bc72-1ccd280df7d9.gif?version=638253626400000000&amp;width=128&amp;height=128&amp;auto=webp&amp;format=pjpg"
45,"Cherokee County Centre vs Hayden",Football,"Alabama",9/5/2026,7:30 PM,"The Hayden varsity football team has a game @ Cherokee County Centre (Alabama).","/al/football/game/cherokee-county-centre-vs-hayden/9-4-2026/?c=b22fa009-4310-43ab-9437-da5842388256","https://www.maxpreps.com/al/football/game/cherokee-county-centre-vs-hayden/9-4-2026/?c=b22fa009-4310-43ab-9437-da5842388256",c7f,"Warriors","Wildcats","https://www.maxpreps.com/al/cherokee-county-centre/football/","https://www.maxpreps.com/al/hayden/football/","https://image.maxpreps.io/school-mascot/5/c/5/5c53f8e3-d4c9-400a-a6df-7e87cab2e132.gif?version=638215525800000000&amp;width=128&amp;height=128&amp;auto=webp&amp;format=pjpg","https://image.maxpreps.io/school-mascot/8/f/e/8fe309d9-a877-4868-91f3-6d524df0b74b.gif?version=638234680200000000&amp;width=128&amp;height=128&amp;auto=webp&amp;format=pjpg"
46,"Madison Academy vs St John Paul Ii Huntsville",Football,"Alabama",9/5/2026,7:30 PM,"The St John Paul Ii Huntsville varsity football team has a game @ Madison Academy (Alabama).","/al/football/game/madison-academy-vs-st-john-paul-ii-huntsville/9-4-2026/?c=3537217d-31a5-4eac-afe1-f796e7c35311","https://www.maxpreps.com/al/football/game/madison-academy-vs-st-john-paul-ii-huntsville/9-4-2026/?c=3537217d-31a5-4eac-afe1-f796e7c35311",114b,"Falcons","Mustangs","https://www.maxpreps.com/al/madison-academy/football/","https://www.maxpreps.com/al/st-john-paul-ii-huntsville/football/","https://image.maxpreps.io/school-mascot/8/6/3/863ff616-4589-46d1-a2c4-879da6e3a7c9.gif?version=638249396400000000&amp;width=128&amp;height=128&amp;auto=webp&amp;format=pjpg","https://image.maxpreps.io/school-mascot/4/2/7/427bc1f8-c20e-4bad-8ce1-2212fa7dd465.gif?version=638241489000000000&amp;width=128&amp;height=128&amp;auto=webp&amp;format=pjpg"
47,"Appalachian Oneonta vs Spring Garden",Football,"Alabama",9/5/2026,7:30 PM,"The Spring Garden varsity football team has a game @ Appalachian Oneonta (Alabama).","/al/football/game/appalachian-oneonta-vs-spring-garden/9-4-2026/?c=518e0b17-1074-4f8a-83f1-56d72ae3c01d","https://www.maxpreps.com/al/football/game/appalachian-oneonta-vs-spring-garden/9-4-2026/?c=518e0b17-1074-4f8a-83f1-56d72ae3c01d",e07,"Eagles","Panthers","https://www.maxpreps.com/al/appalachian-oneonta/football/","https://www.maxpreps.com/al/spring-garden/football/","https://image.maxpreps.io/school-mascot/a/f/9/af9b32ce-c849-4411-87f5-1abdaeeea6a2.gif?version=638212997400000000&amp;width=128&amp;height=128&amp;auto=webp&amp;format=pjpg","https://image.maxpreps.io/school-mascot/4/a/6/4a64b612-46f3-4837-8342-54e27957e42b.gif?version=638249394600000000&amp;width=128&amp;height=128&amp;auto=webp&amp;format=pjpg"
48,"Baker Mobile vs Davidson Mobile",Football,"Alabama",9/5/2026,7:30 PM,"The Davidson Mobile varsity football team has a game @ Baker Mobile (Alabama).","/al/football/game/baker-mobile-vs-davidson-mobile/9-4-2026/?c=f92fd137-5933-44ab-8e9d-7b60f693137f","https://www.maxpreps.com/al/football/game/baker-mobile-vs-davidson-mobile/9-4-2026/?c=f92fd137-5933-44ab-8e9d-7b60f693137f",bea,"Hornets","Warriors","https://www.maxpreps.com/al/baker-mobile/football/","https://www.maxpreps.com/al/davidson-mobile/football/","https://image.maxpreps.io/school-mascot/4/d/4/4d4f30de-d9d7-419d-a6bd-3e2ee01d6f81.gif?version=638213106000000000&amp;width=128&amp;height=128&amp;auto=webp&amp;format=pjpg","https://image.maxpreps.io/school-mascot/7/3/2/73219d8d-b9c3-4fc7-895c-97359987a99d.gif?version=638216562600000000&amp;width=128&amp;height=128&amp;auto=webp&amp;format=pjpg"
49,"Ardmore vs Hamilton",Football,"Alabama",9/5/2026,7:30 PM,"The Hamilton varsity football team has a game @ Ardmore (Alabama).","/al/football/game/ardmore-vs-hamilton/9-4-2026/?c=148f0b5f-1702-490f-b33b-89a54e349230","https://www.maxpreps.com/al/football/game/ardmore-vs-hamilton/9-4-2026/?c=148f0b5f-1702-490f-b33b-89a54e349230",789,"Tigers","Aggies","https://www.maxpreps.com/al/ardmore/football/","https://www.maxpreps.com/al/hamilton/football/","https://image.maxpreps.io/school-mascot/6/e/2/6e2e98ea-4e79-4f9a-a06d-27edf1c89019.gif?version=638212996800000000&amp;width=128&amp;height=128&amp;auto=webp&amp;format=pjpg","https://image.maxpreps.io/school-mascot/5/6/3/56370f3a-efe9-4da8-a417-103338776714.gif?version=638234678400000000&amp;width=128&amp;height=128&amp;auto=webp&amp;format=pjpg"
50,"Alabama Christian Academy Montgomery vs Montgomery Academy",Football,"Alabama",9/5/2026,7:30 PM,"The Montgomery Academy varsity football team has a game @ Alabama Christian Academy Montgomery (Alabama).","/al/football/game/alabama-christian-academy-montgomery-vs-montgomery-academy/9-4-2026/?c=9150fa7e-ae9e-4972-a1be-02af857c186f","https://www.maxpreps.com/al/football/game/alabama-christian-academy-montgomery-vs-montgomery-academy/9-4-2026/?c=9150fa7e-ae9e-4972-a1be-02af857c186f",16c5,"Montgomery","Academy","https://www.maxpreps.com/al/alabama-christian-academy-montgomery/football/","https://www.maxpreps.com/al/montgomery-academy/football/","",""
51,"Wenonah Birmingham vs Woodlawn Birmingham",Football,"Alabama",9/5/2026,7:30 PM,"The Woodlawn Birmingham varsity football team has a game @ Wenonah Birmingham (Alabama).","/al/football/game/wenonah-birmingham-vs-woodlawn-birmingham/9-4-2026/?c=e08856b2-e66b-42d5-b884-a135172626d8","https://www.maxpreps.com/al/football/game/wenonah-birmingham-vs-woodlawn-birmingham/9-4-2026/?c=e08856b2-e66b-42d5-b884-a135172626d8",1034,"Birmingham","Birmingham","https://www.maxpreps.com/al/wenonah-birmingham/football/","https://www.maxpreps.com/al/woodlawn-birmingham/football/","",""
52,"Holt vs Selma",Football,"Alabama",9/5/2026,7:30 PM,"The Selma varsity football team has a game @ Holt (Alabama).","/al/football/game/holt-vs-selma/9-4-2026/?c=5ab60dc8-a8f1-42d6-afd3-91f4e3fb2f90","https://www.maxpreps.com/al/football/game/holt-vs-selma/9-4-2026/?c=5ab60dc8-a8f1-42d6-afd3-91f4e3fb2f90",50c,"Holt","Selma","https://www.maxpreps.com/al/holt/football/","https://www.maxpreps.com/al/selma/football/","",""
53,"Saks Anniston vs Wellborn Anniston",Football,"Alabama",9/5/2026,7:30 PM,"The Wellborn Anniston varsity football team has a game @ Saks Anniston (Alabama).","/al/football/game/saks-anniston-vs-wellborn-anniston/9-4-2026/?c=193a72fa-f172-47e2-99b6-a3e0db334a57","https://www.maxpreps.com/al/football/game/saks-anniston-vs-wellborn-anniston/9-4-2026/?c=193a72fa-f172-47e2-99b6-a3e0db334a57",d88,"Anniston","Anniston","https://www.maxpreps.com/al/saks-anniston/football/","https://www.maxpreps.com/al/wellborn-anniston/football/","",""
54,"Leroy vs Marengo Dixons Mills",Football,"Alabama",9/5/2026,7:30 PM,"The Marengo Dixons Mills varsity football team has a game @ Leroy (Alabama).","/al/football/game/leroy-vs-marengo-dixons-mills/9-4-2026/?c=1efc3b56-a130-433b-a4b6-5dae8345dbee","https://www.maxpreps.com/al/football/game/leroy-vs-marengo-dixons-mills/9-4-2026/?c=1efc3b56-a130-433b-a4b6-5dae8345dbee",b67,"Leroy","Mills","https://www.maxpreps.com/al/leroy/football/","https://www.maxpreps.com/al/marengo-dixons-mills/football/","",""
55,"Chickasaw vs Luverne",Football,"Alabama",9/5/2026,7:30 PM,"The Luverne varsity football team has a game @ Chickasaw (Alabama).","/al/football/game/chickasaw-vs-luverne/9-4-2026/?c=0b2ceba8-70eb-4b8e-83d5-fc4f77a749a3","https://www.maxpreps.com/al/football/game/chickasaw-vs-luverne/9-4-2026/?c=0b2ceba8-70eb-4b8e-83d5-fc4f77a749a3",7f2,"Chickasaw","Luverne","https://www.maxpreps.com/al/chickasaw/football/","https://www.maxpreps.com/al/luverne/football/","",""
56,"Orange Beach vs Vigor Prichard",Football,"Alabama",9/5/2026,7:30 PM,"The Vigor Prichard varsity football team has a game @ Orange Beach (Alabama).","/al/football/game/orange-beach-vs-vigor-prichard/9-4-2026/?c=9fc6365a-87e6-4621-abd2-181029c7acf7","https://www.maxpreps.com/al/football/game/orange-beach-vs-vigor-prichard/9-4-2026/?c=9fc6365a-87e6-4621-abd2-181029c7acf7",b80,"Beach","Prichard","https://www.maxpreps.com/al/orange-beach/football/","https://www.maxpreps.com/al/vigor-prichard/football/","",""
57,"Mary G Montgomery Semmes vs Robertsdale",Football,"Alabama",9/5/2026,7:30 PM,"The Robertsdale varsity football team has a game @ Mary G Montgomery Semmes (Alabama).","/al/football/game/mary-g-montgomery-semmes-vs-robertsdale/9-4-2026/?c=833619e0-d134-4d4f-8449-36de31e13b74","https://www.maxpreps.com/al/football/game/mary-g-montgomery-semmes-vs-robertsdale/9-4-2026/?c=833619e0-d134-4d4f-8449-36de31e13b74",f5c,"Semmes","Robertsdale","https://www.maxpreps.com/al/mary-g-montgomery-semmes/football/","https://www.maxpreps.com/al/robertsdale/football/","",""
58,"Glencoe vs Susan Moore Blountsville",Football,"Alabama",9/5/2026,7:30 PM,"The Susan Moore Blountsville varsity football team has a game @ Glencoe (Alabama).","/al/football/game/glencoe-vs-susan-moore-blountsville/9-4-2026/?c=1fe63b08-72e6-4276-9c58-185fbeb6a410","https://www.maxpreps.com/al/football/game/glencoe-vs-susan-moore-blountsville/9-4-2026/?c=1fe63b08-72e6-4276-9c58-185fbeb6a410",de9,"Glencoe","Blountsville","https://www.maxpreps.com/al/glencoe/football/","https://www.maxpreps.com/al/susan-moore-blountsville/football/","",""
59,"Brilliant vs Hubbertville Fayette",Football,"Alabama",9/5/2026,7:30 PM,"The Hubbertville Fayette varsity football team has a game @ Brilliant (Alabama).","/al/football/game/brilliant-vs-hubbertville-fayette/9-4-2026/?c=713aadb4-c1d3-4cda-bdcb-f045e9081e49","https://www.maxpreps.com/al/football/game/brilliant-vs-hubbertville-fayette/9-4-2026/?c=713aadb4-c1d3-4cda-bdcb-f045e9081e49",d2b,"Brilliant","Fayette","https://www.maxpreps.com/al/brilliant/football/","https://www.maxpreps.com/al/hubbertville-fayette/football/","",""
60,"Bryant Irvington vs Daphne",Football,"Alabama",9/5/2026,7:30 PM,"The Daphne varsity football team has a game @ Bryant Irvington (Alabama).","/al/football/game/bryant-irvington-vs-daphne/9-4-2026/?c=47b46775-1ea7-4109-a195-1d14e0fbd79c","https://www.maxpreps.com/al/football/game/bryant-irvington-vs-daphne/9-4-2026/?c=47b46775-1ea7-4109-a195-1d14e0fbd79c",a50,"Irvington","Daphne","https://www.maxpreps.com/al/bryant-irvington/football/","https://www.maxpreps.com/al/daphne/football/","",""
61,"Childersburg vs Munford",Football,"Alabama",9/5/2026,7:30 PM,"The Munford varsity football team has a game @ Childersburg (Alabama).","/al/football/game/childersburg-vs-munford/9-4-2026/?c=3f33c493-43c5-4f28-9b24-a698d4ba83ac","https://www.maxpreps.com/al/football/game/childersburg-vs-munford/9-4-2026/?c=3f33c493-43c5-4f28-9b24-a698d4ba83ac",93c,"Childersburg","Munford","https://www.maxpreps.com/al/childersburg/football/","https://www.maxpreps.com/al/munford/football/","",""
62,"East Lawrence Trinity vs Winfield",Football,"Alabama",9/5/2026,7:30 PM,"The Winfield varsity football team has a game @ East Lawrence Trinity (Alabama).","/al/football/game/east-lawrence-trinity-vs-winfield/9-4-2026/?c=fcce9b8f-d436-4c8e-b8d1-56a5f7aca5d9","https://www.maxpreps.com/al/football/game/east-lawrence-trinity-vs-winfield/9-4-2026/?c=fcce9b8f-d436-4c8e-b8d1-56a5f7aca5d9",d00,"Trinity","Winfield","https://www.maxpreps.com/al/east-lawrence-trinity/football/","https://www.maxpreps.com/al/winfield/football/","",""
63,"Notasulga vs Wadley",Football,"Alabama",9/5/2026,7:30 PM,"The Wadley varsity football team has a game @ Notasulga (Alabama).","/al/football/game/notasulga-vs-wadley/9-4-2026/?c=007ae5d5-be3e-4a4f-87b2-be9944b37ef6","https://www.maxpreps.com/al/football/game/notasulga-vs-wadley/9-4-2026/?c=007ae5d5-be3e-4a4f-87b2-be9944b37ef6",797,"Notasulga","Wadley","https://www.maxpreps.com/al/notasulga/football/","https://www.maxpreps.com/al/wadley/football/","",""
64,"Auburn vs Carver Montgomery",Football,"Alabama",9/5/2026,7:30 PM,"The Carver Montgomery varsity football team has a game @ Auburn (Alabama).","/al/football/game/auburn-vs-carver-montgomery/9-4-2026/?c=2067c605-8e16-4e67-aad7-7e97db50fde3","https://www.maxpreps.com/al/football/game/auburn-vs-carver-montgomery/9-4-2026/?c=2067c605-8e16-4e67-aad7-7e97db50fde3",ad1,"Auburn","Montgomery","https://www.maxpreps.com/al/auburn/football/","https://www.maxpreps.com/al/carver-montgomery/football/","",""
65,"Carroll Ozark vs New Brockton",Football,"Alabama",9/5/2026,7:30 PM,"The New Brockton varsity football team has a game @ Carroll Ozark (Alabama).","/al/football/game/carroll-ozark-vs-new-brockton/9-4-2026/?c=13ab58ed-7b3a-4664-9f19-5aeda48bca19","https://www.maxpreps.com/al/football/game/carroll-ozark-vs-new-brockton/9-4-2026/?c=13ab58ed-7b3a-4664-9f19-5aeda48bca19",b5f,"Ozark","Brockton","https://www.maxpreps.com/al/carroll-ozark/football/","https://www.maxpreps.com/al/new-brockton/football/","",""
66,"Colbert County Leighton vs Tanner",Football,"Alabama",9/5/2026,7:30 PM,"The Tanner varsity football team has a game @ Colbert County Leighton (Alabama).","/al/football/game/colbert-county-leighton-vs-tanner/9-4-2026/?c=f93581a7-ec46-4a2f-8fe0-052682d42169","https://www.maxpreps.com/al/football/game/colbert-county-leighton-vs-tanner/9-4-2026/?c=f93581a7-ec46-4a2f-8fe0-052682d42169",d0c,"Leighton","Tanner","https://www.maxpreps.com/al/colbert-county-leighton/football/","https://www.maxpreps.com/al/tanner/football/","",""
67,"Bessemer City vs Paul W Bryant Cottondale",Football,"Alabama",9/5/2026,7:30 PM,"The Paul W Bryant Cottondale varsity football team has a game @ Bessemer City (Alabama).","/al/football/game/bessemer-city-vs-paul-w-bryant-cottondale/9-4-2026/?c=a2302d03-20f0-4c95-8ddd-d6b7c1d48501","https://www.maxpreps.com/al/football/game/bessemer-city-vs-paul-w-bryant-cottondale/9-4-2026/?c=a2302d03-20f0-4c95-8ddd-d6b7c1d48501",fec,"City","Cottondale","https://www.maxpreps.com/al/bessemer-city/football/","https://www.maxpreps.com/al/paul-w-bryant-cottondale/football/","",""
68,"Fayette County vs Hatton Town Creek",Football,"Alabama",9/5/2026,7:30 PM,"The Hatton Town Creek varsity football team has a game @ Fayette County (Alabama).","/al/football/game/fayette-county-vs-hatton-town-creek/9-4-2026/?c=afb61f91-6dd3-46a7-ac68-2d85263c0d0e","https://www.maxpreps.com/al/football/game/fayette-county-vs-hatton-town-creek/9-4-2026/?c=afb61f91-6dd3-46a7-ac68-2d85263c0d0e",dbe,"County","Creek","https://www.maxpreps.com/al/fayette-county/football/","https://www.maxpreps.com/al/hatton-town-creek/football/","",""
69,"Cornerstone Christian Columbiana vs Trinity Christian Opelika",Football,"Alabama",9/5/2026,7:30 PM,"The Trinity Christian Opelika varsity football team has a game @ Cornerstone Christian Columbiana (Alabama).","/al/football/game/cornerstone-christian-columbiana-vs-trinity-christian-opelika/9-4-2026/?c=f7775734-efae-4ad5-ac10-8f25423b6ea4","https://www.maxpreps.com/al/football/game/cornerstone-christian-columbiana-vs-trinity-christian-opelika/9-4-2026/?c=f7775734-efae-4ad5-ac10-8f25423b6ea4",1846,"Columbiana","Opelika","https://www.maxpreps.com/al/cornerstone-christian-columbiana/football/","https://www.maxpreps.com/al/trinity-christian-opelika/football/","",""
70,"Faith Academy Mobile vs Montgomery Catholic",Football,"Alabama",9/5/2026,7:30 PM,"The Montgomery Catholic varsity football team has a game @ Faith Academy Mobile (Alabama).","/al/football/game/faith-academy-mobile-vs-montgomery-catholic/9-4-2026/?c=9280405b-97d8-4777-a540-53f01462e62d","https://www.maxpreps.com/al/football/game/faith-academy-mobile-vs-montgomery-catholic/9-4-2026/?c=9280405b-97d8-4777-a540-53f01462e62d",10ba,"Mobile","Catholic","https://www.maxpreps.com/al/faith-academy-mobile/football/","https://www.maxpreps.com/al/montgomery-catholic/football/","",""
71,"Evangel Christian Alabaster Al vs River Oaks Monroe La",Football,"Alabama",9/5/2026,7:30 PM,"The River Oaks Monroe La varsity football team has a game @ Evangel Christian Alabaster Al (Alabama).","/inter-state/football/game/evangel-christian-alabaster-al-vs-river-oaks-monroe-la/9-4-2026/?c=ffa8f149-4648-479b-a23f-9ba307bdca87","https://www.maxpreps.com/inter-state/football/game/evangel-christian-alabaster-al-vs-river-oaks-monroe-la/9-4-2026/?c=ffa8f149-4648-479b-a23f-9ba307bdca87",14a7,"Al","La","https://www.maxpreps.com/al/evangel-christian-alabaster-al/football/","https://www.maxpreps.com/al/river-oaks-monroe-la/football/","",""
72,"Pleasant Home Andalusia vs Samson",Football,"Alabama",9/5/2026,7:30 PM,"The Samson varsity football team has a game @ Pleasant Home Andalusia (Alabama).","/al/football/game/pleasant-home-andalusia-vs-samson/9-4-2026/?c=e1478fb6-949a-487f-952e-a377c620213b","https://www.maxpreps.com/al/football/game/pleasant-home-andalusia-vs-samson/9-4-2026/?c=e1478fb6-949a-487f-952e-a377c620213b",ce1,"Andalusia","Samson","https://www.maxpreps.com/al/pleasant-home-andalusia/football/","https://www.maxpreps.com/al/samson/football/","",""
73,"Christian Community White House Tn vs Freedom Cowboys Huntsville Al",Football,"Alabama",9/5/2026,7:30 PM,"The Freedom Cowboys Huntsville Al varsity football team has a game @ Christian Community White House Tn (Alabama).","/inter-state/football/game/christian-community-white-house-tn-vs-freedom-cowboys-huntsville-al/9-4-2026/?c=56f4986c-3b91-49a6-97fe-a4582f041dc6","https://www.maxpreps.com/inter-state/football/game/christian-community-white-house-tn-vs-freedom-cowboys-huntsville-al/9-4-2026/?c=56f4986c-3b91-49a6-97fe-a4582f041dc6",1a52,"Tn","Al","https://www.maxpreps.com/al/christian-community-white-house-tn/football/","https://www.maxpreps.com/al/freedom-cowboys-huntsville-al/football/","",""
74,"Donoho Anniston vs Ellwood Christian Selma",Football,"Alabama",9/5/2026,7:30 PM,"The Ellwood Christian Selma varsity football team has a game @ Donoho Anniston (Alabama).","/al/football/game/donoho-anniston-vs-ellwood-christian-selma/9-4-2026/?c=a7ff88d5-49bd-401b-8cda-223031d3efad","https://www.maxpreps.com/al/football/game/donoho-anniston-vs-ellwood-christian-selma/9-4-2026/?c=a7ff88d5-49bd-401b-8cda-223031d3efad",1088,"Anniston","Selma","https://www.maxpreps.com/al/donoho-anniston/football/","https://www.maxpreps.com/al/ellwood-christian-selma/football/","",""
75,"Berry vs Marion County Guin",Football,"Alabama",9/5/2026,7:30 PM,"The Marion County Guin varsity football team has a game @ Berry (Alabama).","/al/football/game/berry-vs-marion-county-guin/9-4-2026/?c=b095d898-96a2-481d-9aea-4d5570e0dd94","https://www.maxpreps.com/al/football/game/berry-vs-marion-county-guin/9-4-2026/?c=b095d898-96a2-481d-9aea-4d5570e0dd94",a9c,"Berry","Guin","https://www.maxpreps.com/al/berry/football/","https://www.maxpreps.com/al/marion-county-guin/football/","",""
76,"Mcgill Toolen Mobile vs St Pauls Episcopal Mobile",Football,"Alabama",9/5/2026,7:30 PM,"The St Pauls Episcopal Mobile varsity football team has a game @ Mcgill Toolen Mobile (Alabama).","/al/football/game/mcgill-toolen-mobile-vs-st-pauls-episcopal-mobile/9-4-2026/?c=b43090ee-f289-4aa9-bf40-6180fe85a6b8","https://www.maxpreps.com/al/football/game/mcgill-toolen-mobile-vs-st-pauls-episcopal-mobile/9-4-2026/?c=b43090ee-f289-4aa9-bf40-6180fe85a6b8",12e9,"Mobile","Mobile","https://www.maxpreps.com/al/mcgill-toolen-mobile/football/","https://www.maxpreps.com/al/st-pauls-episcopal-mobile/football/","",""
77,"Alexandria vs Moody",Football,"Alabama",9/5/2026,7:30 PM,"The Moody varsity football team has a game @ Alexandria (Alabama).","/al/football/game/alexandria-vs-moody/9-4-2026/?c=f5a7210b-bdc7-47bb-b461-9cc0554641d4","https://www.maxpreps.com/al/football/game/alexandria-vs-moody/9-4-2026/?c=f5a7210b-bdc7-47bb-b461-9cc0554641d4",784,"Alexandria","Moody","https://www.maxpreps.com/al/alexandria/football/","https://www.maxpreps.com/al/moody/football/","",""
78,"Oxford vs St Clair County Odenville",Football,"Alabama",9/5/2026,7:30 PM,"The St Clair County Odenville varsity football team has a game @ Oxford (Alabama).","/al/football/game/oxford-vs-st-clair-county-odenville/9-4-2026/?c=64fa1980-b745-46be-a154-c101ca4d788e","https://www.maxpreps.com/al/football/game/oxford-vs-st-clair-county-odenville/9-4-2026/?c=64fa1980-b745-46be-a154-c101ca4d788e",db2,"Oxford","Odenville","https://www.maxpreps.com/al/oxford/football/","https://www.maxpreps.com/al/st-clair-county-odenville/football/","",""
79,"Snook Christian Academy Foley vs St Lukes Episcopal Mobile",Football,"Alabama",9/5/2026,7:30 PM,"The St Lukes Episcopal Mobile varsity football team has a game @ Snook Christian Academy Foley (Alabama).","/al/football/game/snook-christian-academy-foley-vs-st-lukes-episcopal-mobile/9-4-2026/?c=69a99e76-37dc-4468-82f0-f680a69b00b8","https://www.maxpreps.com/al/football/game/snook-christian-academy-foley-vs-st-lukes-episcopal-mobile/9-4-2026/?c=69a99e76-37dc-4468-82f0-f680a69b00b8",1676,"Foley","Mobile","https://www.maxpreps.com/al/snook-christian-academy-foley/football/","https://www.maxpreps.com/al/st-lukes-episcopal-mobile/football/","",""
80,"Brooks Killen vs West Morgan Trinity",Football,"Alabama",9/5/2026,7:30 PM,"The West Morgan Trinity varsity football team has a game @ Brooks Killen (Alabama).","/al/football/game/brooks-killen-vs-west-morgan-trinity/9-4-2026/?c=f3548659-ae9c-478e-9d77-1a04c00d781e","https://www.maxpreps.com/al/football/game/brooks-killen-vs-west-morgan-trinity/9-4-2026/?c=f3548659-ae9c-478e-9d77-1a04c00d781e",e33,"Killen","Trinity","https://www.maxpreps.com/al/brooks-killen/football/","https://www.maxpreps.com/al/west-morgan-trinity/football/","",""
81,"Aliceville vs Thorsby",Football,"Alabama",9/5/2026,7:30 PM,"The Thorsby varsity football team has a game @ Aliceville (Alabama).","/al/football/game/aliceville-vs-thorsby/9-4-2026/?c=9e726c5b-2e0f-4cfd-aa3d-04cc8b5acb27","https://www.maxpreps.com/al/football/game/aliceville-vs-thorsby/9-4-2026/?c=9e726c5b-2e0f-4cfd-aa3d-04cc8b5acb27",868,"Aliceville","Thorsby","https://www.maxpreps.com/al/aliceville/football/","https://www.maxpreps.com/al/thorsby/football/","",""
82,"Dothan Cougars vs Smiths Station",Football,"Alabama",9/5/2026,7:30 PM,"The Smiths Station varsity football team has a game @ Dothan Cougars (Alabama).","/al/football/game/dothan-cougars-vs-smiths-station/9-4-2026/?c=efa5467b-e2db-45b8-8af7-0f683a6853eb","https://www.maxpreps.com/al/football/game/dothan-cougars-vs-smiths-station/9-4-2026/?c=efa5467b-e2db-45b8-8af7-0f683a6853eb",ca9,"Cougars","Station","https://www.maxpreps.com/al/dothan-cougars/football/","https://www.maxpreps.com/al/smiths-station/football/","",""
83,"Ohatchee vs Piedmont",Football,"Alabama",9/5/2026,7:30 PM,"The Piedmont varsity football team has a game @ Ohatchee (Alabama).","/al/football/game/ohatchee-vs-piedmont/9-4-2026/?c=77824227-0196-4c91-af28-7296c636da0b","https://www.maxpreps.com/al/football/game/ohatchee-vs-piedmont/9-4-2026/?c=77824227-0196-4c91-af28-7296c636da0b",7e4,"Ohatchee","Piedmont","https://www.maxpreps.com/al/ohatchee/football/","https://www.maxpreps.com/al/piedmont/football/","",""
84,"Beulah Valley vs Pike County Brundidge",Football,"Alabama",9/5/2026,7:30 PM,"The Pike County Brundidge varsity football team has a game @ Beulah Valley (Alabama).","/al/football/game/beulah-valley-vs-pike-county-brundidge/9-4-2026/?c=7a4e64c6-f479-4f01-a574-1493ce0bc522","https://www.maxpreps.com/al/football/game/beulah-valley-vs-pike-county-brundidge/9-4-2026/?c=7a4e64c6-f479-4f01-a574-1493ce0bc522",ec7,"Valley","Brundidge","https://www.maxpreps.com/al/beulah-valley/football/","https://www.maxpreps.com/al/pike-county-brundidge/football/","",""
85,"Beauregard Opelika vs Greenville",Football,"Alabama",9/5/2026,7:30 PM,"The Greenville varsity football team has a game @ Beauregard Opelika (Alabama).","/al/football/game/beauregard-opelika-vs-greenville/9-4-2026/?c=c033e044-6b91-4c2c-8503-237bfea572ea","https://www.maxpreps.com/al/football/game/beauregard-opelika-vs-greenville/9-4-2026/?c=c033e044-6b91-4c2c-8503-237bfea572ea",c94,"Opelika","Greenville","https://www.maxpreps.com/al/beauregard-opelika/football/","https://www.maxpreps.com/al/greenville/football/","",""
86,"Faithful Explorers Alc Byram vs Russell Christian Academy Meridian",Football,"Alabama",9/5/2026,7:30 PM,"The Russell Christian Academy Meridian varsity football team has a game @ Faithful Explorers Alc Byram (Alabama).","/ms/football/game/faithful-explorers-alc-byram-vs-russell-christian-academy-meridian/9-4-2026/?c=2b6658e6-d0d4-43ba-bd38-b8a290c79e30","https://www.maxpreps.com/ms/football/game/faithful-explorers-alc-byram-vs-russell-christian-academy-meridian/9-4-2026/?c=2b6658e6-d0d4-43ba-bd38-b8a290c79e30",19bf,"Byram","Meridian","https://www.maxpreps.com/al/faithful-explorers-alc-byram/football/","https://www.maxpreps.com/al/russell-christian-academy-meridian/football/","",""
87,"Cottage Hill Christian Academy Mobile vs Mobile Christian",Football,"Alabama",9/5/2026,7:30 PM,"The Mobile Christian varsity football team has a game @ Cottage Hill Christian Academy Mobile (Alabama).","/al/football/game/cottage-hill-christian-academy-mobile-vs-mobile-christian/9-4-2026/?c=1b498d8f-fa3a-4a0c-8a04-7a7e289ef520","https://www.maxpreps.com/al/football/game/cottage-hill-christian-academy-mobile-vs-mobile-christian/9-4-2026/?c=1b498d8f-fa3a-4a0c-8a04-7a7e289ef520",1602,"Mobile","Christian","https://www.maxpreps.com/al/cottage-hill-christian-academy-mobile/football/","https://www.maxpreps.com/al/mobile-christian/football/","",""
88,"Montevallo vs Northside Northport",Football,"Alabama",9/5/2026,7:30 PM,"The Northside Northport varsity football team has a game @ Montevallo (Alabama).","/al/football/game/montevallo-vs-northside-northport/9-4-2026/?c=6981e11a-606b-47bf-b2a9-d820cefc2e11","https://www.maxpreps.com/al/football/game/montevallo-vs-northside-northport/9-4-2026/?c=6981e11a-606b-47bf-b2a9-d820cefc2e11",d71,"Montevallo","Northport","https://www.maxpreps.com/al/montevallo/football/","https://www.maxpreps.com/al/northside-northport/football/","",""
89,"Cornerstone Christian Rainsville vs Pineview Christian Harvest",Football,"Alabama",9/5/2026,7:30 PM,"The Pineview Christian Harvest varsity football team has a game @ Cornerstone Christian Rainsville (Alabama).","/al/football/game/cornerstone-christian-rainsville-vs-pineview-christian-harvest/9-4-2026/?c=78b96cd6-d2d7-4cc0-99c6-27f8b3bf5c6f","https://www.maxpreps.com/al/football/game/cornerstone-christian-rainsville-vs-pineview-christian-harvest/9-4-2026/?c=78b96cd6-d2d7-4cc0-99c6-27f8b3bf5c6f",18d0,"Rainsville","Harvest","https://www.maxpreps.com/al/cornerstone-christian-rainsville/football/","https://www.maxpreps.com/al/pineview-christian-harvest/football/","",""
90,"Mcadory Mccalla vs Northridge Tuscaloosa",Football,"Alabama",9/5/2026,7:30 PM,"The Northridge Tuscaloosa varsity football team has a game @ Mcadory Mccalla (Alabama).","/al/football/game/mcadory-mccalla-vs-northridge-tuscaloosa/9-4-2026/?c=3e2b3a34-0933-4bf8-b7f5-5712318684cd","https://www.maxpreps.com/al/football/game/mcadory-mccalla-vs-northridge-tuscaloosa/9-4-2026/?c=3e2b3a34-0933-4bf8-b7f5-5712318684cd",fcd,"Mccalla","Tuscaloosa","https://www.maxpreps.com/al/mcadory-mccalla/football/","https://www.maxpreps.com/al/northridge-tuscaloosa/football/","",""
91,"Colbert Heights Tuscumbia vs Lauderdale County Rogersville",Football,"Alabama",9/5/2026,7:30 PM,"The Lauderdale County Rogersville varsity football team has a game @ Colbert Heights Tuscumbia (Alabama).","/al/football/game/colbert-heights-tuscumbia-vs-lauderdale-county-rogersville/9-4-2026/?c=24f5ef97-45bd-492e-97fa-09c288b98d81","https://www.maxpreps.com/al/football/game/colbert-heights-tuscumbia-vs-lauderdale-county-rogersville/9-4-2026/?c=24f5ef97-45bd-492e-97fa-09c288b98d81",16fe,"Tuscumbia","Rogersville","https://www.maxpreps.com/al/colbert-heights-tuscumbia/football/","https://www.maxpreps.com/al/lauderdale-county-rogersville/football/","",""
92,"Chambers Academy Lafayette vs Crenshaw Christian Academy Luverne",Football,"Alabama",9/5/2026,7:30 PM,"The Crenshaw Christian Academy Luverne varsity football team has a game @ Chambers Academy Lafayette (Alabama).","/al/football/game/chambers-academy-lafayette-vs-crenshaw-christian-academy-luverne/9-4-2026/?c=e2abb1ad-4f1b-414a-b60e-eb39bcaa30c1","https://www.maxpreps.com/al/football/game/chambers-academy-lafayette-vs-crenshaw-christian-academy-luverne/9-4-2026/?c=e2abb1ad-4f1b-414a-b60e-eb39bcaa30c1",18f1,"Lafayette","Luverne","https://www.maxpreps.com/al/chambers-academy-lafayette/football/","https://www.maxpreps.com/al/crenshaw-christian-academy-luverne/football/","",""
93,"Brewer Somerville vs Crossville",Football,"Alabama",9/5/2026,7:30 PM,"The Crossville varsity football team has a game @ Brewer Somerville (Alabama).","/al/football/game/brewer-somerville-vs-crossville/9-4-2026/?c=b2d0794e-e0ff-4f53-bb56-734457ff326a","https://www.maxpreps.com/al/football/game/brewer-somerville-vs-crossville/9-4-2026/?c=b2d0794e-e0ff-4f53-bb56-734457ff326a",c7f,"Somerville","Crossville","https://www.maxpreps.com/al/brewer-somerville/football/","https://www.maxpreps.com/al/crossville/football/","",""
94,"Dallas County Plantersville vs Greene County Eutaw",Football,"Alabama",9/5/2026,7:30 PM,"The Greene County Eutaw varsity football team has a game @ Dallas County Plantersville (Alabama).","/al/football/game/dallas-county-plantersville-vs-greene-county-eutaw/9-4-2026/?c=7d6d29a9-5d55-448d-996e-5d7e3461291e","https://www.maxpreps.com/al/football/game/dallas-county-plantersville-vs-greene-county-eutaw/9-4-2026/?c=7d6d29a9-5d55-448d-996e-5d7e3461291e",13cd,"Plantersville","Eutaw","https://www.maxpreps.com/al/dallas-county-plantersville/football/","https://www.maxpreps.com/al/greene-county-eutaw/football/","",""
95,"Anniston vs Central Of Clay County Lineville",Football,"Alabama",9/5/2026,7:30 PM,"The Central Of Clay County Lineville varsity football team has a game @ Anniston (Alabama).","/al/football/game/anniston-vs-central-of-clay-county-lineville/9-4-2026/?c=1c35f2be-0a91-4076-aad5-814721815181","https://www.maxpreps.com/al/football/game/anniston-vs-central-of-clay-county-lineville/9-4-2026/?c=1c35f2be-0a91-4076-aad5-814721815181",112e,"Anniston","Lineville","https://www.maxpreps.com/al/anniston/football/","https://www.maxpreps.com/al/central-of-clay-county-lineville/football/","",""
96,"Addison vs Waterloo",Football,"Alabama",9/5/2026,7:30 PM,"The Waterloo varsity football team has a game @ Addison (Alabama).","/al/football/game/addison-vs-waterloo/9-4-2026/?c=efb304d6-9405-44e2-85cf-eeb6bf12deee","https://www.maxpreps.com/al/football/game/addison-vs-waterloo/9-4-2026/?c=efb304d6-9405-44e2-85cf-eeb6bf12deee",792,"Addison","Waterloo","https://www.maxpreps.com/al/addison/football/","https://www.maxpreps.com/al/waterloo/football/","",""
97,"Flomaton vs Opp",Football,"Alabama",9/5/2026,7:30 PM,"The Opp varsity football team has a game @ Flomaton (Alabama).","/al/football/game/flomaton-vs-opp/9-4-2026/?c=aead690c-3b72-44eb-aff0-55ea0fbf2244","https://www.maxpreps.com/al/football/game/flomaton-vs-opp/9-4-2026/?c=aead690c-3b72-44eb-aff0-55ea0fbf2244",5f2,"Flomaton","Opp","https://www.maxpreps.com/al/flomaton/football/","https://www.maxpreps.com/al/opp/football/","",""
98,"Gaylesville vs Valley Head",Football,"Alabama",9/5/2026,7:30 PM,"The Valley Head varsity football team has a game @ Gaylesville (Alabama).","/al/football/game/gaylesville-vs-valley-head/9-4-2026/?c=1f514a2b-78ed-452d-a02e-3d424d381257","https://www.maxpreps.com/al/football/game/gaylesville-vs-valley-head/9-4-2026/?c=1f514a2b-78ed-452d-a02e-3d424d381257",a30,"Gaylesville","Head","https://www.maxpreps.com/al/gaylesville/football/","https://www.maxpreps.com/al/valley-head/football/","",""
99,"Northside Methodist Academy Dothan vs Providence Christian Dothan",Football,"Alabama",9/5/2026,7:30 PM,"The Providence Christian Dothan varsity football team has a game @ Northside Methodist Academy Dothan (Alabama).","/al/football/game/northside-methodist-academy-dothan-vs-providence-christian-dothan/9-4-2026/?c=964842b5-b606-416f-9c34-6dc1d7d890a5","https://www.maxpreps.com/al/football/game/northside-methodist-academy-dothan-vs-providence-christian-dothan/9-4-2026/?c=964842b5-b606-416f-9c34-6dc1d7d890a5",1989,"Dothan","Dothan","https://www.maxpreps.com/al/northside-methodist-academy-dothan/football/","https://www.maxpreps.com/al/providence-christian-dothan/football/","",""
100,"Daleville vs Geneva",Football,"Alabama",9/5/2026,7:30 PM,"The Geneva varsity football team has a game @ Daleville (Alabama).","/al/football/game/daleville-vs-geneva/9-4-2026/?c=b8ea63b2-6ae5-4767-a3cf-779dcea9d7bf","https://www.maxpreps.com/al/football/game/daleville-vs-geneva/9-4-2026/?c=b8ea63b2-6ae5-4767-a3cf-779dcea9d7bf",76b,"Daleville","Geneva","https://www.maxpreps.com/al/daleville/football/","https://www.maxpreps.com/al/geneva/football/","",""
101,"Cleveland vs Midfield",Football,"Alabama",9/5/2026,7:30 PM,"The Midfield varsity football team has a game @ Cleveland (Alabama).","/al/football/game/cleveland-vs-midfield/9-4-2026/?c=e0e176f6-8ca3-4c44-b080-4f51d2701e14","https://www.maxpreps.com/al/football/game/cleveland-vs-midfield/9-4-2026/?c=e0e176f6-8ca3-4c44-b080-4f51d2701e14",82f,"Cleveland","Midfield","https://www.maxpreps.com/al/cleveland/football/","https://www.maxpreps.com/al/midfield/football/","",""
102,"Coosa Valley Academy Harpersville vs Macon East Montgomery Academy Cecil",Football,"Alabama",9/5/2026,7:30 PM,"The Macon East Montgomery Academy Cecil varsity football team has a game @ Coosa Valley Academy Harpersville (Alabama).","/al/football/game/coosa-valley-academy-harpersville-vs-macon-east-montgomery-academy-cecil/9-4-2026/?c=a1d22e0f-e6c6-45de-82c9-315347d1c15c","https://www.maxpreps.com/al/football/game/coosa-valley-academy-harpersville-vs-macon-east-montgomery-academy-cecil/9-4-2026/?c=a1d22e0f-e6c6-45de-82c9-315347d1c15c",1be5,"Harpersville","Cecil","https://www.maxpreps.com/al/coosa-valley-academy-harpersville/football/","https://www.maxpreps.com/al/macon-east-montgomery-academy-cecil/football/","",""
103,"Riverside Christian Academy Fayetteville Tn vs Trinity Christian Homeschool Pelham Al",Football,"Alabama",9/5/2026,7:30 PM,"The Trinity Christian Homeschool Pelham Al varsity football team has a game @ Riverside Christian Academy Fayetteville Tn (Alabama).","/inter-state/football/game/riverside-christian-academy-fayetteville-tn-vs-trinity-christian-homeschool-pelham-al/9-4-2026/?c=104b6363-3e3f-448b-8b4f-b2acf01c8cc6","https://www.maxpreps.com/inter-state/football/game/riverside-christian-academy-fayetteville-tn-vs-trinity-christian-homeschool-pelham-al/9-4-2026/?c=104b6363-3e3f-448b-8b4f-b2acf01c8cc6",214e,"Tn","Al","https://www.maxpreps.com/al/riverside-christian-academy-fayetteville-tn/football/","https://www.maxpreps.com/al/trinity-christian-homeschool-pelham-al/football/","",""
104,"Hanceville vs Vinemont",Football,"Alabama",9/5/2026,7:30 PM,"The Vinemont varsity football team has a game @ Hanceville (Alabama).","/al/football/game/hanceville-vs-vinemont/9-4-2026/?c=2615767d-44f8-41eb-bd4e-0cf52bc29760","https://www.maxpreps.com/al/football/game/hanceville-vs-vinemont/9-4-2026/?c=2615767d-44f8-41eb-bd4e-0cf52bc29760",8ce,"Hanceville","Vinemont","https://www.maxpreps.com/al/hanceville/football/","https://www.maxpreps.com/al/vinemont/football/","",""
105,"New Hope vs Plainview Rainsville",Football,"Alabama",9/5/2026,7:30 PM,"The Plainview Rainsville varsity football team has a game @ New Hope (Alabama).","/al/football/game/new-hope-vs-plainview-rainsville/9-4-2026/?c=21a0062c-a9fd-48d1-9fe1-ce9d14328db4","https://www.maxpreps.com/al/football/game/new-hope-vs-plainview-rainsville/9-4-2026/?c=21a0062c-a9fd-48d1-9fe1-ce9d14328db4",c9b,"Hope","Rainsville","https://www.maxpreps.com/al/new-hope/football/","https://www.maxpreps.com/al/plainview-rainsville/football/","",""
106,"Sweet Water vs University Charter Livingston",Football,"Alabama",9/5/2026,7:30 PM,"The University Charter Livingston varsity football team has a game @ Sweet Water (Alabama).","/al/football/game/sweet-water-vs-university-charter-livingston/9-4-2026/?c=05796479-0b28-48db-a55f-f3123f0b556e","https://www.maxpreps.com/al/football/game/sweet-water-vs-university-charter-livingston/9-4-2026/?c=05796479-0b28-48db-a55f-f3123f0b556e",11ad,"Water","Livingston","https://www.maxpreps.com/al/sweet-water/football/","https://www.maxpreps.com/al/university-charter-livingston/football/","",""
107,"Ashford vs Eufaula",Football,"Alabama",9/5/2026,7:30 PM,"The Eufaula varsity football team has a game @ Ashford (Alabama).","/al/football/game/ashford-vs-eufaula/9-4-2026/?c=b2afa093-abe5-475d-8098-ac4a21101c2a","https://www.maxpreps.com/al/football/game/ashford-vs-eufaula/9-4-2026/?c=b2afa093-abe5-475d-8098-ac4a21101c2a",70d,"Ashford","Eufaula","https://www.maxpreps.com/al/ashford/football/","https://www.maxpreps.com/al/eufaula/football/","",""
108,"Cullman vs Minor Adamsville",Football,"Alabama",9/5/2026,7:30 PM,"The Minor Adamsville varsity football team has a game @ Cullman (Alabama).","/al/football/game/cullman-vs-minor-adamsville/9-4-2026/?c=0cac552e-7f99-430e-9d2e-3f7287081cf8","https://www.maxpreps.com/al/football/game/cullman-vs-minor-adamsville/9-4-2026/?c=0cac552e-7f99-430e-9d2e-3f7287081cf8",aa3,"Cullman","Adamsville","https://www.maxpreps.com/al/cullman/football/","https://www.maxpreps.com/al/minor-adamsville/football/","",""
109,"Choctaw County Butler vs Mcintosh",Football,"Alabama",9/5/2026,7:30 PM,"The Mcintosh varsity football team has a game @ Choctaw County Butler (Alabama).","/al/football/game/choctaw-county-butler-vs-mcintosh/9-4-2026/?c=a459026f-4d1d-4c45-ba8c-2d151153e737","https://www.maxpreps.com/al/football/game/choctaw-county-butler-vs-mcintosh/9-4-2026/?c=a459026f-4d1d-4c45-ba8c-2d151153e737",d1b,"Butler","Mcintosh","https://www.maxpreps.com/al/choctaw-county-butler/football/","https://www.maxpreps.com/al/mcintosh/football/","",""
110,"Dadeville vs Randolph County Wedowee",Football,"Alabama",9/5/2026,7:30 PM,"The Randolph County Wedowee varsity football team has a game @ Dadeville (Alabama).","/al/football/game/dadeville-vs-randolph-county-wedowee/9-4-2026/?c=acb077b0-0cdd-4350-b51e-83a8440b8c80","https://www.maxpreps.com/al/football/game/dadeville-vs-randolph-county-wedowee/9-4-2026/?c=acb077b0-0cdd-4350-b51e-83a8440b8c80",e31,"Dadeville","Wedowee","https://www.maxpreps.com/al/dadeville/football/","https://www.maxpreps.com/al/randolph-county-wedowee/football/","",""
111,"North Sand Mountain Higdon vs Pisgah",Football,"Alabama",9/5/2026,7:30 PM,"The Pisgah varsity football team has a game @ North Sand Mountain Higdon (Alabama).","/al/football/game/north-sand-mountain-higdon-vs-pisgah/9-4-2026/?c=bb552a0a-2c6b-4ea9-8f1d-22714af60775","https://www.maxpreps.com/al/football/game/north-sand-mountain-higdon-vs-pisgah/9-4-2026/?c=bb552a0a-2c6b-4ea9-8f1d-22714af60775",dfb,"Higdon","Pisgah","https://www.maxpreps.com/al/north-sand-mountain-higdon/football/","https://www.maxpreps.com/al/pisgah/football/","",""
112,"Andalusia vs Straughn Tigeres Andalusia",Football,"Alabama",9/5/2026,7:30 PM,"The Straughn Tigeres Andalusia varsity football team has a game @ Andalusia (Alabama).","/al/football/game/andalusia-vs-straughn-tigeres-andalusia/9-4-2026/?c=3ec5677d-c38d-4b8b-b825-11ce2f8ee506","https://www.maxpreps.com/al/football/game/andalusia-vs-straughn-tigeres-andalusia/9-4-2026/?c=3ec5677d-c38d-4b8b-b825-11ce2f8ee506",f60,"Andalusia","Andalusia","https://www.maxpreps.com/al/andalusia/football/","https://www.maxpreps.com/al/straughn-tigeres-andalusia/football/","",""
113,"Mars Hill Bible Florence vs Westbrook Christian Rainbow City",Football,"Alabama",9/5/2026,7:30 PM,"The Westbrook Christian Rainbow City varsity football team has a game @ Mars Hill Bible Florence (Alabama).","/al/football/game/mars-hill-bible-florence-vs-westbrook-christian-rainbow-city/9-4-2026/?c=2f4685cf-41e2-4400-bc98-e90993a24887","https://www.maxpreps.com/al/football/game/mars-hill-bible-florence-vs-westbrook-christian-rainbow-city/9-4-2026/?c=2f4685cf-41e2-4400-bc98-e90993a24887",1749,"Florence","City","https://www.maxpreps.com/al/mars-hill-bible-florence/football/","https://www.maxpreps.com/al/westbrook-christian-rainbow-city/football/","",""
114,"Thomasville vs Ws Neal East Brewton",Football,"Alabama",9/5/2026,7:30 PM,"The Ws Neal East Brewton varsity football team has a game @ Thomasville (Alabama).","/al/football/game/thomasville-vs-ws-neal-east-brewton/9-4-2026/?c=d3c73535-4bfe-47ba-b5b6-ba7e4bf99746","https://www.maxpreps.com/al/football/game/thomasville-vs-ws-neal-east-brewton/9-4-2026/?c=d3c73535-4bfe-47ba-b5b6-ba7e4bf99746",daa,"Thomasville","Brewton","https://www.maxpreps.com/al/thomasville/football/","https://www.maxpreps.com/al/ws-neal-east-brewton/football/","",""
115,"Ezekiel Academy Montgomery vs North River Christian Tuscaloosa",Football,"Alabama",9/5/2026,7:30 PM,"The North River Christian Tuscaloosa varsity football team has a game @ Ezekiel Academy Montgomery (Alabama).","/al/football/game/ezekiel-academy-montgomery-vs-north-river-christian-tuscaloosa/9-4-2026/?c=e7464c1d-2120-4b59-9d85-ae29038e3f61","https://www.maxpreps.com/al/football/game/ezekiel-academy-montgomery-vs-north-river-christian-tuscaloosa/9-4-2026/?c=e7464c1d-2120-4b59-9d85-ae29038e3f61",1888,"Montgomery","Tuscaloosa","https://www.maxpreps.com/al/ezekiel-academy-montgomery/football/","https://www.maxpreps.com/al/north-river-christian-tuscaloosa/football/","",""
116,"Coosa Christian Gadsden vs Whitesburg Christian Academy Huntsville",Football,"Alabama",9/5/2026,7:30 PM,"The Whitesburg Christian Academy Huntsville varsity football team has a game @ Coosa Christian Gadsden (Alabama).","/al/football/game/coosa-christian-gadsden-vs-whitesburg-christian-academy-huntsville/9-4-2026/?c=a186eb82-9ee7-4c6a-820c-c30d7abe1e0d","https://www.maxpreps.com/al/football/game/coosa-christian-gadsden-vs-whitesburg-christian-academy-huntsville/9-4-2026/?c=a186eb82-9ee7-4c6a-820c-c30d7abe1e0d",19ff,"Gadsden","Huntsville","https://www.maxpreps.com/al/coosa-christian-gadsden/football/","https://www.maxpreps.com/al/whitesburg-christian-academy-huntsville/football/","",""
117,"Keith Orrville vs Shields Beatrice",Football,"Alabama",9/5/2026,7:30 PM,"The Shields Beatrice varsity football team has a game @ Keith Orrville (Alabama).","/al/football/game/keith-orrville-vs-shields-beatrice/9-4-2026/?c=62333c31-79c4-418b-b167-15a909fac5db","https://www.maxpreps.com/al/football/game/keith-orrville-vs-shields-beatrice/9-4-2026/?c=62333c31-79c4-418b-b167-15a909fac5db",d4c,"Orrville","Beatrice","https://www.maxpreps.com/al/keith-orrville/football/","https://www.maxpreps.com/al/shields-beatrice/football/","",""
118,"Pike Liberal Arts Troy vs Saint James Montgomery",Football,"Alabama",9/5/2026,7:30 PM,"The Saint James Montgomery varsity football team has a game @ Pike Liberal Arts Troy (Alabama).","/al/football/game/pike-liberal-arts-troy-vs-saint-james-montgomery/9-4-2026/?c=3deeca45-045c-4e30-b7ed-f74236d0c4c1","https://www.maxpreps.com/al/football/game/pike-liberal-arts-troy-vs-saint-james-montgomery/9-4-2026/?c=3deeca45-045c-4e30-b7ed-f74236d0c4c1",12b0,"Troy","Montgomery","https://www.maxpreps.com/al/pike-liberal-arts-troy/football/","https://www.maxpreps.com/al/saint-james-montgomery/football/","",""
119,"Bayshore Christian Fairhope vs Bayside Academy Daphne",Football,"Alabama",9/5/2026,7:30 PM,"The Bayside Academy Daphne varsity football team has a game @ Bayshore Christian Fairhope (Alabama).","/al/football/game/bayshore-christian-fairhope-vs-bayside-academy-daphne/9-4-2026/?c=f8d0a012-8971-4482-ae9a-b60d829832a4","https://www.maxpreps.com/al/football/game/bayshore-christian-fairhope-vs-bayside-academy-daphne/9-4-2026/?c=f8d0a012-8971-4482-ae9a-b60d829832a4",148c,"Fairhope","Daphne","https://www.maxpreps.com/al/bayshore-christian-fairhope/football/","https://www.maxpreps.com/al/bayside-academy-daphne/football/","",""
120,"Holtville Deatsville vs Tallassee",Football,"Alabama",9/5/2026,7:30 PM,"The Tallassee varsity football team has a game @ Holtville Deatsville (Alabama).","/al/football/game/holtville-deatsville-vs-tallassee/9-4-2026/?c=989f2be3-157c-4dad-ae3d-517e915daec6","https://www.maxpreps.com/al/football/game/holtville-deatsville-vs-tallassee/9-4-2026/?c=989f2be3-157c-4dad-ae3d-517e915daec6",d2e,"Deatsville","Tallassee","https://www.maxpreps.com/al/holtville-deatsville/football/","https://www.maxpreps.com/al/tallassee/football/","",""
121,"Handley Roanoke vs Weaver",Football,"Alabama",9/5/2026,7:30 PM,"The Weaver varsity football team has a game @ Handley Roanoke (Alabama).","/al/football/game/handley-roanoke-vs-weaver/9-4-2026/?c=e05b3ddc-10ac-44b5-ab46-944a5e1afad2","https://www.maxpreps.com/al/football/game/handley-roanoke-vs-weaver/9-4-2026/?c=e05b3ddc-10ac-44b5-ab46-944a5e1afad2",9ce,"Roanoke","Weaver","https://www.maxpreps.com/al/handley-roanoke/football/","https://www.maxpreps.com/al/weaver/football/","",""
122,"Bob Jones Madison vs James Clemens Madison",Football,"Alabama",9/5/2026,7:30 PM,"The James Clemens Madison varsity football team has a game @ Bob Jones Madison (Alabama).","/al/football/game/bob-jones-madison-vs-james-clemens-madison/9-4-2026/?c=baa62074-2373-43a7-93d4-f8207334edf2","https://www.maxpreps.com/al/football/game/bob-jones-madison-vs-james-clemens-madison/9-4-2026/?c=baa62074-2373-43a7-93d4-f8207334edf2",1016,"Madison","Madison","https://www.maxpreps.com/al/bob-jones-madison/football/","https://www.maxpreps.com/al/james-clemens-madison/football/","",""
123,"Helena vs Pelham",Football,"Alabama",9/5/2026,7:30 PM,"The Pelham varsity football team has a game @ Helena (Alabama).","/al/football/game/helena-vs-pelham/9-4-2026/?c=0c81de39-1456-4f49-9971-147f90a812ad","https://www.maxpreps.com/al/football/game/helena-vs-pelham/9-4-2026/?c=0c81de39-1456-4f49-9971-147f90a812ad",627,"Helena","Pelham","https://www.maxpreps.com/al/helena/football/","https://www.maxpreps.com/al/pelham/football/","",""
124,"Geraldine vs North Jackson Stevenson",Football,"Alabama",9/5/2026,7:30 PM,"The North Jackson Stevenson varsity football team has a game @ Geraldine (Alabama).","/al/football/game/geraldine-vs-north-jackson-stevenson/9-4-2026/?c=394f6ec8-39a4-4b5b-825e-00417624e3e4","https://www.maxpreps.com/al/football/game/geraldine-vs-north-jackson-stevenson/9-4-2026/?c=394f6ec8-39a4-4b5b-825e-00417624e3e4",e41,"Geraldine","Stevenson","https://www.maxpreps.com/al/geraldine/football/","https://www.maxpreps.com/al/north-jackson-stevenson/football/","",""
125,"Russell County Seale vs Stanhope Elmore Millbrook",Football,"Alabama",9/5/2026,7:30 PM,"The Stanhope Elmore Millbrook varsity football team has a game @ Russell County Seale (Alabama).","/al/football/game/russell-county-seale-vs-stanhope-elmore-millbrook/9-4-2026/?c=025f5850-afb9-4e39-8d7e-7e8af4842ff3","https://www.maxpreps.com/al/football/game/russell-county-seale-vs-stanhope-elmore-millbrook/9-4-2026/?c=025f5850-afb9-4e39-8d7e-7e8af4842ff3",135e,"Seale","Millbrook","https://www.maxpreps.com/al/russell-county-seale/football/","https://www.maxpreps.com/al/stanhope-elmore-millbrook/football/","",""
126,"Escambia Academy Atmore Al vs Varsity Opponent Intl",Football,"Alabama",9/5/2026,7:30 PM,"The Varsity Opponent Intl varsity football team has a game @ Escambia Academy Atmore Al (Alabama).","/al/football/game/escambia-academy-atmore-al-vs-varsity-opponent-intl/9-4-2026/?c=30831aea-1cd5-47b3-ae0b-596b1cf5ebdb","https://www.maxpreps.com/al/football/game/escambia-academy-atmore-al-vs-varsity-opponent-intl/9-4-2026/?c=30831aea-1cd5-47b3-ae0b-596b1cf5ebdb",13be,"Al","Intl","https://www.maxpreps.com/al/escambia-academy-atmore-al/football/","https://www.maxpreps.com/al/varsity-opponent-intl/football/","",""
127,"Huffman Birmingham vs Jasper",Football,"Alabama",9/5/2026,7:30 PM,"The Jasper varsity football team has a game @ Huffman Birmingham (Alabama).","/al/football/game/huffman-birmingham-vs-jasper/9-4-2026/?c=734c8d01-9788-4168-9216-4faf459bfb23","https://www.maxpreps.com/al/football/game/huffman-birmingham-vs-jasper/9-4-2026/?c=734c8d01-9788-4168-9216-4faf459bfb23",af8,"Birmingham","Jasper","https://www.maxpreps.com/al/huffman-birmingham/football/","https://www.maxpreps.com/al/jasper/football/","",""
128,"Grissom Huntsville vs Huntsville",Football,"Alabama",9/5/2026,7:30 PM,"The Huntsville varsity football team has a game @ Grissom Huntsville (Alabama).","/al/football/game/grissom-huntsville-vs-huntsville/9-4-2026/?c=ee6dca1c-a72d-48fd-bb4d-3a1446eb0667","https://www.maxpreps.com/al/football/game/grissom-huntsville-vs-huntsville/9-4-2026/?c=ee6dca1c-a72d-48fd-bb4d-3a1446eb0667",d10,"Huntsville","Huntsville","https://www.maxpreps.com/al/grissom-huntsville/football/","https://www.maxpreps.com/al/huntsville/football/","",""
129,"Ider vs Sand Rock Leesburg",Football,"Alabama",9/5/2026,7:30 PM,"The Sand Rock Leesburg varsity football team has a game @ Ider (Alabama).","/al/football/game/ider-vs-sand-rock-leesburg/9-4-2026/?c=cf73f698-4711-4057-9881-966712157462","https://www.maxpreps.com/al/football/game/ider-vs-sand-rock-leesburg/9-4-2026/?c=cf73f698-4711-4057-9881-966712157462",9ef,"Ider","Leesburg","https://www.maxpreps.com/al/ider/football/","https://www.maxpreps.com/al/sand-rock-leesburg/football/","",""
130,"Southern Choctaw Gilbertown vs Washington County Chatom",Football,"Alabama",9/5/2026,7:30 PM,"The Washington County Chatom varsity football team has a game @ Southern Choctaw Gilbertown (Alabama).","/al/football/game/southern-choctaw-gilbertown-vs-washington-county-chatom/9-4-2026/?c=4e3d040e-f76d-443c-b4f2-d0cde809f42a","https://www.maxpreps.com/al/football/game/southern-choctaw-gilbertown-vs-washington-county-chatom/9-4-2026/?c=4e3d040e-f76d-443c-b4f2-d0cde809f42a",15f5,"Gilbertown","Chatom","https://www.maxpreps.com/al/southern-choctaw-gilbertown/football/","https://www.maxpreps.com/al/washington-county-chatom/football/","",""
131,"Holy Spirit Catholic Tuscaloosa vs Pickens Academy Carrollton",Football,"Alabama",9/5/2026,7:30 PM,"The Pickens Academy Carrollton varsity football team has a game @ Holy Spirit Catholic Tuscaloosa (Alabama).","/al/football/game/holy-spirit-catholic-tuscaloosa-vs-pickens-academy-carrollton/9-4-2026/?c=17fb5b5c-a937-48e2-9296-837061c2c66d","https://www.maxpreps.com/al/football/game/holy-spirit-catholic-tuscaloosa-vs-pickens-academy-carrollton/9-4-2026/?c=17fb5b5c-a937-48e2-9296-837061c2c66d",1801,"Tuscaloosa","Carrollton","https://www.maxpreps.com/al/holy-spirit-catholic-tuscaloosa/football/","https://www.maxpreps.com/al/pickens-academy-carrollton/football/","",""
132,"Geneva County Hartford vs Houston County Columbia",Football,"Alabama",9/5/2026,7:30 PM,"The Houston County Columbia varsity football team has a game @ Geneva County Hartford (Alabama).","/al/football/game/geneva-county-hartford-vs-houston-county-columbia/9-4-2026/?c=9d7c536f-c5b0-4ee8-b828-e67118082671","https://www.maxpreps.com/al/football/game/geneva-county-hartford-vs-houston-county-columbia/9-4-2026/?c=9d7c536f-c5b0-4ee8-b828-e67118082671",1367,"Hartford","Columbia","https://www.maxpreps.com/al/geneva-county-hartford/football/","https://www.maxpreps.com/al/houston-county-columbia/football/","",""
133,"Ashville vs Talladega",Football,"Alabama",9/5/2026,7:30 PM,"The Talladega varsity football team has a game @ Ashville (Alabama).","/al/football/game/ashville-vs-talladega/9-4-2026/?c=a509392a-d2e2-4a2e-a817-e024e7574d12","https://www.maxpreps.com/al/football/game/ashville-vs-talladega/9-4-2026/?c=a509392a-d2e2-4a2e-a817-e024e7574d12",83a,"Ashville","Talladega","https://www.maxpreps.com/al/ashville/football/","https://www.maxpreps.com/al/talladega/football/","",""
134,"Pell City vs Pinson Valley",Football,"Alabama",9/5/2026,7:30 PM,"The Pinson Valley varsity football team has a game @ Pell City (Alabama).","/al/football/game/pell-city-vs-pinson-valley/9-4-2026/?c=43a3af40-ff79-423a-80a4-7a2dc5167a90","https://www.maxpreps.com/al/football/game/pell-city-vs-pinson-valley/9-4-2026/?c=43a3af40-ff79-423a-80a4-7a2dc5167a90",a27,"City","Valley","https://www.maxpreps.com/al/pell-city/football/","https://www.maxpreps.com/al/pinson-valley/football/","",""
135,"Cold Springs Bremen vs Locust Fork",Football,"Alabama",9/5/2026,7:30 PM,"The Locust Fork varsity football team has a game @ Cold Springs Bremen (Alabama).","/al/football/game/cold-springs-bremen-vs-locust-fork/9-4-2026/?c=7356b7ff-27a8-43cf-80a1-ef714e4c531a","https://www.maxpreps.com/al/football/game/cold-springs-bremen-vs-locust-fork/9-4-2026/?c=7356b7ff-27a8-43cf-80a1-ef714e4c531a",d37,"Bremen","Fork","https://www.maxpreps.com/al/cold-springs-bremen/football/","https://www.maxpreps.com/al/locust-fork/football/","",""
136,"Banks Academy Birmingham vs Clarke Prep Grove Hill",Football,"Alabama",9/5/2026,7:30 PM,"The Clarke Prep Grove Hill varsity football team has a game @ Banks Academy Birmingham (Alabama).","/al/football/game/banks-academy-birmingham-vs-clarke-prep-grove-hill/9-4-2026/?c=861a164f-8ea1-409a-9494-1a7fb2ca718a","https://www.maxpreps.com/al/football/game/banks-academy-birmingham-vs-clarke-prep-grove-hill/9-4-2026/?c=861a164f-8ea1-409a-9494-1a7fb2ca718a",131a,"Birmingham","Hill","https://www.maxpreps.com/al/banks-academy-birmingham/football/","https://www.maxpreps.com/al/clarke-prep-grove-hill/football/","",""
137,"Abbeville Christian Academy vs Hooper Academy Hope Hull",Football,"Alabama",9/5/2026,7:30 PM,"The Hooper Academy Hope Hull varsity football team has a game @ Abbeville Christian Academy (Alabama).","/al/football/game/abbeville-christian-academy-vs-hooper-academy-hope-hull/9-4-2026/?c=1138c28e-b270-4c83-b7e3-f27585f91f3f","https://www.maxpreps.com/al/football/game/abbeville-christian-academy-vs-hooper-academy-hope-hull/9-4-2026/?c=1138c28e-b270-4c83-b7e3-f27585f91f3f",1525,"Academy","Hull","https://www.maxpreps.com/al/abbeville-christian-academy/football/","https://www.maxpreps.com/al/hooper-academy-hope-hull/football/","",""
138,"Elberta vs Spanish Fort",Football,"Alabama",9/5/2026,7:30 PM,"The Spanish Fort varsity football team has a game @ Elberta (Alabama).","/al/football/game/elberta-vs-spanish-fort/9-4-2026/?c=d01d78b5-3dd9-4c08-8988-bb48370f44e7","https://www.maxpreps.com/al/football/game/elberta-vs-spanish-fort/9-4-2026/?c=d01d78b5-3dd9-4c08-8988-bb48370f44e7",900,"Elberta","Fort","https://www.maxpreps.com/al/elberta/football/","https://www.maxpreps.com/al/spanish-fort/football/","",""
139,"Blacksher Uriah vs Clarke County Grove Hill",Football,"Alabama",9/5/2026,7:30 PM,"The Clarke County Grove Hill varsity football team has a game @ Blacksher Uriah (Alabama).","/al/football/game/blacksher-uriah-vs-clarke-county-grove-hill/9-4-2026/?c=dba87e6c-1254-40fa-ae3e-367b120d90d1","https://www.maxpreps.com/al/football/game/blacksher-uriah-vs-clarke-county-grove-hill/9-4-2026/?c=dba87e6c-1254-40fa-ae3e-367b120d90d1",109f,"Uriah","Hill","https://www.maxpreps.com/al/blacksher-uriah/football/","https://www.maxpreps.com/al/clarke-county-grove-hill/football/","",""
140,"Maplesville vs Mckenzie",Football,"Alabama",9/5/2026,7:30 PM,"The Mckenzie varsity football team has a game @ Maplesville (Alabama).","/al/football/game/maplesville-vs-mckenzie/9-4-2026/?c=5bdd5141-ef73-4fb7-9308-a039661170db","https://www.maxpreps.com/al/football/game/maplesville-vs-mckenzie/9-4-2026/?c=5bdd5141-ef73-4fb7-9308-a039661170db",937,"Maplesville","Mckenzie","https://www.maxpreps.com/al/maplesville/football/","https://www.maxpreps.com/al/mckenzie/football/","",""
141,"Benjamin Russell Alexander City vs Park Crossing Montgomery",Football,"Alabama",9/5/2026,7:30 PM,"The Park Crossing Montgomery varsity football team has a game @ Benjamin Russell Alexander City (Alabama).","/al/football/game/benjamin-russell-alexander-city-vs-park-crossing-montgomery/9-4-2026/?c=95db13ab-bc7f-4b18-921a-b8aaba56d3ea","https://www.maxpreps.com/al/football/game/benjamin-russell-alexander-city-vs-park-crossing-montgomery/9-4-2026/?c=95db13ab-bc7f-4b18-921a-b8aaba56d3ea",1746,"City","Montgomery","https://www.maxpreps.com/al/benjamin-russell-alexander-city/football/","https://www.maxpreps.com/al/park-crossing-montgomery/football/","",""
142,"American Christian Academy Tuscaloosa vs John Carroll Catholic Birmingham",Football,"Alabama",9/5/2026,7:30 PM,"The John Carroll Catholic Birmingham varsity football team has a game @ American Christian Academy Tuscaloosa (Alabama).","/al/football/game/american-christian-academy-tuscaloosa-vs-john-carroll-catholic-birmingham/9-4-2026/?c=fb7129d8-aa9d-42a6-b8f1-66e5025e4f71","https://www.maxpreps.com/al/football/game/american-christian-academy-tuscaloosa-vs-john-carroll-catholic-birmingham/9-4-2026/?c=fb7129d8-aa9d-42a6-b8f1-66e5025e4f71",1c6b,"Tuscaloosa","Birmingham","https://www.maxpreps.com/al/american-christian-academy-tuscaloosa/football/","https://www.maxpreps.com/al/john-carroll-catholic-birmingham/football/","",""
143,"Gaston Gadsden vs West End Walnut Grove",Football,"Alabama",9/5/2026,7:30 PM,"The West End Walnut Grove varsity football team has a game @ Gaston Gadsden (Alabama).","/al/football/game/gaston-gadsden-vs-west-end-walnut-grove/9-4-2026/?c=947f1495-75f1-45ef-bf73-f0b2ae159b67","https://www.maxpreps.com/al/football/game/gaston-gadsden-vs-west-end-walnut-grove/9-4-2026/?c=947f1495-75f1-45ef-bf73-f0b2ae159b67",f11,"Gadsden","Grove","https://www.maxpreps.com/al/gaston-gadsden/football/","https://www.maxpreps.com/al/west-end-walnut-grove/football/","",""
144,"Tarrant Birmingham vs West Blocton",Football,"Alabama",9/5/2026,7:30 PM,"The West Blocton varsity football team has a game @ Tarrant Birmingham (Alabama).","/al/football/game/tarrant-birmingham-vs-west-blocton/9-4-2026/?c=5d48d44f-0204-44b5-9bac-80bbc409aced","https://www.maxpreps.com/al/football/game/tarrant-birmingham-vs-west-blocton/9-4-2026/?c=5d48d44f-0204-44b5-9bac-80bbc409aced",d6b,"Birmingham","Blocton","https://www.maxpreps.com/al/tarrant-birmingham/football/","https://www.maxpreps.com/al/west-blocton/football/","",""
145,"Elba vs Kinston",Football,"Alabama",9/5/2026,7:30 PM,"The Kinston varsity football team has a game @ Elba (Alabama).","/al/football/game/elba-vs-kinston/9-4-2026/?c=649093aa-9e12-4970-ad17-b25849a1fef1","https://www.maxpreps.com/al/football/game/elba-vs-kinston/9-4-2026/?c=649093aa-9e12-4970-ad17-b25849a1fef1",5dd,"Elba","Kinston","https://www.maxpreps.com/al/elba/football/","https://www.maxpreps.com/al/kinston/football/","",""
146,"Lexington vs Phil Campbell",Football,"Alabama",9/5/2026,7:30 PM,"The Phil Campbell varsity football team has a game @ Lexington (Alabama).","/al/football/game/lexington-vs-phil-campbell/9-4-2026/?c=86240f9b-ffc1-4f00-9cb6-d529b28cbeb8","https://www.maxpreps.com/al/football/game/lexington-vs-phil-campbell/9-4-2026/?c=86240f9b-ffc1-4f00-9cb6-d529b28cbeb8",a35,"Lexington","Campbell","https://www.maxpreps.com/al/lexington/football/","https://www.maxpreps.com/al/phil-campbell/football/","",""
147,"Pleasant Valley Jacksonville vs Vincent",Football,"Alabama",9/5/2026,7:30 PM,"The Vincent varsity football team has a game @ Pleasant Valley Jacksonville (Alabama).","/al/football/game/pleasant-valley-jacksonville-vs-vincent/9-4-2026/?c=49c0d0b4-b936-4638-8c28-2823e2a73fa5","https://www.maxpreps.com/al/football/game/pleasant-valley-jacksonville-vs-vincent/9-4-2026/?c=49c0d0b4-b936-4638-8c28-2823e2a73fa5",f7e,"Jacksonville","Vincent","https://www.maxpreps.com/al/pleasant-valley-jacksonville/football/","https://www.maxpreps.com/al/vincent/football/","",""
148,"Rehobeth Dothan vs Wetumpka",Football,"Alabama",9/5/2026,7:30 PM,"The Wetumpka varsity football team has a game @ Rehobeth Dothan (Alabama).","/al/football/game/rehobeth-dothan-vs-wetumpka/9-4-2026/?c=fcb47ef1-69b5-4f81-87e5-4aa5a843a4cc","https://www.maxpreps.com/al/football/game/rehobeth-dothan-vs-wetumpka/9-4-2026/?c=fcb47ef1-69b5-4f81-87e5-4aa5a843a4cc",aad,"Dothan","Wetumpka","https://www.maxpreps.com/al/rehobeth-dothan/football/","https://www.maxpreps.com/al/wetumpka/football/","",""
149,"Linden vs Marion",Football,"Alabama",9/5/2026,7:30 PM,"The Marion varsity football team has a game @ Linden (Alabama).","/al/football/game/linden-vs-marion/9-4-2026/?c=d392f715-3ad3-4e0f-bb44-a5ca943d6a5e","https://www.maxpreps.com/al/football/game/linden-vs-marion/9-4-2026/?c=d392f715-3ad3-4e0f-bb44-a5ca943d6a5e",643,"Linden","Marion","https://www.maxpreps.com/al/linden/football/","https://www.maxpreps.com/al/marion/football/","",""
150,"Hackleburg vs Meek Arley",Football,"Alabama",9/5/2026,7:30 PM,"The Meek Arley varsity football team has a game @ Hackleburg (Alabama).","/al/football/game/hackleburg-vs-meek-arley/9-4-2026/?c=75718b6d-f7be-4b4d-ad70-020f66a50c63","https://www.maxpreps.com/al/football/game/hackleburg-vs-meek-arley/9-4-2026/?c=75718b6d-f7be-4b4d-ad70-020f66a50c63",947,"Hackleburg","Arley","https://www.maxpreps.com/al/hackleburg/football/","https://www.maxpreps.com/al/meek-arley/football/","",""
151,"Calera vs Chelsea",Football,"Alabama",9/5/2026,7:30 PM,"The Chelsea varsity football team has a game @ Calera (Alabama).","/al/football/game/calera-vs-chelsea/9-4-2026/?c=9d0c7d9e-3dc4-429a-9ac9-7d93be3a39ce","https://www.maxpreps.com/al/football/game/calera-vs-chelsea/9-4-2026/?c=9d0c7d9e-3dc4-429a-9ac9-7d93be3a39ce",680,"Calera","Chelsea","https://www.maxpreps.com/al/calera/football/","https://www.maxpreps.com/al/chelsea/football/","",""
152,"Hillcrest Evergreen vs Monroe County Monroeville",Football,"Alabama",9/5/2026,7:30 PM,"The Monroe County Monroeville varsity football team has a game @ Hillcrest Evergreen (Alabama).","/al/football/game/hillcrest-evergreen-vs-monroe-county-monroeville/9-4-2026/?c=017b3529-27be-4fb6-9289-e7d6e4362714","https://www.maxpreps.com/al/football/game/hillcrest-evergreen-vs-monroe-county-monroeville/9-4-2026/?c=017b3529-27be-4fb6-9289-e7d6e4362714",1335,"Evergreen","Monroeville","https://www.maxpreps.com/al/hillcrest-evergreen/football/","https://www.maxpreps.com/al/monroe-county-monroeville/football/","",""
153,"Madison County Gurley vs Sylvania",Football,"Alabama",9/5/2026,7:30 PM,"The Sylvania varsity football team has a game @ Madison County Gurley (Alabama).","/al/football/game/madison-county-gurley-vs-sylvania/9-4-2026/?c=f94c8e60-cd2f-4b1d-886e-8f6bff9eb263","https://www.maxpreps.com/al/football/game/madison-county-gurley-vs-sylvania/9-4-2026/?c=f94c8e60-cd2f-4b1d-886e-8f6bff9eb263",d29,"Gurley","Sylvania","https://www.maxpreps.com/al/madison-county-gurley/football/","https://www.maxpreps.com/al/sylvania/football/","",""
154,"Pennington Blountsville vs Sheffield",Football,"Alabama",9/5/2026,7:30 PM,"The Sheffield varsity football team has a game @ Pennington Blountsville (Alabama).","/al/football/game/pennington-blountsville-vs-sheffield/9-4-2026/?c=c631293e-b79c-4cfa-b2d1-a430068b8075","https://www.maxpreps.com/al/football/game/pennington-blountsville-vs-sheffield/9-4-2026/?c=c631293e-b79c-4cfa-b2d1-a430068b8075",e7d,"Blountsville","Sheffield","https://www.maxpreps.com/al/pennington-blountsville/football/","https://www.maxpreps.com/al/sheffield/football/","",""
155,"Fairview Cullman vs Scottsboro",Football,"Alabama",9/5/2026,7:30 PM,"The Scottsboro varsity football team has a game @ Fairview Cullman (Alabama).","/al/football/game/fairview-cullman-vs-scottsboro/9-4-2026/?c=f8f782bf-cd0d-43ef-9d73-217fa673c149","https://www.maxpreps.com/al/football/game/fairview-cullman-vs-scottsboro/9-4-2026/?c=f8f782bf-cd0d-43ef-9d73-217fa673c149",c0b,"Cullman","Scottsboro","https://www.maxpreps.com/al/fairview-cullman/football/","https://www.maxpreps.com/al/scottsboro/football/","",""
156,"Fairhope vs Foley",Football,"Alabama",9/5/2026,7:30 PM,"The Foley varsity football team has a game @ Fairhope (Alabama).","/al/football/game/fairhope-vs-foley/9-4-2026/?c=a22d07da-256d-4040-9101-3f270172575e","https://www.maxpreps.com/al/football/game/fairhope-vs-foley/9-4-2026/?c=a22d07da-256d-4040-9101-3f270172575e",6b0,"Fairhope","Foley","https://www.maxpreps.com/al/fairhope/football/","https://www.maxpreps.com/al/foley/football/","",""
157,"Briarwood Christian Birmingham vs Westminster Christian Academy Huntsville",Football,"Alabama",9/5/2026,7:30 PM,"The Westminster Christian Academy Huntsville varsity football team has a game @ Briarwood Christian Birmingham (Alabama).","/al/football/game/briarwood-christian-birmingham-vs-westminster-christian-academy-huntsville/9-4-2026/?c=f2b8989c-c310-48d4-a10b-bb67560df760","https://www.maxpreps.com/al/football/game/briarwood-christian-birmingham-vs-westminster-christian-academy-huntsville/9-4-2026/?c=f2b8989c-c310-48d4-a10b-bb67560df760",1d7c,"Birmingham","Huntsville","https://www.maxpreps.com/al/briarwood-christian-birmingham/football/","https://www.maxpreps.com/al/westminster-christian-academy-huntsville/football/","",""
158,"Gardendale vs Jackson Olin Birmingham",Football,"Alabama",9/5/2026,7:30 PM,"The Jackson Olin Birmingham varsity football team has a game @ Gardendale (Alabama).","/al/football/game/gardendale-vs-jackson-olin-birmingham/9-4-2026/?c=16a213e9-2612-40e3-b4f7-0d69564d50ff","https://www.maxpreps.com/al/football/game/gardendale-vs-jackson-olin-birmingham/9-4-2026/?c=16a213e9-2612-40e3-b4f7-0d69564d50ff",e5d,"Gardendale","Birmingham","https://www.maxpreps.com/al/gardendale/football/","https://www.maxpreps.com/al/jackson-olin-birmingham/football/","",""
159,"Cottonwood vs Goshen",Football,"Alabama",9/5/2026,7:30 PM,"The Goshen varsity football team has a game @ Cottonwood (Alabama).","/al/football/game/cottonwood-vs-goshen/9-4-2026/?c=abd060ea-76ee-4183-bde3-a14557b6a014","https://www.maxpreps.com/al/football/game/cottonwood-vs-goshen/9-4-2026/?c=abd060ea-76ee-4183-bde3-a14557b6a014",817,"Cottonwood","Goshen","https://www.maxpreps.com/al/cottonwood/football/","https://www.maxpreps.com/al/goshen/football/","",""
160,"Clements Athens vs West Limestone Lester",Football,"Alabama",9/5/2026,7:30 PM,"The West Limestone Lester varsity football team has a game @ Clements Athens (Alabama).","/al/football/game/clements-athens-vs-west-limestone-lester/9-4-2026/?c=8a9662a0-12d7-4c8c-a4d0-2f9b1f4e9a17","https://www.maxpreps.com/al/football/game/clements-athens-vs-west-limestone-lester/9-4-2026/?c=8a9662a0-12d7-4c8c-a4d0-2f9b1f4e9a17",fca,"Athens","Lester","https://www.maxpreps.com/al/clements-athens/football/","https://www.maxpreps.com/al/west-limestone-lester/football/","",""
161,"Shelby County Columbiana vs Sipsey Valley Buhl",Football,"Alabama",9/5/2026,7:30 PM,"The Sipsey Valley Buhl varsity football team has a game @ Shelby County Columbiana (Alabama).","/al/football/game/shelby-county-columbiana-vs-sipsey-valley-buhl/9-4-2026/?c=33b51222-44b8-4d98-9ce9-6d68cec0e5b4","https://www.maxpreps.com/al/football/game/shelby-county-columbiana-vs-sipsey-valley-buhl/9-4-2026/?c=33b51222-44b8-4d98-9ce9-6d68cec0e5b4",1210,"Columbiana","Buhl","https://www.maxpreps.com/al/shelby-county-columbiana/football/","https://www.maxpreps.com/al/sipsey-valley-buhl/football/","",""
162,"Hillcrest Tuscaloosa vs Hueytown",Football,"Alabama",9/5/2026,7:30 PM,"The Hueytown varsity football team has a game @ Hillcrest Tuscaloosa (Alabama).","/al/football/game/hillcrest-tuscaloosa-vs-hueytown/9-4-2026/?c=3865d379-3137-4750-a89d-53c4bca03351","https://www.maxpreps.com/al/football/game/hillcrest-tuscaloosa-vs-hueytown/9-4-2026/?c=3865d379-3137-4750-a89d-53c4bca03351",cfb,"Tuscaloosa","Hueytown","https://www.maxpreps.com/al/hillcrest-tuscaloosa/football/","https://www.maxpreps.com/al/hueytown/football/","",""
163,"Curry Jasper vs Danville",Football,"Alabama",9/5/2026,7:30 PM,"The Danville varsity football team has a game @ Curry Jasper (Alabama).","/al/football/game/curry-jasper-vs-danville/9-4-2026/?c=55e5d2b6-c141-4fb5-ab0a-6f78a0136189","https://www.maxpreps.com/al/football/game/curry-jasper-vs-danville/9-4-2026/?c=55e5d2b6-c141-4fb5-ab0a-6f78a0136189",979,"Jasper","Danville","https://www.maxpreps.com/al/curry-jasper/football/","https://www.maxpreps.com/al/danville/football/","",""
164,"Rain Mobile vs Williamson Mobile",Football,"Alabama",9/5/2026,7:30 PM,"The Williamson Mobile varsity football team has a game @ Rain Mobile (Alabama).","/al/football/game/rain-mobile-vs-williamson-mobile/9-4-2026/?c=b34a1e62-18f3-4a44-9f4a-1edfa95fc449","https://www.maxpreps.com/al/football/game/rain-mobile-vs-williamson-mobile/9-4-2026/?c=b34a1e62-18f3-4a44-9f4a-1edfa95fc449",c76,"Mobile","Mobile","https://www.maxpreps.com/al/rain-mobile/football/","https://www.maxpreps.com/al/williamson-mobile/football/","",""
165,"Central Hayneville vs Verbena",Football,"Alabama",9/5/2026,7:30 PM,"The Verbena varsity football team has a game @ Central Hayneville (Alabama).","/al/football/game/central-hayneville-vs-verbena/9-4-2026/?c=55f27cdd-ab21-4312-895a-41cc023bb4ca","https://www.maxpreps.com/al/football/game/central-hayneville-vs-verbena/9-4-2026/?c=55f27cdd-ab21-4312-895a-41cc023bb4ca",b6d,"Hayneville","Verbena","https://www.maxpreps.com/al/central-hayneville/football/","https://www.maxpreps.com/al/verbena/football/","",""
166,"Leflore Mobile vs Satsuma",Football,"Alabama",9/5/2026,7:30 PM,"The Satsuma varsity football team has a game @ Leflore Mobile (Alabama).","/al/football/game/leflore-mobile-vs-satsuma/9-4-2026/?c=e01a6d18-e9f1-4ec3-b61b-f3fa1d9076cd","https://www.maxpreps.com/al/football/game/leflore-mobile-vs-satsuma/9-4-2026/?c=e01a6d18-e9f1-4ec3-b61b-f3fa1d9076cd",9cf,"Mobile","Satsuma","https://www.maxpreps.com/al/leflore-mobile/football/","https://www.maxpreps.com/al/satsuma/football/","",""
167,"Carver Birmingham vs Dora",Football,"Alabama",9/5/2026,7:30 PM,"The Dora varsity football team has a game @ Carver Birmingham (Alabama).","/al/football/game/carver-birmingham-vs-dora/9-4-2026/?c=989e9368-0951-4515-bc29-50e302f2851a","https://www.maxpreps.com/al/football/game/carver-birmingham-vs-dora/9-4-2026/?c=989e9368-0951-4515-bc29-50e302f2851a",9b7,"Birmingham","Dora","https://www.maxpreps.com/al/carver-birmingham/football/","https://www.maxpreps.com/al/dora/football/","",""
168,"Central Florence vs Wilson Florence",Football,"Alabama",9/5/2026,7:30 PM,"The Wilson Florence varsity football team has a game @ Central Florence (Alabama).","/al/football/game/central-florence-vs-wilson-florence/9-4-2026/?c=1840ad77-4e96-4fb6-94a1-0d6fedb019ed","https://www.maxpreps.com/al/football/game/central-florence-vs-wilson-florence/9-4-2026/?c=1840ad77-4e96-4fb6-94a1-0d6fedb019ed",dbe,"Florence","Florence","https://www.maxpreps.com/al/central-florence/football/","https://www.maxpreps.com/al/wilson-florence/football/","",""
169,"Lee Scott Academy Auburn vs Randolph School Huntsville",Football,"Alabama",9/5/2026,7:30 PM,"The Randolph School Huntsville varsity football team has a game @ Lee Scott Academy Auburn (Alabama).","/al/football/game/lee-scott-academy-auburn-vs-randolph-school-huntsville/9-4-2026/?c=7cef1d90-31b0-4cd3-9642-57d9176fab30","https://www.maxpreps.com/al/football/game/lee-scott-academy-auburn-vs-randolph-school-huntsville/9-4-2026/?c=7cef1d90-31b0-4cd3-9642-57d9176fab30",1516,"Auburn","Huntsville","https://www.maxpreps.com/al/lee-scott-academy-auburn/football/","https://www.maxpreps.com/al/randolph-school-huntsville/football/","",""
170,"Belgreen Russellville vs Cherokee",Football,"Alabama",9/5/2026,7:30 PM,"The Cherokee varsity football team has a game @ Belgreen Russellville (Alabama).","/al/football/game/belgreen-russellville-vs-cherokee/9-4-2026/?c=362869fd-6dea-4ab1-976a-512b94ad5560","https://www.maxpreps.com/al/football/game/belgreen-russellville-vs-cherokee/9-4-2026/?c=362869fd-6dea-4ab1-976a-512b94ad5560",d20,"Russellville","Cherokee","https://www.maxpreps.com/al/belgreen-russellville/football/","https://www.maxpreps.com/al/cherokee/football/","",""
171,"Escambia County Atmore vs Jackson",Football,"Alabama",9/5/2026,7:30 PM,"The Jackson varsity football team has a game @ Escambia County Atmore (Alabama).","/al/football/game/escambia-county-atmore-vs-jackson/9-4-2026/?c=7f23c5aa-9e30-4768-91f7-5ad4f7d99b33","https://www.maxpreps.com/al/football/game/escambia-county-atmore-vs-jackson/9-4-2026/?c=7f23c5aa-9e30-4768-91f7-5ad4f7d99b33",ce5,"Atmore","Jackson","https://www.maxpreps.com/al/escambia-county-atmore/football/","https://www.maxpreps.com/al/jackson/football/","",""
172,"Elkmont vs Rogers Florence",Football,"Alabama",9/5/2026,7:30 PM,"The Rogers Florence varsity football team has a game @ Elkmont (Alabama).","/al/football/game/elkmont-vs-rogers-florence/9-4-2026/?c=0a40e563-7a92-435d-9621-3a37a50b4b3e","https://www.maxpreps.com/al/football/game/elkmont-vs-rogers-florence/9-4-2026/?c=0a40e563-7a92-435d-9621-3a37a50b4b3e",a4a,"Elkmont","Florence","https://www.maxpreps.com/al/elkmont/football/","https://www.maxpreps.com/al/rogers-florence/football/","",""
173,"Loachapoka vs Winterboro Alpine",Football,"Alabama",9/5/2026,7:30 PM,"The Winterboro Alpine varsity football team has a game @ Loachapoka (Alabama).","/al/football/game/loachapoka-vs-winterboro-alpine/9-4-2026/?c=7889d292-8f9d-40cf-9500-35aa9b1c634a","https://www.maxpreps.com/al/football/game/loachapoka-vs-winterboro-alpine/9-4-2026/?c=7889d292-8f9d-40cf-9500-35aa9b1c634a",c47,"Loachapoka","Alpine","https://www.maxpreps.com/al/loachapoka/football/","https://www.maxpreps.com/al/winterboro-alpine/football/","",""
174,"Lynn vs Pickens County Reform",Football,"Alabama",9/5/2026,7:30 PM,"The Pickens County Reform varsity football team has a game @ Lynn (Alabama).","/al/football/game/lynn-vs-pickens-county-reform/9-4-2026/?c=25e0a164-92ad-40d8-b367-df5ed0162454","https://www.maxpreps.com/al/football/game/lynn-vs-pickens-county-reform/9-4-2026/?c=25e0a164-92ad-40d8-b367-df5ed0162454",b78,"Lynn","Reform","https://www.maxpreps.com/al/lynn/football/","https://www.maxpreps.com/al/pickens-county-reform/football/","",""
175,"Fairfield vs Oak Grove Bessemer",Football,"Alabama",9/5/2026,7:30 PM,"The Oak Grove Bessemer varsity football team has a game @ Fairfield (Alabama).","/al/football/game/fairfield-vs-oak-grove-bessemer/9-4-2026/?c=5770ecb6-0c51-465d-9eab-0bc9ed5aa6d1","https://www.maxpreps.com/al/football/game/fairfield-vs-oak-grove-bessemer/9-4-2026/?c=5770ecb6-0c51-465d-9eab-0bc9ed5aa6d1",bf7,"Fairfield","Bessemer","https://www.maxpreps.com/al/fairfield/football/","https://www.maxpreps.com/al/oak-grove-bessemer/football/","",""
176,"Prattville Christian Academy vs Trinity Presbyterian Montgomery",Football,"Alabama",9/5/2026,7:30 PM,"The Trinity Presbyterian Montgomery varsity football team has a game @ Prattville Christian Academy (Alabama).","/al/football/game/prattville-christian-academy-vs-trinity-presbyterian-montgomery/9-4-2026/?c=5e46273b-4b4e-4ae8-bff2-ea1f3d8f7fd7","https://www.maxpreps.com/al/football/game/prattville-christian-academy-vs-trinity-presbyterian-montgomery/9-4-2026/?c=5e46273b-4b4e-4ae8-bff2-ea1f3d8f7fd7",1953,"Academy","Montgomery","https://www.maxpreps.com/al/prattville-christian-academy/football/","https://www.maxpreps.com/al/trinity-presbyterian-montgomery/football/","",""
177,"Boaz vs Douglas",Football,"Alabama",9/5/2026,7:30 PM,"The Douglas varsity football team has a game @ Boaz (Alabama).","/al/football/game/boaz-vs-douglas/9-4-2026/?c=a5abbefa-7924-46fe-9148-e5050b46b5d4","https://www.maxpreps.com/al/football/game/boaz-vs-douglas/9-4-2026/?c=a5abbefa-7924-46fe-9148-e5050b46b5d4",5de,"Boaz","Douglas","https://www.maxpreps.com/al/boaz/football/","https://www.maxpreps.com/al/douglas/football/","",""
178,"Center Point Birmingham vs Shades Valley Birmingham",Football,"Alabama",9/5/2026,7:30 PM,"The Shades Valley Birmingham varsity football team has a game @ Center Point Birmingham (Alabama).","/al/football/game/center-point-birmingham-vs-shades-valley-birmingham/9-4-2026/?c=f5115534-2fbc-4c1c-8ea0-8caef611b12d","https://www.maxpreps.com/al/football/game/center-point-birmingham-vs-shades-valley-birmingham/9-4-2026/?c=f5115534-2fbc-4c1c-8ea0-8caef611b12d",13e3,"Birmingham","Birmingham","https://www.maxpreps.com/al/center-point-birmingham/football/","https://www.maxpreps.com/al/shades-valley-birmingham/football/","",""
179,"Brookwood vs Central Tuscaloosa",Football,"Alabama",9/5/2026,7:30 PM,"The Central Tuscaloosa varsity football team has a game @ Brookwood (Alabama).","/al/football/game/brookwood-vs-central-tuscaloosa/9-4-2026/?c=2e66fa53-9de2-456b-89d5-5b4eb2908fa5","https://www.maxpreps.com/al/football/game/brookwood-vs-central-tuscaloosa/9-4-2026/?c=2e66fa53-9de2-456b-89d5-5b4eb2908fa5",c6d,"Brookwood","Tuscaloosa","https://www.maxpreps.com/al/brookwood/football/","https://www.maxpreps.com/al/central-tuscaloosa/football/","",""
180,"Dale County Midland City vs Headland",Football,"Alabama",9/5/2026,7:30 PM,"The Headland varsity football team has a game @ Dale County Midland City (Alabama).","/al/football/game/dale-county-midland-city-vs-headland/9-4-2026/?c=4d382d77-9baf-4eec-960a-e7fb4bb4a05c","https://www.maxpreps.com/al/football/game/dale-county-midland-city-vs-headland/9-4-2026/?c=4d382d77-9baf-4eec-960a-e7fb4bb4a05c",dc5,"City","Headland","https://www.maxpreps.com/al/dale-county-midland-city/football/","https://www.maxpreps.com/al/headland/football/","",""
181,"Calhoun Letohatchee vs Red Level",Football,"Alabama",9/5/2026,7:30 PM,"The Red Level varsity football team has a game @ Calhoun Letohatchee (Alabama).","/al/football/game/calhoun-letohatchee-vs-red-level/9-4-2026/?c=e3b8a7d4-fc75-4808-8b54-105ce7690125","https://www.maxpreps.com/al/football/game/calhoun-letohatchee-vs-red-level/9-4-2026/?c=e3b8a7d4-fc75-4808-8b54-105ce7690125",c60,"Letohatchee","Level","https://www.maxpreps.com/al/calhoun-letohatchee/football/","https://www.maxpreps.com/al/red-level/football/","",""
182,"Greensboro vs Southside Selma",Football,"Alabama",9/5/2026,7:30 PM,"The Southside Selma varsity football team has a game @ Greensboro (Alabama).","/al/football/game/greensboro-vs-southside-selma/9-4-2026/?c=18ef7dc7-548a-4e60-b33c-9fd32b9282a4","https://www.maxpreps.com/al/football/game/greensboro-vs-southside-selma/9-4-2026/?c=18ef7dc7-548a-4e60-b33c-9fd32b9282a4",b90,"Greensboro","Selma","https://www.maxpreps.com/al/greensboro/football/","https://www.maxpreps.com/al/southside-selma/football/","",""
183,"Isabella Maplesville vs Sumter Central York",Football,"Alabama",9/5/2026,7:30 PM,"The Sumter Central York varsity football team has a game @ Isabella Maplesville (Alabama).","/al/football/game/isabella-maplesville-vs-sumter-central-york/9-4-2026/?c=1a193c8a-c420-4793-a873-3336055d64e3","https://www.maxpreps.com/al/football/game/isabella-maplesville-vs-sumter-central-york/9-4-2026/?c=1a193c8a-c420-4793-a873-3336055d64e3",10f3,"Maplesville","York","https://www.maxpreps.com/al/isabella-maplesville/football/","https://www.maxpreps.com/al/sumter-central-york/football/","",""
184,"Lindsay Lane Christian Academy Athens vs Shoals Christian Florence",Football,"Alabama",9/5/2026,7:30 PM,"The Shoals Christian Florence varsity football team has a game @ Lindsay Lane Christian Academy Athens (Alabama).","/al/football/game/lindsay-lane-christian-academy-athens-vs-shoals-christian-florence/9-4-2026/?c=7a8cc03d-b53b-4361-812e-003aa51eb2c5","https://www.maxpreps.com/al/football/game/lindsay-lane-christian-academy-athens-vs-shoals-christian-florence/9-4-2026/?c=7a8cc03d-b53b-4361-812e-003aa51eb2c5",199e,"Athens","Florence","https://www.maxpreps.com/al/lindsay-lane-christian-academy-athens/football/","https://www.maxpreps.com/al/shoals-christian-florence/football/","",""
185,"Billingsley vs Georgiana",Football,"Alabama",9/5/2026,7:30 PM,"The Georgiana varsity football team has a game @ Billingsley (Alabama).","/al/football/game/billingsley-vs-georgiana/9-4-2026/?c=1f0816bf-8e89-45ea-8ec5-b345163bef42","https://www.maxpreps.com/al/football/game/billingsley-vs-georgiana/9-4-2026/?c=1f0816bf-8e89-45ea-8ec5-b345163bef42",98e,"Billingsley","Georgiana","https://www.maxpreps.com/al/billingsley/football/","https://www.maxpreps.com/al/georgiana/football/","",""
186,"Heritage Christian Academy Hoover Al vs Victory Christian Columbus Ms",Football,"Alabama",9/5/2026,7:30 PM,"The Victory Christian Columbus Ms varsity football team has a game @ Heritage Christian Academy Hoover Al (Alabama).","/inter-state/football/game/heritage-christian-academy-hoover-al-vs-victory-christian-columbus-ms/9-4-2026/?c=7cf811b0-54cb-4357-a430-841b76cdebbd","https://www.maxpreps.com/inter-state/football/game/heritage-christian-academy-hoover-al-vs-victory-christian-columbus-ms/9-4-2026/?c=7cf811b0-54cb-4357-a430-841b76cdebbd",1adf,"Al","Ms","https://www.maxpreps.com/al/heritage-christian-academy-hoover-al/football/","https://www.maxpreps.com/al/victory-christian-columbus-ms/football/","",""
187,"Monroe Academy Monroeville vs Patrician Academy Butler",Football,"Alabama",9/5/2026,7:30 PM,"The Patrician Academy Butler varsity football team has a game @ Monroe Academy Monroeville (Alabama).","/al/football/game/monroe-academy-monroeville-vs-patrician-academy-butler/9-4-2026/?c=88b13470-b054-4ce4-b8f6-54a1da758aed","https://www.maxpreps.com/al/football/game/monroe-academy-monroeville-vs-patrician-academy-butler/9-4-2026/?c=88b13470-b054-4ce4-b8f6-54a1da758aed",1524,"Monroeville","Butler","https://www.maxpreps.com/al/monroe-academy-monroeville/football/","https://www.maxpreps.com/al/patrician-academy-butler/football/","",""
188,"Autauga Academy Prattville vs Sparta Academy Evergreen",Football,"Alabama",9/5/2026,7:30 PM,"The Sparta Academy Evergreen varsity football team has a game @ Autauga Academy Prattville (Alabama).","/al/football/game/autauga-academy-prattville-vs-sparta-academy-evergreen/9-4-2026/?c=6c643905-84da-4b0d-bf72-18336fe2481b","https://www.maxpreps.com/al/football/game/autauga-academy-prattville-vs-sparta-academy-evergreen/9-4-2026/?c=6c643905-84da-4b0d-bf72-18336fe2481b",151c,"Prattville","Evergreen","https://www.maxpreps.com/al/autauga-academy-prattville/football/","https://www.maxpreps.com/al/sparta-academy-evergreen/football/","",""
189,"Edgewood Academy Elmore vs Lowndes Academy Lowndesboro",Football,"Alabama",9/5/2026,7:30 PM,"The Lowndes Academy Lowndesboro varsity football team has a game @ Edgewood Academy Elmore (Alabama).","/al/football/game/edgewood-academy-elmore-vs-lowndes-academy-lowndesboro/9-4-2026/?c=b07811d2-b6fe-482f-beed-511683a3d484","https://www.maxpreps.com/al/football/game/edgewood-academy-elmore-vs-lowndes-academy-lowndesboro/9-4-2026/?c=b07811d2-b6fe-482f-beed-511683a3d484",151b,"Elmore","Lowndesboro","https://www.maxpreps.com/al/edgewood-academy-elmore/football/","https://www.maxpreps.com/al/lowndes-academy-lowndesboro/football/","",""
190,"Morgan Academy Selma vs Wilcox Academy Camden",Football,"Alabama",9/5/2026,7:30 PM,"The Wilcox Academy Camden varsity football team has a game @ Morgan Academy Selma (Alabama).","/al/football/game/morgan-academy-selma-vs-wilcox-academy-camden/9-4-2026/?c=92a46a1f-ac23-49dd-830c-e69612fe2fdc","https://www.maxpreps.com/al/football/game/morgan-academy-selma-vs-wilcox-academy-camden/9-4-2026/?c=92a46a1f-ac23-49dd-830c-e69612fe2fdc",1133,"Selma","Camden","https://www.maxpreps.com/al/morgan-academy-selma/football/","https://www.maxpreps.com/al/wilcox-academy-camden/football/","",""
191,"South Lamar Millport vs Sulligent",Football,"Alabama",9/5/2026,7:30 PM,"The Sulligent varsity football team has a game @ South Lamar Millport (Alabama).","/al/football/game/south-lamar-millport-vs-sulligent/9-4-2026/?c=2ccf1263-eae7-4aa0-b385-ac18090e9b96","https://www.maxpreps.com/al/football/game/south-lamar-millport-vs-sulligent/9-4-2026/?c=2ccf1263-eae7-4aa0-b385-ac18090e9b96",d27,"Millport","Sulligent","https://www.maxpreps.com/al/south-lamar-millport/football/","https://www.maxpreps.com/al/sulligent/football/","",""
192,"Breakthrough Charter Marion vs Hatch Uniontown",Football,"Alabama",9/5/2026,7:30 PM,"The Hatch Uniontown varsity football team has a game @ Breakthrough Charter Marion (Alabama).","/al/football/game/breakthrough-charter-marion-vs-hatch-uniontown/9-4-2026/?c=96af85ba-ead5-41e9-b2fe-0525007e481e","https://www.maxpreps.com/al/football/game/breakthrough-charter-marion-vs-hatch-uniontown/9-4-2026/?c=96af85ba-ead5-41e9-b2fe-0525007e481e",1238,"Marion","Uniontown","https://www.maxpreps.com/al/breakthrough-charter-marion/football/","https://www.maxpreps.com/al/hatch-uniontown/football/","",""
193,"Percy Julian Montgomery vs Pike Road",Football,"Alabama",9/5/2026,7:30 PM,"The Pike Road varsity football team has a game @ Percy Julian Montgomery (Alabama).","/al/football/game/percy-julian-montgomery-vs-pike-road/9-4-2026/?c=46c9f220-5f40-4d72-986b-134afdfe0c48","https://www.maxpreps.com/al/football/game/percy-julian-montgomery-vs-pike-road/9-4-2026/?c=46c9f220-5f40-4d72-986b-134afdfe0c48",e10,"Montgomery","Road","https://www.maxpreps.com/al/percy-julian-montgomery/football/","https://www.maxpreps.com/al/pike-road/football/","",""
194,"Carbon Hill vs Lamar County Vernon",Football,"Alabama",9/5/2026,7:30 PM,"The Lamar County Vernon varsity football team has a game @ Carbon Hill (Alabama).","/al/football/game/carbon-hill-vs-lamar-county-vernon/9-4-2026/?c=c99e6c4f-36b7-4587-98ea-f57f90822484","https://www.maxpreps.com/al/football/game/carbon-hill-vs-lamar-county-vernon/9-4-2026/?c=c99e6c4f-36b7-4587-98ea-f57f90822484",d2f,"Hill","Vernon","https://www.maxpreps.com/al/carbon-hill/football/","https://www.maxpreps.com/al/lamar-county-vernon/football/","",""
195,"St Michael Catholic Fairhope vs Ums Wright Prep Mobile",Football,"Alabama",9/5/2026,7:30 PM,"The Ums Wright Prep Mobile varsity football team has a game @ St Michael Catholic Fairhope (Alabama).","/al/football/game/st-michael-catholic-fairhope-vs-ums-wright-prep-mobile/9-4-2026/?c=3b61207b-a050-4fff-a004-d1db9a0a074f","https://www.maxpreps.com/al/football/game/st-michael-catholic-fairhope-vs-ums-wright-prep-mobile/9-4-2026/?c=3b61207b-a050-4fff-a004-d1db9a0a074f",14b9,"Fairhope","Mobile","https://www.maxpreps.com/al/st-michael-catholic-fairhope/football/","https://www.maxpreps.com/al/ums-wright-prep-mobile/football/","",""
196,"Buckhorn New Market vs Hazel Green",Football,"Alabama",9/5/2026,7:30 PM,"The Hazel Green varsity football team has a game @ Buckhorn New Market (Alabama).","/al/football/game/buckhorn-new-market-vs-hazel-green/9-4-2026/?c=f9f5a767-5c42-4105-9c22-ec06bd5e9b43","https://www.maxpreps.com/al/football/game/buckhorn-new-market-vs-hazel-green/9-4-2026/?c=f9f5a767-5c42-4105-9c22-ec06bd5e9b43",d19,"Market","Green","https://www.maxpreps.com/al/buckhorn-new-market/football/","https://www.maxpreps.com/al/hazel-green/football/","",""
197,"Homewood vs Mountain Brook Birmingham",Football,"Alabama",9/5/2026,7:30 PM,"The Mountain Brook Birmingham varsity football team has a game @ Homewood (Alabama).","/al/football/game/homewood-vs-mountain-brook-birmingham/9-4-2026/?c=d5becffd-16d0-4d5a-be7f-208d79343584","https://www.maxpreps.com/al/football/game/homewood-vs-mountain-brook-birmingham/9-4-2026/?c=d5becffd-16d0-4d5a-be7f-208d79343584",ea5,"Homewood","Birmingham","https://www.maxpreps.com/al/homewood/football/","https://www.maxpreps.com/al/mountain-brook-birmingham/football/","",""
198,"Austin Decatur vs Decatur",Football,"Alabama",9/5/2026,7:30 PM,"The Decatur varsity football team has a game @ Austin Decatur (Alabama).","/al/football/game/austin-decatur-vs-decatur/9-4-2026/?c=8eabe9eb-f042-4a76-9b67-4f881560c700","https://www.maxpreps.com/al/football/game/austin-decatur-vs-decatur/9-4-2026/?c=8eabe9eb-f042-4a76-9b67-4f881560c700",9d4,"Decatur","Decatur","https://www.maxpreps.com/al/austin-decatur/football/","https://www.maxpreps.com/al/decatur/football/","",""
199,"Ariton vs Zion Chapel Jack",Football,"Alabama",9/5/2026,7:30 PM,"The Zion Chapel Jack varsity football team has a game @ Ariton (Alabama).","/al/football/game/ariton-vs-zion-chapel-jack/9-4-2026/?c=86943550-fc58-4089-8b67-ed48b0ec8655","https://www.maxpreps.com/al/football/game/ariton-vs-zion-chapel-jack/9-4-2026/?c=86943550-fc58-4089-8b67-ed48b0ec8655",9f0,"Ariton","Jack","https://www.maxpreps.com/al/ariton/football/","https://www.maxpreps.com/al/zion-chapel-jack/football/","",""
200,"Hartselle vs Russellville",Football,"Alabama",9/5/2026,7:30 PM,"The Russellville varsity football team has a game @ Hartselle (Alabama).","/al/football/game/hartselle-vs-russellville/9-4-2026/?c=e01cb162-2009-40b0-8274-9b2862701667","https://www.maxpreps.com/al/football/game/hartselle-vs-russellville/9-4-2026/?c=e01cb162-2009-40b0-8274-9b2862701667",a2d,"Hartselle","Russellville","https://www.maxpreps.com/al/hartselle/football/","https://www.maxpreps.com/al/russellville/football/","",""
201,"Gordo vs Southeastern Remlap",Football,"Alabama",9/5/2026,7:30 PM,"The Southeastern Remlap varsity football team has a game @ Gordo (Alabama).","/al/football/game/gordo-vs-southeastern-remlap/9-4-2026/?c=928e045e-d583-4cee-877f-08081273e04c","https://www.maxpreps.com/al/football/game/gordo-vs-southeastern-remlap/9-4-2026/?c=928e045e-d583-4cee-877f-08081273e04c",b31,"Gordo","Remlap","https://www.maxpreps.com/al/gordo/football/","https://www.maxpreps.com/al/southeastern-remlap/football/","",""
202,"Prattville vs Tuscaloosa County Northport",Football,"Alabama",9/5/2026,7:30 PM,"The Tuscaloosa County Northport varsity football team has a game @ Prattville (Alabama).","/al/football/game/prattville-vs-tuscaloosa-county-northport/9-4-2026/?c=34d21769-7173-4613-b1f4-b7636934e311","https://www.maxpreps.com/al/football/game/prattville-vs-tuscaloosa-county-northport/9-4-2026/?c=34d21769-7173-4613-b1f4-b7636934e311",10b4,"Prattville","Northport","https://www.maxpreps.com/al/prattville/football/","https://www.maxpreps.com/al/tuscaloosa-county-northport/football/","",""
203,"Highland Home vs Long Skipperville",Football,"Alabama",9/5/2026,7:30 PM,"The Long Skipperville varsity football team has a game @ Highland Home (Alabama).","/al/football/game/highland-home-vs-long-skipperville/9-4-2026/?c=ef19611e-6b95-43df-ab68-9287074e6a2b","https://www.maxpreps.com/al/football/game/highland-home-vs-long-skipperville/9-4-2026/?c=ef19611e-6b95-43df-ab68-9287074e6a2b",d4f,"Home","Skipperville","https://www.maxpreps.com/al/highland-home/football/","https://www.maxpreps.com/al/long-skipperville/football/","",""
204,"Jacksonville Christian Academy vs Tabernacle Gardendale",Football,"Alabama",9/5/2026,7:30 PM,"The Tabernacle Gardendale varsity football team has a game @ Jacksonville Christian Academy (Alabama).","/al/football/game/jacksonville-christian-academy-vs-tabernacle-gardendale/9-4-2026/?c=de8a2af9-2325-48f0-8610-618dece5602a","https://www.maxpreps.com/al/football/game/jacksonville-christian-academy-vs-tabernacle-gardendale/9-4-2026/?c=de8a2af9-2325-48f0-8610-618dece5602a",1580,"Academy","Gardendale","https://www.maxpreps.com/al/jacksonville-christian-academy/football/","https://www.maxpreps.com/al/tabernacle-gardendale/football/","",""
205,"Elmore County Eclectic vs Marbury",Football,"Alabama",9/5/2026,7:30 PM,"The Marbury varsity football team has a game @ Elmore County Eclectic (Alabama).","/al/football/game/elmore-county-eclectic-vs-marbury/9-4-2026/?c=93d46ad6-1898-4005-ab40-12b8675433e5","https://www.maxpreps.com/al/football/game/elmore-county-eclectic-vs-marbury/9-4-2026/?c=93d46ad6-1898-4005-ab40-12b8675433e5",d01,"Eclectic","Marbury","https://www.maxpreps.com/al/elmore-county-eclectic/football/","https://www.maxpreps.com/al/marbury/football/","",""
206,"Lancaster Christian Academy Smyrna vs Pleasant View Christian",Football,"Alabama",9/5/2026,7:30 PM,"The Pleasant View Christian varsity football team has a game @ Lancaster Christian Academy Smyrna (Alabama).","/tn/football/game/lancaster-christian-academy-smyrna-vs-pleasant-view-christian/9-4-2026/?c=9188d460-24a8-4721-b029-2df916fe4c5c","https://www.maxpreps.com/tn/football/game/lancaster-christian-academy-smyrna-vs-pleasant-view-christian/9-4-2026/?c=9188d460-24a8-4721-b029-2df916fe4c5c",17ec,"Smyrna","Christian","https://www.maxpreps.com/al/lancaster-christian-academy-smyrna/football/","https://www.maxpreps.com/al/pleasant-view-christian/football/","",""
207,"Lafayette vs Woodland",Football,"Alabama",9/5/2026,7:30 PM,"The Woodland varsity football team has a game @ Lafayette (Alabama).","/al/football/game/lafayette-vs-woodland/9-4-2026/?c=58baa2d5-e569-4cff-9204-a514b6cf4b15","https://www.maxpreps.com/al/football/game/lafayette-vs-woodland/9-4-2026/?c=58baa2d5-e569-4cff-9204-a514b6cf4b15",85a,"Lafayette","Woodland","https://www.maxpreps.com/al/lafayette/football/","https://www.maxpreps.com/al/woodland/football/","",""
208,"Img Academy Bradenton Fl vs St Louis Honolulu Hi",Football,"Alabama",9/5/2026,7:30 PM,"The St Louis Honolulu Hi varsity football team has a game @ Img Academy Bradenton Fl (Alabama).","/inter-state/football/game/img-academy-bradenton-fl-vs-st-louis-honolulu-hi/9-5-2026/?c=22a6bac9-ace8-4757-a9a3-70c7e0d029c9","https://www.maxpreps.com/inter-state/football/game/img-academy-bradenton-fl-vs-st-louis-honolulu-hi/9-5-2026/?c=22a6bac9-ace8-4757-a9a3-70c7e0d029c9",124b,"Fl","Hi","https://www.maxpreps.com/al/img-academy-bradenton-fl/football/","https://www.maxpreps.com/al/st-louis-honolulu-hi/football/","",""
209,"Dematha Hyattsville Md vs Imhotep Charter Philadelphia Pa",Football,"Alabama",9/5/2026,7:30 PM,"The Imhotep Charter Philadelphia Pa varsity football team has a game @ Dematha Hyattsville Md (Alabama).","/inter-state/football/game/dematha-hyattsville-md-vs-imhotep-charter-philadelphia-pa/9-5-2026/?c=4a9c2f61-c249-4ce2-9fe0-b52b5b94656a","https://www.maxpreps.com/inter-state/football/game/dematha-hyattsville-md-vs-imhotep-charter-philadelphia-pa/9-5-2026/?c=4a9c2f61-c249-4ce2-9fe0-b52b5b94656a",1617,"Md","Pa","https://www.maxpreps.com/al/dematha-hyattsville-md/football/","https://www.maxpreps.com/al/imhotep-charter-philadelphia-pa/football/","",""
