No,MatchName,Sport,Region,Date,Time,Game_Info,Relative_Path,Full_URL,Slug_Short,Team1_Mascot,Team2_Mascot,Team1_URL,Team2_URL,Team1_Thumb,Team2_Thumb
1,"Lathrop Fairbanks vs Soldotna",Football,"Alaska",9/4/2026,7:30 PM,"The Soldotna varsity football team has a game @ Lathrop Fairbanks (Alaska).","/ak/football/game/lathrop-fairbanks-vs-soldotna/9-4-2026/?c=5522fd7d-00ae-4f37-ab33-9e50fa1fc4db","https://www.maxpreps.com/ak/football/game/lathrop-fairbanks-vs-soldotna/9-4-2026/?c=5522fd7d-00ae-4f37-ab33-9e50fa1fc4db",b7f,"Malemutes","Stars","https://www.maxpreps.com/ak/lathrop-fairbanks/football/","https://www.maxpreps.com/ak/soldotna/football/","https://image.maxpreps.io/school-mascot/e/9/5/e95903c4-ff26-4953-baee-bf5ea0775af1.gif?version=639045185957754810&amp;width=128&amp;height=128&amp;auto=webp&amp;format=pjpg","https://image.maxpreps.io/school-mascot/2/1/f/21fba82f-af2a-4ad0-b884-063561c180b1.gif?version=636125706000000000&amp;width=128&amp;height=128&amp;auto=webp&amp;format=pjpg"
2,"Chugiak vs Palmer",Football,"Alaska",9/4/2026,7:30 PM,"The Palmer varsity football team has a game @ Chugiak (Alaska).","/ak/football/game/chugiak-vs-palmer/9-4-2026/?c=deba4cec-0dc2-4c1e-8a85-0501806e6ec8","https://www.maxpreps.com/ak/football/game/chugiak-vs-palmer/9-4-2026/?c=deba4cec-0dc2-4c1e-8a85-0501806e6ec8",6a0,"Mustangs","Moose","https://www.maxpreps.com/ak/chugiak/football/","https://www.maxpreps.com/ak/palmer/football/","https://image.maxpreps.io/school-mascot/a/c/e/acecbf28-1d7d-4f61-bfeb-f498b3297eec.gif?version=636899730000000000&amp;width=128&amp;height=128&amp;auto=webp&amp;format=pjpg","https://image.maxpreps.io/school-mascot/f/9/9/f993762d-3428-40fb-a400-00cf10bde0ad.gif?version=635590818000000000&amp;width=128&amp;height=128&amp;auto=webp&amp;format=pjpg"
3,"Eagle River vs Wasilla",Football,"Alaska",9/4/2026,7:30 PM,"The Wasilla varsity football team has a game @ Eagle River (Alaska).","/ak/football/game/eagle-river-vs-wasilla/9-4-2026/?c=0ab0dd21-8dd0-42b5-aa33-c30047480bd8","https://www.maxpreps.com/ak/football/game/eagle-river-vs-wasilla/9-4-2026/?c=0ab0dd21-8dd0-42b5-aa33-c30047480bd8",883,"Wolves","Warriors","https://www.maxpreps.com/ak/eagle-river/football/","https://www.maxpreps.com/ak/wasilla/football/","https://image.maxpreps.io/school-mascot/b/7/d/b7de983b-99b0-4abb-90ed-da327d8a9596.gif?version=634024357800000000&amp;width=128&amp;height=128&amp;auto=webp&amp;format=pjpg","https://image.maxpreps.io/school-mascot/3/8/3/383a0527-e3cd-4ba0-bf1e-60d10febb66b.gif?version=637635832800000000&amp;width=128&amp;height=128&amp;auto=webp&amp;format=pjpg"
4,"Kodiak vs Valdez",Football,"Alaska",9/4/2026,7:30 PM,"The Valdez varsity football team has a game @ Kodiak (Alaska).","/ak/football/game/kodiak-vs-valdez/9-4-2026/?c=193a2ba4-70a3-48ed-8f42-2e20af72b9cb","https://www.maxpreps.com/ak/football/game/kodiak-vs-valdez/9-4-2026/?c=193a2ba4-70a3-48ed-8f42-2e20af72b9cb",63c,"Buccaneers","Bears","https://www.maxpreps.com/ak/kodiak/football/","https://www.maxpreps.com/ak/valdez/football/","https://image.maxpreps.io/school-mascot/1/4/0/140ccad7-813c-45a2-83c7-dcd227af526a.gif?version=637635831000000000&amp;width=128&amp;height=128&amp;auto=webp&amp;format=pjpg","https://image.maxpreps.io/school-mascot/5/3/0/530ceec8-8ddd-4c40-a20b-45c8af05244a.gif?version=635796364800000000&amp;width=128&amp;height=128&amp;auto=webp&amp;format=pjpg"
5,"Homer vs Houston Big Lake",Football,"Alaska",9/4/2026,7:30 PM,"The Houston Big Lake varsity football team has a game @ Homer (Alaska).","/ak/football/game/homer-vs-houston-big-lake/9-4-2026/?c=e15271f9-f438-45de-a377-c571eeb0f4f7","https://www.maxpreps.com/ak/football/game/homer-vs-houston-big-lake/9-4-2026/?c=e15271f9-f438-45de-a377-c571eeb0f4f7",997,"Mariners","Hawks","https://www.maxpreps.com/ak/homer/football/","https://www.maxpreps.com/ak/houston-big-lake/football/","https://image.maxpreps.io/school-mascot/f/6/e/f6e9b228-1395-4a59-ad66-d2e3c5f6f548.gif?version=636517960800000000&amp;width=128&amp;height=128&amp;auto=webp&amp;format=pjpg","https://image.maxpreps.io/school-mascot/2/0/a/20af4b6d-9bff-488c-b00e-3b7f8f7db9cd.gif?version=637635828600000000&amp;width=128&amp;height=128&amp;auto=webp&amp;format=pjpg"
6,"North Pole vs West Valley Fairbanks",Football,"Alaska",9/4/2026,7:30 PM,"The West Valley Fairbanks varsity football team has a game @ North Pole (Alaska).","/ak/football/game/north-pole-vs-west-valley-fairbanks/9-4-2026/?c=88ad4e1c-9c76-43aa-8a8b-b9f80b6c0c82","https://www.maxpreps.com/ak/football/game/north-pole-vs-west-valley-fairbanks/9-4-2026/?c=88ad4e1c-9c76-43aa-8a8b-b9f80b6c0c82",da6,"Wolf Pack","Patriots","https://www.maxpreps.com/ak/north-pole/football/","https://www.maxpreps.com/ak/west-valley-fairbanks/football/","https://image.maxpreps.io/school-mascot/e/4/a/e4aa1f38-448e-4db3-959d-6f0c2d121143.gif?version=636995527200000000&amp;width=128&amp;height=128&amp;auto=webp&amp;format=pjpg","https://image.maxpreps.io/school-mascot/2/6/8/268dc1f2-f03d-401c-bfec-67cfc4f56035.gif?version=635965866600000000&amp;width=128&amp;height=128&amp;auto=webp&amp;format=pjpg"
7,"Barrow Utqiagvik vs Redington Wasilla",Football,"Alaska",9/4/2026,7:30 PM,"The Redington Wasilla varsity football team has a game @ Barrow Utqiagvik (Alaska).","/ak/football/game/barrow-utqiagvik-vs-redington-wasilla/9-4-2026/?c=5b8626b1-10a4-4ea1-a354-28644b6ed323","https://www.maxpreps.com/ak/football/game/barrow-utqiagvik-vs-redington-wasilla/9-4-2026/?c=5b8626b1-10a4-4ea1-a354-28644b6ed323",eb6,"Whalers","Huskies","https://www.maxpreps.com/ak/barrow-utqiagvik/football/","https://www.maxpreps.com/ak/redington-wasilla/football/","https://image.maxpreps.io/school-mascot/9/a/4/9a40d706-0eb3-4156-a8e5-bde660f367fe.gif?version=633963314400000000&amp;width=128&amp;height=128&amp;auto=webp&amp;format=pjpg","https://image.maxpreps.io/school-mascot/0/0/9/009b34b2-6bf1-433e-aad4-556936228b9f.gif?version=636413442000000000&amp;width=128&amp;height=128&amp;auto=webp&amp;format=pjpg"
8,"Bartlett Anchorage vs Dimond Anchorage",Football,"Alaska",9/4/2026,7:30 PM,"The Dimond Anchorage varsity football team has a game @ Bartlett Anchorage (Alaska).","/ak/football/game/bartlett-anchorage-vs-dimond-anchorage/9-4-2026/?c=fb15467d-37b2-4438-9de9-675a231c0d89","https://www.maxpreps.com/ak/football/game/bartlett-anchorage-vs-dimond-anchorage/9-4-2026/?c=fb15467d-37b2-4438-9de9-675a231c0d89",eca,"Golden Bears","Lynx","https://www.maxpreps.com/ak/bartlett-anchorage/football/","https://www.maxpreps.com/ak/dimond-anchorage/football/","https://image.maxpreps.io/school-mascot/e/4/2/e42cadbd-766e-4323-ab91-b318987182fd.gif?version=638687326707791700&amp;width=128&amp;height=128&amp;auto=webp&amp;format=pjpg","https://image.maxpreps.io/school-mascot/8/8/8/8889ee2e-e023-4108-99c4-71b548bc4b58.gif?version=634513536600000000&amp;width=128&amp;height=128&amp;auto=webp&amp;format=pjpg"
9,"Spanish River Boca Raton vs West Boca Raton",Football,"Alaska",9/4/2026,7:30 PM,"The West Boca Raton varsity football team has a game @ Spanish River Boca Raton (Alaska).","/fl/football/game/spanish-river-boca-raton-vs-west-boca-raton/9-4-2026/?c=2df94f0f-5814-4cd6-830e-fadc7220adf3","https://www.maxpreps.com/fl/football/game/spanish-river-boca-raton-vs-west-boca-raton/9-4-2026/?c=2df94f0f-5814-4cd6-830e-fadc7220adf3",1077,"Bulls","Sharks","https://www.maxpreps.com/ak/spanish-river-boca-raton/football/","https://www.maxpreps.com/ak/west-boca-raton/football/","https://image.maxpreps.io/school-mascot/e/7/9/e7903dfb-37a9-4b3b-af93-19f0569f5114.gif?version=638296082400000000&amp;width=128&amp;height=128&amp;auto=webp&amp;format=pjpg","https://image.maxpreps.io/school-mascot/5/1/b/51b8b1b1-8c45-4dd4-b155-be622046a45b.gif?version=638201005800000000&amp;width=128&amp;height=128&amp;auto=webp&amp;format=pjpg"
10,"Columbus Miami vs St Thomas Aquinas Fort Lauderdale",Football,"Alaska",9/4/2026,7:30 PM,"The St Thomas Aquinas Fort Lauderdale varsity football team has a game @ Columbus Miami (Alaska).","/fl/football/game/columbus-miami-vs-st-thomas-aquinas-fort-lauderdale/9-4-2026/?c=4c5013d0-411d-428c-aecc-b0ec69545c96","https://www.maxpreps.com/fl/football/game/columbus-miami-vs-st-thomas-aquinas-fort-lauderdale/9-4-2026/?c=4c5013d0-411d-428c-aecc-b0ec69545c96",13ce,"Explorers","Raiders","https://www.maxpreps.com/ak/columbus-miami/football/","https://www.maxpreps.com/ak/st-thomas-aquinas-fort-lauderdale/football/","https://image.maxpreps.io/school-mascot/5/c/e/5ce85d4b-4ce3-48ca-8b24-2a304bba4853.gif?version=637698085200000000&amp;width=128&amp;height=128&amp;auto=webp&amp;format=pjpg","https://image.maxpreps.io/school-mascot/b/d/1/bd12f619-3d60-413e-a9ef-5742cd4a21bb.gif?version=637743744600000000&amp;width=128&amp;height=128&amp;auto=webp&amp;format=pjpg"
11,"St Frances Academy Baltimore Md vs Vero Beach Fl",Football,"Alaska",9/4/2026,7:30 PM,"The Vero Beach Fl varsity football team has a game @ St Frances Academy Baltimore Md (Alaska).","/inter-state/football/game/st-frances-academy-baltimore-md-vs-vero-beach-fl/9-4-2026/?c=8657235a-0e5e-4c65-a4cf-5afea036220b","https://www.maxpreps.com/inter-state/football/game/st-frances-academy-baltimore-md-vs-vero-beach-fl/9-4-2026/?c=8657235a-0e5e-4c65-a4cf-5afea036220b",11ff,"Panthers","Fighting Indians","https://www.maxpreps.com/ak/st-frances-academy-baltimore-md/football/","https://www.maxpreps.com/ak/vero-beach-fl/football/","https://image.maxpreps.io/school-mascot/c/1/7/c1783fb0-c965-42a0-abe3-41fbe7641303.gif?version=637678140000000000&amp;width=128&amp;height=128&amp;auto=webp&amp;format=pjpg","https://image.maxpreps.io/school-mascot/5/d/2/5d24e8dd-140c-484a-832d-82ffe4c1cc4d.gif?version=637273772400000000&amp;width=128&amp;height=128&amp;auto=webp&amp;format=pjpg"
12,"Brownsburg vs Franklin Central Indianapolis",Football,"Alaska",9/4/2026,7:30 PM,"The Franklin Central Indianapolis varsity football team has a game @ Brownsburg (Alaska).","/in/football/game/brownsburg-vs-franklin-central-indianapolis/9-4-2026/?c=955cbe28-7675-45ea-b98c-0ef9ca963cf1","https://www.maxpreps.com/in/football/game/brownsburg-vs-franklin-central-indianapolis/9-4-2026/?c=955cbe28-7675-45ea-b98c-0ef9ca963cf1",1121,"Bulldogs","Flashes","https://www.maxpreps.com/ak/brownsburg/football/","https://www.maxpreps.com/ak/franklin-central-indianapolis/football/","https://image.maxpreps.io/school-mascot/f/f/f/fffd75cb-8399-40ed-91b3-96f77700c51d.gif?version=635139768000000000&amp;width=128&amp;height=128&amp;auto=webp&amp;format=pjpg","https://image.maxpreps.io/school-mascot/b/c/1/bc1032be-c3f6-49f6-ab4e-4a12d9b154ae.gif?version=636007959000000000&amp;width=128&amp;height=128&amp;auto=webp&amp;format=pjpg"
13,"Hough Cornelius vs Providence Day Charlotte",Football,"Alaska",9/4/2026,7:30 PM,"The Providence Day Charlotte varsity football team has a game @ Hough Cornelius (Alaska).","/nc/football/game/hough-cornelius-vs-providence-day-charlotte/9-4-2026/?c=4124eab2-88ff-4d44-a633-37333b39f0b0","https://www.maxpreps.com/nc/football/game/hough-cornelius-vs-providence-day-charlotte/9-4-2026/?c=4124eab2-88ff-4d44-a633-37333b39f0b0",10ec,"Chargers","Huskies","https://www.maxpreps.com/ak/hough-cornelius/football/","https://www.maxpreps.com/ak/providence-day-charlotte/football/","https://image.maxpreps.io/school-mascot/d/0/c/d0cb43d1-98fc-4f0a-8d6e-3ec2cd944ce7.gif?version=638380068600000000&amp;width=128&amp;height=128&amp;auto=webp&amp;format=pjpg","https://image.maxpreps.io/school-mascot/a/5/3/a53ca03e-8631-42bb-8ff5-e4cb709e2d7b.gif?version=638026432800000000&amp;width=128&amp;height=128&amp;auto=webp&amp;format=pjpg"
14,"Baylor Chattanooga Tn vs Rabun Gap Nacoochee Ga",Football,"Alaska",9/4/2026,7:30 PM,"The Rabun Gap Nacoochee Ga varsity football team has a game @ Baylor Chattanooga Tn (Alaska).","/inter-state/football/game/baylor-chattanooga-tn-vs-rabun-gap-nacoochee-ga/9-4-2026/?c=b07a4869-795e-4a26-b3ac-0cdcbcc8c3fc","https://www.maxpreps.com/inter-state/football/game/baylor-chattanooga-tn-vs-rabun-gap-nacoochee-ga/9-4-2026/?c=b07a4869-795e-4a26-b3ac-0cdcbcc8c3fc",11d5,"Red Raiders","Eagles","https://www.maxpreps.com/ak/baylor-chattanooga-tn/football/","https://www.maxpreps.com/ak/rabun-gap-nacoochee-ga/football/","https://image.maxpreps.io/school-mascot/5/f/2/5f2d9046-3d33-4dfc-8628-1abcfb96d21a.gif?version=639228910203514210&amp;width=128&amp;height=128&amp;auto=webp&amp;format=pjpg","https://image.maxpreps.io/school-mascot/8/5/6/856a10a0-6ef4-4549-83be-89d5a40ed008.gif?version=639228910193935300&amp;width=128&amp;height=128&amp;auto=webp&amp;format=pjpg"
15,"Lee County Leesburg vs Sequoyah Canton",Football,"Alaska",9/4/2026,7:30 PM,"The Sequoyah Canton varsity football team has a game @ Lee County Leesburg (Alaska).","/ga/football/game/lee-county-leesburg-vs-sequoyah-canton/9-4-2026/?c=7610023d-8fa5-4efe-8b56-1d730dbb3b61","https://www.maxpreps.com/ga/football/game/lee-county-leesburg-vs-sequoyah-canton/9-4-2026/?c=7610023d-8fa5-4efe-8b56-1d730dbb3b61",eed,"Trojans","Chiefs","https://www.maxpreps.com/ak/lee-county-leesburg/football/","https://www.maxpreps.com/ak/sequoyah-canton/football/","https://image.maxpreps.io/school-mascot/5/2/d/52d89642-6d2d-4bbb-b0a3-d0484800936c.gif?version=639180703263995690&amp;width=128&amp;height=128&amp;auto=webp&amp;format=pjpg","https://image.maxpreps.io/school-mascot/a/a/6/aa644a9a-d692-44a8-a403-f941779fd977.gif?version=638685067387249990&amp;width=128&amp;height=128&amp;auto=webp&amp;format=pjpg"
16,"Buford Ga vs Mallard Creek Charlotte Nc",Football,"Alaska",9/4/2026,7:30 PM,"The Mallard Creek Charlotte Nc varsity football team has a game @ Buford Ga (Alaska).","/inter-state/football/game/buford-ga-vs-mallard-creek-charlotte-nc/9-4-2026/?c=06e6ec32-3617-4780-9c64-ac63fdddd2ef","https://www.maxpreps.com/inter-state/football/game/buford-ga-vs-mallard-creek-charlotte-nc/9-4-2026/?c=06e6ec32-3617-4780-9c64-ac63fdddd2ef",ebf,"Wolves","Mavericks","https://www.maxpreps.com/ak/buford-ga/football/","https://www.maxpreps.com/ak/mallard-creek-charlotte-nc/football/","https://image.maxpreps.io/school-mascot/6/d/0/6d00b044-607e-4dee-aa9b-e1fc2c6a87bc.gif?version=637816301400000000&amp;width=128&amp;height=128&amp;auto=webp&amp;format=pjpg","https://image.maxpreps.io/school-mascot/d/1/b/d1b36908-99b6-476b-9324-6cd4a2873dbf.gif?version=638714615948184910&amp;width=128&amp;height=128&amp;auto=webp&amp;format=pjpg"
17,"Brentwood Academy Tn vs St Josephs Prep Philadelphia Pa",Football,"Alaska",9/4/2026,7:30 PM,"The St Josephs Prep Philadelphia Pa varsity football team has a game @ Brentwood Academy Tn (Alaska).","/inter-state/football/game/brentwood-academy-tn-vs-st-josephs-prep-philadelphia-pa/9-4-2026/?c=ed5acb23-ac8e-4678-b125-34e32de77c48","https://www.maxpreps.com/inter-state/football/game/brentwood-academy-tn-vs-st-josephs-prep-philadelphia-pa/9-4-2026/?c=ed5acb23-ac8e-4678-b125-34e32de77c48",152b,"Hawks","Eagles","https://www.maxpreps.com/ak/brentwood-academy-tn/football/","https://www.maxpreps.com/ak/st-josephs-prep-philadelphia-pa/football/","https://image.maxpreps.io/school-mascot/e/6/c/e6ce254d-240b-4081-a66e-26e1ced9a095.gif?version=634195611000000000&amp;width=128&amp;height=128&amp;auto=webp&amp;format=pjpg","https://image.maxpreps.io/school-mascot/1/c/a/1ca1eec6-40e3-4d04-9831-04fe92760ad0.gif?version=635850925200000000&amp;width=128&amp;height=128&amp;auto=webp&amp;format=pjpg"
18,"Carrollton Ga vs Catholic Br Bears Baton Rouge La",Football,"Alaska",9/4/2026,7:30 PM,"The Catholic Br Bears Baton Rouge La varsity football team has a game @ Carrollton Ga (Alaska).","/inter-state/football/game/carrollton-ga-vs-catholic-br-bears-baton-rouge-la/9-4-2026/?c=e1dcde90-b8ab-454b-9b12-6974776f6af0","https://www.maxpreps.com/inter-state/football/game/carrollton-ga-vs-catholic-br-bears-baton-rouge-la/9-4-2026/?c=e1dcde90-b8ab-454b-9b12-6974776f6af0",1284,"Trojans","Bears","https://www.maxpreps.com/ak/carrollton-ga/football/","https://www.maxpreps.com/ak/catholic-br-bears-baton-rouge-la/football/","https://image.maxpreps.io/school-mascot/2/c/6/2c66e977-fcec-48c5-9f86-062a506b700c.gif?version=639183171975290540&amp;width=128&amp;height=128&amp;auto=webp&amp;format=pjpg","https://image.maxpreps.io/school-mascot/c/e/a/cea9671e-4023-4b39-8c55-1a7b7750f5bb.gif?version=636066214800000000&amp;width=128&amp;height=128&amp;auto=webp&amp;format=pjpg"
19,"Thompson Alabaster vs Vestavia Hills",Football,"Alaska",9/4/2026,7:30 PM,"The Vestavia Hills varsity football team has a game @ Thompson Alabaster (Alaska).","/al/football/game/thompson-alabaster-vs-vestavia-hills/9-4-2026/?c=592c6bca-5e37-4616-9dee-75190a10da96","https://www.maxpreps.com/al/football/game/thompson-alabaster-vs-vestavia-hills/9-4-2026/?c=592c6bca-5e37-4616-9dee-75190a10da96",e43,"Rebels","Warriors","https://www.maxpreps.com/ak/thompson-alabaster/football/","https://www.maxpreps.com/ak/vestavia-hills/football/","https://image.maxpreps.io/school-mascot/4/9/3/493a7c03-17c9-48f1-a8bb-fbb0b9364256.gif?version=638253699600000000&amp;width=128&amp;height=128&amp;auto=webp&amp;format=pjpg","https://image.maxpreps.io/school-mascot/f/d/8/fd85c43e-1a06-49c8-a805-b2c8fe9588ed.gif?version=638253696000000000&amp;width=128&amp;height=128&amp;auto=webp&amp;format=pjpg"
20,"Allen vs Desoto",Football,"Alaska",9/4/2026,7:30 PM,"The Desoto varsity football team has a game @ Allen (Alaska).","/tx/football/game/allen-vs-desoto/9-4-2026/?c=1e1ac24c-e7af-4a4c-bd2a-2c3503a01558","https://www.maxpreps.com/tx/football/game/allen-vs-desoto/9-4-2026/?c=1e1ac24c-e7af-4a4c-bd2a-2c3503a01558",5dd,"Fighting Eagles","Eagles","https://www.maxpreps.com/ak/allen/football/","https://www.maxpreps.com/ak/desoto/football/","https://image.maxpreps.io/school-mascot/9/a/0/9a075e03-96fb-4f90-9768-1541d5385443.gif?version=637969274400000000&amp;width=128&amp;height=128&amp;auto=webp&amp;format=pjpg","https://image.maxpreps.io/school-mascot/0/b/a/0bad373d-33a2-45b6-b1d4-6c55e876344c.gif?version=639215103242455420&amp;width=128&amp;height=128&amp;auto=webp&amp;format=pjpg"
21,"Bishop Gorman Las Vegas Nv vs Lone Peak Highland Ut",Football,"Alaska",9/4/2026,7:30 PM,"The Lone Peak Highland Ut varsity football team has a game @ Bishop Gorman Las Vegas Nv (Alaska).","/inter-state/football/game/bishop-gorman-las-vegas-nv-vs-lone-peak-highland-ut/9-4-2026/?c=29b1621b-f35c-4b32-9edc-53e708acc330","https://www.maxpreps.com/inter-state/football/game/bishop-gorman-las-vegas-nv-vs-lone-peak-highland-ut/9-4-2026/?c=29b1621b-f35c-4b32-9edc-53e708acc330",1338,"Gaels","Knights","https://www.maxpreps.com/ak/bishop-gorman-las-vegas-nv/football/","https://www.maxpreps.com/ak/lone-peak-highland-ut/football/","https://image.maxpreps.io/school-mascot/0/3/c/03c125d3-5255-4e5d-8991-5e543fe741d2.gif?version=638070447000000000&amp;width=128&amp;height=128&amp;auto=webp&amp;format=pjpg","https://image.maxpreps.io/school-mascot/e/7/b/e7badf59-379d-43cc-a875-938bdc607f2d.gif?version=635784693600000000&amp;width=128&amp;height=128&amp;auto=webp&amp;format=pjpg"
22,"Pittsburg vs St John Bosco Bellflower",Football,"Alaska",9/4/2026,7:30 PM,"The St John Bosco Bellflower varsity football team has a game @ Pittsburg (Alaska).","/ca/football/game/pittsburg-vs-st-john-bosco-bellflower/9-4-2026/?c=ae4d8580-8f49-4705-b047-48c5ec08888e","https://www.maxpreps.com/ca/football/game/pittsburg-vs-st-john-bosco-bellflower/9-4-2026/?c=ae4d8580-8f49-4705-b047-48c5ec08888e",e88,"Braves","Pirates","https://www.maxpreps.com/ak/pittsburg/football/","https://www.maxpreps.com/ak/st-john-bosco-bellflower/football/","https://image.maxpreps.io/school-mascot/2/2/9/229cf8e5-737c-418e-8f4e-f3ac3d566af4.gif?version=635307417600000000&amp;width=128&amp;height=128&amp;auto=webp&amp;format=pjpg","https://image.maxpreps.io/school-mascot/c/e/a/ceae31e6-bcbb-4762-8063-3f569621e5b2.gif?version=637195262400000000&amp;width=128&amp;height=128&amp;auto=webp&amp;format=pjpg"
23,"Mater Dei Santa Ana Ca vs Valor Christian Highlands Ranch Co",Football,"Alaska",9/4/2026,7:30 PM,"The Valor Christian Highlands Ranch Co varsity football team has a game @ Mater Dei Santa Ana Ca (Alaska).","/inter-state/football/game/mater-dei-santa-ana-ca-vs-valor-christian-highlands-ranch-co/9-4-2026/?c=93f7f59a-3c65-495e-bcef-c907ecb04034","https://www.maxpreps.com/inter-state/football/game/mater-dei-santa-ana-ca-vs-valor-christian-highlands-ranch-co/9-4-2026/?c=93f7f59a-3c65-495e-bcef-c907ecb04034",167a,"Eagles","Monarchs","https://www.maxpreps.com/ak/mater-dei-santa-ana-ca/football/","https://www.maxpreps.com/ak/valor-christian-highlands-ranch-co/football/","https://image.maxpreps.io/school-mascot/8/4/c/84cca0c4-525c-4db8-bf1f-e1647ab540c2.gif?version=636809758200000000&amp;width=128&amp;height=128&amp;auto=webp&amp;format=pjpg","https://image.maxpreps.io/school-mascot/2/b/6/2b6b45d3-4465-4750-ba48-a273b674e37c.gif?version=637964957400000000&amp;width=128&amp;height=128&amp;auto=webp&amp;format=pjpg"
24,"Arbor View Las Vegas Nv vs Hamilton Chandler Az",Football,"Alaska",9/4/2026,7:30 PM,"The Hamilton Chandler Az varsity football team has a game @ Arbor View Las Vegas Nv (Alaska).","/inter-state/football/game/arbor-view-las-vegas-nv-vs-hamilton-chandler-az/9-4-2026/?c=4d6c7ace-3a91-4768-b267-66760bd60042","https://www.maxpreps.com/inter-state/football/game/arbor-view-las-vegas-nv-vs-hamilton-chandler-az/9-4-2026/?c=4d6c7ace-3a91-4768-b267-66760bd60042",11d4,"Aggies","Huskies","https://www.maxpreps.com/ak/arbor-view-las-vegas-nv/football/","https://www.maxpreps.com/ak/hamilton-chandler-az/football/","https://image.maxpreps.io/school-mascot/b/2/0/b20ff76b-498c-411b-9973-6d105d3dee33.gif?version=634892862600000000&amp;width=128&amp;height=128&amp;auto=webp&amp;format=pjpg","https://image.maxpreps.io/school-mascot/9/6/e/96ef6983-d533-4398-807f-f0fe51088378.gif?version=638447241600000000&amp;width=128&amp;height=128&amp;auto=webp&amp;format=pjpg"
25,"Highland Palmdale vs Santa Margarita Rancho Santa Margarita",Football,"Alaska",9/4/2026,7:30 PM,"The Santa Margarita Rancho Santa Margarita varsity football team has a game @ Highland Palmdale (Alaska).","/ca/football/game/highland-palmdale-vs-santa-margarita-rancho-santa-margarita/9-4-2026/?c=9d91d9ff-fc93-4e18-afff-7927b2f5f358","https://www.maxpreps.com/ca/football/game/highland-palmdale-vs-santa-margarita-rancho-santa-margarita/9-4-2026/?c=9d91d9ff-fc93-4e18-afff-7927b2f5f358",16bc,"Bulldogs","Eagles","https://www.maxpreps.com/ak/highland-palmdale/football/","https://www.maxpreps.com/ak/santa-margarita-rancho-santa-margarita/football/","https://image.maxpreps.io/school-mascot/e/1/3/e13abd1f-53f8-4920-abe7-9b1f1e28db45.gif?version=636564883200000000&amp;width=128&amp;height=128&amp;auto=webp&amp;format=pjpg","https://image.maxpreps.io/school-mascot/f/f/4/ff429903-681b-4ad1-abd7-356a7492395e.gif?version=636830746200000000&amp;width=128&amp;height=128&amp;auto=webp&amp;format=pjpg"
26,"Basha Chandler Az vs Orange Lutheran Ca",Football,"Alaska",9/4/2026,7:30 PM,"The Orange Lutheran Ca varsity football team has a game @ Basha Chandler Az (Alaska).","/inter-state/football/game/basha-chandler-az-vs-orange-lutheran-ca/9-4-2026/?c=2fa972d5-6466-4981-a23b-8c675df63750","https://www.maxpreps.com/inter-state/football/game/basha-chandler-az-vs-orange-lutheran-ca/9-4-2026/?c=2fa972d5-6466-4981-a23b-8c675df63750",eb5,"Bears","Lancers","https://www.maxpreps.com/ak/basha-chandler-az/football/","https://www.maxpreps.com/ak/orange-lutheran-ca/football/","https://image.maxpreps.io/school-mascot/a/9/4/a9439e73-249d-4e8c-872b-f8f4ffe9252a.gif?version=637716312000000000&amp;width=128&amp;height=128&amp;auto=webp&amp;format=pjpg","https://image.maxpreps.io/school-mascot/0/9/8/098e1491-1717-4088-b7a0-55e47c8e1d17.gif?version=638898962800923950&amp;width=128&amp;height=128&amp;auto=webp&amp;format=pjpg"
27,"Red Lion Christian Academy Bear vs Smyrna",Football,"Delaware",9/4/2026,7:30 PM,"The Smyrna varsity football team has a game @ Red Lion Christian Academy Bear (Delaware).","/de/football/game/red-lion-christian-academy-bear-vs-smyrna/9-4-2026/?c=95e70bee-1652-406a-9fbd-f7085e5c3bb0","https://www.maxpreps.com/de/football/game/red-lion-christian-academy-bear-vs-smyrna/9-4-2026/?c=95e70bee-1652-406a-9fbd-f7085e5c3bb0",fb1,"Eagles","Lions","https://www.maxpreps.com/de/red-lion-christian-academy-bear/football/","https://www.maxpreps.com/de/smyrna/football/","https://image.maxpreps.io/school-mascot/c/7/c/c7ccf2a8-8546-4316-940b-3ec040250184.gif?version=634672132800000000&amp;width=128&amp;height=128&amp;auto=webp&amp;format=pjpg","https://image.maxpreps.io/school-mascot/4/8/2/4825716e-0f05-4027-b3a2-28513dfca027.gif?version=635416120800000000&amp;width=128&amp;height=128&amp;auto=webp&amp;format=pjpg"
28,"Lake Forest Felton De vs North Caroline Ridgely Md",Football,"Delaware",9/4/2026,7:30 PM,"The North Caroline Ridgely Md varsity football team has a game @ Lake Forest Felton De (Delaware).","/inter-state/football/game/lake-forest-felton-de-vs-north-caroline-ridgely-md/9-4-2026/?c=c26b95d7-1a6b-4297-9bf0-2289b12aa823","https://www.maxpreps.com/inter-state/football/game/lake-forest-felton-de-vs-north-caroline-ridgely-md/9-4-2026/?c=c26b95d7-1a6b-4297-9bf0-2289b12aa823",130b,"Spartans","Bulldogs","https://www.maxpreps.com/de/lake-forest-felton-de/football/","https://www.maxpreps.com/de/north-caroline-ridgely-md/football/","https://image.maxpreps.io/school-mascot/a/e/3/ae335593-cabc-4068-a9f8-1a447ce577c1.gif?version=637060534800000000&amp;width=128&amp;height=128&amp;auto=webp&amp;format=pjpg","https://image.maxpreps.io/school-mascot/b/5/6/b56a305f-f39d-4666-b612-6382c9a42ee7.gif?version=637006793400000000&amp;width=128&amp;height=128&amp;auto=webp&amp;format=pjpg"
29,"Decatur Berlin Md vs Laurel De",Football,"Delaware",9/4/2026,7:30 PM,"The Laurel De varsity football team has a game @ Decatur Berlin Md (Delaware).","/inter-state/football/game/decatur-berlin-md-vs-laurel-de/9-4-2026/?c=7140b34d-4bc4-4012-8dda-4b6007788951","https://www.maxpreps.com/inter-state/football/game/decatur-berlin-md-vs-laurel-de/9-4-2026/?c=7140b34d-4bc4-4012-8dda-4b6007788951",b4d,"Bulldogs","Seahawks","https://www.maxpreps.com/de/decatur-berlin-md/football/","https://www.maxpreps.com/de/laurel-de/football/","https://image.maxpreps.io/school-mascot/2/e/0/2e0b8884-bb01-4ffa-9606-4b47897f2e93.gif?version=635452583400000000&amp;width=128&amp;height=128&amp;auto=webp&amp;format=pjpg","https://image.maxpreps.io/school-mascot/c/3/7/c3730603-6aeb-4710-99eb-43e4e5526e13.gif?version=637488799800000000&amp;width=128&amp;height=128&amp;auto=webp&amp;format=pjpg"
30,"Conrad Science Wilmington vs Milford",Football,"Delaware",9/4/2026,7:30 PM,"The Milford varsity football team has a game @ Conrad Science Wilmington (Delaware).","/de/football/game/conrad-science-wilmington-vs-milford/9-4-2026/?c=66af128b-0470-4baf-b8c9-0f164dcafd20","https://www.maxpreps.com/de/football/game/conrad-science-wilmington-vs-milford/9-4-2026/?c=66af128b-0470-4baf-b8c9-0f164dcafd20",e23,"Buccaneers","Red Wolves","https://www.maxpreps.com/de/conrad-science-wilmington/football/","https://www.maxpreps.com/de/milford/football/","https://image.maxpreps.io/school-mascot/d/5/f/d5f82c87-6a8f-48d3-9f4a-8953535c6bda.gif?version=638790005929600710&amp;width=128&amp;height=128&amp;auto=webp&amp;format=pjpg","https://image.maxpreps.io/school-mascot/3/f/2/3f20dc85-213f-40b3-8b7d-44f7cd0df50b.gif?version=637060534800000000&amp;width=128&amp;height=128&amp;auto=webp&amp;format=pjpg"
31,"Glasgow Newark vs Sussex Tech Georgetown",Football,"Delaware",9/4/2026,7:30 PM,"The Sussex Tech Georgetown varsity football team has a game @ Glasgow Newark (Delaware).","/de/football/game/glasgow-newark-vs-sussex-tech-georgetown/9-4-2026/?c=7223584b-940e-4188-a627-5bf3aabd980d","https://www.maxpreps.com/de/football/game/glasgow-newark-vs-sussex-tech-georgetown/9-4-2026/?c=7223584b-940e-4188-a627-5bf3aabd980d",fd6,"Dragons","Ravens","https://www.maxpreps.com/de/glasgow-newark/football/","https://www.maxpreps.com/de/sussex-tech-georgetown/football/","https://image.maxpreps.io/school-mascot/9/2/2/922a1986-ac61-4ea9-9bc1-a629f9689afb.gif?version=635963058600000000&amp;width=128&amp;height=128&amp;auto=webp&amp;format=pjpg","https://image.maxpreps.io/school-mascot/c/7/1/c716ddc2-31ee-404e-a42d-72ec88f37c7a.gif?version=635016433200000000&amp;width=128&amp;height=128&amp;auto=webp&amp;format=pjpg"
32,"Delmar De vs Parkside Salisbury Md",Football,"Delaware",9/4/2026,7:30 PM,"The Parkside Salisbury Md varsity football team has a game @ Delmar De (Delaware).","/inter-state/football/game/delmar-de-vs-parkside-salisbury-md/9-4-2026/?c=99dd059d-08d4-4f7f-8e3f-19c900093289","https://www.maxpreps.com/inter-state/football/game/delmar-de-vs-parkside-salisbury-md/9-4-2026/?c=99dd059d-08d4-4f7f-8e3f-19c900093289",d0a,"Wildcats","Rams","https://www.maxpreps.com/de/delmar-de/football/","https://www.maxpreps.com/de/parkside-salisbury-md/football/","https://image.maxpreps.io/school-mascot/8/4/9/849b889f-45a5-4ebc-9fc3-95b52193171e.gif?version=636516141000000000&amp;width=128&amp;height=128&amp;auto=webp&amp;format=pjpg","https://image.maxpreps.io/school-mascot/e/1/5/e1548044-131e-42d4-bff3-e4a99143a121.gif?version=635345170800000000&amp;width=128&amp;height=128&amp;auto=webp&amp;format=pjpg"
33,"Early College Dover vs Polytech Woodside",Football,"Delaware",9/4/2026,7:30 PM,"The Polytech Woodside varsity football team has a game @ Early College Dover (Delaware).","/de/football/game/early-college-dover-vs-polytech-woodside/9-4-2026/?c=6debf470-f710-4e32-852a-963f82e3f6ee","https://www.maxpreps.com/de/football/game/early-college-dover-vs-polytech-woodside/9-4-2026/?c=6debf470-f710-4e32-852a-963f82e3f6ee",fa8,"Hornets","Panthers","https://www.maxpreps.com/de/early-college-dover/football/","https://www.maxpreps.com/de/polytech-woodside/football/","https://image.maxpreps.io/school-mascot/a/7/e/a7e7e21f-f864-4af8-ac32-24498226c733.gif?version=636685603200000000&amp;width=128&amp;height=128&amp;auto=webp&amp;format=pjpg","https://image.maxpreps.io/school-mascot/8/b/3/8b33081a-fbad-412c-b892-45e778f444b2.gif?version=638931957431990570&amp;width=128&amp;height=128&amp;auto=webp&amp;format=pjpg"
34,"Dover De vs West Catholic Philadelphia Pa",Football,"Delaware",9/4/2026,7:30 PM,"The West Catholic Philadelphia Pa varsity football team has a game @ Dover De (Delaware).","/inter-state/football/game/dover-de-vs-west-catholic-philadelphia-pa/9-4-2026/?c=70a63ddf-0330-4909-a00a-6d2d1223387a","https://www.maxpreps.com/inter-state/football/game/dover-de-vs-west-catholic-philadelphia-pa/9-4-2026/?c=70a63ddf-0330-4909-a00a-6d2d1223387a",fa0,"Senators","Burrs","https://www.maxpreps.com/de/dover-de/football/","https://www.maxpreps.com/de/west-catholic-philadelphia-pa/football/","https://image.maxpreps.io/school-mascot/e/a/f/eaff3c21-125b-4287-bf3a-9c274846b462.gif?version=638790006093535440&amp;width=128&amp;height=128&amp;auto=webp&amp;format=pjpg","https://image.maxpreps.io/school-mascot/4/1/2/412e4766-53bb-4753-8afa-8153e778b6ac.gif?version=637666795800000000&amp;width=128&amp;height=128&amp;auto=webp&amp;format=pjpg"
35,"Spanish River Boca Raton vs West Boca Raton",Football,"Delaware",9/4/2026,7:30 PM,"The West Boca Raton varsity football team has a game @ Spanish River Boca Raton (Delaware).","/fl/football/game/spanish-river-boca-raton-vs-west-boca-raton/9-4-2026/?c=2df94f0f-5814-4cd6-830e-fadc7220adf3","https://www.maxpreps.com/fl/football/game/spanish-river-boca-raton-vs-west-boca-raton/9-4-2026/?c=2df94f0f-5814-4cd6-830e-fadc7220adf3",1077,"Bulls","Sharks","https://www.maxpreps.com/de/spanish-river-boca-raton/football/","https://www.maxpreps.com/de/west-boca-raton/football/","https://image.maxpreps.io/school-mascot/e/7/9/e7903dfb-37a9-4b3b-af93-19f0569f5114.gif?version=638296082400000000&amp;width=128&amp;height=128&amp;auto=webp&amp;format=pjpg","https://image.maxpreps.io/school-mascot/5/1/b/51b8b1b1-8c45-4dd4-b155-be622046a45b.gif?version=638201005800000000&amp;width=128&amp;height=128&amp;auto=webp&amp;format=pjpg"
36,"Columbus Miami vs St Thomas Aquinas Fort Lauderdale",Football,"Delaware",9/4/2026,7:30 PM,"The St Thomas Aquinas Fort Lauderdale varsity football team has a game @ Columbus Miami (Delaware).","/fl/football/game/columbus-miami-vs-st-thomas-aquinas-fort-lauderdale/9-4-2026/?c=4c5013d0-411d-428c-aecc-b0ec69545c96","https://www.maxpreps.com/fl/football/game/columbus-miami-vs-st-thomas-aquinas-fort-lauderdale/9-4-2026/?c=4c5013d0-411d-428c-aecc-b0ec69545c96",13ce,"Explorers","Raiders","https://www.maxpreps.com/de/columbus-miami/football/","https://www.maxpreps.com/de/st-thomas-aquinas-fort-lauderdale/football/","https://image.maxpreps.io/school-mascot/5/c/e/5ce85d4b-4ce3-48ca-8b24-2a304bba4853.gif?version=637698085200000000&amp;width=128&amp;height=128&amp;auto=webp&amp;format=pjpg","https://image.maxpreps.io/school-mascot/b/d/1/bd12f619-3d60-413e-a9ef-5742cd4a21bb.gif?version=637743744600000000&amp;width=128&amp;height=128&amp;auto=webp&amp;format=pjpg"
37,"St Frances Academy Baltimore Md vs Vero Beach Fl",Football,"Delaware",9/4/2026,7:30 PM,"The Vero Beach Fl varsity football team has a game @ St Frances Academy Baltimore Md (Delaware).","/inter-state/football/game/st-frances-academy-baltimore-md-vs-vero-beach-fl/9-4-2026/?c=8657235a-0e5e-4c65-a4cf-5afea036220b","https://www.maxpreps.com/inter-state/football/game/st-frances-academy-baltimore-md-vs-vero-beach-fl/9-4-2026/?c=8657235a-0e5e-4c65-a4cf-5afea036220b",11ff,"Panthers","Fighting Indians","https://www.maxpreps.com/de/st-frances-academy-baltimore-md/football/","https://www.maxpreps.com/de/vero-beach-fl/football/","https://image.maxpreps.io/school-mascot/c/1/7/c1783fb0-c965-42a0-abe3-41fbe7641303.gif?version=637678140000000000&amp;width=128&amp;height=128&amp;auto=webp&amp;format=pjpg","https://image.maxpreps.io/school-mascot/5/d/2/5d24e8dd-140c-484a-832d-82ffe4c1cc4d.gif?version=637273772400000000&amp;width=128&amp;height=128&amp;auto=webp&amp;format=pjpg"
38,"Brownsburg vs Franklin Central Indianapolis",Football,"Delaware",9/4/2026,7:30 PM,"The Franklin Central Indianapolis varsity football team has a game @ Brownsburg (Delaware).","/in/football/game/brownsburg-vs-franklin-central-indianapolis/9-4-2026/?c=955cbe28-7675-45ea-b98c-0ef9ca963cf1","https://www.maxpreps.com/in/football/game/brownsburg-vs-franklin-central-indianapolis/9-4-2026/?c=955cbe28-7675-45ea-b98c-0ef9ca963cf1",1121,"Bulldogs","Flashes","https://www.maxpreps.com/de/brownsburg/football/","https://www.maxpreps.com/de/franklin-central-indianapolis/football/","https://image.maxpreps.io/school-mascot/f/f/f/fffd75cb-8399-40ed-91b3-96f77700c51d.gif?version=635139768000000000&amp;width=128&amp;height=128&amp;auto=webp&amp;format=pjpg","https://image.maxpreps.io/school-mascot/b/c/1/bc1032be-c3f6-49f6-ab4e-4a12d9b154ae.gif?version=636007959000000000&amp;width=128&amp;height=128&amp;auto=webp&amp;format=pjpg"
39,"Hough Cornelius vs Providence Day Charlotte",Football,"Delaware",9/4/2026,7:30 PM,"The Providence Day Charlotte varsity football team has a game @ Hough Cornelius (Delaware).","/nc/football/game/hough-cornelius-vs-providence-day-charlotte/9-4-2026/?c=4124eab2-88ff-4d44-a633-37333b39f0b0","https://www.maxpreps.com/nc/football/game/hough-cornelius-vs-providence-day-charlotte/9-4-2026/?c=4124eab2-88ff-4d44-a633-37333b39f0b0",10ec,"Chargers","Huskies","https://www.maxpreps.com/de/hough-cornelius/football/","https://www.maxpreps.com/de/providence-day-charlotte/football/","https://image.maxpreps.io/school-mascot/d/0/c/d0cb43d1-98fc-4f0a-8d6e-3ec2cd944ce7.gif?version=638380068600000000&amp;width=128&amp;height=128&amp;auto=webp&amp;format=pjpg","https://image.maxpreps.io/school-mascot/a/5/3/a53ca03e-8631-42bb-8ff5-e4cb709e2d7b.gif?version=638026432800000000&amp;width=128&amp;height=128&amp;auto=webp&amp;format=pjpg"
40,"Baylor Chattanooga Tn vs Rabun Gap Nacoochee Ga",Football,"Delaware",9/4/2026,7:30 PM,"The Rabun Gap Nacoochee Ga varsity football team has a game @ Baylor Chattanooga Tn (Delaware).","/inter-state/football/game/baylor-chattanooga-tn-vs-rabun-gap-nacoochee-ga/9-4-2026/?c=b07a4869-795e-4a26-b3ac-0cdcbcc8c3fc","https://www.maxpreps.com/inter-state/football/game/baylor-chattanooga-tn-vs-rabun-gap-nacoochee-ga/9-4-2026/?c=b07a4869-795e-4a26-b3ac-0cdcbcc8c3fc",11d5,"Red Raiders","Eagles","https://www.maxpreps.com/de/baylor-chattanooga-tn/football/","https://www.maxpreps.com/de/rabun-gap-nacoochee-ga/football/","https://image.maxpreps.io/school-mascot/5/f/2/5f2d9046-3d33-4dfc-8628-1abcfb96d21a.gif?version=639228910203514210&amp;width=128&amp;height=128&amp;auto=webp&amp;format=pjpg","https://image.maxpreps.io/school-mascot/8/5/6/856a10a0-6ef4-4549-83be-89d5a40ed008.gif?version=639228910193935300&amp;width=128&amp;height=128&amp;auto=webp&amp;format=pjpg"
41,"Lee County Leesburg vs Sequoyah Canton",Football,"Delaware",9/4/2026,7:30 PM,"The Sequoyah Canton varsity football team has a game @ Lee County Leesburg (Delaware).","/ga/football/game/lee-county-leesburg-vs-sequoyah-canton/9-4-2026/?c=7610023d-8fa5-4efe-8b56-1d730dbb3b61","https://www.maxpreps.com/ga/football/game/lee-county-leesburg-vs-sequoyah-canton/9-4-2026/?c=7610023d-8fa5-4efe-8b56-1d730dbb3b61",eed,"Trojans","Chiefs","https://www.maxpreps.com/de/lee-county-leesburg/football/","https://www.maxpreps.com/de/sequoyah-canton/football/","https://image.maxpreps.io/school-mascot/5/2/d/52d89642-6d2d-4bbb-b0a3-d0484800936c.gif?version=639180703263995690&amp;width=128&amp;height=128&amp;auto=webp&amp;format=pjpg","https://image.maxpreps.io/school-mascot/a/a/6/aa644a9a-d692-44a8-a403-f941779fd977.gif?version=638685067387249990&amp;width=128&amp;height=128&amp;auto=webp&amp;format=pjpg"
42,"Buford Ga vs Mallard Creek Charlotte Nc",Football,"Delaware",9/4/2026,7:30 PM,"The Mallard Creek Charlotte Nc varsity football team has a game @ Buford Ga (Delaware).","/inter-state/football/game/buford-ga-vs-mallard-creek-charlotte-nc/9-4-2026/?c=06e6ec32-3617-4780-9c64-ac63fdddd2ef","https://www.maxpreps.com/inter-state/football/game/buford-ga-vs-mallard-creek-charlotte-nc/9-4-2026/?c=06e6ec32-3617-4780-9c64-ac63fdddd2ef",ebf,"Wolves","Mavericks","https://www.maxpreps.com/de/buford-ga/football/","https://www.maxpreps.com/de/mallard-creek-charlotte-nc/football/","https://image.maxpreps.io/school-mascot/6/d/0/6d00b044-607e-4dee-aa9b-e1fc2c6a87bc.gif?version=637816301400000000&amp;width=128&amp;height=128&amp;auto=webp&amp;format=pjpg","https://image.maxpreps.io/school-mascot/d/1/b/d1b36908-99b6-476b-9324-6cd4a2873dbf.gif?version=638714615948184910&amp;width=128&amp;height=128&amp;auto=webp&amp;format=pjpg"
43,"Brentwood Academy Tn vs St Josephs Prep Philadelphia Pa",Football,"Delaware",9/4/2026,7:30 PM,"The St Josephs Prep Philadelphia Pa varsity football team has a game @ Brentwood Academy Tn (Delaware).","/inter-state/football/game/brentwood-academy-tn-vs-st-josephs-prep-philadelphia-pa/9-4-2026/?c=ed5acb23-ac8e-4678-b125-34e32de77c48","https://www.maxpreps.com/inter-state/football/game/brentwood-academy-tn-vs-st-josephs-prep-philadelphia-pa/9-4-2026/?c=ed5acb23-ac8e-4678-b125-34e32de77c48",152b,"Hawks","Eagles","https://www.maxpreps.com/de/brentwood-academy-tn/football/","https://www.maxpreps.com/de/st-josephs-prep-philadelphia-pa/football/","https://image.maxpreps.io/school-mascot/e/6/c/e6ce254d-240b-4081-a66e-26e1ced9a095.gif?version=634195611000000000&amp;width=128&amp;height=128&amp;auto=webp&amp;format=pjpg","https://image.maxpreps.io/school-mascot/1/c/a/1ca1eec6-40e3-4d04-9831-04fe92760ad0.gif?version=635850925200000000&amp;width=128&amp;height=128&amp;auto=webp&amp;format=pjpg"
44,"Carrollton Ga vs Catholic Br Bears Baton Rouge La",Football,"Delaware",9/4/2026,7:30 PM,"The Catholic Br Bears Baton Rouge La varsity football team has a game @ Carrollton Ga (Delaware).","/inter-state/football/game/carrollton-ga-vs-catholic-br-bears-baton-rouge-la/9-4-2026/?c=e1dcde90-b8ab-454b-9b12-6974776f6af0","https://www.maxpreps.com/inter-state/football/game/carrollton-ga-vs-catholic-br-bears-baton-rouge-la/9-4-2026/?c=e1dcde90-b8ab-454b-9b12-6974776f6af0",1284,"Trojans","Bears","https://www.maxpreps.com/de/carrollton-ga/football/","https://www.maxpreps.com/de/catholic-br-bears-baton-rouge-la/football/","https://image.maxpreps.io/school-mascot/2/c/6/2c66e977-fcec-48c5-9f86-062a506b700c.gif?version=639183171975290540&amp;width=128&amp;height=128&amp;auto=webp&amp;format=pjpg","https://image.maxpreps.io/school-mascot/c/e/a/cea9671e-4023-4b39-8c55-1a7b7750f5bb.gif?version=636066214800000000&amp;width=128&amp;height=128&amp;auto=webp&amp;format=pjpg"
45,"Thompson Alabaster vs Vestavia Hills",Football,"Delaware",9/4/2026,7:30 PM,"The Vestavia Hills varsity football team has a game @ Thompson Alabaster (Delaware).","/al/football/game/thompson-alabaster-vs-vestavia-hills/9-4-2026/?c=592c6bca-5e37-4616-9dee-75190a10da96","https://www.maxpreps.com/al/football/game/thompson-alabaster-vs-vestavia-hills/9-4-2026/?c=592c6bca-5e37-4616-9dee-75190a10da96",e43,"Rebels","Warriors","https://www.maxpreps.com/de/thompson-alabaster/football/","https://www.maxpreps.com/de/vestavia-hills/football/","https://image.maxpreps.io/school-mascot/4/9/3/493a7c03-17c9-48f1-a8bb-fbb0b9364256.gif?version=638253699600000000&amp;width=128&amp;height=128&amp;auto=webp&amp;format=pjpg","https://image.maxpreps.io/school-mascot/f/d/8/fd85c43e-1a06-49c8-a805-b2c8fe9588ed.gif?version=638253696000000000&amp;width=128&amp;height=128&amp;auto=webp&amp;format=pjpg"
46,"Allen vs Desoto",Football,"Delaware",9/4/2026,7:30 PM,"The Desoto varsity football team has a game @ Allen (Delaware).","/tx/football/game/allen-vs-desoto/9-4-2026/?c=1e1ac24c-e7af-4a4c-bd2a-2c3503a01558","https://www.maxpreps.com/tx/football/game/allen-vs-desoto/9-4-2026/?c=1e1ac24c-e7af-4a4c-bd2a-2c3503a01558",5dd,"Fighting Eagles","Eagles","https://www.maxpreps.com/de/allen/football/","https://www.maxpreps.com/de/desoto/football/","https://image.maxpreps.io/school-mascot/9/a/0/9a075e03-96fb-4f90-9768-1541d5385443.gif?version=637969274400000000&amp;width=128&amp;height=128&amp;auto=webp&amp;format=pjpg","https://image.maxpreps.io/school-mascot/0/b/a/0bad373d-33a2-45b6-b1d4-6c55e876344c.gif?version=639215103242455420&amp;width=128&amp;height=128&amp;auto=webp&amp;format=pjpg"
47,"Bishop Gorman Las Vegas Nv vs Lone Peak Highland Ut",Football,"Delaware",9/4/2026,7:30 PM,"The Lone Peak Highland Ut varsity football team has a game @ Bishop Gorman Las Vegas Nv (Delaware).","/inter-state/football/game/bishop-gorman-las-vegas-nv-vs-lone-peak-highland-ut/9-4-2026/?c=29b1621b-f35c-4b32-9edc-53e708acc330","https://www.maxpreps.com/inter-state/football/game/bishop-gorman-las-vegas-nv-vs-lone-peak-highland-ut/9-4-2026/?c=29b1621b-f35c-4b32-9edc-53e708acc330",1338,"Gaels","Knights","https://www.maxpreps.com/de/bishop-gorman-las-vegas-nv/football/","https://www.maxpreps.com/de/lone-peak-highland-ut/football/","https://image.maxpreps.io/school-mascot/0/3/c/03c125d3-5255-4e5d-8991-5e543fe741d2.gif?version=638070447000000000&amp;width=128&amp;height=128&amp;auto=webp&amp;format=pjpg","https://image.maxpreps.io/school-mascot/e/7/b/e7badf59-379d-43cc-a875-938bdc607f2d.gif?version=635784693600000000&amp;width=128&amp;height=128&amp;auto=webp&amp;format=pjpg"
48,"Pittsburg vs St John Bosco Bellflower",Football,"Delaware",9/4/2026,7:30 PM,"The St John Bosco Bellflower varsity football team has a game @ Pittsburg (Delaware).","/ca/football/game/pittsburg-vs-st-john-bosco-bellflower/9-4-2026/?c=ae4d8580-8f49-4705-b047-48c5ec08888e","https://www.maxpreps.com/ca/football/game/pittsburg-vs-st-john-bosco-bellflower/9-4-2026/?c=ae4d8580-8f49-4705-b047-48c5ec08888e",e88,"Braves","Pirates","https://www.maxpreps.com/de/pittsburg/football/","https://www.maxpreps.com/de/st-john-bosco-bellflower/football/","https://image.maxpreps.io/school-mascot/2/2/9/229cf8e5-737c-418e-8f4e-f3ac3d566af4.gif?version=635307417600000000&amp;width=128&amp;height=128&amp;auto=webp&amp;format=pjpg","https://image.maxpreps.io/school-mascot/c/e/a/ceae31e6-bcbb-4762-8063-3f569621e5b2.gif?version=637195262400000000&amp;width=128&amp;height=128&amp;auto=webp&amp;format=pjpg"
49,"Mater Dei Santa Ana Ca vs Valor Christian Highlands Ranch Co",Football,"Delaware",9/4/2026,7:30 PM,"The Valor Christian Highlands Ranch Co varsity football team has a game @ Mater Dei Santa Ana Ca (Delaware).","/inter-state/football/game/mater-dei-santa-ana-ca-vs-valor-christian-highlands-ranch-co/9-4-2026/?c=93f7f59a-3c65-495e-bcef-c907ecb04034","https://www.maxpreps.com/inter-state/football/game/mater-dei-santa-ana-ca-vs-valor-christian-highlands-ranch-co/9-4-2026/?c=93f7f59a-3c65-495e-bcef-c907ecb04034",167a,"Eagles","Monarchs","https://www.maxpreps.com/de/mater-dei-santa-ana-ca/football/","https://www.maxpreps.com/de/valor-christian-highlands-ranch-co/football/","https://image.maxpreps.io/school-mascot/8/4/c/84cca0c4-525c-4db8-bf1f-e1647ab540c2.gif?version=636809758200000000&amp;width=128&amp;height=128&amp;auto=webp&amp;format=pjpg","https://image.maxpreps.io/school-mascot/2/b/6/2b6b45d3-4465-4750-ba48-a273b674e37c.gif?version=637964957400000000&amp;width=128&amp;height=128&amp;auto=webp&amp;format=pjpg"
50,"Arbor View Las Vegas Nv vs Hamilton Chandler Az",Football,"Delaware",9/4/2026,7:30 PM,"The Hamilton Chandler Az varsity football team has a game @ Arbor View Las Vegas Nv (Delaware).","/inter-state/football/game/arbor-view-las-vegas-nv-vs-hamilton-chandler-az/9-4-2026/?c=4d6c7ace-3a91-4768-b267-66760bd60042","https://www.maxpreps.com/inter-state/football/game/arbor-view-las-vegas-nv-vs-hamilton-chandler-az/9-4-2026/?c=4d6c7ace-3a91-4768-b267-66760bd60042",11d4,"Aggies","Huskies","https://www.maxpreps.com/de/arbor-view-las-vegas-nv/football/","https://www.maxpreps.com/de/hamilton-chandler-az/football/","https://image.maxpreps.io/school-mascot/b/2/0/b20ff76b-498c-411b-9973-6d105d3dee33.gif?version=634892862600000000&amp;width=128&amp;height=128&amp;auto=webp&amp;format=pjpg","https://image.maxpreps.io/school-mascot/9/6/e/96ef6983-d533-4398-807f-f0fe51088378.gif?version=638447241600000000&amp;width=128&amp;height=128&amp;auto=webp&amp;format=pjpg"
51,"Highland Palmdale vs Santa Margarita Rancho Santa Margarita",Football,"Delaware",9/4/2026,7:30 PM,"The Santa Margarita Rancho Santa Margarita varsity football team has a game @ Highland Palmdale (Delaware).","/ca/football/game/highland-palmdale-vs-santa-margarita-rancho-santa-margarita/9-4-2026/?c=9d91d9ff-fc93-4e18-afff-7927b2f5f358","https://www.maxpreps.com/ca/football/game/highland-palmdale-vs-santa-margarita-rancho-santa-margarita/9-4-2026/?c=9d91d9ff-fc93-4e18-afff-7927b2f5f358",16bc,"Bulldogs","Eagles","https://www.maxpreps.com/de/highland-palmdale/football/","https://www.maxpreps.com/de/santa-margarita-rancho-santa-margarita/football/","https://image.maxpreps.io/school-mascot/e/1/3/e13abd1f-53f8-4920-abe7-9b1f1e28db45.gif?version=636564883200000000&amp;width=128&amp;height=128&amp;auto=webp&amp;format=pjpg","https://image.maxpreps.io/school-mascot/f/f/4/ff429903-681b-4ad1-abd7-356a7492395e.gif?version=636830746200000000&amp;width=128&amp;height=128&amp;auto=webp&amp;format=pjpg"
52,"Basha Chandler Az vs Orange Lutheran Ca",Football,"Delaware",9/4/2026,7:30 PM,"The Orange Lutheran Ca varsity football team has a game @ Basha Chandler Az (Delaware).","/inter-state/football/game/basha-chandler-az-vs-orange-lutheran-ca/9-4-2026/?c=2fa972d5-6466-4981-a23b-8c675df63750","https://www.maxpreps.com/inter-state/football/game/basha-chandler-az-vs-orange-lutheran-ca/9-4-2026/?c=2fa972d5-6466-4981-a23b-8c675df63750",eb5,"Bears","Lancers","https://www.maxpreps.com/de/basha-chandler-az/football/","https://www.maxpreps.com/de/orange-lutheran-ca/football/","https://image.maxpreps.io/school-mascot/a/9/4/a9439e73-249d-4e8c-872b-f8f4ffe9252a.gif?version=637716312000000000&amp;width=128&amp;height=128&amp;auto=webp&amp;format=pjpg","https://image.maxpreps.io/school-mascot/0/9/8/098e1491-1717-4088-b7a0-55e47c8e1d17.gif?version=638898962800923950&amp;width=128&amp;height=128&amp;auto=webp&amp;format=pjpg"
53,"Lees Summit North Mo vs Millard South Omaha Ne",Football,"Nebraska",9/4/2026,7:30 PM,"The Millard South Omaha Ne varsity football team has a game @ Lees Summit North Mo (Nebraska).","/inter-state/football/game/lees-summit-north-mo-vs-millard-south-omaha-ne/9-4-2026/?c=01640ad9-b3a1-454f-b0c5-b9b400833b89","https://www.maxpreps.com/inter-state/football/game/lees-summit-north-mo-vs-millard-south-omaha-ne/9-4-2026/?c=01640ad9-b3a1-454f-b0c5-b9b400833b89",1191,"Broncos","Patriots","https://www.maxpreps.com/ne/lees-summit-north-mo/football/","https://www.maxpreps.com/ne/millard-south-omaha-ne/football/","https://image.maxpreps.io/school-mascot/9/8/3/983a60be-4057-48e5-beea-ea8cf7de1269.gif?version=638283769800000000&amp;width=128&amp;height=128&amp;auto=webp&amp;format=pjpg","https://image.maxpreps.io/school-mascot/6/4/d/64dab862-0271-4294-a3ef-8e9f724778a4.gif?version=635322014400000000&amp;width=128&amp;height=128&amp;auto=webp&amp;format=pjpg"
54,"Ashland Greenwood vs Syracuse",Football,"Nebraska",9/4/2026,7:30 PM,"The Syracuse varsity football team has a game @ Ashland Greenwood (Nebraska).","/ne/football/game/ashland-greenwood-vs-syracuse/9-4-2026/?c=1bba3d65-d410-4663-bdbb-9630972db2c0","https://www.maxpreps.com/ne/football/game/ashland-greenwood-vs-syracuse/9-4-2026/?c=1bba3d65-d410-4663-bdbb-9630972db2c0",b84,"Rockets","Bluejays","https://www.maxpreps.com/ne/ashland-greenwood/football/","https://www.maxpreps.com/ne/syracuse/football/","https://image.maxpreps.io/school-mascot/4/6/f/46fa222f-54c2-42d1-a49a-c04c2f5796c0.gif?version=637394979000000000&amp;width=128&amp;height=128&amp;auto=webp&amp;format=pjpg","https://image.maxpreps.io/school-mascot/a/0/9/a09e98d4-bae4-4c80-8b92-47e70d1eec6f.gif?version=634813167000000000&amp;width=128&amp;height=128&amp;auto=webp&amp;format=pjpg"
55,"Concordia Omaha vs Wahoo",Football,"Nebraska",9/4/2026,7:30 PM,"The Wahoo varsity football team has a game @ Concordia Omaha (Nebraska).","/ne/football/game/concordia-omaha-vs-wahoo/9-4-2026/?c=42fd72de-7e05-447e-82de-95b17c29376c","https://www.maxpreps.com/ne/football/game/concordia-omaha-vs-wahoo/9-4-2026/?c=42fd72de-7e05-447e-82de-95b17c29376c",946,"Warriors","Mustangs","https://www.maxpreps.com/ne/concordia-omaha/football/","https://www.maxpreps.com/ne/wahoo/football/","https://image.maxpreps.io/school-mascot/8/a/2/8a2634c1-67e4-4670-a43d-8c334c1ae204.gif?version=636474549000000000&amp;width=128&amp;height=128&amp;auto=webp&amp;format=pjpg","https://image.maxpreps.io/school-mascot/0/7/5/075381d8-644f-4c8f-97bd-095cfefb824c.gif?version=637654117800000000&amp;width=128&amp;height=128&amp;auto=webp&amp;format=pjpg"
56,"Santee vs Scribner Snyder",Football,"Nebraska",9/4/2026,7:30 PM,"The Scribner Snyder varsity football team has a game @ Santee (Nebraska).","/ne/football/game/santee-vs-scribner-snyder/9-4-2026/?c=cd115f31-5b4c-4101-9761-1ed56b895e5f","https://www.maxpreps.com/ne/football/game/santee-vs-scribner-snyder/9-4-2026/?c=cd115f31-5b4c-4101-9761-1ed56b895e5f",9dd,"Warriors","Trojans","https://www.maxpreps.com/ne/santee/football/","https://www.maxpreps.com/ne/scribner-snyder/football/","https://image.maxpreps.io/school-mascot/3/8/d/38deb7f2-f7d3-4507-80f8-4f84dfb63da4.gif?version=636480639600000000&amp;width=128&amp;height=128&amp;auto=webp&amp;format=pjpg","https://image.maxpreps.io/school-mascot/7/1/b/71b6a8ef-6e8b-4b64-a621-56310bf1d750.gif?version=636386408400000000&amp;width=128&amp;height=128&amp;auto=webp&amp;format=pjpg"
57,"Elgin Pope John vs Wynot",Football,"Nebraska",9/4/2026,7:30 PM,"The Wynot varsity football team has a game @ Elgin Pope John (Nebraska).","/ne/football/game/elgin-pope-john-vs-wynot/9-4-2026/?c=711ab9ab-17fc-404a-929c-5a5c2d478db0","https://www.maxpreps.com/ne/football/game/elgin-pope-john-vs-wynot/9-4-2026/?c=711ab9ab-17fc-404a-929c-5a5c2d478db0",950,"Blue Devils","Wolfpack","https://www.maxpreps.com/ne/elgin-pope-john/football/","https://www.maxpreps.com/ne/wynot/football/","https://image.maxpreps.io/school-mascot/f/f/0/ff07b0a7-ce4b-4d00-8297-101e9b770fb5.gif?version=635926759800000000&amp;width=128&amp;height=128&amp;auto=webp&amp;format=pjpg","https://image.maxpreps.io/school-mascot/e/f/2/ef288375-2cb2-4a1c-8c5e-c89d169ab3a6.gif?version=636239874600000000&amp;width=128&amp;height=128&amp;auto=webp&amp;format=pjpg"
58,"Guernsey Sunrise Wy vs Leyton Dalton Ne",Football,"Nebraska",9/4/2026,7:30 PM,"The Leyton Dalton Ne varsity football team has a game @ Guernsey Sunrise Wy (Nebraska).","/inter-state/football/game/guernsey-sunrise-wy-vs-leyton-dalton-ne/9-4-2026/?c=dfc5d0da-34fc-40c5-9527-dbb803b855de","https://www.maxpreps.com/inter-state/football/game/guernsey-sunrise-wy-vs-leyton-dalton-ne/9-4-2026/?c=dfc5d0da-34fc-40c5-9527-dbb803b855de",f52,"Warriors","Vikings","https://www.maxpreps.com/ne/guernsey-sunrise-wy/football/","https://www.maxpreps.com/ne/leyton-dalton-ne/football/","https://image.maxpreps.io/school-mascot/e/b/2/eb216f83-c48f-47a9-8006-a7a79b4a4033.gif?version=634186263600000000&amp;width=128&amp;height=128&amp;auto=webp&amp;format=pjpg","https://image.maxpreps.io/school-mascot/3/5/0/3503ebd8-0c4f-41f1-a10b-f97748f0ebf8.gif?version=638375346600000000&amp;width=128&amp;height=128&amp;auto=webp&amp;format=pjpg"
59,"Clarkson vs Wakefield",Football,"Nebraska",9/4/2026,7:30 PM,"The Wakefield varsity football team has a game @ Clarkson (Nebraska).","/ne/football/game/clarkson-vs-wakefield/9-4-2026/?c=4f6c61e2-ded1-4570-8c4c-bba81f0cf64a","https://www.maxpreps.com/ne/football/game/clarkson-vs-wakefield/9-4-2026/?c=4f6c61e2-ded1-4570-8c4c-bba81f0cf64a",84c,"Trojans","Coyotes","https://www.maxpreps.com/ne/clarkson/football/","https://www.maxpreps.com/ne/wakefield/football/","https://image.maxpreps.io/school-mascot/c/a/e/caef1f23-4c65-486f-a3dd-1dc72fa96544.gif?version=635435395800000000&amp;width=128&amp;height=128&amp;auto=webp&amp;format=pjpg","https://image.maxpreps.io/school-mascot/6/1/2/612e3464-d624-4e1e-a949-37fcf45d002d.gif?version=639155097183132900&amp;width=128&amp;height=128&amp;auto=webp&amp;format=pjpg"
60,"St Patricks North Platte vs Wilcox Hildreth",Football,"Nebraska",9/4/2026,7:30 PM,"The Wilcox Hildreth varsity football team has a game @ St Patricks North Platte (Nebraska).","/ne/football/game/st-patricks-north-platte-vs-wilcox-hildreth/9-4-2026/?c=776b1150-371f-4887-a092-e86ca5d5aae8","https://www.maxpreps.com/ne/football/game/st-patricks-north-platte-vs-wilcox-hildreth/9-4-2026/?c=776b1150-371f-4887-a092-e86ca5d5aae8",10de,"Irish","Falcons","https://www.maxpreps.com/ne/st-patricks-north-platte/football/","https://www.maxpreps.com/ne/wilcox-hildreth/football/","https://image.maxpreps.io/school-mascot/4/8/4/4841c757-a1a3-4067-b658-f32974ad8f52.gif?version=637977207600000000&amp;width=128&amp;height=128&amp;auto=webp&amp;format=pjpg","https://image.maxpreps.io/school-mascot/2/1/c/21c7842b-3d0f-4d12-b976-f8993216c16d.gif?version=635483550600000000&amp;width=128&amp;height=128&amp;auto=webp&amp;format=pjpg"
61,"Boyd County Spencer vs Newman Grove St Edward",Football,"Nebraska",9/4/2026,7:30 PM,"The Newman Grove St Edward varsity football team has a game @ Boyd County Spencer (Nebraska).","/ne/football/game/boyd-county-spencer-vs-newman-grove-st-edward/9-4-2026/?c=4d98d21f-e132-486e-af1e-48de0b7bb099","https://www.maxpreps.com/ne/football/game/boyd-county-spencer-vs-newman-grove-st-edward/9-4-2026/?c=4d98d21f-e132-486e-af1e-48de0b7bb099",116b,"Spartans","Panthers","https://www.maxpreps.com/ne/boyd-county-spencer/football/","https://www.maxpreps.com/ne/newman-grove-st-edward/football/","https://image.maxpreps.io/school-mascot/2/7/1/271c1770-0e5a-440e-9560-c4213e4aec82.gif?version=636767644200000000&amp;width=128&amp;height=128&amp;auto=webp&amp;format=pjpg","https://image.maxpreps.io/school-mascot/e/7/5/e75ee747-f4ac-4acd-99d9-056f460317c5.gif?version=638606461125401740&amp;width=128&amp;height=128&amp;auto=webp&amp;format=pjpg"
62,"Gibbon vs Ravenna",Football,"Nebraska",9/4/2026,7:30 PM,"The Ravenna varsity football team has a game @ Gibbon (Nebraska).","/ne/football/game/gibbon-vs-ravenna/9-4-2026/?c=8fb3ba3a-efa9-4236-ad01-fba3daf7cefb","https://www.maxpreps.com/ne/football/game/gibbon-vs-ravenna/9-4-2026/?c=8fb3ba3a-efa9-4236-ad01-fba3daf7cefb",69f,"Bluejays","Buffaloes","https://www.maxpreps.com/ne/gibbon/football/","https://www.maxpreps.com/ne/ravenna/football/","https://image.maxpreps.io/school-mascot/5/6/e/56e90722-043f-4692-b093-24f12a94c6ee.gif?version=636238963800000000&amp;width=128&amp;height=128&amp;auto=webp&amp;format=pjpg","https://image.maxpreps.io/school-mascot/8/3/4/834e357d-8030-49da-945d-c3cb2503c13b.gif?version=637127692800000000&amp;width=128&amp;height=128&amp;auto=webp&amp;format=pjpg"
63,"Elkhorn Valley Tilden vs Twin River Genoa",Football,"Nebraska",9/4/2026,7:30 PM,"The Twin River Genoa varsity football team has a game @ Elkhorn Valley Tilden (Nebraska).","/ne/football/game/elkhorn-valley-tilden-vs-twin-river-genoa/9-4-2026/?c=b2564d7b-8f6c-4e76-a15b-ff1008eb1fee","https://www.maxpreps.com/ne/football/game/elkhorn-valley-tilden-vs-twin-river-genoa/9-4-2026/?c=b2564d7b-8f6c-4e76-a15b-ff1008eb1fee",feb,"Titans","Falcons","https://www.maxpreps.com/ne/elkhorn-valley-tilden/football/","https://www.maxpreps.com/ne/twin-river-genoa/football/","https://image.maxpreps.io/school-mascot/0/6/f/06fc5beb-7754-4dc7-85e7-bf729f7f3cc2.gif?version=637406249400000000&amp;width=128&amp;height=128&amp;auto=webp&amp;format=pjpg","https://image.maxpreps.io/school-mascot/5/a/4/5a437fca-cea9-43fc-bee4-87c65007711c.gif?version=635452095000000000&amp;width=128&amp;height=128&amp;auto=webp&amp;format=pjpg"
64,"Doniphan Trumbull vs Mitchell",Football,"Nebraska",9/4/2026,7:30 PM,"The Mitchell varsity football team has a game @ Doniphan Trumbull (Nebraska).","/ne/football/game/doniphan-trumbull-vs-mitchell/9-4-2026/?c=d7152d34-cfbe-458d-8b19-4aeb22049c87","https://www.maxpreps.com/ne/football/game/doniphan-trumbull-vs-mitchell/9-4-2026/?c=d7152d34-cfbe-458d-8b19-4aeb22049c87",b8a,"Cardinals","Tigers","https://www.maxpreps.com/ne/doniphan-trumbull/football/","https://www.maxpreps.com/ne/mitchell/football/","https://image.maxpreps.io/school-mascot/a/3/3/a3352739-6314-40f4-aa6b-3d1bf1965c40.gif?version=636173167800000000&amp;width=128&amp;height=128&amp;auto=webp&amp;format=pjpg","https://image.maxpreps.io/school-mascot/b/7/2/b721be7a-1999-4fb6-a874-bdca7a312b87.gif?version=636240382200000000&amp;width=128&amp;height=128&amp;auto=webp&amp;format=pjpg"
65,"Sidney Ne vs Sterling Co",Football,"Nebraska",9/4/2026,7:30 PM,"The Sterling Co varsity football team has a game @ Sidney Ne (Nebraska).","/inter-state/football/game/sidney-ne-vs-sterling-co/9-4-2026/?c=ff80eee9-a102-49da-a5e2-b910d137ec3d","https://www.maxpreps.com/inter-state/football/game/sidney-ne-vs-sterling-co/9-4-2026/?c=ff80eee9-a102-49da-a5e2-b910d137ec3d",936,"Tigers","Red Raiders","https://www.maxpreps.com/ne/sidney-ne/football/","https://www.maxpreps.com/ne/sterling-co/football/","https://image.maxpreps.io/school-mascot/2/e/f/2efe1823-fcb8-4445-a7af-bda14223bb97.gif?version=635818081800000000&amp;width=128&amp;height=128&amp;auto=webp&amp;format=pjpg","https://image.maxpreps.io/school-mascot/e/e/5/ee59587f-0ebd-4643-8f82-c06e46025e14.gif?version=633677257200000000&amp;width=128&amp;height=128&amp;auto=webp&amp;format=pjpg"
66,"Bayard vs Mullen",Football,"Nebraska",9/4/2026,7:30 PM,"The Mullen varsity football team has a game @ Bayard (Nebraska).","/ne/football/game/bayard-vs-mullen/9-4-2026/?c=b0f5592c-81d2-4af0-99eb-70bbca2039c4","https://www.maxpreps.com/ne/football/game/bayard-vs-mullen/9-4-2026/?c=b0f5592c-81d2-4af0-99eb-70bbca2039c4",643,"Broncos","Tigers","https://www.maxpreps.com/ne/bayard/football/","https://www.maxpreps.com/ne/mullen/football/","https://image.maxpreps.io/school-mascot/4/1/4/414f5e4d-2311-4d3a-91d9-1e1d30476e33.gif?version=637148554200000000&amp;width=128&amp;height=128&amp;auto=webp&amp;format=pjpg","https://image.maxpreps.io/school-mascot/4/a/0/4a09c6cf-4a4c-4b0d-af0f-a89117fac4b3.gif?version=638956028569335130&amp;width=128&amp;height=128&amp;auto=webp&amp;format=pjpg"
67,"Broken Bow vs Ogallala",Football,"Nebraska",9/4/2026,7:30 PM,"The Ogallala varsity football team has a game @ Broken Bow (Nebraska).","/ne/football/game/broken-bow-vs-ogallala/9-4-2026/?c=d7cc398f-40b8-48f2-b1af-f1e875e5832e","https://www.maxpreps.com/ne/football/game/broken-bow-vs-ogallala/9-4-2026/?c=d7cc398f-40b8-48f2-b1af-f1e875e5832e",876,"Indians","Indians","https://www.maxpreps.com/ne/broken-bow/football/","https://www.maxpreps.com/ne/ogallala/football/","https://image.maxpreps.io/school-mascot/0/0/5/0056cc3e-796b-40aa-9bef-7f6765b7e069.gif?version=637073462400000000&amp;width=128&amp;height=128&amp;auto=webp&amp;format=pjpg","https://image.maxpreps.io/school-mascot/0/9/0/090cddfb-60c4-4052-90be-083b9621854c.gif?version=636560381400000000&amp;width=128&amp;height=128&amp;auto=webp&amp;format=pjpg"
68,"Aurora vs Ralston",Football,"Nebraska",9/4/2026,7:30 PM,"The Ralston varsity football team has a game @ Aurora (Nebraska).","/ne/football/game/aurora-vs-ralston/9-4-2026/?c=d4e40a25-0766-4742-8e5d-629cdd6d0f0f","https://www.maxpreps.com/ne/football/game/aurora-vs-ralston/9-4-2026/?c=d4e40a25-0766-4742-8e5d-629cdd6d0f0f",6d0,"Huskies","Rams","https://www.maxpreps.com/ne/aurora/football/","https://www.maxpreps.com/ne/ralston/football/","https://image.maxpreps.io/school-mascot/a/2/a/a2aac238-732e-46b7-9ff5-27173d05eed1.gif?version=635930145600000000&amp;width=128&amp;height=128&amp;auto=webp&amp;format=pjpg","https://image.maxpreps.io/school-mascot/6/0/7/6075046e-409d-4638-b3f6-485b97f0ffff.gif?version=636843518400000000&amp;width=128&amp;height=128&amp;auto=webp&amp;format=pjpg"
69,"Bellevue East vs Benson Omaha",Football,"Nebraska",9/4/2026,7:30 PM,"The Benson Omaha varsity football team has a game @ Bellevue East (Nebraska).","/ne/football/game/bellevue-east-vs-benson-omaha/9-4-2026/?c=2742ca81-59b9-464a-9efb-2f6eed5de571","https://www.maxpreps.com/ne/football/game/bellevue-east-vs-benson-omaha/9-4-2026/?c=2742ca81-59b9-464a-9efb-2f6eed5de571",b29,"Chieftains","Mighty Bunnies","https://www.maxpreps.com/ne/bellevue-east/football/","https://www.maxpreps.com/ne/benson-omaha/football/","https://image.maxpreps.io/school-mascot/5/9/f/59fd9f6c-19e9-4ace-b49b-558e92b291f0.gif?version=635815592400000000&amp;width=128&amp;height=128&amp;auto=webp&amp;format=pjpg","https://image.maxpreps.io/school-mascot/7/e/a/7ea41005-27cc-413a-9dd7-7867e2fe1d54.gif?version=635127721800000000&amp;width=128&amp;height=128&amp;auto=webp&amp;format=pjpg"
70,"Plainview Osmond vs Scotus Columbus",Football,"Nebraska",9/4/2026,7:30 PM,"The Scotus Columbus varsity football team has a game @ Plainview Osmond (Nebraska).","/ne/football/game/plainview-osmond-vs-scotus-columbus/9-4-2026/?c=68f5d3c4-fd7a-4623-8458-b90a4cf23217","https://www.maxpreps.com/ne/football/game/plainview-osmond-vs-scotus-columbus/9-4-2026/?c=68f5d3c4-fd7a-4623-8458-b90a4cf23217",e07,"Shamrocks","Pirates","https://www.maxpreps.com/ne/plainview-osmond/football/","https://www.maxpreps.com/ne/scotus-columbus/football/","https://image.maxpreps.io/school-mascot/4/7/9/47963a30-a5e8-4cf9-b79c-81e8ded40aea.gif?version=637882955400000000&amp;width=128&amp;height=128&amp;auto=webp&amp;format=pjpg","https://image.maxpreps.io/school-mascot/5/8/0/580a0bff-b65b-4b93-9b98-7355bb1765ed.gif?version=639211051494166180&amp;width=128&amp;height=128&amp;auto=webp&amp;format=pjpg"
71,"Bloomfield vs Wausa",Football,"Nebraska",9/4/2026,7:30 PM,"The Wausa varsity football team has a game @ Bloomfield (Nebraska).","/ne/football/game/bloomfield-vs-wausa/9-4-2026/?c=19a8493b-3404-42be-9f61-65939f324d44","https://www.maxpreps.com/ne/football/game/bloomfield-vs-wausa/9-4-2026/?c=19a8493b-3404-42be-9f61-65939f324d44",781,"Bees","Vikings","https://www.maxpreps.com/ne/bloomfield/football/","https://www.maxpreps.com/ne/wausa/football/","https://image.maxpreps.io/school-mascot/8/7/c/87c929ec-de8a-48dd-bfdf-5d1c8f6d32fd.gif?version=636771153600000000&amp;width=128&amp;height=128&amp;auto=webp&amp;format=pjpg","https://image.maxpreps.io/school-mascot/3/8/0/380a0edb-f9d0-4fc0-a310-1975b5f4b3f2.gif?version=635227760400000000&amp;width=128&amp;height=128&amp;auto=webp&amp;format=pjpg"
72,"Gretna vs Plattsmouth",Football,"Nebraska",9/4/2026,7:30 PM,"The Plattsmouth varsity football team has a game @ Gretna (Nebraska).","/ne/football/game/gretna-vs-plattsmouth/9-4-2026/?c=47e19c3d-6e6a-4ab0-8c0b-35c7c865ac45","https://www.maxpreps.com/ne/football/game/gretna-vs-plattsmouth/9-4-2026/?c=47e19c3d-6e6a-4ab0-8c0b-35c7c865ac45",889,"Dragons","Blue Devils","https://www.maxpreps.com/ne/gretna/football/","https://www.maxpreps.com/ne/plattsmouth/football/","https://image.maxpreps.io/school-mascot/7/4/3/7432d968-7238-4484-8297-5bac3097d6d6.gif?version=639237801291292020&amp;width=128&amp;height=128&amp;auto=webp&amp;format=pjpg","https://image.maxpreps.io/school-mascot/7/4/3/7432d968-7238-4484-8297-5bac3097d6d6.gif?version=639237801291292020&amp;width=64&amp;height=64&amp;auto=webp&amp;format=pjpg"
73,"Gothenburg vs Hershey",Football,"Nebraska",9/4/2026,7:30 PM,"The Hershey varsity football team has a game @ Gothenburg (Nebraska).","/ne/football/game/gothenburg-vs-hershey/9-4-2026/?c=856a0ca0-d3a5-4b8a-a210-12ae1a17b074","https://www.maxpreps.com/ne/football/game/gothenburg-vs-hershey/9-4-2026/?c=856a0ca0-d3a5-4b8a-a210-12ae1a17b074",870,"Swedes","Panthers","https://www.maxpreps.com/ne/gothenburg/football/","https://www.maxpreps.com/ne/hershey/football/","https://image.maxpreps.io/school-mascot/7/9/4/79471622-6654-422f-81af-6830edc6aac4.gif?version=638912807510614080&amp;width=128&amp;height=128&amp;auto=webp&amp;format=pjpg","https://image.maxpreps.io/school-mascot/4/f/f/4ff691d6-b5de-4d1f-a807-aee70892c5a2.gif?version=636328586400000000&amp;width=128&amp;height=128&amp;auto=webp&amp;format=pjpg"
74,"Johnson Brock vs Sandy Creek Fairfield",Football,"Nebraska",9/4/2026,7:30 PM,"The Sandy Creek Fairfield varsity football team has a game @ Johnson Brock (Nebraska).","/ne/football/game/johnson-brock-vs-sandy-creek-fairfield/9-4-2026/?c=b897be2b-a3ab-4364-b269-3f731bd9246a","https://www.maxpreps.com/ne/football/game/johnson-brock-vs-sandy-creek-fairfield/9-4-2026/?c=b897be2b-a3ab-4364-b269-3f731bd9246a",ea9,"Eagles","Cougars","https://www.maxpreps.com/ne/johnson-brock/football/","https://www.maxpreps.com/ne/sandy-creek-fairfield/football/","https://image.maxpreps.io/school-mascot/6/2/0/6202e298-8415-4366-8b3b-e33a30a96006.gif?version=635459757600000000&amp;width=128&amp;height=128&amp;auto=webp&amp;format=pjpg","https://image.maxpreps.io/school-mascot/c/d/6/cd69edca-de26-4c58-ad33-1f50582ea842.gif?version=635115648600000000&amp;width=128&amp;height=128&amp;auto=webp&amp;format=pjpg"
75,"Franklin vs Superior",Football,"Nebraska",9/4/2026,7:30 PM,"The Superior varsity football team has a game @ Franklin (Nebraska).","/ne/football/game/franklin-vs-superior/9-4-2026/?c=b0dec072-00a0-4fa7-98d1-c5e3c030b759","https://www.maxpreps.com/ne/football/game/franklin-vs-superior/9-4-2026/?c=b0dec072-00a0-4fa7-98d1-c5e3c030b759",811,"Flyers","Wildcats","https://www.maxpreps.com/ne/franklin/football/","https://www.maxpreps.com/ne/superior/football/","https://image.maxpreps.io/school-mascot/d/0/6/d06864df-2ccd-4ec1-ae53-98665cbc7763.gif?version=636004490400000000&amp;width=128&amp;height=128&amp;auto=webp&amp;format=pjpg","https://image.maxpreps.io/school-mascot/4/f/6/4f670ee9-a707-46ca-a7bd-d8c023383827.gif?version=637390440000000000&amp;width=128&amp;height=128&amp;auto=webp&amp;format=pjpg"
76,"Conestoga Murray vs Shelby Rising City",Football,"Nebraska",9/4/2026,7:30 PM,"The Shelby Rising City varsity football team has a game @ Conestoga Murray (Nebraska).","/ne/football/game/conestoga-murray-vs-shelby-rising-city/9-4-2026/?c=8ce5ccab-a297-4bce-b793-39e929269815","https://www.maxpreps.com/ne/football/game/conestoga-murray-vs-shelby-rising-city/9-4-2026/?c=8ce5ccab-a297-4bce-b793-39e929269815",ef9,"Huskies","Cougars","https://www.maxpreps.com/ne/conestoga-murray/football/","https://www.maxpreps.com/ne/shelby-rising-city/football/","https://image.maxpreps.io/school-mascot/3/3/b/33b2f11b-26d4-4a8c-8797-3b4a155a1b9f.gif?version=636083161200000000&amp;width=128&amp;height=128&amp;auto=webp&amp;format=pjpg","https://image.maxpreps.io/school-mascot/8/3/5/835825ca-9140-4be8-b990-b784e1c38db9.gif?version=637403572200000000&amp;width=128&amp;height=128&amp;auto=webp&amp;format=pjpg"
77,"Leigh vs Madison",Football,"Nebraska",9/4/2026,7:30 PM,"The Madison varsity football team has a game @ Leigh (Nebraska).","/ne/football/game/leigh-vs-madison/9-4-2026/?c=88818f1b-ecd0-4e4f-a4f0-b078b4d688f4","https://www.maxpreps.com/ne/football/game/leigh-vs-madison/9-4-2026/?c=88818f1b-ecd0-4e4f-a4f0-b078b4d688f4",637,"Dragons","Panthers","https://www.maxpreps.com/ne/leigh/football/","https://www.maxpreps.com/ne/madison/football/","https://image.maxpreps.io/school-mascot/e/1/f/e1f8a2e1-bd89-4e4e-97de-ae894cdace07.gif?version=635517457800000000&amp;width=128&amp;height=128&amp;auto=webp&amp;format=pjpg","https://image.maxpreps.io/school-mascot/5/a/1/5a14e43e-bd21-4ed3-9af3-0cee8e934b3a.gif?version=639239373798379720&amp;width=128&amp;height=128&amp;auto=webp&amp;format=pjpg"
78,"Elm Creek vs Nebraska Christian Central City",Football,"Nebraska",9/4/2026,7:30 PM,"The Nebraska Christian Central City varsity football team has a game @ Elm Creek (Nebraska).","/ne/football/game/elm-creek-vs-nebraska-christian-central-city/9-4-2026/?c=5b767cf7-525f-48a2-8630-805b01493372","https://www.maxpreps.com/ne/football/game/elm-creek-vs-nebraska-christian-central-city/9-4-2026/?c=5b767cf7-525f-48a2-8630-805b01493372",10ed,"Eagles","Buffaloes","https://www.maxpreps.com/ne/elm-creek/football/","https://www.maxpreps.com/ne/nebraska-christian-central-city/football/","https://image.maxpreps.io/school-mascot/8/d/9/8d90b88f-7d33-42f0-a88f-12d1d5ace0b2.gif?version=637447536600000000&amp;width=128&amp;height=128&amp;auto=webp&amp;format=pjpg","https://image.maxpreps.io/school-mascot/5/f/e/5fe590e4-e0f6-42f1-bf92-3c17d520e5b5.gif?version=635259905400000000&amp;width=128&amp;height=128&amp;auto=webp&amp;format=pjpg"
79,"Fort Calhoun vs Pierce",Football,"Nebraska",9/4/2026,7:30 PM,"The Pierce varsity football team has a game @ Fort Calhoun (Nebraska).","/ne/football/game/fort-calhoun-vs-pierce/9-4-2026/?c=a8ee214e-77af-4340-98b4-d985e4357992","https://www.maxpreps.com/ne/football/game/fort-calhoun-vs-pierce/9-4-2026/?c=a8ee214e-77af-4340-98b4-d985e4357992",88d,"Pioneers","Bluejays","https://www.maxpreps.com/ne/fort-calhoun/football/","https://www.maxpreps.com/ne/pierce/football/","https://image.maxpreps.io/school-mascot/4/9/b/49b4d0a4-1c80-455c-ad38-ad8b90b128f5.gif?version=633902745000000000&amp;width=128&amp;height=128&amp;auto=webp&amp;format=pjpg","https://image.maxpreps.io/school-mascot/a/e/1/ae1d52af-ecd6-4bef-9713-a1826299fcf4.gif?version=635327384400000000&amp;width=128&amp;height=128&amp;auto=webp&amp;format=pjpg"
80,"Crofton vs Ponca",Football,"Nebraska",9/4/2026,7:30 PM,"The Ponca varsity football team has a game @ Crofton (Nebraska).","/ne/football/game/crofton-vs-ponca/9-4-2026/?c=dcb92bf6-e7ed-4620-8e19-fccc7de50921","https://www.maxpreps.com/ne/football/game/crofton-vs-ponca/9-4-2026/?c=dcb92bf6-e7ed-4620-8e19-fccc7de50921",64f,"Indians","Warriors","https://www.maxpreps.com/ne/crofton/football/","https://www.maxpreps.com/ne/ponca/football/","https://image.maxpreps.io/school-mascot/b/3/d/b3d21109-67f7-4624-a160-1ef27b858ccd.gif?version=635461008600000000&amp;width=128&amp;height=128&amp;auto=webp&amp;format=pjpg","https://image.maxpreps.io/school-mascot/4/9/6/4962f460-d9e3-47e6-baca-7bca08491f7a.gif?version=635926780800000000&amp;width=128&amp;height=128&amp;auto=webp&amp;format=pjpg"
81,"Osceola vs Palmer",Football,"Nebraska",9/4/2026,7:30 PM,"The Palmer varsity football team has a game @ Osceola (Nebraska).","/ne/football/game/osceola-vs-palmer/9-4-2026/?c=679754b4-6af1-485c-9352-e802ce601018","https://www.maxpreps.com/ne/football/game/osceola-vs-palmer/9-4-2026/?c=679754b4-6af1-485c-9352-e802ce601018",6aa,"Tigers","Bulldogs","https://www.maxpreps.com/ne/osceola/football/","https://www.maxpreps.com/ne/palmer/football/","https://image.maxpreps.io/school-mascot/5/2/9/52993785-f210-42bd-b052-17e0021d5a11.gif?version=635808430800000000&amp;width=128&amp;height=128&amp;auto=webp&amp;format=pjpg","https://image.maxpreps.io/school-mascot/a/6/1/a613463e-fbf3-440a-8508-6993b1baf346.gif?version=636735619200000000&amp;width=128&amp;height=128&amp;auto=webp&amp;format=pjpg"
82,"Falls City vs Southern Wymore",Football,"Nebraska",9/4/2026,7:30 PM,"The Southern Wymore varsity football team has a game @ Falls City (Nebraska).","/ne/football/game/falls-city-vs-southern-wymore/9-4-2026/?c=1fdb11c7-df94-461e-a85e-b7c7b6e8a7cf","https://www.maxpreps.com/ne/football/game/falls-city-vs-southern-wymore/9-4-2026/?c=1fdb11c7-df94-461e-a85e-b7c7b6e8a7cf",b83,"Tigers","Raiders","https://www.maxpreps.com/ne/falls-city/football/","https://www.maxpreps.com/ne/southern-wymore/football/","https://image.maxpreps.io/school-mascot/6/3/4/63443c14-b3d6-49ff-a17a-91832a644cca.gif?version=637636476600000000&amp;width=128&amp;height=128&amp;auto=webp&amp;format=pjpg","https://image.maxpreps.io/school-mascot/6/3/4/63443c14-b3d6-49ff-a17a-91832a644cca.gif?version=637636476600000000&amp;width=64&amp;height=64&amp;auto=webp&amp;format=pjpg"
83,"Battle Creek vs Valentine",Football,"Nebraska",9/4/2026,7:30 PM,"The Valentine varsity football team has a game @ Battle Creek (Nebraska).","/ne/football/game/battle-creek-vs-valentine/9-4-2026/?c=a77056ad-157f-41c8-b353-4d62bdf8bc7c","https://www.maxpreps.com/ne/football/game/battle-creek-vs-valentine/9-4-2026/?c=a77056ad-157f-41c8-b353-4d62bdf8bc7c",9bc,"Braves","TBD","https://www.maxpreps.com/ne/battle-creek/football/","https://www.maxpreps.com/ne/valentine/football/","https://image.maxpreps.io/school-mascot/a/6/b/a6bbf4f1-9ff7-4b65-9214-ff02e9ed52f9.gif?version=633638325600000000&amp;width=128&amp;height=128&amp;auto=webp&amp;format=pjpg","https://image.maxpreps.io/school-mascot/a/6/b/a6bbf4f1-9ff7-4b65-9214-ff02e9ed52f9.gif?version=633638325600000000&amp;width=64&amp;height=64&amp;auto=webp&amp;format=pjpg"
84,"David City vs Exeter Milligan Friend",Football,"Nebraska",9/4/2026,7:30 PM,"The Exeter Milligan Friend varsity football team has a game @ David City (Nebraska).","/ne/football/game/david-city-vs-exeter-milligan-friend/9-4-2026/?c=6960415f-7e42-44cf-95d2-ac5affed1e10","https://www.maxpreps.com/ne/football/game/david-city-vs-exeter-milligan-friend/9-4-2026/?c=6960415f-7e42-44cf-95d2-ac5affed1e10",ddd,"Bobcats","Scouts","https://www.maxpreps.com/ne/david-city/football/","https://www.maxpreps.com/ne/exeter-milligan-friend/football/","https://image.maxpreps.io/school-mascot/5/d/3/5d3a8f3c-f6bf-47e7-8ffa-829d2af90335.gif?version=638346228000000000&amp;width=128&amp;height=128&amp;auto=webp&amp;format=pjpg","https://image.maxpreps.io/school-mascot/4/1/8/41806611-5ed3-4426-a4ac-82e5de01cd78.gif?version=635221849200000000&amp;width=128&amp;height=128&amp;auto=webp&amp;format=pjpg"
85,"Lees Summit Mo vs Omaha Westside Ne",Football,"Nebraska",9/4/2026,7:30 PM,"The Omaha Westside Ne varsity football team has a game @ Lees Summit Mo (Nebraska).","/inter-state/football/game/lees-summit-mo-vs-omaha-westside-ne/9-4-2026/?c=036e78e6-7d98-40ff-bfd8-91c7296b2538","https://www.maxpreps.com/inter-state/football/game/lees-summit-mo-vs-omaha-westside-ne/9-4-2026/?c=036e78e6-7d98-40ff-bfd8-91c7296b2538",d5c,"Tigers","Warriors","https://www.maxpreps.com/ne/lees-summit-mo/football/","https://www.maxpreps.com/ne/omaha-westside-ne/football/","https://image.maxpreps.io/school-mascot/1/b/2/1b2edd7f-803f-45b4-9366-4c0f48d55194.gif?version=638677067351032770&amp;width=128&amp;height=128&amp;auto=webp&amp;format=pjpg","https://image.maxpreps.io/school-mascot/d/6/f/d6f09ff7-ddc1-4a88-ad7c-539f28e6a418.gif?version=634971308400000000&amp;width=128&amp;height=128&amp;auto=webp&amp;format=pjpg"
86,"Red Cloud vs Southwest Bartley",Football,"Nebraska",9/4/2026,7:30 PM,"The Southwest Bartley varsity football team has a game @ Red Cloud (Nebraska).","/ne/football/game/red-cloud-vs-southwest-bartley/9-4-2026/?c=bb878482-f44d-4f8c-9077-4e4b03c4534a","https://www.maxpreps.com/ne/football/game/red-cloud-vs-southwest-bartley/9-4-2026/?c=bb878482-f44d-4f8c-9077-4e4b03c4534a",bd8,"Roughriders","Warrios","https://www.maxpreps.com/ne/red-cloud/football/","https://www.maxpreps.com/ne/southwest-bartley/football/","https://image.maxpreps.io/school-mascot/e/f/6/ef67a7f8-a5de-4876-9744-5a3bfd1a900f.gif?version=633922230600000000&amp;width=128&amp;height=128&amp;auto=webp&amp;format=pjpg","https://image.maxpreps.io/school-mascot/a/8/4/a8471822-d3e2-4186-97de-08e55146105f.gif?version=635117649000000000&amp;width=128&amp;height=128&amp;auto=webp&amp;format=pjpg"
87,"Bruning Davenport Shickley vs Lourdes Central Catholic Nebraska City",Football,"Nebraska",9/4/2026,7:30 PM,"The Lourdes Central Catholic Nebraska City varsity football team has a game @ Bruning Davenport Shickley (Nebraska).","/ne/football/game/bruning-davenport-shickley-vs-lourdes-central-catholic-nebraska-city/9-4-2026/?c=49d453f5-63c4-488a-b117-1182144f0d89","https://www.maxpreps.com/ne/football/game/bruning-davenport-shickley-vs-lourdes-central-catholic-nebraska-city/9-4-2026/?c=49d453f5-63c4-488a-b117-1182144f0d89",1aa3,"Knights","Eagles","https://www.maxpreps.com/ne/bruning-davenport-shickley/football/","https://www.maxpreps.com/ne/lourdes-central-catholic-nebraska-city/football/","https://image.maxpreps.io/school-mascot/a/5/c/a5c9c5de-c9d1-4669-b4b5-36280b467d04.gif?version=637024996200000000&amp;width=128&amp;height=128&amp;auto=webp&amp;format=pjpg","https://image.maxpreps.io/school-mascot/f/3/9/f39cadc3-8cc2-4e49-aa6b-8c05eb039398.gif?version=635833660800000000&amp;width=128&amp;height=128&amp;auto=webp&amp;format=pjpg"
88,"Amherst vs Pleasanton",Football,"Nebraska",9/4/2026,7:30 PM,"The Pleasanton varsity football team has a game @ Amherst (Nebraska).","/ne/football/game/amherst-vs-pleasanton/9-4-2026/?c=44a5ca42-a2a9-48b6-9276-faa9cabb5eb8","https://www.maxpreps.com/ne/football/game/amherst-vs-pleasanton/9-4-2026/?c=44a5ca42-a2a9-48b6-9276-faa9cabb5eb8",86c,"Bulldogs","Broncos","https://www.maxpreps.com/ne/amherst/football/","https://www.maxpreps.com/ne/pleasanton/football/","https://image.maxpreps.io/school-mascot/a/6/0/a6008467-26d1-4e16-98cb-eb423b313689.gif?version=636419698200000000&amp;width=128&amp;height=128&amp;auto=webp&amp;format=pjpg","https://image.maxpreps.io/school-mascot/b/6/b/b6b18bd8-db4b-4e9e-8509-3eb6560199f3.gif?version=635836113000000000&amp;width=128&amp;height=128&amp;auto=webp&amp;format=pjpg"
89,"Centennial Utica vs St Cecilia Hastings",Football,"Nebraska",9/4/2026,7:30 PM,"The St Cecilia Hastings varsity football team has a game @ Centennial Utica (Nebraska).","/ne/football/game/centennial-utica-vs-st-cecilia-hastings/9-4-2026/?c=6e5b84cb-40e6-4c2d-bf5d-10ccb7adf7e0","https://www.maxpreps.com/ne/football/game/centennial-utica-vs-st-cecilia-hastings/9-4-2026/?c=6e5b84cb-40e6-4c2d-bf5d-10ccb7adf7e0",f13,"Bluehawks","Broncos","https://www.maxpreps.com/ne/centennial-utica/football/","https://www.maxpreps.com/ne/st-cecilia-hastings/football/","https://image.maxpreps.io/school-mascot/d/0/f/d0f9dd60-2732-4f0a-b0a1-262d17b5e2f9.gif?version=635926780200000000&amp;width=128&amp;height=128&amp;auto=webp&amp;format=pjpg","https://image.maxpreps.io/school-mascot/f/0/1/f019ab38-a15c-4c69-99b8-79942247b1d3.gif?version=635895001200000000&amp;width=128&amp;height=128&amp;auto=webp&amp;format=pjpg"
90,"Auburn vs Louisville",Football,"Nebraska",9/4/2026,7:30 PM,"The Louisville varsity football team has a game @ Auburn (Nebraska).","/ne/football/game/auburn-vs-louisville/9-4-2026/?c=85858789-7181-4bf7-ba31-713d00fefdfe","https://www.maxpreps.com/ne/football/game/auburn-vs-louisville/9-4-2026/?c=85858789-7181-4bf7-ba31-713d00fefdfe",818,"Bulldogs","Lions","https://www.maxpreps.com/ne/auburn/football/","https://www.maxpreps.com/ne/louisville/football/","https://image.maxpreps.io/school-mascot/d/d/4/dd40c0ad-e6f9-432e-a192-fe2c190d56a5.gif?version=635127566400000000&amp;width=128&amp;height=128&amp;auto=webp&amp;format=pjpg","https://image.maxpreps.io/school-mascot/d/4/d/d4d37771-8d39-4517-bbd9-cffb4d900ff1.gif?version=636075597600000000&amp;width=128&amp;height=128&amp;auto=webp&amp;format=pjpg"
91,"Bellevue West vs Omaha North",Football,"Nebraska",9/4/2026,7:30 PM,"The Omaha North varsity football team has a game @ Bellevue West (Nebraska).","/ne/football/game/bellevue-west-vs-omaha-north/9-4-2026/?c=e5dea128-ed25-412c-bccf-28cc3816a340","https://www.maxpreps.com/ne/football/game/bellevue-west-vs-omaha-north/9-4-2026/?c=e5dea128-ed25-412c-bccf-28cc3816a340",ae5,"Thunderbirds","Vikings","https://www.maxpreps.com/ne/bellevue-west/football/","https://www.maxpreps.com/ne/omaha-north/football/","https://image.maxpreps.io/school-mascot/c/4/9/c49c69d4-d7a0-427c-8db8-ccd6620d9ad1.gif?version=635926773600000000&amp;width=128&amp;height=128&amp;auto=webp&amp;format=pjpg","https://image.maxpreps.io/school-mascot/f/f/f/fff1caaa-c7d5-4494-91e9-dafee111ad9c.gif?version=636910143000000000&amp;width=128&amp;height=128&amp;auto=webp&amp;format=pjpg"
92,"Elmwood Murdock vs Tri County Dewitt",Football,"Nebraska",9/4/2026,7:30 PM,"The Tri County Dewitt varsity football team has a game @ Elmwood Murdock (Nebraska).","/ne/football/game/elmwood-murdock-vs-tri-county-dewitt/9-4-2026/?c=8cb66131-bebd-4d0e-938a-a3bb35f3c052","https://www.maxpreps.com/ne/football/game/elmwood-murdock-vs-tri-county-dewitt/9-4-2026/?c=8cb66131-bebd-4d0e-938a-a3bb35f3c052",e38,"Knights","Trojans","https://www.maxpreps.com/ne/elmwood-murdock/football/","https://www.maxpreps.com/ne/tri-county-dewitt/football/","https://image.maxpreps.io/school-mascot/c/7/6/c76504fa-d5a6-457f-aef1-1c3606d8c46b.gif?version=635753991600000000&amp;width=128&amp;height=128&amp;auto=webp&amp;format=pjpg","https://image.maxpreps.io/school-mascot/a/5/3/a5332443-2fbe-4da7-b492-49a5015fc612.gif?version=638912744202239410&amp;width=128&amp;height=128&amp;auto=webp&amp;format=pjpg"
93,"Bishop Neumann Wahoo vs Norfolk Catholic",Football,"Nebraska",9/4/2026,7:30 PM,"The Norfolk Catholic varsity football team has a game @ Bishop Neumann Wahoo (Nebraska).","/ne/football/game/bishop-neumann-wahoo-vs-norfolk-catholic/9-4-2026/?c=1eaf8710-5145-4709-8eb0-6c82bc018d8f","https://www.maxpreps.com/ne/football/game/bishop-neumann-wahoo-vs-norfolk-catholic/9-4-2026/?c=1eaf8710-5145-4709-8eb0-6c82bc018d8f",fa1,"Knights","Cavaliers","https://www.maxpreps.com/ne/bishop-neumann-wahoo/football/","https://www.maxpreps.com/ne/norfolk-catholic/football/","https://image.maxpreps.io/school-mascot/c/4/6/c4604956-61a4-413e-99c4-71d906813982.gif?version=635582230200000000&amp;width=128&amp;height=128&amp;auto=webp&amp;format=pjpg","https://image.maxpreps.io/school-mascot/c/b/1/cb1233ec-fb68-4f82-8c25-d0a2da1b96d5.gif?version=635930147400000000&amp;width=128&amp;height=128&amp;auto=webp&amp;format=pjpg"
94,"Brownell Talbot Omaha vs Roncalli Catholic Lions Omaha",Football,"Nebraska",9/4/2026,7:30 PM,"The Roncalli Catholic Lions Omaha varsity football team has a game @ Brownell Talbot Omaha (Nebraska).","/ne/football/game/brownell-talbot-omaha-vs-roncalli-catholic-lions-omaha/9-4-2026/?c=259152b2-5390-41ea-9734-ee1bd47c0d44","https://www.maxpreps.com/ne/football/game/brownell-talbot-omaha-vs-roncalli-catholic-lions-omaha/9-4-2026/?c=259152b2-5390-41ea-9734-ee1bd47c0d44",14db,"Raiders","Crimson Pride","https://www.maxpreps.com/ne/brownell-talbot-omaha/football/","https://www.maxpreps.com/ne/roncalli-catholic-lions-omaha/football/","https://image.maxpreps.io/school-mascot/d/0/b/d0b3d72a-fddc-4473-b508-3e700a568666.gif?version=636097870800000000&amp;width=128&amp;height=128&amp;auto=webp&amp;format=pjpg","https://image.maxpreps.io/school-mascot/c/d/9/cd9f97d7-253f-45bd-a2e7-38d43d17b521.gif?version=638246720400000000&amp;width=128&amp;height=128&amp;auto=webp&amp;format=pjpg"
95,"Bergan Catholic Fremont vs Logan View Hooper",Football,"Nebraska",9/4/2026,7:30 PM,"The Logan View Hooper varsity football team has a game @ Bergan Catholic Fremont (Nebraska).","/ne/football/game/bergan-catholic-fremont-vs-logan-view-hooper/9-4-2026/?c=a0b3247e-5dc2-452b-8c91-503586e2f355","https://www.maxpreps.com/ne/football/game/bergan-catholic-fremont-vs-logan-view-hooper/9-4-2026/?c=a0b3247e-5dc2-452b-8c91-503586e2f355",1101,"Knights","Raiders","https://www.maxpreps.com/ne/bergan-catholic-fremont/football/","https://www.maxpreps.com/ne/logan-view-hooper/football/","https://image.maxpreps.io/school-mascot/8/a/8/8a81f51a-9e1d-40e8-b15b-8c3824e971c5.gif?version=639026857328093210&amp;width=128&amp;height=128&amp;auto=webp&amp;format=pjpg","https://image.maxpreps.io/school-mascot/d/8/e/d8ec5dde-2142-4859-96e7-cbeccacb78c4.gif?version=639165081543305320&amp;width=128&amp;height=128&amp;auto=webp&amp;format=pjpg"
96,"Maywood Hayes Center vs Southern Valley Oxford",Football,"Nebraska",9/4/2026,7:30 PM,"The Southern Valley Oxford varsity football team has a game @ Maywood Hayes Center (Nebraska).","/ne/football/game/maywood-hayes-center-vs-southern-valley-oxford/9-4-2026/?c=ecaafcf1-7902-4edd-b8fc-97915e1b466b","https://www.maxpreps.com/ne/football/game/maywood-hayes-center-vs-southern-valley-oxford/9-4-2026/?c=ecaafcf1-7902-4edd-b8fc-97915e1b466b",1229,"Eagles","Wolves","https://www.maxpreps.com/ne/maywood-hayes-center/football/","https://www.maxpreps.com/ne/southern-valley-oxford/football/","https://image.maxpreps.io/school-mascot/9/a/4/9a4c2cf1-d40a-48de-8c27-80c17728ca35.gif?version=635920737000000000&amp;width=128&amp;height=128&amp;auto=webp&amp;format=pjpg","https://image.maxpreps.io/school-mascot/7/3/3/73327b2a-fe7a-4a40-a0d6-63bd3773a166.gif?version=639008655366302290&amp;width=128&amp;height=128&amp;auto=webp&amp;format=pjpg"
97,"Archangels Catholic Humphrey vs Central Valley Greeley",Football,"Nebraska",9/4/2026,7:30 PM,"The Central Valley Greeley varsity football team has a game @ Archangels Catholic Humphrey (Nebraska).","/ne/football/game/archangels-catholic-humphrey-vs-central-valley-greeley/9-4-2026/?c=b039f8d1-245f-4d55-91d7-faaecfdec680","https://www.maxpreps.com/ne/football/game/archangels-catholic-humphrey-vs-central-valley-greeley/9-4-2026/?c=b039f8d1-245f-4d55-91d7-faaecfdec680",152b,"Cougars","Defenders","https://www.maxpreps.com/ne/archangels-catholic-humphrey/football/","https://www.maxpreps.com/ne/central-valley-greeley/football/","https://image.maxpreps.io/school-mascot/9/5/0/950d1dea-42b1-4fe0-b5d2-754fbd3ce5d6.gif?version=636072070200000000&amp;width=128&amp;height=128&amp;auto=webp&amp;format=pjpg","https://image.maxpreps.io/school-mascot/c/9/2/c92ed681-03c9-46a8-8638-02b904830c6f.gif?version=638603549683373200&amp;width=128&amp;height=128&amp;auto=webp&amp;format=pjpg"
98,"Aquinas David City vs Howells Dodge Bobcats",Football,"Nebraska",9/4/2026,7:30 PM,"The Howells Dodge Bobcats varsity football team has a game @ Aquinas David City (Nebraska).","/ne/football/game/aquinas-david-city-vs-howells-dodge-bobcats/9-4-2026/?c=71069a3f-d0ae-495f-88a9-ec963d5a25f0","https://www.maxpreps.com/ne/football/game/aquinas-david-city-vs-howells-dodge-bobcats/9-4-2026/?c=71069a3f-d0ae-495f-88a9-ec963d5a25f0",1089,"Monarchs","Jaguars","https://www.maxpreps.com/ne/aquinas-david-city/football/","https://www.maxpreps.com/ne/howells-dodge-bobcats/football/","https://image.maxpreps.io/school-mascot/6/c/0/6c0467ca-5c6e-48d9-9dd6-9ef42394951f.gif?version=635833666200000000&amp;width=128&amp;height=128&amp;auto=webp&amp;format=pjpg","https://image.maxpreps.io/school-mascot/a/7/e/a7e5ce50-fd48-4b55-83b6-4e669481bf26.gif?version=634698991800000000&amp;width=128&amp;height=128&amp;auto=webp&amp;format=pjpg"
99,"Adams Central Hastings vs Central City",Football,"Nebraska",9/4/2026,7:30 PM,"The Central City varsity football team has a game @ Adams Central Hastings (Nebraska).","/ne/football/game/adams-central-hastings-vs-central-city/9-4-2026/?c=0609c8c7-932c-438f-9e5e-9973ccae8314","https://www.maxpreps.com/ne/football/game/adams-central-hastings-vs-central-city/9-4-2026/?c=0609c8c7-932c-438f-9e5e-9973ccae8314",ebc,"Patriots","Bison","https://www.maxpreps.com/ne/adams-central-hastings/football/","https://www.maxpreps.com/ne/central-city/football/","https://image.maxpreps.io/school-mascot/7/f/f/7ff2e911-a950-4450-afd1-6ebebcd404c6.gif?version=635930148600000000&amp;width=128&amp;height=128&amp;auto=webp&amp;format=pjpg","https://image.maxpreps.io/school-mascot/8/7/3/87377491-fbf8-44e8-b999-a5dfda027467.gif?version=635847298800000000&amp;width=128&amp;height=128&amp;auto=webp&amp;format=pjpg"
100,"Beatrice vs York",Football,"Nebraska",9/4/2026,7:30 PM,"The York varsity football team has a game @ Beatrice (Nebraska).","/ne/football/game/beatrice-vs-york/9-4-2026/?c=9271c8b4-c537-4dcb-a571-91b8ed2380ff","https://www.maxpreps.com/ne/football/game/beatrice-vs-york/9-4-2026/?c=9271c8b4-c537-4dcb-a571-91b8ed2380ff",647,"Orangemen","Dukes","https://www.maxpreps.com/ne/beatrice/football/","https://www.maxpreps.com/ne/york/football/","https://image.maxpreps.io/school-mascot/f/d/6/fd67b59a-6b3b-4820-ae67-0d80f82eff6b.gif?version=637671046800000000&amp;width=128&amp;height=128&amp;auto=webp&amp;format=pjpg","https://image.maxpreps.io/school-mascot/8/3/e/83e5040c-497f-45ca-a6b1-44b4c690cccd.gif?version=637432821600000000&amp;width=128&amp;height=128&amp;auto=webp&amp;format=pjpg"
101,"Omaha Christian vs Sacred Heart Falls City",Football,"Nebraska",9/4/2026,7:30 PM,"The Sacred Heart Falls City varsity football team has a game @ Omaha Christian (Nebraska).","/ne/football/game/omaha-christian-vs-sacred-heart-falls-city/9-4-2026/?c=9d41dc60-519c-4718-ac21-cbd85698f3de","https://www.maxpreps.com/ne/football/game/omaha-christian-vs-sacred-heart-falls-city/9-4-2026/?c=9d41dc60-519c-4718-ac21-cbd85698f3de",1013,"Eagles","Irish","https://www.maxpreps.com/ne/omaha-christian/football/","https://www.maxpreps.com/ne/sacred-heart-falls-city/football/","https://image.maxpreps.io/school-mascot/7/1/1/7114028a-5800-4122-b96c-4df41c31b4c7.gif?version=638910639067977790&amp;width=128&amp;height=128&amp;auto=webp&amp;format=pjpg","https://image.maxpreps.io/school-mascot/e/2/0/e2008e21-cd4d-4c67-a1d3-80d77eb70aa8.gif?version=635926761600000000&amp;width=128&amp;height=128&amp;auto=webp&amp;format=pjpg"
102,"Columbus vs Norfolk",Football,"Nebraska",9/4/2026,7:30 PM,"The Norfolk varsity football team has a game @ Columbus (Nebraska).","/ne/football/game/columbus-vs-norfolk/9-4-2026/?c=a433d185-1cd1-40d8-a120-63dc0a5a264d","https://www.maxpreps.com/ne/football/game/columbus-vs-norfolk/9-4-2026/?c=a433d185-1cd1-40d8-a120-63dc0a5a264d",7a8,"Columbus","Norfolk","https://www.maxpreps.com/ne/columbus/football/","https://www.maxpreps.com/ne/norfolk/football/","",""
103,"Lincoln North Star Gators vs Lincoln Northwest",Football,"Nebraska",9/4/2026,7:30 PM,"The Lincoln Northwest varsity football team has a game @ Lincoln North Star Gators (Nebraska).","/ne/football/game/lincoln-north-star-gators-vs-lincoln-northwest/9-4-2026/?c=68cc895b-287f-453b-85a5-f7fea3399d83","https://www.maxpreps.com/ne/football/game/lincoln-north-star-gators-vs-lincoln-northwest/9-4-2026/?c=68cc895b-287f-453b-85a5-f7fea3399d83",1238,"Gators","Northwest","https://www.maxpreps.com/ne/lincoln-north-star-gators/football/","https://www.maxpreps.com/ne/lincoln-northwest/football/","",""
104,"Brady vs Wauneta Palisade",Football,"Nebraska",9/4/2026,7:30 PM,"The Wauneta Palisade varsity football team has a game @ Brady (Nebraska).","/ne/football/game/brady-vs-wauneta-palisade/9-4-2026/?c=fe7a53dc-4acd-49e4-867b-6735eeca4f86","https://www.maxpreps.com/ne/football/game/brady-vs-wauneta-palisade/9-4-2026/?c=fe7a53dc-4acd-49e4-867b-6735eeca4f86",9ba,"Brady","Palisade","https://www.maxpreps.com/ne/brady/football/","https://www.maxpreps.com/ne/wauneta-palisade/football/","",""
105,"Boone Central Albion vs Summerland Clearwater Ewing Orchard",Football,"Nebraska",9/4/2026,7:30 PM,"The Summerland Clearwater Ewing Orchard varsity football team has a game @ Boone Central Albion (Nebraska).","/ne/football/game/boone-central-albion-vs-summerland-clearwater-ewing-orchard/9-4-2026/?c=bfe160db-4c47-4fa5-b338-f5bedf0c4e87","https://www.maxpreps.com/ne/football/game/boone-central-albion-vs-summerland-clearwater-ewing-orchard/9-4-2026/?c=bfe160db-4c47-4fa5-b338-f5bedf0c4e87",16f4,"Albion","Orchard","https://www.maxpreps.com/ne/boone-central-albion/football/","https://www.maxpreps.com/ne/summerland-clearwater-ewing-orchard/football/","",""
106,"Laurel Concord Coleridge vs Niobrara Verdigre",Football,"Nebraska",9/4/2026,7:30 PM,"The Niobrara Verdigre varsity football team has a game @ Laurel Concord Coleridge (Nebraska).","/ne/football/game/laurel-concord-coleridge-vs-niobrara-verdigre/9-4-2026/?c=3c93554b-b9d3-43f8-8b4c-54e5509a0884","https://www.maxpreps.com/ne/football/game/laurel-concord-coleridge-vs-niobrara-verdigre/9-4-2026/?c=3c93554b-b9d3-43f8-8b4c-54e5509a0884",118b,"Coleridge","Verdigre","https://www.maxpreps.com/ne/laurel-concord-coleridge/football/","https://www.maxpreps.com/ne/niobrara-verdigre/football/","",""
107,"Ainsworth vs Sandhills Thedford Dunning",Football,"Nebraska",9/4/2026,7:30 PM,"The Sandhills Thedford Dunning varsity football team has a game @ Ainsworth (Nebraska).","/ne/football/game/ainsworth-vs-sandhills-thedford-dunning/9-4-2026/?c=af9dddfc-21a5-4741-b507-7d2d6cbd80a3","https://www.maxpreps.com/ne/football/game/ainsworth-vs-sandhills-thedford-dunning/9-4-2026/?c=af9dddfc-21a5-4741-b507-7d2d6cbd80a3",f81,"Ainsworth","Dunning","https://www.maxpreps.com/ne/ainsworth/football/","https://www.maxpreps.com/ne/sandhills-thedford-dunning/football/","",""
108,"Seward vs Skutt Catholic Omaha",Football,"Nebraska",9/4/2026,7:30 PM,"The Skutt Catholic Omaha varsity football team has a game @ Seward (Nebraska).","/ne/football/game/seward-vs-skutt-catholic-omaha/9-4-2026/?c=0220909b-6941-4eba-962d-f55a13d05a28","https://www.maxpreps.com/ne/football/game/seward-vs-skutt-catholic-omaha/9-4-2026/?c=0220909b-6941-4eba-962d-f55a13d05a28",bab,"Seward","Omaha","https://www.maxpreps.com/ne/seward/football/","https://www.maxpreps.com/ne/skutt-catholic-omaha/football/","",""
109,"Bertrand vs Hi Line Eustis Farnam Elwood",Football,"Nebraska",9/4/2026,7:30 PM,"The Hi Line Eustis Farnam Elwood varsity football team has a game @ Bertrand (Nebraska).","/ne/football/game/bertrand-vs-hi-line-eustis-farnam-elwood/9-4-2026/?c=52ac4040-f13e-4152-8b51-55794103354a","https://www.maxpreps.com/ne/football/game/bertrand-vs-hi-line-eustis-farnam-elwood/9-4-2026/?c=52ac4040-f13e-4152-8b51-55794103354a",f5e,"Bertrand","Elwood","https://www.maxpreps.com/ne/bertrand/football/","https://www.maxpreps.com/ne/hi-line-eustis-farnam-elwood/football/","",""
110,"Papillion Lavista vs Papillion Lavista South",Football,"Nebraska",9/4/2026,7:30 PM,"The Papillion Lavista South varsity football team has a game @ Papillion Lavista (Nebraska).","/ne/football/game/papillion-lavista-vs-papillion-lavista-south/9-4-2026/?c=c49b5171-a167-4d6d-bfeb-780e0402bf29","https://www.maxpreps.com/ne/football/game/papillion-lavista-vs-papillion-lavista-south/9-4-2026/?c=c49b5171-a167-4d6d-bfeb-780e0402bf29",1175,"Lavista","South","https://www.maxpreps.com/ne/papillion-lavista/football/","https://www.maxpreps.com/ne/papillion-lavista-south/football/","",""
111,"Cozad vs Kearney Catholic",Football,"Nebraska",9/4/2026,7:30 PM,"The Kearney Catholic varsity football team has a game @ Cozad (Nebraska).","/ne/football/game/cozad-vs-kearney-catholic/9-4-2026/?c=1db3ee61-449f-45e8-a06c-ed2256bb27b7","https://www.maxpreps.com/ne/football/game/cozad-vs-kearney-catholic/9-4-2026/?c=1db3ee61-449f-45e8-a06c-ed2256bb27b7",9b7,"Cozad","Catholic","https://www.maxpreps.com/ne/cozad/football/","https://www.maxpreps.com/ne/kearney-catholic/football/","",""
112,"Cross County Stromsburg vs Sutton",Football,"Nebraska",9/4/2026,7:30 PM,"The Sutton varsity football team has a game @ Cross County Stromsburg (Nebraska).","/ne/football/game/cross-county-stromsburg-vs-sutton/9-4-2026/?c=1f56c369-6369-4d2c-bc37-7c5927a25720","https://www.maxpreps.com/ne/football/game/cross-county-stromsburg-vs-sutton/9-4-2026/?c=1f56c369-6369-4d2c-bc37-7c5927a25720",d6e,"Stromsburg","Sutton","https://www.maxpreps.com/ne/cross-county-stromsburg/football/","https://www.maxpreps.com/ne/sutton/football/","",""
113,"Burwell vs St Marys Oneill",Football,"Nebraska",9/4/2026,7:30 PM,"The St Marys Oneill varsity football team has a game @ Burwell (Nebraska).","/ne/football/game/burwell-vs-st-marys-oneill/9-4-2026/?c=2dd1d788-9dbc-4f5d-aead-c92f2d5596bf","https://www.maxpreps.com/ne/football/game/burwell-vs-st-marys-oneill/9-4-2026/?c=2dd1d788-9dbc-4f5d-aead-c92f2d5596bf",a30,"Burwell","Oneill","https://www.maxpreps.com/ne/burwell/football/","https://www.maxpreps.com/ne/st-marys-oneill/football/","",""
114,"Guardian Angels Central Catholic West Point vs Weeping Water",Football,"Nebraska",9/4/2026,7:30 PM,"The Weeping Water varsity football team has a game @ Guardian Angels Central Catholic West Point (Nebraska).","/ne/football/game/guardian-angels-central-catholic-west-point-vs-weeping-water/9-4-2026/?c=f4b1255a-1811-440e-b0d8-b3f3bfec7b7f","https://www.maxpreps.com/ne/football/game/guardian-angels-central-catholic-west-point-vs-weeping-water/9-4-2026/?c=f4b1255a-1811-440e-b0d8-b3f3bfec7b7f",1745,"Point","Water","https://www.maxpreps.com/ne/guardian-angels-central-catholic-west-point/football/","https://www.maxpreps.com/ne/weeping-water/football/","",""
115,"Arcadia Loup City vs West Holt Atkinson",Football,"Nebraska",9/4/2026,7:30 PM,"The West Holt Atkinson varsity football team has a game @ Arcadia Loup City (Nebraska).","/ne/football/game/arcadia-loup-city-vs-west-holt-atkinson/9-4-2026/?c=0bc54045-35ab-4cdf-bebc-a8e06e24bce0","https://www.maxpreps.com/ne/football/game/arcadia-loup-city-vs-west-holt-atkinson/9-4-2026/?c=0bc54045-35ab-4cdf-bebc-a8e06e24bce0",f16,"City","Atkinson","https://www.maxpreps.com/ne/arcadia-loup-city/football/","https://www.maxpreps.com/ne/west-holt-atkinson/football/","",""
116,"Chambers Wheeler Central vs North Central Bassett",Football,"Nebraska",9/4/2026,7:30 PM,"The North Central Bassett varsity football team has a game @ Chambers Wheeler Central (Nebraska).","/ne/football/game/chambers-wheeler-central-vs-north-central-bassett/9-4-2026/?c=855f0811-bc62-42fa-888c-395a5b45fc1a","https://www.maxpreps.com/ne/football/game/chambers-wheeler-central-vs-north-central-bassett/9-4-2026/?c=855f0811-bc62-42fa-888c-395a5b45fc1a",131b,"Central","Bassett","https://www.maxpreps.com/ne/chambers-wheeler-central/football/","https://www.maxpreps.com/ne/north-central-bassett/football/","",""
117,"Arlington vs Boys Town",Football,"Nebraska",9/4/2026,7:30 PM,"The Boys Town varsity football team has a game @ Arlington (Nebraska).","/ne/football/game/arlington-vs-boys-town/9-4-2026/?c=ea7f96d6-e76a-40e7-8d6f-1fce83235520","https://www.maxpreps.com/ne/football/game/arlington-vs-boys-town/9-4-2026/?c=ea7f96d6-e76a-40e7-8d6f-1fce83235520",8c3,"Arlington","Town","https://www.maxpreps.com/ne/arlington/football/","https://www.maxpreps.com/ne/boys-town/football/","",""
118,"Gordon Rushville vs Hemingford",Football,"Nebraska",9/4/2026,7:30 PM,"The Hemingford varsity football team has a game @ Gordon Rushville (Nebraska).","/ne/football/game/gordon-rushville-vs-hemingford/9-4-2026/?c=9db2bb0c-d06a-4338-94bf-97ad85e41f34","https://www.maxpreps.com/ne/football/game/gordon-rushville-vs-hemingford/9-4-2026/?c=9db2bb0c-d06a-4338-94bf-97ad85e41f34",bfa,"Rushville","Hemingford","https://www.maxpreps.com/ne/gordon-rushville/football/","https://www.maxpreps.com/ne/hemingford/football/","",""
119,"Buena Vista Omaha vs Platteview Springfield",Football,"Nebraska",9/4/2026,7:30 PM,"The Platteview Springfield varsity football team has a game @ Buena Vista Omaha (Nebraska).","/ne/football/game/buena-vista-omaha-vs-platteview-springfield/9-4-2026/?c=f1d3cf94-aa5f-450f-b427-22573db49f3e","https://www.maxpreps.com/ne/football/game/buena-vista-omaha-vs-platteview-springfield/9-4-2026/?c=f1d3cf94-aa5f-450f-b427-22573db49f3e",10de,"Omaha","Springfield","https://www.maxpreps.com/ne/buena-vista-omaha/football/","https://www.maxpreps.com/ne/platteview-springfield/football/","",""
120,"Alliance vs Chase County Imperial",Football,"Nebraska",9/4/2026,7:30 PM,"The Chase County Imperial varsity football team has a game @ Alliance (Nebraska).","/ne/football/game/alliance-vs-chase-county-imperial/9-4-2026/?c=84911ef0-d77e-411e-b8e4-b1db5d631978","https://www.maxpreps.com/ne/football/game/alliance-vs-chase-county-imperial/9-4-2026/?c=84911ef0-d77e-411e-b8e4-b1db5d631978",ccf,"Alliance","Imperial","https://www.maxpreps.com/ne/alliance/football/","https://www.maxpreps.com/ne/chase-county-imperial/football/","",""
121,"Arapahoe vs Shelton",Football,"Nebraska",9/4/2026,7:30 PM,"The Shelton varsity football team has a game @ Arapahoe (Nebraska).","/ne/football/game/arapahoe-vs-shelton/9-4-2026/?c=48179e18-f0cb-4051-a90a-128e49c6c557","https://www.maxpreps.com/ne/football/game/arapahoe-vs-shelton/9-4-2026/?c=48179e18-f0cb-4051-a90a-128e49c6c557",781,"Arapahoe","Shelton","https://www.maxpreps.com/ne/arapahoe/football/","https://www.maxpreps.com/ne/shelton/football/","",""
122,"Bryan Omaha vs Westview Omaha",Football,"Nebraska",9/4/2026,7:30 PM,"The Westview Omaha varsity football team has a game @ Bryan Omaha (Nebraska).","/ne/football/game/bryan-omaha-vs-westview-omaha/9-4-2026/?c=37575b1a-9564-47dd-98cb-ffed0785c547","https://www.maxpreps.com/ne/football/game/bryan-omaha-vs-westview-omaha/9-4-2026/?c=37575b1a-9564-47dd-98cb-ffed0785c547",b43,"Omaha","Omaha","https://www.maxpreps.com/ne/bryan-omaha/football/","https://www.maxpreps.com/ne/westview-omaha/football/","",""
123,"Elba vs Harvard",Football,"Nebraska",9/4/2026,7:30 PM,"The Harvard varsity football team has a game @ Elba (Nebraska).","/ne/football/game/elba-vs-harvard/9-4-2026/?c=bbb886d4-3f34-4bcb-bebf-72890865307b","https://www.maxpreps.com/ne/football/game/elba-vs-harvard/9-4-2026/?c=bbb886d4-3f34-4bcb-bebf-72890865307b",5bf,"Elba","Harvard","https://www.maxpreps.com/ne/elba/football/","https://www.maxpreps.com/ne/harvard/football/","",""
124,"North Bend Central vs Palmyra",Football,"Nebraska",9/4/2026,7:30 PM,"The Palmyra varsity football team has a game @ North Bend Central (Nebraska).","/ne/football/game/north-bend-central-vs-palmyra/9-4-2026/?c=f97c2c8c-6f0a-4101-9e93-10114fbf4c96","https://www.maxpreps.com/ne/football/game/north-bend-central-vs-palmyra/9-4-2026/?c=f97c2c8c-6f0a-4101-9e93-10114fbf4c96",b40,"Central","Palmyra","https://www.maxpreps.com/ne/north-bend-central/football/","https://www.maxpreps.com/ne/palmyra/football/","",""
125,"Grand Island Central Catholic vs Handh Henderson",Football,"Nebraska",9/4/2026,7:30 PM,"The Handh Henderson varsity football team has a game @ Grand Island Central Catholic (Nebraska).","/ne/football/game/grand-island-central-catholic-vs-handh-henderson/9-4-2026/?c=81c94762-01cd-4b8f-9ab1-6458db6b11c1","https://www.maxpreps.com/ne/football/game/grand-island-central-catholic-vs-handh-henderson/9-4-2026/?c=81c94762-01cd-4b8f-9ab1-6458db6b11c1",1277,"Catholic","Henderson","https://www.maxpreps.com/ne/grand-island-central-catholic/football/","https://www.maxpreps.com/ne/handh-henderson/football/","",""
126,"Minden vs Wood River",Football,"Nebraska",9/4/2026,7:30 PM,"The Wood River varsity football team has a game @ Minden (Nebraska).","/ne/football/game/minden-vs-wood-river/9-4-2026/?c=4f26a8fc-0dd7-4e11-b92a-fdfdc6552b7a","https://www.maxpreps.com/ne/football/game/minden-vs-wood-river/9-4-2026/?c=4f26a8fc-0dd7-4e11-b92a-fdfdc6552b7a",7cc,"Minden","River","https://www.maxpreps.com/ne/minden/football/","https://www.maxpreps.com/ne/wood-river/football/","",""
127,"Hanover Ks vs Thayer Central Hebron Ne",Football,"Nebraska",9/4/2026,7:30 PM,"The Thayer Central Hebron Ne varsity football team has a game @ Hanover Ks (Nebraska).","/inter-state/football/game/hanover-ks-vs-thayer-central-hebron-ne/9-4-2026/?c=b8449b82-c6d2-498b-8c3e-66de238df0c2","https://www.maxpreps.com/inter-state/football/game/hanover-ks-vs-thayer-central-hebron-ne/9-4-2026/?c=b8449b82-c6d2-498b-8c3e-66de238df0c2",e8f,"Ks","Ne","https://www.maxpreps.com/ne/hanover-ks/football/","https://www.maxpreps.com/ne/thayer-central-hebron-ne/football/","",""
128,"East Butler Brainard vs Oakland Craig",Football,"Nebraska",9/4/2026,7:30 PM,"The Oakland Craig varsity football team has a game @ East Butler Brainard (Nebraska).","/ne/football/game/east-butler-brainard-vs-oakland-craig/9-4-2026/?c=6d008bb1-56bf-4cc0-9971-55370d9923e1","https://www.maxpreps.com/ne/football/game/east-butler-brainard-vs-oakland-craig/9-4-2026/?c=6d008bb1-56bf-4cc0-9971-55370d9923e1",e28,"Brainard","Craig","https://www.maxpreps.com/ne/east-butler-brainard/football/","https://www.maxpreps.com/ne/oakland-craig/football/","",""
129,"Medicine Valley Curtis vs Silver Lake Roseland",Football,"Nebraska",9/4/2026,7:30 PM,"The Silver Lake Roseland varsity football team has a game @ Medicine Valley Curtis (Nebraska).","/ne/football/game/medicine-valley-curtis-vs-silver-lake-roseland/9-4-2026/?c=ce6085ab-d462-42ef-bb14-f900c2694035","https://www.maxpreps.com/ne/football/game/medicine-valley-curtis-vs-silver-lake-roseland/9-4-2026/?c=ce6085ab-d462-42ef-bb14-f900c2694035",11e6,"Curtis","Roseland","https://www.maxpreps.com/ne/medicine-valley-curtis/football/","https://www.maxpreps.com/ne/silver-lake-roseland/football/","",""
130,"Lyons Decatur Northeast vs Omaha Nation Macy",Football,"Nebraska",9/4/2026,7:30 PM,"The Omaha Nation Macy varsity football team has a game @ Lyons Decatur Northeast (Nebraska).","/ne/football/game/lyons-decatur-northeast-vs-omaha-nation-macy/9-4-2026/?c=ab72286e-5af0-4d39-9e51-a0af57fe11eb","https://www.maxpreps.com/ne/football/game/lyons-decatur-northeast-vs-omaha-nation-macy/9-4-2026/?c=ab72286e-5af0-4d39-9e51-a0af57fe11eb",1125,"Northeast","Macy","https://www.maxpreps.com/ne/lyons-decatur-northeast/football/","https://www.maxpreps.com/ne/omaha-nation-macy/football/","",""
131,"Oneill vs Ord",Football,"Nebraska",9/4/2026,7:30 PM,"The Ord varsity football team has a game @ Oneill (Nebraska).","/ne/football/game/oneill-vs-ord/9-4-2026/?c=74698272-4288-4eb1-b212-589095cc99ba","https://www.maxpreps.com/ne/football/game/oneill-vs-ord/9-4-2026/?c=74698272-4288-4eb1-b212-589095cc99ba",50b,"Oneill","Ord","https://www.maxpreps.com/ne/oneill/football/","https://www.maxpreps.com/ne/ord/football/","",""
132,"Bridgeport Ne vs Wheatland Wy",Football,"Nebraska",9/4/2026,7:30 PM,"The Wheatland Wy varsity football team has a game @ Bridgeport Ne (Nebraska).","/inter-state/football/game/bridgeport-ne-vs-wheatland-wy/9-4-2026/?c=e8332ce9-0eff-48ce-8e85-4295ea62b917","https://www.maxpreps.com/inter-state/football/game/bridgeport-ne-vs-wheatland-wy/9-4-2026/?c=e8332ce9-0eff-48ce-8e85-4295ea62b917",b4a,"Ne","Wy","https://www.maxpreps.com/ne/bridgeport-ne/football/","https://www.maxpreps.com/ne/wheatland-wy/football/","",""
133,"Chadron Ne vs Torrington Wy",Football,"Nebraska",9/4/2026,7:30 PM,"The Torrington Wy varsity football team has a game @ Chadron Ne (Nebraska).","/inter-state/football/game/chadron-ne-vs-torrington-wy/9-4-2026/?c=06fbcbba-6219-457f-b25b-32f738c03c0d","https://www.maxpreps.com/inter-state/football/game/chadron-ne-vs-torrington-wy/9-4-2026/?c=06fbcbba-6219-457f-b25b-32f738c03c0d",a95,"Ne","Wy","https://www.maxpreps.com/ne/chadron-ne/football/","https://www.maxpreps.com/ne/torrington-wy/football/","",""
134,"Dorchester vs Lewiston",Football,"Nebraska",9/4/2026,7:30 PM,"The Lewiston varsity football team has a game @ Dorchester (Nebraska).","/ne/football/game/dorchester-vs-lewiston/9-4-2026/?c=a884af26-b509-47f2-9384-491e991684d2","https://www.maxpreps.com/ne/football/game/dorchester-vs-lewiston/9-4-2026/?c=a884af26-b509-47f2-9384-491e991684d2",8eb,"Dorchester","Lewiston","https://www.maxpreps.com/ne/dorchester/football/","https://www.maxpreps.com/ne/lewiston/football/","",""
135,"Fremont vs Lincoln Southwest",Football,"Nebraska",9/4/2026,7:30 PM,"The Lincoln Southwest varsity football team has a game @ Fremont (Nebraska).","/ne/football/game/fremont-vs-lincoln-southwest/9-4-2026/?c=670a3119-71d3-4df7-8dbb-1e117b84bff0","https://www.maxpreps.com/ne/football/game/fremont-vs-lincoln-southwest/9-4-2026/?c=670a3119-71d3-4df7-8dbb-1e117b84bff0",b50,"Fremont","Southwest","https://www.maxpreps.com/ne/fremont/football/","https://www.maxpreps.com/ne/lincoln-southwest/football/","",""
136,"Cambridge vs Sutherland",Football,"Nebraska",9/4/2026,7:30 PM,"The Sutherland varsity football team has a game @ Cambridge (Nebraska).","/ne/football/game/cambridge-vs-sutherland/9-4-2026/?c=0d5d1995-78fb-4f3d-960e-4287b5851b14","https://www.maxpreps.com/ne/football/game/cambridge-vs-sutherland/9-4-2026/?c=0d5d1995-78fb-4f3d-960e-4287b5851b14",91b,"Cambridge","Sutherland","https://www.maxpreps.com/ne/cambridge/football/","https://www.maxpreps.com/ne/sutherland/football/","",""
137,"Nebraska City vs Wilber Clatonia",Football,"Nebraska",9/4/2026,7:30 PM,"The Wilber Clatonia varsity football team has a game @ Nebraska City (Nebraska).","/ne/football/game/nebraska-city-vs-wilber-clatonia/9-4-2026/?c=afbcebb3-da93-4330-a29a-673bcba59dc7","https://www.maxpreps.com/ne/football/game/nebraska-city-vs-wilber-clatonia/9-4-2026/?c=afbcebb3-da93-4330-a29a-673bcba59dc7",c6d,"City","Clatonia","https://www.maxpreps.com/ne/nebraska-city/football/","https://www.maxpreps.com/ne/wilber-clatonia/football/","",""
138,"Norris Firth vs Scottsbluff",Football,"Nebraska",9/4/2026,7:30 PM,"The Scottsbluff varsity football team has a game @ Norris Firth (Nebraska).","/ne/football/game/norris-firth-vs-scottsbluff/9-4-2026/?c=0336e2a5-04ed-4327-b81b-9e05a1feb975","https://www.maxpreps.com/ne/football/game/norris-firth-vs-scottsbluff/9-4-2026/?c=0336e2a5-04ed-4327-b81b-9e05a1feb975",ad9,"Firth","Scottsbluff","https://www.maxpreps.com/ne/norris-firth/football/","https://www.maxpreps.com/ne/scottsbluff/football/","",""
139,"Burke Omaha vs Lincoln Southeast",Football,"Nebraska",9/4/2026,7:30 PM,"The Lincoln Southeast varsity football team has a game @ Burke Omaha (Nebraska).","/ne/football/game/burke-omaha-vs-lincoln-southeast/9-4-2026/?c=cbac9eda-4e78-4db8-a94a-8261eba7e087","https://www.maxpreps.com/ne/football/game/burke-omaha-vs-lincoln-southeast/9-4-2026/?c=cbac9eda-4e78-4db8-a94a-8261eba7e087",c8b,"Omaha","Southeast","https://www.maxpreps.com/ne/burke-omaha/football/","https://www.maxpreps.com/ne/lincoln-southeast/football/","",""
140,"Blair vs Elkhorn Elks",Football,"Nebraska",9/4/2026,7:30 PM,"The Elkhorn Elks varsity football team has a game @ Blair (Nebraska).","/ne/football/game/blair-vs-elkhorn-elks/9-4-2026/?c=ffcee79b-64af-49c4-aa36-7904a85f625b","https://www.maxpreps.com/ne/football/game/blair-vs-elkhorn-elks/9-4-2026/?c=ffcee79b-64af-49c4-aa36-7904a85f625b",81c,"Blair","Elks","https://www.maxpreps.com/ne/blair/football/","https://www.maxpreps.com/ne/elkhorn-elks/football/","",""
141,"Tekamah Herman vs Wisner Pilger",Football,"Nebraska",9/4/2026,7:30 PM,"The Wisner Pilger varsity football team has a game @ Tekamah Herman (Nebraska).","/ne/football/game/tekamah-herman-vs-wisner-pilger/9-4-2026/?c=0cb23902-c98e-43e5-8877-c9bb6cfd9cc2","https://www.maxpreps.com/ne/football/game/tekamah-herman-vs-wisner-pilger/9-4-2026/?c=0cb23902-c98e-43e5-8877-c9bb6cfd9cc2",c0e,"Herman","Pilger","https://www.maxpreps.com/ne/tekamah-herman/football/","https://www.maxpreps.com/ne/wisner-pilger/football/","",""
142,"High Plains Polk vs Nebraska Lutheran Waco",Football,"Nebraska",9/4/2026,7:30 PM,"The Nebraska Lutheran Waco varsity football team has a game @ High Plains Polk (Nebraska).","/ne/football/game/high-plains-polk-vs-nebraska-lutheran-waco/9-4-2026/?c=1f847f34-d058-4418-9413-5938d531e992","https://www.maxpreps.com/ne/football/game/high-plains-polk-vs-nebraska-lutheran-waco/9-4-2026/?c=1f847f34-d058-4418-9413-5938d531e992",1028,"Polk","Waco","https://www.maxpreps.com/ne/high-plains-polk/football/","https://www.maxpreps.com/ne/nebraska-lutheran-waco/football/","",""
143,"Douglas County West Valley vs Mount Michael Benedictine Elkhorn",Football,"Nebraska",9/4/2026,7:30 PM,"The Mount Michael Benedictine Elkhorn varsity football team has a game @ Douglas County West Valley (Nebraska).","/ne/football/game/douglas-county-west-valley-vs-mount-michael-benedictine-elkhorn/9-4-2026/?c=db61f152-ac6b-46eb-9aa9-b03212a43bc0","https://www.maxpreps.com/ne/football/game/douglas-county-west-valley-vs-mount-michael-benedictine-elkhorn/9-4-2026/?c=db61f152-ac6b-46eb-9aa9-b03212a43bc0",18a5,"Valley","Elkhorn","https://www.maxpreps.com/ne/douglas-county-west-valley/football/","https://www.maxpreps.com/ne/mount-michael-benedictine-elkhorn/football/","",""
144,"Fullerton vs Humphrey Lindsay",Football,"Nebraska",9/4/2026,7:30 PM,"The Humphrey Lindsay varsity football team has a game @ Fullerton (Nebraska).","/ne/football/game/fullerton-vs-humphrey-lindsay/9-4-2026/?c=9495bf7a-f5f8-4209-924b-43bcd63a9ce1","https://www.maxpreps.com/ne/football/game/fullerton-vs-humphrey-lindsay/9-4-2026/?c=9495bf7a-f5f8-4209-924b-43bcd63a9ce1",bb1,"Fullerton","Lindsay","https://www.maxpreps.com/ne/fullerton/football/","https://www.maxpreps.com/ne/humphrey-lindsay/football/","",""
145,"Anselmo Merna vs Hyannis",Football,"Nebraska",9/4/2026,7:30 PM,"The Hyannis varsity football team has a game @ Anselmo Merna (Nebraska).","/ne/football/game/anselmo-merna-vs-hyannis/9-4-2026/?c=bb1f56aa-03c9-4e40-ac7e-1a79ec7a3573","https://www.maxpreps.com/ne/football/game/anselmo-merna-vs-hyannis/9-4-2026/?c=bb1f56aa-03c9-4e40-ac7e-1a79ec7a3573",96c,"Merna","Hyannis","https://www.maxpreps.com/ne/anselmo-merna/football/","https://www.maxpreps.com/ne/hyannis/football/","",""
146,"Axtell vs Deshler",Football,"Nebraska",9/4/2026,7:30 PM,"The Deshler varsity football team has a game @ Axtell (Nebraska).","/ne/football/game/axtell-vs-deshler/9-4-2026/?c=e71fcc5f-5b88-42df-b8a9-6562c44b3f09","https://www.maxpreps.com/ne/football/game/axtell-vs-deshler/9-4-2026/?c=e71fcc5f-5b88-42df-b8a9-6562c44b3f09",6b4,"Axtell","Deshler","https://www.maxpreps.com/ne/axtell/football/","https://www.maxpreps.com/ne/deshler/football/","",""
147,"Gering vs Lexington",Football,"Nebraska",9/4/2026,7:30 PM,"The Lexington varsity football team has a game @ Gering (Nebraska).","/ne/football/game/gering-vs-lexington/9-4-2026/?c=df1319d5-f184-4578-b1d2-0d3a83dba8c2","https://www.maxpreps.com/ne/football/game/gering-vs-lexington/9-4-2026/?c=df1319d5-f184-4578-b1d2-0d3a83dba8c2",797,"Gering","Lexington","https://www.maxpreps.com/ne/gering/football/","https://www.maxpreps.com/ne/lexington/football/","",""
148,"Gross Catholic Omaha vs Pius X Lincoln",Football,"Nebraska",9/4/2026,7:30 PM,"The Pius X Lincoln varsity football team has a game @ Gross Catholic Omaha (Nebraska).","/ne/football/game/gross-catholic-omaha-vs-pius-x-lincoln/9-4-2026/?c=66bb21fb-932e-4814-9632-3095ada043c8","https://www.maxpreps.com/ne/football/game/gross-catholic-omaha-vs-pius-x-lincoln/9-4-2026/?c=66bb21fb-932e-4814-9632-3095ada043c8",e9a,"Omaha","Lincoln","https://www.maxpreps.com/ne/gross-catholic-omaha/football/","https://www.maxpreps.com/ne/pius-x-lincoln/football/","",""
149,"Cedar Bluffs vs Pender",Football,"Nebraska",9/4/2026,7:30 PM,"The Pender varsity football team has a game @ Cedar Bluffs (Nebraska).","/ne/football/game/cedar-bluffs-vs-pender/9-4-2026/?c=6afd24e0-1aee-4f22-a777-11b0e42b3268","https://www.maxpreps.com/ne/football/game/cedar-bluffs-vs-pender/9-4-2026/?c=6afd24e0-1aee-4f22-a777-11b0e42b3268",86f,"Bluffs","Pender","https://www.maxpreps.com/ne/cedar-bluffs/football/","https://www.maxpreps.com/ne/pender/football/","",""
150,"Cody Kilgore Cowboys Cowgirls vs Stuart",Football,"Nebraska",9/4/2026,7:30 PM,"The Stuart varsity football team has a game @ Cody Kilgore Cowboys Cowgirls (Nebraska).","/ne/football/game/cody-kilgore-cowboys-cowgirls-vs-stuart/9-4-2026/?c=d1add106-ef2c-48bc-960c-97936de7658f","https://www.maxpreps.com/ne/football/game/cody-kilgore-cowboys-cowgirls-vs-stuart/9-4-2026/?c=d1add106-ef2c-48bc-960c-97936de7658f",f79,"Cowgirls","Stuart","https://www.maxpreps.com/ne/cody-kilgore-cowboys-cowgirls/football/","https://www.maxpreps.com/ne/stuart/football/","",""
151,"Grand Island vs North Platte",Football,"Nebraska",9/4/2026,7:30 PM,"The North Platte varsity football team has a game @ Grand Island (Nebraska).","/ne/football/game/grand-island-vs-north-platte/9-4-2026/?c=4a5cd2d0-0a35-4dde-9c55-964aa7e5bda2","https://www.maxpreps.com/ne/football/game/grand-island-vs-north-platte/9-4-2026/?c=4a5cd2d0-0a35-4dde-9c55-964aa7e5bda2",ad9,"Island","Platte","https://www.maxpreps.com/ne/grand-island/football/","https://www.maxpreps.com/ne/north-platte/football/","",""
152,"Blue Hill vs Lawrence Nelson",Football,"Nebraska",9/4/2026,7:30 PM,"The Lawrence Nelson varsity football team has a game @ Blue Hill (Nebraska).","/ne/football/game/blue-hill-vs-lawrence-nelson/9-4-2026/?c=8d559903-c12f-40cb-8b97-fbf7bcf91429","https://www.maxpreps.com/ne/football/game/blue-hill-vs-lawrence-nelson/9-4-2026/?c=8d559903-c12f-40cb-8b97-fbf7bcf91429",ace,"Hill","Nelson","https://www.maxpreps.com/ne/blue-hill/football/","https://www.maxpreps.com/ne/lawrence-nelson/football/","",""
153,"Freeman Adams vs Johnson County Central Tecumseh",Football,"Nebraska",9/4/2026,7:30 PM,"The Johnson County Central Tecumseh varsity football team has a game @ Freeman Adams (Nebraska).","/ne/football/game/freeman-adams-vs-johnson-county-central-tecumseh/9-4-2026/?c=415430f6-3a33-48f9-81b0-ec61d8bcf776","https://www.maxpreps.com/ne/football/game/freeman-adams-vs-johnson-county-central-tecumseh/9-4-2026/?c=415430f6-3a33-48f9-81b0-ec61d8bcf776",12c3,"Adams","Tecumseh","https://www.maxpreps.com/ne/freeman-adams/football/","https://www.maxpreps.com/ne/johnson-county-central-tecumseh/football/","",""
154,"Diller Odell vs Mead",Football,"Nebraska",9/4/2026,7:30 PM,"The Mead varsity football team has a game @ Diller Odell (Nebraska).","/ne/football/game/diller-odell-vs-mead/9-4-2026/?c=a24384d4-ce00-456e-bef4-31e955e41f34","https://www.maxpreps.com/ne/football/game/diller-odell-vs-mead/9-4-2026/?c=a24384d4-ce00-456e-bef4-31e955e41f34",793,"Odell","Mead","https://www.maxpreps.com/ne/diller-odell/football/","https://www.maxpreps.com/ne/mead/football/","",""
155,"Cedar Catholic Hartington vs Schuyler",Football,"Nebraska",9/4/2026,7:30 PM,"The Schuyler varsity football team has a game @ Cedar Catholic Hartington (Nebraska).","/ne/football/game/cedar-catholic-hartington-vs-schuyler/9-4-2026/?c=824f2672-6198-4004-b29e-16d444b1d2f1","https://www.maxpreps.com/ne/football/game/cedar-catholic-hartington-vs-schuyler/9-4-2026/?c=824f2672-6198-4004-b29e-16d444b1d2f1",e90,"Hartington","Schuyler","https://www.maxpreps.com/ne/cedar-catholic-hartington/football/","https://www.maxpreps.com/ne/schuyler/football/","",""
156,"Creighton vs Tri County Northeast Emerson",Football,"Nebraska",9/4/2026,7:30 PM,"The Tri County Northeast Emerson varsity football team has a game @ Creighton (Nebraska).","/ne/football/game/creighton-vs-tri-county-northeast-emerson/9-4-2026/?c=a1c3b8b2-1175-4760-b02c-4ef22686db60","https://www.maxpreps.com/ne/football/game/creighton-vs-tri-county-northeast-emerson/9-4-2026/?c=a1c3b8b2-1175-4760-b02c-4ef22686db60",104f,"Creighton","Emerson","https://www.maxpreps.com/ne/creighton/football/","https://www.maxpreps.com/ne/tri-county-northeast-emerson/football/","",""
157,"Centura Cairo vs Fairbury",Football,"Nebraska",9/4/2026,7:30 PM,"The Fairbury varsity football team has a game @ Centura Cairo (Nebraska).","/ne/football/game/centura-cairo-vs-fairbury/9-4-2026/?c=4581a2aa-06b4-4521-a336-19e92b85e633","https://www.maxpreps.com/ne/football/game/centura-cairo-vs-fairbury/9-4-2026/?c=4581a2aa-06b4-4521-a336-19e92b85e633",9d4,"Cairo","Fairbury","https://www.maxpreps.com/ne/centura-cairo/football/","https://www.maxpreps.com/ne/fairbury/football/","",""
158,"Randolph vs Winside",Football,"Nebraska",9/4/2026,7:30 PM,"The Winside varsity football team has a game @ Randolph (Nebraska).","/ne/football/game/randolph-vs-winside/9-4-2026/?c=1eb57b06-f9ba-4bfb-a81f-699cd326eb4f","https://www.maxpreps.com/ne/football/game/randolph-vs-winside/9-4-2026/?c=1eb57b06-f9ba-4bfb-a81f-699cd326eb4f",78e,"Randolph","Winside","https://www.maxpreps.com/ne/randolph/football/","https://www.maxpreps.com/ne/winside/football/","",""
159,"West Point Beemer vs Yutan",Football,"Nebraska",9/4/2026,7:30 PM,"The Yutan varsity football team has a game @ West Point Beemer (Nebraska).","/ne/football/game/west-point-beemer-vs-yutan/9-4-2026/?c=360ce518-f9b9-4265-b107-18ffd1135cec","https://www.maxpreps.com/ne/football/game/west-point-beemer-vs-yutan/9-4-2026/?c=360ce518-f9b9-4265-b107-18ffd1135cec",a2b,"Beemer","Yutan","https://www.maxpreps.com/ne/west-point-beemer/football/","https://www.maxpreps.com/ne/yutan/football/","",""
160,"Plainview vs Scotus Columbus",Football,"Nebraska",9/4/2026,7:30 PM,"The Scotus Columbus varsity football team has a game @ Plainview (Nebraska).","/ne/football/game/plainview-vs-scotus-columbus/9-4-2026/?c=3072eae5-a7ec-42ef-8821-9d825d610772","https://www.maxpreps.com/ne/football/game/plainview-vs-scotus-columbus/9-4-2026/?c=3072eae5-a7ec-42ef-8821-9d825d610772",b4a,"Plainview","Columbus","https://www.maxpreps.com/ne/plainview/football/","https://www.maxpreps.com/ne/scotus-columbus/football/","",""
161,"Malcolm vs St Paul",Football,"Nebraska",9/4/2026,7:30 PM,"The St Paul varsity football team has a game @ Malcolm (Nebraska).","/ne/football/game/malcolm-vs-st-paul/9-4-2026/?c=d543fe4f-2f39-4d32-b063-0983daedaa31","https://www.maxpreps.com/ne/football/game/malcolm-vs-st-paul/9-4-2026/?c=d543fe4f-2f39-4d32-b063-0983daedaa31",6ee,"Malcolm","Paul","https://www.maxpreps.com/ne/malcolm/football/","https://www.maxpreps.com/ne/st-paul/football/","",""
162,"Alma vs Hitchcock County Trenton",Football,"Nebraska",9/4/2026,7:30 PM,"The Hitchcock County Trenton varsity football team has a game @ Alma (Nebraska).","/ne/football/game/alma-vs-hitchcock-county-trenton/9-4-2026/?c=464ead7c-6fe6-489d-abc2-0c97f143c29b","https://www.maxpreps.com/ne/football/game/alma-vs-hitchcock-county-trenton/9-4-2026/?c=464ead7c-6fe6-489d-abc2-0c97f143c29b",c94,"Alma","Trenton","https://www.maxpreps.com/ne/alma/football/","https://www.maxpreps.com/ne/hitchcock-county-trenton/football/","",""
163,"Crete vs Northwest Grand Island",Football,"Nebraska",9/4/2026,7:30 PM,"The Northwest Grand Island varsity football team has a game @ Crete (Nebraska).","/ne/football/game/crete-vs-northwest-grand-island/9-4-2026/?c=99b615e3-4161-4146-8e31-5ff2e7e3d6c4","https://www.maxpreps.com/ne/football/game/crete-vs-northwest-grand-island/9-4-2026/?c=99b615e3-4161-4146-8e31-5ff2e7e3d6c4",c25,"Crete","Island","https://www.maxpreps.com/ne/crete/football/","https://www.maxpreps.com/ne/northwest-grand-island/football/","",""
164,"Lincoln Christian vs Wayne",Football,"Nebraska",9/4/2026,7:30 PM,"The Wayne varsity football team has a game @ Lincoln Christian (Nebraska).","/ne/football/game/lincoln-christian-vs-wayne/9-4-2026/?c=dd3f8225-c473-448e-86c7-98c0245f3f7c","https://www.maxpreps.com/ne/football/game/lincoln-christian-vs-wayne/9-4-2026/?c=dd3f8225-c473-448e-86c7-98c0245f3f7c",a48,"Christian","Wayne","https://www.maxpreps.com/ne/lincoln-christian/football/","https://www.maxpreps.com/ne/wayne/football/","",""
165,"Elkhorn South Omaha vs Kearney",Football,"Nebraska",9/4/2026,7:30 PM,"The Kearney varsity football team has a game @ Elkhorn South Omaha (Nebraska).","/ne/football/game/elkhorn-south-omaha-vs-kearney/9-4-2026/?c=f707b8a5-f027-4263-af87-17b2d233daa9","https://www.maxpreps.com/ne/football/game/elkhorn-south-omaha-vs-kearney/9-4-2026/?c=f707b8a5-f027-4263-af87-17b2d233daa9",bb8,"Omaha","Kearney","https://www.maxpreps.com/ne/elkhorn-south-omaha/football/","https://www.maxpreps.com/ne/kearney/football/","",""
166,"Kimball vs Perkins County Grant",Football,"Nebraska",9/4/2026,7:30 PM,"The Perkins County Grant varsity football team has a game @ Kimball (Nebraska).","/ne/football/game/kimball-vs-perkins-county-grant/9-4-2026/?c=d3a710c4-a14c-4ff0-9789-ab09abf9d663","https://www.maxpreps.com/ne/football/game/kimball-vs-perkins-county-grant/9-4-2026/?c=d3a710c4-a14c-4ff0-9789-ab09abf9d663",c33,"Kimball","Grant","https://www.maxpreps.com/ne/kimball/football/","https://www.maxpreps.com/ne/perkins-county-grant/football/","",""
167,"Lincoln Lutheran vs Milford",Football,"Nebraska",9/4/2026,7:30 PM,"The Milford varsity football team has a game @ Lincoln Lutheran (Nebraska).","/ne/football/game/lincoln-lutheran-vs-milford/9-4-2026/?c=4c306855-0db9-4838-a91d-ab3ab58adc1f","https://www.maxpreps.com/ne/football/game/lincoln-lutheran-vs-milford/9-4-2026/?c=4c306855-0db9-4838-a91d-ab3ab58adc1f",aaf,"Lutheran","Milford","https://www.maxpreps.com/ne/lincoln-lutheran/football/","https://www.maxpreps.com/ne/milford/football/","",""
168,"Lakeview Columbus vs Raymond Central",Football,"Nebraska",9/4/2026,7:30 PM,"The Raymond Central varsity football team has a game @ Lakeview Columbus (Nebraska).","/ne/football/game/lakeview-columbus-vs-raymond-central/9-4-2026/?c=0aa1d6ae-2746-4e8a-a58b-8a14e4798f01","https://www.maxpreps.com/ne/football/game/lakeview-columbus-vs-raymond-central/9-4-2026/?c=0aa1d6ae-2746-4e8a-a58b-8a14e4798f01",e42,"Columbus","Central","https://www.maxpreps.com/ne/lakeview-columbus/football/","https://www.maxpreps.com/ne/raymond-central/football/","",""
169,"Kenesaw vs Loomis",Football,"Nebraska",9/4/2026,7:30 PM,"The Loomis varsity football team has a game @ Kenesaw (Nebraska).","/ne/football/game/kenesaw-vs-loomis/9-4-2026/?c=641f06c7-049f-439c-a72f-d7163545a295","https://www.maxpreps.com/ne/football/game/kenesaw-vs-loomis/9-4-2026/?c=641f06c7-049f-439c-a72f-d7163545a295",6c4,"Kenesaw","Loomis","https://www.maxpreps.com/ne/kenesaw/football/","https://www.maxpreps.com/ne/loomis/football/","",""
170,"Fillmore Central Geneva vs Holdrege",Football,"Nebraska",9/4/2026,7:30 PM,"The Holdrege varsity football team has a game @ Fillmore Central Geneva (Nebraska).","/ne/football/game/fillmore-central-geneva-vs-holdrege/9-4-2026/?c=090321f4-84ca-41c0-b66a-c0a8c264e98e","https://www.maxpreps.com/ne/football/game/fillmore-central-geneva-vs-holdrege/9-4-2026/?c=090321f4-84ca-41c0-b66a-c0a8c264e98e",da0,"Geneva","Holdrege","https://www.maxpreps.com/ne/fillmore-central-geneva/football/","https://www.maxpreps.com/ne/holdrege/football/","",""
171,"Lutheran Northeast Norfolk vs Stanton",Football,"Nebraska",9/4/2026,7:30 PM,"The Stanton varsity football team has a game @ Lutheran Northeast Norfolk (Nebraska).","/ne/football/game/lutheran-northeast-norfolk-vs-stanton/9-4-2026/?c=9cb85c8d-6116-4261-bd01-53841e3a07c5","https://www.maxpreps.com/ne/football/game/lutheran-northeast-norfolk-vs-stanton/9-4-2026/?c=9cb85c8d-6116-4261-bd01-53841e3a07c5",eda,"Norfolk","Stanton","https://www.maxpreps.com/ne/lutheran-northeast-norfolk/football/","https://www.maxpreps.com/ne/stanton/football/","",""
172,"Mccook vs Waverly",Football,"Nebraska",9/4/2026,7:30 PM,"The Waverly varsity football team has a game @ Mccook (Nebraska).","/ne/football/game/mccook-vs-waverly/9-4-2026/?c=0bd03736-3c23-4308-8c59-cfa767ce1b90","https://www.maxpreps.com/ne/football/game/mccook-vs-waverly/9-4-2026/?c=0bd03736-3c23-4308-8c59-cfa767ce1b90",6c9,"Mccook","Waverly","https://www.maxpreps.com/ne/mccook/football/","https://www.maxpreps.com/ne/waverly/football/","",""
173,"Gretna East vs Hastings",Football,"Nebraska",9/4/2026,7:30 PM,"The Hastings varsity football team has a game @ Gretna East (Nebraska).","/ne/football/game/gretna-east-vs-hastings/9-4-2026/?c=35b3ef42-3f52-4703-b026-035fced64965","https://www.maxpreps.com/ne/football/game/gretna-east-vs-hastings/9-4-2026/?c=35b3ef42-3f52-4703-b026-035fced64965",8ff,"East","Hastings","https://www.maxpreps.com/ne/gretna-east/football/","https://www.maxpreps.com/ne/hastings/football/","",""
174,"Spanish River Boca Raton vs West Boca Raton",Football,"Nebraska",9/4/2026,7:30 PM,"The West Boca Raton varsity football team has a game @ Spanish River Boca Raton (Nebraska).","/fl/football/game/spanish-river-boca-raton-vs-west-boca-raton/9-4-2026/?c=2df94f0f-5814-4cd6-830e-fadc7220adf3","https://www.maxpreps.com/fl/football/game/spanish-river-boca-raton-vs-west-boca-raton/9-4-2026/?c=2df94f0f-5814-4cd6-830e-fadc7220adf3",1077,"Raton","Raton","https://www.maxpreps.com/ne/spanish-river-boca-raton/football/","https://www.maxpreps.com/ne/west-boca-raton/football/","",""
175,"Columbus Miami vs St Thomas Aquinas Fort Lauderdale",Football,"Nebraska",9/4/2026,7:30 PM,"The St Thomas Aquinas Fort Lauderdale varsity football team has a game @ Columbus Miami (Nebraska).","/fl/football/game/columbus-miami-vs-st-thomas-aquinas-fort-lauderdale/9-4-2026/?c=4c5013d0-411d-428c-aecc-b0ec69545c96","https://www.maxpreps.com/fl/football/game/columbus-miami-vs-st-thomas-aquinas-fort-lauderdale/9-4-2026/?c=4c5013d0-411d-428c-aecc-b0ec69545c96",13ce,"Miami","Lauderdale","https://www.maxpreps.com/ne/columbus-miami/football/","https://www.maxpreps.com/ne/st-thomas-aquinas-fort-lauderdale/football/","",""
176,"St Frances Academy Baltimore Md vs Vero Beach Fl",Football,"Nebraska",9/4/2026,7:30 PM,"The Vero Beach Fl varsity football team has a game @ St Frances Academy Baltimore Md (Nebraska).","/inter-state/football/game/st-frances-academy-baltimore-md-vs-vero-beach-fl/9-4-2026/?c=8657235a-0e5e-4c65-a4cf-5afea036220b","https://www.maxpreps.com/inter-state/football/game/st-frances-academy-baltimore-md-vs-vero-beach-fl/9-4-2026/?c=8657235a-0e5e-4c65-a4cf-5afea036220b",11ff,"Md","Fl","https://www.maxpreps.com/ne/st-frances-academy-baltimore-md/football/","https://www.maxpreps.com/ne/vero-beach-fl/football/","",""
177,"Brownsburg vs Franklin Central Indianapolis",Football,"Nebraska",9/4/2026,7:30 PM,"The Franklin Central Indianapolis varsity football team has a game @ Brownsburg (Nebraska).","/in/football/game/brownsburg-vs-franklin-central-indianapolis/9-4-2026/?c=955cbe28-7675-45ea-b98c-0ef9ca963cf1","https://www.maxpreps.com/in/football/game/brownsburg-vs-franklin-central-indianapolis/9-4-2026/?c=955cbe28-7675-45ea-b98c-0ef9ca963cf1",1121,"Brownsburg","Indianapolis","https://www.maxpreps.com/ne/brownsburg/football/","https://www.maxpreps.com/ne/franklin-central-indianapolis/football/","",""
178,"Hough Cornelius vs Providence Day Charlotte",Football,"Nebraska",9/4/2026,7:30 PM,"The Providence Day Charlotte varsity football team has a game @ Hough Cornelius (Nebraska).","/nc/football/game/hough-cornelius-vs-providence-day-charlotte/9-4-2026/?c=4124eab2-88ff-4d44-a633-37333b39f0b0","https://www.maxpreps.com/nc/football/game/hough-cornelius-vs-providence-day-charlotte/9-4-2026/?c=4124eab2-88ff-4d44-a633-37333b39f0b0",10ec,"Cornelius","Charlotte","https://www.maxpreps.com/ne/hough-cornelius/football/","https://www.maxpreps.com/ne/providence-day-charlotte/football/","",""
179,"Baylor Chattanooga Tn vs Rabun Gap Nacoochee Ga",Football,"Nebraska",9/4/2026,7:30 PM,"The Rabun Gap Nacoochee Ga varsity football team has a game @ Baylor Chattanooga Tn (Nebraska).","/inter-state/football/game/baylor-chattanooga-tn-vs-rabun-gap-nacoochee-ga/9-4-2026/?c=b07a4869-795e-4a26-b3ac-0cdcbcc8c3fc","https://www.maxpreps.com/inter-state/football/game/baylor-chattanooga-tn-vs-rabun-gap-nacoochee-ga/9-4-2026/?c=b07a4869-795e-4a26-b3ac-0cdcbcc8c3fc",11d5,"Tn","Ga","https://www.maxpreps.com/ne/baylor-chattanooga-tn/football/","https://www.maxpreps.com/ne/rabun-gap-nacoochee-ga/football/","",""
180,"Lee County Leesburg vs Sequoyah Canton",Football,"Nebraska",9/4/2026,7:30 PM,"The Sequoyah Canton varsity football team has a game @ Lee County Leesburg (Nebraska).","/ga/football/game/lee-county-leesburg-vs-sequoyah-canton/9-4-2026/?c=7610023d-8fa5-4efe-8b56-1d730dbb3b61","https://www.maxpreps.com/ga/football/game/lee-county-leesburg-vs-sequoyah-canton/9-4-2026/?c=7610023d-8fa5-4efe-8b56-1d730dbb3b61",eed,"Leesburg","Canton","https://www.maxpreps.com/ne/lee-county-leesburg/football/","https://www.maxpreps.com/ne/sequoyah-canton/football/","",""
181,"Buford Ga vs Mallard Creek Charlotte Nc",Football,"Nebraska",9/4/2026,7:30 PM,"The Mallard Creek Charlotte Nc varsity football team has a game @ Buford Ga (Nebraska).","/inter-state/football/game/buford-ga-vs-mallard-creek-charlotte-nc/9-4-2026/?c=06e6ec32-3617-4780-9c64-ac63fdddd2ef","https://www.maxpreps.com/inter-state/football/game/buford-ga-vs-mallard-creek-charlotte-nc/9-4-2026/?c=06e6ec32-3617-4780-9c64-ac63fdddd2ef",ebf,"Ga","Nc","https://www.maxpreps.com/ne/buford-ga/football/","https://www.maxpreps.com/ne/mallard-creek-charlotte-nc/football/","",""
182,"Brentwood Academy Tn vs St Josephs Prep Philadelphia Pa",Football,"Nebraska",9/4/2026,7:30 PM,"The St Josephs Prep Philadelphia Pa varsity football team has a game @ Brentwood Academy Tn (Nebraska).","/inter-state/football/game/brentwood-academy-tn-vs-st-josephs-prep-philadelphia-pa/9-4-2026/?c=ed5acb23-ac8e-4678-b125-34e32de77c48","https://www.maxpreps.com/inter-state/football/game/brentwood-academy-tn-vs-st-josephs-prep-philadelphia-pa/9-4-2026/?c=ed5acb23-ac8e-4678-b125-34e32de77c48",152b,"Tn","Pa","https://www.maxpreps.com/ne/brentwood-academy-tn/football/","https://www.maxpreps.com/ne/st-josephs-prep-philadelphia-pa/football/","",""
183,"Carrollton Ga vs Catholic Br Bears Baton Rouge La",Football,"Nebraska",9/4/2026,7:30 PM,"The Catholic Br Bears Baton Rouge La varsity football team has a game @ Carrollton Ga (Nebraska).","/inter-state/football/game/carrollton-ga-vs-catholic-br-bears-baton-rouge-la/9-4-2026/?c=e1dcde90-b8ab-454b-9b12-6974776f6af0","https://www.maxpreps.com/inter-state/football/game/carrollton-ga-vs-catholic-br-bears-baton-rouge-la/9-4-2026/?c=e1dcde90-b8ab-454b-9b12-6974776f6af0",1284,"Ga","La","https://www.maxpreps.com/ne/carrollton-ga/football/","https://www.maxpreps.com/ne/catholic-br-bears-baton-rouge-la/football/","",""
184,"Thompson Alabaster vs Vestavia Hills",Football,"Nebraska",9/4/2026,7:30 PM,"The Vestavia Hills varsity football team has a game @ Thompson Alabaster (Nebraska).","/al/football/game/thompson-alabaster-vs-vestavia-hills/9-4-2026/?c=592c6bca-5e37-4616-9dee-75190a10da96","https://www.maxpreps.com/al/football/game/thompson-alabaster-vs-vestavia-hills/9-4-2026/?c=592c6bca-5e37-4616-9dee-75190a10da96",e43,"Alabaster","Hills","https://www.maxpreps.com/ne/thompson-alabaster/football/","https://www.maxpreps.com/ne/vestavia-hills/football/","",""
185,"Allen vs Desoto",Football,"Nebraska",9/4/2026,7:30 PM,"The Desoto varsity football team has a game @ Allen (Nebraska).","/tx/football/game/allen-vs-desoto/9-4-2026/?c=1e1ac24c-e7af-4a4c-bd2a-2c3503a01558","https://www.maxpreps.com/tx/football/game/allen-vs-desoto/9-4-2026/?c=1e1ac24c-e7af-4a4c-bd2a-2c3503a01558",5dd,"Allen","Desoto","https://www.maxpreps.com/ne/allen/football/","https://www.maxpreps.com/ne/desoto/football/","",""
186,"Bishop Gorman Las Vegas Nv vs Lone Peak Highland Ut",Football,"Nebraska",9/4/2026,7:30 PM,"The Lone Peak Highland Ut varsity football team has a game @ Bishop Gorman Las Vegas Nv (Nebraska).","/inter-state/football/game/bishop-gorman-las-vegas-nv-vs-lone-peak-highland-ut/9-4-2026/?c=29b1621b-f35c-4b32-9edc-53e708acc330","https://www.maxpreps.com/inter-state/football/game/bishop-gorman-las-vegas-nv-vs-lone-peak-highland-ut/9-4-2026/?c=29b1621b-f35c-4b32-9edc-53e708acc330",1338,"Nv","Ut","https://www.maxpreps.com/ne/bishop-gorman-las-vegas-nv/football/","https://www.maxpreps.com/ne/lone-peak-highland-ut/football/","",""
187,"Pittsburg vs St John Bosco Bellflower",Football,"Nebraska",9/4/2026,7:30 PM,"The St John Bosco Bellflower varsity football team has a game @ Pittsburg (Nebraska).","/ca/football/game/pittsburg-vs-st-john-bosco-bellflower/9-4-2026/?c=ae4d8580-8f49-4705-b047-48c5ec08888e","https://www.maxpreps.com/ca/football/game/pittsburg-vs-st-john-bosco-bellflower/9-4-2026/?c=ae4d8580-8f49-4705-b047-48c5ec08888e",e88,"Pittsburg","Bellflower","https://www.maxpreps.com/ne/pittsburg/football/","https://www.maxpreps.com/ne/st-john-bosco-bellflower/football/","",""
188,"Mater Dei Santa Ana Ca vs Valor Christian Highlands Ranch Co",Football,"Nebraska",9/4/2026,7:30 PM,"The Valor Christian Highlands Ranch Co varsity football team has a game @ Mater Dei Santa Ana Ca (Nebraska).","/inter-state/football/game/mater-dei-santa-ana-ca-vs-valor-christian-highlands-ranch-co/9-4-2026/?c=93f7f59a-3c65-495e-bcef-c907ecb04034","https://www.maxpreps.com/inter-state/football/game/mater-dei-santa-ana-ca-vs-valor-christian-highlands-ranch-co/9-4-2026/?c=93f7f59a-3c65-495e-bcef-c907ecb04034",167a,"Ca","Co","https://www.maxpreps.com/ne/mater-dei-santa-ana-ca/football/","https://www.maxpreps.com/ne/valor-christian-highlands-ranch-co/football/","",""
189,"Arbor View Las Vegas Nv vs Hamilton Chandler Az",Football,"Nebraska",9/4/2026,7:30 PM,"The Hamilton Chandler Az varsity football team has a game @ Arbor View Las Vegas Nv (Nebraska).","/inter-state/football/game/arbor-view-las-vegas-nv-vs-hamilton-chandler-az/9-4-2026/?c=4d6c7ace-3a91-4768-b267-66760bd60042","https://www.maxpreps.com/inter-state/football/game/arbor-view-las-vegas-nv-vs-hamilton-chandler-az/9-4-2026/?c=4d6c7ace-3a91-4768-b267-66760bd60042",11d4,"Nv","Az","https://www.maxpreps.com/ne/arbor-view-las-vegas-nv/football/","https://www.maxpreps.com/ne/hamilton-chandler-az/football/","",""
190,"Highland Palmdale vs Santa Margarita Rancho Santa Margarita",Football,"Nebraska",9/4/2026,7:30 PM,"The Santa Margarita Rancho Santa Margarita varsity football team has a game @ Highland Palmdale (Nebraska).","/ca/football/game/highland-palmdale-vs-santa-margarita-rancho-santa-margarita/9-4-2026/?c=9d91d9ff-fc93-4e18-afff-7927b2f5f358","https://www.maxpreps.com/ca/football/game/highland-palmdale-vs-santa-margarita-rancho-santa-margarita/9-4-2026/?c=9d91d9ff-fc93-4e18-afff-7927b2f5f358",16bc,"Palmdale","Margarita","https://www.maxpreps.com/ne/highland-palmdale/football/","https://www.maxpreps.com/ne/santa-margarita-rancho-santa-margarita/football/","",""
191,"Basha Chandler Az vs Orange Lutheran Ca",Football,"Nebraska",9/4/2026,7:30 PM,"The Orange Lutheran Ca varsity football team has a game @ Basha Chandler Az (Nebraska).","/inter-state/football/game/basha-chandler-az-vs-orange-lutheran-ca/9-4-2026/?c=2fa972d5-6466-4981-a23b-8c675df63750","https://www.maxpreps.com/inter-state/football/game/basha-chandler-az-vs-orange-lutheran-ca/9-4-2026/?c=2fa972d5-6466-4981-a23b-8c675df63750",eb5,"Az","Ca","https://www.maxpreps.com/ne/basha-chandler-az/football/","https://www.maxpreps.com/ne/orange-lutheran-ca/football/","",""
192,"Bishop Gorman Las Vegas Nv vs Lone Peak Highland Ut",Football,"Nevada",9/4/2026,7:30 PM,"The Lone Peak Highland Ut varsity football team has a game @ Bishop Gorman Las Vegas Nv (Nevada).","/inter-state/football/game/bishop-gorman-las-vegas-nv-vs-lone-peak-highland-ut/9-4-2026/?c=29b1621b-f35c-4b32-9edc-53e708acc330","https://www.maxpreps.com/inter-state/football/game/bishop-gorman-las-vegas-nv-vs-lone-peak-highland-ut/9-4-2026/?c=29b1621b-f35c-4b32-9edc-53e708acc330",1338,"Gaels","Knights","https://www.maxpreps.com/nv/bishop-gorman-las-vegas-nv/football/","https://www.maxpreps.com/nv/lone-peak-highland-ut/football/","https://image.maxpreps.io/school-mascot/0/3/c/03c125d3-5255-4e5d-8991-5e543fe741d2.gif?version=638070447000000000&amp;width=128&amp;height=128&amp;auto=webp&amp;format=pjpg","https://image.maxpreps.io/school-mascot/e/7/b/e7badf59-379d-43cc-a875-938bdc607f2d.gif?version=635784693600000000&amp;width=128&amp;height=128&amp;auto=webp&amp;format=pjpg"
193,"Liberty Henderson Nv vs Skyridge Lehi Ut",Football,"Nevada",9/4/2026,7:30 PM,"The Skyridge Lehi Ut varsity football team has a game @ Liberty Henderson Nv (Nevada).","/inter-state/football/game/liberty-henderson-nv-vs-skyridge-lehi-ut/9-4-2026/?c=b9d69618-1f43-4552-b36a-9f97ead81ffb","https://www.maxpreps.com/inter-state/football/game/liberty-henderson-nv-vs-skyridge-lehi-ut/9-4-2026/?c=b9d69618-1f43-4552-b36a-9f97ead81ffb",f89,"Falcons","Patriots","https://www.maxpreps.com/nv/liberty-henderson-nv/football/","https://www.maxpreps.com/nv/skyridge-lehi-ut/football/","https://image.maxpreps.io/school-mascot/4/a/0/4a0f0b57-1a90-4c1a-8738-5ed0bd61bf9d.gif?version=636548046600000000&amp;width=128&amp;height=128&amp;auto=webp&amp;format=pjpg","https://image.maxpreps.io/school-mascot/6/0/4/604992cb-bed4-477c-8692-a341a3f8aa1d.gif?version=637732107600000000&amp;width=128&amp;height=128&amp;auto=webp&amp;format=pjpg"
194,"Arbor View Las Vegas Nv vs Hamilton Chandler Az",Football,"Nevada",9/4/2026,7:30 PM,"The Hamilton Chandler Az varsity football team has a game @ Arbor View Las Vegas Nv (Nevada).","/inter-state/football/game/arbor-view-las-vegas-nv-vs-hamilton-chandler-az/9-4-2026/?c=4d6c7ace-3a91-4768-b267-66760bd60042","https://www.maxpreps.com/inter-state/football/game/arbor-view-las-vegas-nv-vs-hamilton-chandler-az/9-4-2026/?c=4d6c7ace-3a91-4768-b267-66760bd60042",11d4,"Aggies","Huskies","https://www.maxpreps.com/nv/arbor-view-las-vegas-nv/football/","https://www.maxpreps.com/nv/hamilton-chandler-az/football/","https://image.maxpreps.io/school-mascot/b/2/0/b20ff76b-498c-411b-9973-6d105d3dee33.gif?version=634892862600000000&amp;width=128&amp;height=128&amp;auto=webp&amp;format=pjpg","https://image.maxpreps.io/school-mascot/9/6/e/96ef6983-d533-4398-807f-f0fe51088378.gif?version=638447241600000000&amp;width=128&amp;height=128&amp;auto=webp&amp;format=pjpg"
195,"Virginia City vs Wells",Football,"Nevada",9/4/2026,7:30 PM,"The Wells varsity football team has a game @ Virginia City (Nevada).","/nv/football/game/virginia-city-vs-wells/9-4-2026/?c=f3d08609-a427-4396-bbe2-1e89d53970a2","https://www.maxpreps.com/nv/football/game/virginia-city-vs-wells/9-4-2026/?c=f3d08609-a427-4396-bbe2-1e89d53970a2",8a9,"Muckers","Leopards","https://www.maxpreps.com/nv/virginia-city/football/","https://www.maxpreps.com/nv/wells/football/","https://image.maxpreps.io/school-mascot/c/f/0/cf0b6885-5952-42c9-9b3f-28a3bdfc026c.gif?version=636733991400000000&amp;width=128&amp;height=128&amp;auto=webp&amp;format=pjpg","https://image.maxpreps.io/school-mascot/3/2/7/327b73a3-6f8c-44b6-bb04-131833a98da0.gif?version=637952153400000000&amp;width=128&amp;height=128&amp;auto=webp&amp;format=pjpg"
196,"Carlin vs Mcdermitt",Football,"Nevada",9/4/2026,7:30 PM,"The Mcdermitt varsity football team has a game @ Carlin (Nevada).","/nv/football/game/carlin-vs-mcdermitt/9-4-2026/?c=db936ca2-3123-4669-a723-6bf06404bcf5","https://www.maxpreps.com/nv/football/game/carlin-vs-mcdermitt/9-4-2026/?c=db936ca2-3123-4669-a723-6bf06404bcf5",785,"Railroaders","Bulldogs","https://www.maxpreps.com/nv/carlin/football/","https://www.maxpreps.com/nv/mcdermitt/football/","https://image.maxpreps.io/school-mascot/e/9/7/e9739900-6458-47d1-b81e-cb7ce4659650.gif?version=639057225420756360&amp;width=128&amp;height=128&amp;auto=webp&amp;format=pjpg","https://image.maxpreps.io/school-mascot/0/2/0/020963d9-b7d1-48de-ac7a-09e4dc007a4f.gif?version=636101320200000000&amp;width=128&amp;height=128&amp;auto=webp&amp;format=pjpg"
197,"Mineral County Hawthorne vs Owyhee",Football,"Nevada",9/4/2026,7:30 PM,"The Owyhee varsity football team has a game @ Mineral County Hawthorne (Nevada).","/nv/football/game/mineral-county-hawthorne-vs-owyhee/9-4-2026/?c=49e71738-9c04-415f-a3b5-ac1046dd73f8","https://www.maxpreps.com/nv/football/game/mineral-county-hawthorne-vs-owyhee/9-4-2026/?c=49e71738-9c04-415f-a3b5-ac1046dd73f8",d88,"Serpents","Braves","https://www.maxpreps.com/nv/mineral-county-hawthorne/football/","https://www.maxpreps.com/nv/owyhee/football/","https://image.maxpreps.io/school-mascot/f/7/e/f7ef2d15-31af-44f6-9348-f0cb8345f2d7.gif?version=634626429600000000&amp;width=128&amp;height=128&amp;auto=webp&amp;format=pjpg","https://image.maxpreps.io/school-mascot/3/9/2/392835bc-0b4b-4a28-af59-5e022c35e354.gif?version=638301220200000000&amp;width=128&amp;height=128&amp;auto=webp&amp;format=pjpg"
198,"Corona Del Sol Tempe Az vs Mojave North Las Vegas Nv",Football,"Nevada",9/4/2026,7:30 PM,"The Mojave North Las Vegas Nv varsity football team has a game @ Corona Del Sol Tempe Az (Nevada).","/inter-state/football/game/corona-del-sol-tempe-az-vs-mojave-north-las-vegas-nv/9-4-2026/?c=0435808e-ce74-4937-a81c-c83a4386076d","https://www.maxpreps.com/inter-state/football/game/corona-del-sol-tempe-az-vs-mojave-north-las-vegas-nv/9-4-2026/?c=0435808e-ce74-4937-a81c-c83a4386076d",138d,"Aztecs","Rattlers","https://www.maxpreps.com/nv/corona-del-sol-tempe-az/football/","https://www.maxpreps.com/nv/mojave-north-las-vegas-nv/football/","https://image.maxpreps.io/school-mascot/1/6/7/1670fdcd-ddab-4423-8e52-c8093aaa8d03.gif?version=638918146821771600&amp;width=128&amp;height=128&amp;auto=webp&amp;format=pjpg","https://image.maxpreps.io/school-mascot/0/a/d/0ad02646-c96d-48e4-a5b7-a6950c1ee472.gif?version=635893278000000000&amp;width=128&amp;height=128&amp;auto=webp&amp;format=pjpg"
199,"Chaparral Las Vegas vs Pahrump Valley",Football,"Nevada",9/4/2026,7:30 PM,"The Pahrump Valley varsity football team has a game @ Chaparral Las Vegas (Nevada).","/nv/football/game/chaparral-las-vegas-vs-pahrump-valley/9-4-2026/?c=f44b7ab7-cca9-4a50-93a4-9099a6ee6d4e","https://www.maxpreps.com/nv/football/game/chaparral-las-vegas-vs-pahrump-valley/9-4-2026/?c=f44b7ab7-cca9-4a50-93a4-9099a6ee6d4e",e58,"Trojans","Cowboys","https://www.maxpreps.com/nv/chaparral-las-vegas/football/","https://www.maxpreps.com/nv/pahrump-valley/football/","https://image.maxpreps.io/school-mascot/8/d/2/8d28b227-1dd9-4471-b0de-4fac52b5ecdf.gif?version=638309728200000000&amp;width=128&amp;height=128&amp;auto=webp&amp;format=pjpg","https://image.maxpreps.io/school-mascot/4/2/8/4283602e-baf7-4154-a2ff-0a3815f8f79f.gif?version=636246886200000000&amp;width=128&amp;height=128&amp;auto=webp&amp;format=pjpg"
200,"Bonanza Las Vegas vs Del Sol Las Vegas",Football,"Nevada",9/4/2026,7:30 PM,"The Del Sol Las Vegas varsity football team has a game @ Bonanza Las Vegas (Nevada).","/nv/football/game/bonanza-las-vegas-vs-del-sol-las-vegas/9-4-2026/?c=b18c4101-1446-40f7-9176-d95bc06da830","https://www.maxpreps.com/nv/football/game/bonanza-las-vegas-vs-del-sol-las-vegas/9-4-2026/?c=b18c4101-1446-40f7-9176-d95bc06da830",e3c,"Dragons","Bengals","https://www.maxpreps.com/nv/bonanza-las-vegas/football/","https://www.maxpreps.com/nv/del-sol-las-vegas/football/","https://image.maxpreps.io/school-mascot/3/2/3/32310c0c-8ec3-4ffa-bd7a-889e75ebf768.gif?version=638428110600000000&amp;width=128&amp;height=128&amp;auto=webp&amp;format=pjpg","https://image.maxpreps.io/school-mascot/a/e/f/aef57499-2fe0-4935-a534-9b8932100d80.gif?version=636408009000000000&amp;width=128&amp;height=128&amp;auto=webp&amp;format=pjpg"
201,"Mountain View Meridian Id vs Spanish Springs Sparks Nv",Football,"Nevada",9/4/2026,7:30 PM,"The Spanish Springs Sparks Nv varsity football team has a game @ Mountain View Meridian Id (Nevada).","/inter-state/football/game/mountain-view-meridian-id-vs-spanish-springs-sparks-nv/9-4-2026/?c=b160b74d-fa4b-4824-aa36-399417487ac4","https://www.maxpreps.com/inter-state/football/game/mountain-view-meridian-id-vs-spanish-springs-sparks-nv/9-4-2026/?c=b160b74d-fa4b-4824-aa36-399417487ac4",1501,"Cougars","Mavericks","https://www.maxpreps.com/nv/mountain-view-meridian-id/football/","https://www.maxpreps.com/nv/spanish-springs-sparks-nv/football/","https://image.maxpreps.io/school-mascot/2/f/2/2f2bb34e-16c3-4d49-903f-0e15f9545fc1.gif?version=635337603000000000&amp;width=128&amp;height=128&amp;auto=webp&amp;format=pjpg","https://image.maxpreps.io/school-mascot/7/a/e/7ae3708c-a2f6-4791-9853-f7210722c971.gif?version=638223373800000000&amp;width=128&amp;height=128&amp;auto=webp&amp;format=pjpg"
202,"Boulder City vs Clark Las Vegas",Football,"Nevada",9/4/2026,7:30 PM,"The Clark Las Vegas varsity football team has a game @ Boulder City (Nevada).","/nv/football/game/boulder-city-vs-clark-las-vegas/9-4-2026/?c=654bc694-3830-4b7e-bd3e-c224c4849414","https://www.maxpreps.com/nv/football/game/boulder-city-vs-clark-las-vegas/9-4-2026/?c=654bc694-3830-4b7e-bd3e-c224c4849414",bd3,"Eagles","Chargers","https://www.maxpreps.com/nv/boulder-city/football/","https://www.maxpreps.com/nv/clark-las-vegas/football/","https://image.maxpreps.io/school-mascot/2/1/b/21bd2b9f-e7a1-48ef-845c-74a98ce89dc8.gif?version=636713253600000000&amp;width=128&amp;height=128&amp;auto=webp&amp;format=pjpg","https://image.maxpreps.io/school-mascot/9/e/5/9e523605-3402-4043-98a4-ec5de753d686.gif?version=637812925800000000&amp;width=128&amp;height=128&amp;auto=webp&amp;format=pjpg"
203,"Cimarron Memorial Las Vegas vs Sierra Vista Las Vegas",Football,"Nevada",9/4/2026,7:30 PM,"The Sierra Vista Las Vegas varsity football team has a game @ Cimarron Memorial Las Vegas (Nevada).","/nv/football/game/cimarron-memorial-las-vegas-vs-sierra-vista-las-vegas/9-4-2026/?c=ea4493ff-55fa-4106-b7fb-65b13e09ff35","https://www.maxpreps.com/nv/football/game/cimarron-memorial-las-vegas-vs-sierra-vista-las-vegas/9-4-2026/?c=ea4493ff-55fa-4106-b7fb-65b13e09ff35",145b,"Spartans","Mountain Lions","https://www.maxpreps.com/nv/cimarron-memorial-las-vegas/football/","https://www.maxpreps.com/nv/sierra-vista-las-vegas/football/","https://image.maxpreps.io/school-mascot/2/8/c/28c755b1-440b-4a62-90e1-444fd153b68b.gif?version=635790555600000000&amp;width=128&amp;height=128&amp;auto=webp&amp;format=pjpg","https://image.maxpreps.io/school-mascot/5/e/a/5eaf626f-2b01-4478-a9b5-55599b441c7a.gif?version=637018914600000000&amp;width=128&amp;height=128&amp;auto=webp&amp;format=pjpg"
204,"Desert Oasis Las Vegas vs Spring Valley Las Vegas",Football,"Nevada",9/4/2026,7:30 PM,"The Spring Valley Las Vegas varsity football team has a game @ Desert Oasis Las Vegas (Nevada).","/nv/football/game/desert-oasis-las-vegas-vs-spring-valley-las-vegas/9-4-2026/?c=975afcb9-40bc-406d-9b3d-e5c326097070","https://www.maxpreps.com/nv/football/game/desert-oasis-las-vegas-vs-spring-valley-las-vegas/9-4-2026/?c=975afcb9-40bc-406d-9b3d-e5c326097070",12c3,"Diamondbacks","Grizzlies","https://www.maxpreps.com/nv/desert-oasis-las-vegas/football/","https://www.maxpreps.com/nv/spring-valley-las-vegas/football/","https://image.maxpreps.io/school-mascot/9/d/8/9d8bf51e-8d91-4dac-b78c-776809b8be8a.gif?version=638751425624932770&amp;width=128&amp;height=128&amp;auto=webp&amp;format=pjpg","https://image.maxpreps.io/school-mascot/c/d/f/cdfd4559-6cf5-4160-99b0-7a2bc7bcea5a.gif?version=635487867000000000&amp;width=128&amp;height=128&amp;auto=webp&amp;format=pjpg"
205,"Damonte Ranch Reno vs Wooster Reno",Football,"Nevada",9/4/2026,7:30 PM,"The Wooster Reno varsity football team has a game @ Damonte Ranch Reno (Nevada).","/nv/football/game/damonte-ranch-reno-vs-wooster-reno/9-4-2026/?c=d1c4582b-9b66-40bf-bd11-92320e0386ea","https://www.maxpreps.com/nv/football/game/damonte-ranch-reno-vs-wooster-reno/9-4-2026/?c=d1c4582b-9b66-40bf-bd11-92320e0386ea",d39,"Mustangs","Colts","https://www.maxpreps.com/nv/damonte-ranch-reno/football/","https://www.maxpreps.com/nv/wooster-reno/football/","https://image.maxpreps.io/school-mascot/8/b/3/8b3f44c2-5cb9-461d-b285-fdaf00528601.gif?version=636400344600000000&amp;width=128&amp;height=128&amp;auto=webp&amp;format=pjpg","https://image.maxpreps.io/school-mascot/3/9/7/397ae248-9d9c-4a4f-be19-1e38f31e92fa.gif?version=636559411800000000&amp;width=128&amp;height=128&amp;auto=webp&amp;format=pjpg"
206,"Laguna Beach Ca vs Shadow Ridge Las Vegas Nv",Football,"Nevada",9/4/2026,7:30 PM,"The Shadow Ridge Las Vegas Nv varsity football team has a game @ Laguna Beach Ca (Nevada).","/inter-state/football/game/laguna-beach-ca-vs-shadow-ridge-las-vegas-nv/9-4-2026/?c=3b4c045d-269f-4cb7-8ded-ce4a0dd45853","https://www.maxpreps.com/inter-state/football/game/laguna-beach-ca-vs-shadow-ridge-las-vegas-nv/9-4-2026/?c=3b4c045d-269f-4cb7-8ded-ce4a0dd45853",104b,"Mustangs","Breakers","https://www.maxpreps.com/nv/laguna-beach-ca/football/","https://www.maxpreps.com/nv/shadow-ridge-las-vegas-nv/football/","https://image.maxpreps.io/school-mascot/9/1/4/91445e99-c945-46a5-ac5f-22afa5d9cf0e.gif?version=636262108200000000&amp;width=128&amp;height=128&amp;auto=webp&amp;format=pjpg","https://image.maxpreps.io/school-mascot/2/d/7/2d70f950-6eb7-406c-a01e-0a0de9f0d48f.gif?version=637535655000000000&amp;width=128&amp;height=128&amp;auto=webp&amp;format=pjpg"
207,"Beatty Nv vs Trona Ca",Football,"Nevada",9/4/2026,7:30 PM,"The Trona Ca varsity football team has a game @ Beatty Nv (Nevada).","/inter-state/football/game/beatty-nv-vs-trona-ca/9-4-2026/?c=0e024c3f-5c2a-4043-ad16-c99b0839e269","https://www.maxpreps.com/inter-state/football/game/beatty-nv-vs-trona-ca/9-4-2026/?c=0e024c3f-5c2a-4043-ad16-c99b0839e269",7f2,"Hornets","Tornadoes","https://www.maxpreps.com/nv/beatty-nv/football/","https://www.maxpreps.com/nv/trona-ca/football/","https://image.maxpreps.io/school-mascot/b/2/6/b26a1690-182a-46c5-b1c1-8b477f84d679.gif?version=637908942600000000&amp;width=128&amp;height=128&amp;auto=webp&amp;format=pjpg","https://image.maxpreps.io/school-mascot/b/2/6/b26a1690-182a-46c5-b1c1-8b477f84d679.gif?version=637908942600000000&amp;width=64&amp;height=64&amp;auto=webp&amp;format=pjpg"
208,"Reno Nv vs Sequoia Redwood City Ca",Football,"Nevada",9/4/2026,7:30 PM,"The Sequoia Redwood City Ca varsity football team has a game @ Reno Nv (Nevada).","/inter-state/football/game/reno-nv-vs-sequoia-redwood-city-ca/9-4-2026/?c=fb9b33aa-0e16-40b0-8b8e-425a815d86cb","https://www.maxpreps.com/inter-state/football/game/reno-nv-vs-sequoia-redwood-city-ca/9-4-2026/?c=fb9b33aa-0e16-40b0-8b8e-425a815d86cb",cf7,"Huskies","Ravens","https://www.maxpreps.com/nv/reno-nv/football/","https://www.maxpreps.com/nv/sequoia-redwood-city-ca/football/","https://image.maxpreps.io/school-mascot/c/9/2/c9285d1f-3440-41fe-9a4f-fa772d55b852.gif?version=635717679600000000&amp;width=128&amp;height=128&amp;auto=webp&amp;format=pjpg","https://image.maxpreps.io/school-mascot/2/f/9/2f946069-e32d-4680-8027-3a77cdb0f2a1.gif?version=638696882827789130&amp;width=128&amp;height=128&amp;auto=webp&amp;format=pjpg"
209,"Spring Creek vs Virgin Valley Mesquite",Football,"Nevada",9/4/2026,7:30 PM,"The Virgin Valley Mesquite varsity football team has a game @ Spring Creek (Nevada).","/nv/football/game/spring-creek-vs-virgin-valley-mesquite/9-4-2026/?c=c4365d88-aed6-43f7-bb8d-fee62c1151f7","https://www.maxpreps.com/nv/football/game/spring-creek-vs-virgin-valley-mesquite/9-4-2026/?c=c4365d88-aed6-43f7-bb8d-fee62c1151f7",ef0,"Bulldogs","Spartans","https://www.maxpreps.com/nv/spring-creek/football/","https://www.maxpreps.com/nv/virgin-valley-mesquite/football/","https://image.maxpreps.io/school-mascot/a/1/2/a1232013-7842-49ad-b368-a3ddbc278ea0.gif?version=637009570200000000&amp;width=128&amp;height=128&amp;auto=webp&amp;format=pjpg","https://image.maxpreps.io/school-mascot/a/5/4/a54d5977-bba7-496c-ac92-7aecc21b7851.gif?version=633917319000000000&amp;width=128&amp;height=128&amp;auto=webp&amp;format=pjpg"
210,"Indian Springs Nv vs Lone Pine Golden Eagles Ca",Football,"Nevada",9/4/2026,7:30 PM,"The Lone Pine Golden Eagles Ca varsity football team has a game @ Indian Springs Nv (Nevada).","/inter-state/football/game/indian-springs-nv-vs-lone-pine-golden-eagles-ca/9-4-2026/?c=9aeacf24-f205-406c-ab4f-29d3d3b33424","https://www.maxpreps.com/inter-state/football/game/indian-springs-nv-vs-lone-pine-golden-eagles-ca/9-4-2026/?c=9aeacf24-f205-406c-ab4f-29d3d3b33424",11b6,"Eagles","Thunderbirds","https://www.maxpreps.com/nv/indian-springs-nv/football/","https://www.maxpreps.com/nv/lone-pine-golden-eagles-ca/football/","https://image.maxpreps.io/school-mascot/8/9/b/89b25a2c-9659-47c5-8162-5f8aea90f657.gif?version=636483198600000000&amp;width=128&amp;height=128&amp;auto=webp&amp;format=pjpg","https://image.maxpreps.io/school-mascot/d/9/d/d9da1176-d0cd-4338-bd63-2f5fd34b234b.gif?version=636650210400000000&amp;width=128&amp;height=128&amp;auto=webp&amp;format=pjpg"
211,"Lake Mead Christian Academy Henderson vs Pinecrest Academy Cadence Henderson",Football,"Nevada",9/4/2026,7:30 PM,"The Pinecrest Academy Cadence Henderson varsity football team has a game @ Lake Mead Christian Academy Henderson (Nevada).","/nv/football/game/lake-mead-christian-academy-henderson-vs-pinecrest-academy-cadence-henderson/9-4-2026/?c=ac0eb73f-9d12-4f50-aa6c-aa040cf78e56","https://www.maxpreps.com/nv/football/game/lake-mead-christian-academy-henderson-vs-pinecrest-academy-cadence-henderson/9-4-2026/?c=ac0eb73f-9d12-4f50-aa6c-aa040cf78e56",1d3b,"Eagles","Cougars","https://www.maxpreps.com/nv/lake-mead-christian-academy-henderson/football/","https://www.maxpreps.com/nv/pinecrest-academy-cadence-henderson/football/","https://image.maxpreps.io/school-mascot/a/1/8/a186870f-988c-4584-94bc-689c54fd5d1f.gif?version=637730105400000000&amp;width=128&amp;height=128&amp;auto=webp&amp;format=pjpg","https://image.maxpreps.io/school-mascot/f/7/7/f773a0cf-ea34-4d12-87b4-fc733a12e686.gif?version=639010366326091270&amp;width=128&amp;height=128&amp;auto=webp&amp;format=pjpg"
212,"Cheyenne North Las Vegas vs Eldorado Las Vegas",Football,"Nevada",9/4/2026,7:30 PM,"The Eldorado Las Vegas varsity football team has a game @ Cheyenne North Las Vegas (Nevada).","/nv/football/game/cheyenne-north-las-vegas-vs-eldorado-las-vegas/9-4-2026/?c=78866ac3-0cf7-4fca-91cf-37c4c6254525","https://www.maxpreps.com/nv/football/game/cheyenne-north-las-vegas-vs-eldorado-las-vegas/9-4-2026/?c=78866ac3-0cf7-4fca-91cf-37c4c6254525",1194,"Firehawks","Desert Shields","https://www.maxpreps.com/nv/cheyenne-north-las-vegas/football/","https://www.maxpreps.com/nv/eldorado-las-vegas/football/","https://image.maxpreps.io/school-mascot/e/1/b/e1b222d4-dc02-49fa-9ef1-e3dacb313f30.gif?version=638600155007262040&amp;width=128&amp;height=128&amp;auto=webp&amp;format=pjpg","https://image.maxpreps.io/school-mascot/f/1/8/f188c096-dddd-40c8-a690-bcc6408f36e4.gif?version=634588104000000000&amp;width=128&amp;height=128&amp;auto=webp&amp;format=pjpg"
213,"Fernley vs Sparks",Football,"Nevada",9/4/2026,7:30 PM,"The Sparks varsity football team has a game @ Fernley (Nevada).","/nv/football/game/fernley-vs-sparks/9-4-2026/?c=29050238-f79a-4cf1-80bb-9c119d6ce3a6","https://www.maxpreps.com/nv/football/game/fernley-vs-sparks/9-4-2026/?c=29050238-f79a-4cf1-80bb-9c119d6ce3a6",6cc,"Vaqueros","Railroaders","https://www.maxpreps.com/nv/fernley/football/","https://www.maxpreps.com/nv/sparks/football/","https://image.maxpreps.io/school-mascot/a/2/6/a262130d-be2e-4122-8d26-d9e5c43b0499.gif?version=635836176600000000&amp;width=128&amp;height=128&amp;auto=webp&amp;format=pjpg","https://image.maxpreps.io/school-mascot/b/7/e/b7e9b03b-0ec0-40a1-b5ca-1d9e83f1eb90.gif?version=638112692400000000&amp;width=128&amp;height=128&amp;auto=webp&amp;format=pjpg"
214,"Damien La Verne Ca vs Faith Lutheran Las Vegas Nv",Football,"Nevada",9/4/2026,7:30 PM,"The Faith Lutheran Las Vegas Nv varsity football team has a game @ Damien La Verne Ca (Nevada).","/inter-state/football/game/damien-la-verne-ca-vs-faith-lutheran-las-vegas-nv/9-4-2026/?c=23b70aca-e37a-4fd5-a7b7-89210b3245fc","https://www.maxpreps.com/inter-state/football/game/damien-la-verne-ca-vs-faith-lutheran-las-vegas-nv/9-4-2026/?c=23b70aca-e37a-4fd5-a7b7-89210b3245fc",1246,"Spartans","Crusaders","https://www.maxpreps.com/nv/damien-la-verne-ca/football/","https://www.maxpreps.com/nv/faith-lutheran-las-vegas-nv/football/","https://image.maxpreps.io/school-mascot/c/d/1/cd10d5d6-9664-409c-94b3-b79aeec15913.gif?version=635846593200000000&amp;width=128&amp;height=128&amp;auto=webp&amp;format=pjpg","https://image.maxpreps.io/school-mascot/c/5/2/c52da92d-35df-4037-b63e-52e8bfea363d.gif?version=635615902200000000&amp;width=128&amp;height=128&amp;auto=webp&amp;format=pjpg"
215,"Mater Academy East Las Vegas Nv vs University City San Diego Ca",Football,"Nevada",9/4/2026,7:30 PM,"The University City San Diego Ca varsity football team has a game @ Mater Academy East Las Vegas Nv (Nevada).","/inter-state/football/game/mater-academy-east-las-vegas-nv-vs-university-city-san-diego-ca/9-4-2026/?c=9286e05c-03dc-4341-844d-7e33c14a879b","https://www.maxpreps.com/inter-state/football/game/mater-academy-east-las-vegas-nv-vs-university-city-san-diego-ca/9-4-2026/?c=9286e05c-03dc-4341-844d-7e33c14a879b",17d5,"Centurions","Knights","https://www.maxpreps.com/nv/mater-academy-east-las-vegas-nv/football/","https://www.maxpreps.com/nv/university-city-san-diego-ca/football/","https://image.maxpreps.io/school-mascot/3/2/f/32f08693-bcfd-4a62-a463-77b91360f53b.gif?version=637727503200000000&amp;width=128&amp;height=128&amp;auto=webp&amp;format=pjpg","https://image.maxpreps.io/school-mascot/5/d/8/5d883354-6219-450a-a017-2a9e0cec14ae.gif?version=637890025200000000&amp;width=128&amp;height=128&amp;auto=webp&amp;format=pjpg"
216,"Douglas Minden Nv vs Sutter Ca",Football,"Nevada",9/4/2026,7:30 PM,"The Sutter Ca varsity football team has a game @ Douglas Minden Nv (Nevada).","/inter-state/football/game/douglas-minden-nv-vs-sutter-ca/9-4-2026/?c=785ea3f1-68d9-4e58-a466-917c11d3d1dd","https://www.maxpreps.com/inter-state/football/game/douglas-minden-nv-vs-sutter-ca/9-4-2026/?c=785ea3f1-68d9-4e58-a466-917c11d3d1dd",b83,"Huskies","Tigers","https://www.maxpreps.com/nv/douglas-minden-nv/football/","https://www.maxpreps.com/nv/sutter-ca/football/","https://image.maxpreps.io/school-mascot/b/1/3/b131236b-76db-48d3-ad28-5b5d94697d73.gif?version=634375131600000000&amp;width=128&amp;height=128&amp;auto=webp&amp;format=pjpg","https://image.maxpreps.io/school-mascot/0/3/f/03ff5a02-4233-489a-969c-7553dfc08c68.gif?version=637071257400000000&amp;width=128&amp;height=128&amp;auto=webp&amp;format=pjpg"
217,"Mcqueen Reno vs North Valleys Reno",Football,"Nevada",9/4/2026,7:30 PM,"The North Valleys Reno varsity football team has a game @ Mcqueen Reno (Nevada).","/nv/football/game/mcqueen-reno-vs-north-valleys-reno/9-4-2026/?c=9e967c7b-5cbb-4a4d-862b-cc811ef9b13f","https://www.maxpreps.com/nv/football/game/mcqueen-reno-vs-north-valleys-reno/9-4-2026/?c=9e967c7b-5cbb-4a4d-862b-cc811ef9b13f",d4b,"Lancers","Panthers","https://www.maxpreps.com/nv/mcqueen-reno/football/","https://www.maxpreps.com/nv/north-valleys-reno/football/","https://image.maxpreps.io/school-mascot/b/2/d/b2d3dc49-b6e7-463b-a6b9-5ba09fa9053e.gif?version=636386413200000000&amp;width=128&amp;height=128&amp;auto=webp&amp;format=pjpg","https://image.maxpreps.io/school-mascot/8/0/d/80d5f684-d89b-49d8-bf6f-5a6dd8769b21.gif?version=634976637000000000&amp;width=128&amp;height=128&amp;auto=webp&amp;format=pjpg"
218,"Churchill County Fallon Nv vs Truckee Ca",Football,"Nevada",9/4/2026,7:30 PM,"The Truckee Ca varsity football team has a game @ Churchill County Fallon Nv (Nevada).","/inter-state/football/game/churchill-county-fallon-nv-vs-truckee-ca/9-4-2026/?c=6ee4f970-fdfc-4fb3-a4f7-054549ef9f87","https://www.maxpreps.com/inter-state/football/game/churchill-county-fallon-nv-vs-truckee-ca/9-4-2026/?c=6ee4f970-fdfc-4fb3-a4f7-054549ef9f87",f6e,"Wolverines","Greenwave","https://www.maxpreps.com/nv/churchill-county-fallon-nv/football/","https://www.maxpreps.com/nv/truckee-ca/football/","https://image.maxpreps.io/school-mascot/4/9/4/4940fe31-1269-435e-a74b-a85a03b6e473.gif?version=636534297000000000&amp;width=128&amp;height=128&amp;auto=webp&amp;format=pjpg","https://image.maxpreps.io/school-mascot/9/7/b/97b2e025-bf72-4bde-a930-5876ba473077.gif?version=636416749200000000&amp;width=128&amp;height=128&amp;auto=webp&amp;format=pjpg"
219,"Centennial Las Vegas Nv vs Perry Gilbert Az",Football,"Nevada",9/4/2026,7:30 PM,"The Perry Gilbert Az varsity football team has a game @ Centennial Las Vegas Nv (Nevada).","/inter-state/football/game/centennial-las-vegas-nv-vs-perry-gilbert-az/9-4-2026/?c=74614747-d6da-4414-b560-8b0df174d5be","https://www.maxpreps.com/inter-state/football/game/centennial-las-vegas-nv-vs-perry-gilbert-az/9-4-2026/?c=74614747-d6da-4414-b560-8b0df174d5be",1075,"Pumas","Bulldogs","https://www.maxpreps.com/nv/centennial-las-vegas-nv/football/","https://www.maxpreps.com/nv/perry-gilbert-az/football/","https://image.maxpreps.io/school-mascot/2/0/8/208140cf-0b67-48cc-bb97-dc458142205e.gif?version=634502142000000000&amp;width=128&amp;height=128&amp;auto=webp&amp;format=pjpg","https://image.maxpreps.io/school-mascot/5/1/a/51a2940c-2544-44b4-9319-b593b1a16e92.gif?version=633869636400000000&amp;width=128&amp;height=128&amp;auto=webp&amp;format=pjpg"
220,"Incline Incline Village vs Silver Stage Silver Springs",Football,"Nevada",9/4/2026,7:30 PM,"The Silver Stage Silver Springs varsity football team has a game @ Incline Incline Village (Nevada).","/nv/football/game/incline-incline-village-vs-silver-stage-silver-springs/9-4-2026/?c=d2fc3e41-81fd-4f10-931a-1fd7ce4427c2","https://www.maxpreps.com/nv/football/game/incline-incline-village-vs-silver-stage-silver-springs/9-4-2026/?c=d2fc3e41-81fd-4f10-931a-1fd7ce4427c2",1510,"Nighthawks","Highlanders","https://www.maxpreps.com/nv/incline-incline-village/football/","https://www.maxpreps.com/nv/silver-stage-silver-springs/football/","https://image.maxpreps.io/school-mascot/0/7/d/07d1d915-2cdc-4ece-9429-cbf8e5a31cef.gif?version=639004542305805670&amp;width=128&amp;height=128&amp;auto=webp&amp;format=pjpg","https://image.maxpreps.io/school-mascot/5/0/5/505ee901-5238-4e67-a3e1-d5321a464f85.gif?version=635265093600000000&amp;width=128&amp;height=128&amp;auto=webp&amp;format=pjpg"
221,"White Pine Ely vs Yerington",Football,"Nevada",9/4/2026,7:30 PM,"The Yerington varsity football team has a game @ White Pine Ely (Nevada).","/nv/football/game/white-pine-ely-vs-yerington/9-4-2026/?c=49598193-142f-4355-8783-c2e96c69cf44","https://www.maxpreps.com/nv/football/game/white-pine-ely-vs-yerington/9-4-2026/?c=49598193-142f-4355-8783-c2e96c69cf44",a93,"Bobcats","Lions","https://www.maxpreps.com/nv/white-pine-ely/football/","https://www.maxpreps.com/nv/yerington/football/","https://image.maxpreps.io/school-mascot/9/b/6/9b6d45e2-1eaa-42a6-8cd0-7c118410b0ff.gif?version=635907066600000000&amp;width=128&amp;height=128&amp;auto=webp&amp;format=pjpg","https://image.maxpreps.io/school-mascot/a/a/9/aa90baf3-72e6-4ade-a044-61927a044d38.gif?version=636598140600000000&amp;width=128&amp;height=128&amp;auto=webp&amp;format=pjpg"
222,"Dayton Nv vs South Tahoe South Lake Tahoe Ca",Football,"Nevada",9/4/2026,7:30 PM,"The South Tahoe South Lake Tahoe Ca varsity football team has a game @ Dayton Nv (Nevada).","/inter-state/football/game/dayton-nv-vs-south-tahoe-south-lake-tahoe-ca/9-4-2026/?c=97169a20-41b9-427f-80da-944909a4634f","https://www.maxpreps.com/inter-state/football/game/dayton-nv-vs-south-tahoe-south-lake-tahoe-ca/9-4-2026/?c=97169a20-41b9-427f-80da-944909a4634f",10ad,"Vikings","Dust Devils","https://www.maxpreps.com/nv/dayton-nv/football/","https://www.maxpreps.com/nv/south-tahoe-south-lake-tahoe-ca/football/","https://image.maxpreps.io/school-mascot/3/e/9/3e96bb5d-954a-44eb-943d-dc39000479a0.gif?version=636086852400000000&amp;width=128&amp;height=128&amp;auto=webp&amp;format=pjpg","https://image.maxpreps.io/school-mascot/2/0/3/2037e5c9-b717-4741-a13b-8e14b588c266.gif?version=635309951400000000&amp;width=128&amp;height=128&amp;auto=webp&amp;format=pjpg"
223,"Basic Henderson vs Green Valley Henderson",Football,"Nevada",9/4/2026,7:30 PM,"The Green Valley Henderson varsity football team has a game @ Basic Henderson (Nevada).","/nv/football/game/basic-henderson-vs-green-valley-henderson/9-4-2026/?c=73437db4-c619-4f64-a062-a6c90b9b10bc","https://www.maxpreps.com/nv/football/game/basic-henderson-vs-green-valley-henderson/9-4-2026/?c=73437db4-c619-4f64-a062-a6c90b9b10bc",ff6,"Gators","Wolves","https://www.maxpreps.com/nv/basic-henderson/football/","https://www.maxpreps.com/nv/green-valley-henderson/football/","https://image.maxpreps.io/school-mascot/0/4/5/0458302d-bba4-4918-97f9-3b11c7a55ae7.gif?version=637651423800000000&amp;width=128&amp;height=128&amp;auto=webp&amp;format=pjpg","https://image.maxpreps.io/school-mascot/d/e/f/defeb224-ff45-41c2-b83a-2c86ad52d7c4.gif?version=636082513200000000&amp;width=128&amp;height=128&amp;auto=webp&amp;format=pjpg"
224,"Moapa Valley Overton vs Silverado Las Vegas",Football,"Nevada",9/4/2026,7:30 PM,"The Silverado Las Vegas varsity football team has a game @ Moapa Valley Overton (Nevada).","/nv/football/game/moapa-valley-overton-vs-silverado-las-vegas/9-4-2026/?c=b2e8498f-e464-433c-b050-2b4339b65339","https://www.maxpreps.com/nv/football/game/moapa-valley-overton-vs-silverado-las-vegas/9-4-2026/?c=b2e8498f-e464-433c-b050-2b4339b65339",10be,"Pirates","Skyhawks","https://www.maxpreps.com/nv/moapa-valley-overton/football/","https://www.maxpreps.com/nv/silverado-las-vegas/football/","https://image.maxpreps.io/school-mascot/c/5/3/c53604fe-220b-4fb4-968c-4a8556fad33b.gif?version=633668613000000000&amp;width=128&amp;height=128&amp;auto=webp&amp;format=pjpg","https://image.maxpreps.io/school-mascot/7/1/f/71f532d2-9aae-4114-b75d-53227b99ed3b.gif?version=637184793600000000&amp;width=128&amp;height=128&amp;auto=webp&amp;format=pjpg"
225,"Elko vs Lowry Winnemucca",Football,"Nevada",9/4/2026,7:30 PM,"The Lowry Winnemucca varsity football team has a game @ Elko (Nevada).","/nv/football/game/elko-vs-lowry-winnemucca/9-4-2026/?c=22cd5230-0d79-41e1-92d4-28a47a1a90f1","https://www.maxpreps.com/nv/football/game/elko-vs-lowry-winnemucca/9-4-2026/?c=22cd5230-0d79-41e1-92d4-28a47a1a90f1",982,"Indians","Buckaroos","https://www.maxpreps.com/nv/elko/football/","https://www.maxpreps.com/nv/lowry-winnemucca/football/","https://image.maxpreps.io/school-mascot/4/c/8/4c89fdd1-c5f6-4910-bc0d-a1091e11a443.gif?version=636594649800000000&amp;width=128&amp;height=128&amp;auto=webp&amp;format=pjpg","https://image.maxpreps.io/school-mascot/5/a/0/5a095423-398b-4875-b4c1-c16952858410.gif?version=638258831400000000&amp;width=128&amp;height=128&amp;auto=webp&amp;format=pjpg"
226,"Pinecrest Academy Sloan Canyon Henderson vs Somerset Academy Losee North Las Vegas",Football,"Nevada",9/4/2026,7:30 PM,"The Somerset Academy Losee North Las Vegas varsity football team has a game @ Pinecrest Academy Sloan Canyon Henderson (Nevada).","/nv/football/game/pinecrest-academy-sloan-canyon-henderson-vs-somerset-academy-losee-north-las-vegas/9-4-2026/?c=1ce696d1-a4f3-411e-8bb1-d111f910a1a7","https://www.maxpreps.com/nv/football/game/pinecrest-academy-sloan-canyon-henderson-vs-somerset-academy-losee-north-las-vegas/9-4-2026/?c=1ce696d1-a4f3-411e-8bb1-d111f910a1a7",1fc3,"Lions","Pirate","https://www.maxpreps.com/nv/pinecrest-academy-sloan-canyon-henderson/football/","https://www.maxpreps.com/nv/somerset-academy-losee-north-las-vegas/football/","https://image.maxpreps.io/school-mascot/8/7/d/87d5b812-bcf3-498e-b99a-51ea86b11c01.gif?version=639018601971423370&amp;width=128&amp;height=128&amp;auto=webp&amp;format=pjpg","https://image.maxpreps.io/school-mascot/3/7/7/3774f1c6-d3ec-48f6-a26f-e8328fbd6fb8.gif?version=637681716600000000&amp;width=128&amp;height=128&amp;auto=webp&amp;format=pjpg"
227,"Galena Reno vs Reed Sparks",Football,"Nevada",9/4/2026,7:30 PM,"The Reed Sparks varsity football team has a game @ Galena Reno (Nevada).","/nv/football/game/galena-reno-vs-reed-sparks/9-4-2026/?c=601726cb-a73c-4332-bcee-88856002b9a2","https://www.maxpreps.com/nv/football/game/galena-reno-vs-reed-sparks/9-4-2026/?c=601726cb-a73c-4332-bcee-88856002b9a2",9ed,"Raiders","Grizzlies","https://www.maxpreps.com/nv/galena-reno/football/","https://www.maxpreps.com/nv/reed-sparks/football/","https://image.maxpreps.io/school-mascot/9/0/3/903df411-51b6-48ef-ac3d-966cad44b1ef.gif?version=638625071112141380&amp;width=128&amp;height=128&amp;auto=webp&amp;format=pjpg","https://image.maxpreps.io/school-mascot/1/a/3/1a3afb4e-6d85-4616-ab30-1b6ea54ce063.gif?version=636879768600000000&amp;width=128&amp;height=128&amp;auto=webp&amp;format=pjpg"
228,"Civica Nv N Las Vegas Nv vs Elite Unknown Vallejo Ca",Football,"Nevada",9/4/2026,7:30 PM,"The Elite Unknown Vallejo Ca varsity football team has a game @ Civica Nv N Las Vegas Nv (Nevada).","/inter-state/football/game/civica-nv-n-las-vegas-nv-vs-elite-unknown-vallejo-ca/9-4-2026/?c=cd634ecb-927c-4c7e-a99f-3b52e7bb3f7f","https://www.maxpreps.com/inter-state/football/game/civica-nv-n-las-vegas-nv-vs-elite-unknown-vallejo-ca/9-4-2026/?c=cd634ecb-927c-4c7e-a99f-3b52e7bb3f7f",137a,"Wolves","Eagles","https://www.maxpreps.com/nv/civica-nv-n-las-vegas-nv/football/","https://www.maxpreps.com/nv/elite-unknown-vallejo-ca/football/","https://image.maxpreps.io/school-mascot/a/e/2/ae25816a-7570-4cf7-81cb-dfd54aaa9d1a.gif?version=639056373857324640&amp;width=128&amp;height=128&amp;auto=webp&amp;format=pjpg","https://image.maxpreps.io/school-mascot/a/e/2/ae25816a-7570-4cf7-81cb-dfd54aaa9d1a.gif?version=639056373857324640&amp;width=64&amp;height=64&amp;auto=webp&amp;format=pjpg"
229,"Bishop Manogue Reno Nv vs Rocklin Ca",Football,"Nevada",9/4/2026,7:30 PM,"The Rocklin Ca varsity football team has a game @ Bishop Manogue Reno Nv (Nevada).","/inter-state/football/game/bishop-manogue-reno-nv-vs-rocklin-ca/9-4-2026/?c=394588ab-ef1e-44b2-a4f4-bb5e67df0611","https://www.maxpreps.com/inter-state/football/game/bishop-manogue-reno-nv-vs-rocklin-ca/9-4-2026/?c=394588ab-ef1e-44b2-a4f4-bb5e67df0611",db6,"Miners","Thunder","https://www.maxpreps.com/nv/bishop-manogue-reno-nv/football/","https://www.maxpreps.com/nv/rocklin-ca/football/","https://image.maxpreps.io/school-mascot/a/2/0/a209d42b-ab38-45db-bfe6-3265fb0a5956.gif?version=637040476200000000&amp;width=128&amp;height=128&amp;auto=webp&amp;format=pjpg","https://image.maxpreps.io/school-mascot/2/1/c/21c1edbb-4233-47ff-8f5a-70857a366328.gif?version=639045151798850690&amp;width=128&amp;height=128&amp;auto=webp&amp;format=pjpg"
230,"Coral Academy Of Science Reno Nv vs Portola Ca",Football,"Nevada",9/4/2026,7:30 PM,"The Portola Ca varsity football team has a game @ Coral Academy Of Science Reno Nv (Nevada).","/inter-state/football/game/coral-academy-of-science-reno-nv-vs-portola-ca/9-4-2026/?c=bbeffacc-323d-45b4-a5da-95c3efbcde9e","https://www.maxpreps.com/inter-state/football/game/coral-academy-of-science-reno-nv-vs-portola-ca/9-4-2026/?c=bbeffacc-323d-45b4-a5da-95c3efbcde9e",1142,"Falcons","Tigers","https://www.maxpreps.com/nv/coral-academy-of-science-reno-nv/football/","https://www.maxpreps.com/nv/portola-ca/football/","https://image.maxpreps.io/school-mascot/5/6/b/56b46747-6a10-4d21-868c-ae22f9475b3b.gif?version=638602618168841530&amp;width=128&amp;height=128&amp;auto=webp&amp;format=pjpg","https://image.maxpreps.io/school-mascot/4/3/d/43d1fd23-1a70-4301-9264-65bbdbd0abe7.gif?version=635775690600000000&amp;width=128&amp;height=128&amp;auto=webp&amp;format=pjpg"
231,"Spanish River Boca Raton vs West Boca Raton",Football,"Nevada",9/4/2026,7:30 PM,"The West Boca Raton varsity football team has a game @ Spanish River Boca Raton (Nevada).","/fl/football/game/spanish-river-boca-raton-vs-west-boca-raton/9-4-2026/?c=2df94f0f-5814-4cd6-830e-fadc7220adf3","https://www.maxpreps.com/fl/football/game/spanish-river-boca-raton-vs-west-boca-raton/9-4-2026/?c=2df94f0f-5814-4cd6-830e-fadc7220adf3",1077,"Bulls","Sharks","https://www.maxpreps.com/nv/spanish-river-boca-raton/football/","https://www.maxpreps.com/nv/west-boca-raton/football/","https://image.maxpreps.io/school-mascot/e/7/9/e7903dfb-37a9-4b3b-af93-19f0569f5114.gif?version=638296082400000000&amp;width=128&amp;height=128&amp;auto=webp&amp;format=pjpg","https://image.maxpreps.io/school-mascot/5/1/b/51b8b1b1-8c45-4dd4-b155-be622046a45b.gif?version=638201005800000000&amp;width=128&amp;height=128&amp;auto=webp&amp;format=pjpg"
232,"Columbus Miami vs St Thomas Aquinas Fort Lauderdale",Football,"Nevada",9/4/2026,7:30 PM,"The St Thomas Aquinas Fort Lauderdale varsity football team has a game @ Columbus Miami (Nevada).","/fl/football/game/columbus-miami-vs-st-thomas-aquinas-fort-lauderdale/9-4-2026/?c=4c5013d0-411d-428c-aecc-b0ec69545c96","https://www.maxpreps.com/fl/football/game/columbus-miami-vs-st-thomas-aquinas-fort-lauderdale/9-4-2026/?c=4c5013d0-411d-428c-aecc-b0ec69545c96",13ce,"Explorers","Raiders","https://www.maxpreps.com/nv/columbus-miami/football/","https://www.maxpreps.com/nv/st-thomas-aquinas-fort-lauderdale/football/","https://image.maxpreps.io/school-mascot/5/c/e/5ce85d4b-4ce3-48ca-8b24-2a304bba4853.gif?version=637698085200000000&amp;width=128&amp;height=128&amp;auto=webp&amp;format=pjpg","https://image.maxpreps.io/school-mascot/b/d/1/bd12f619-3d60-413e-a9ef-5742cd4a21bb.gif?version=637743744600000000&amp;width=128&amp;height=128&amp;auto=webp&amp;format=pjpg"
233,"St Frances Academy Baltimore Md vs Vero Beach Fl",Football,"Nevada",9/4/2026,7:30 PM,"The Vero Beach Fl varsity football team has a game @ St Frances Academy Baltimore Md (Nevada).","/inter-state/football/game/st-frances-academy-baltimore-md-vs-vero-beach-fl/9-4-2026/?c=8657235a-0e5e-4c65-a4cf-5afea036220b","https://www.maxpreps.com/inter-state/football/game/st-frances-academy-baltimore-md-vs-vero-beach-fl/9-4-2026/?c=8657235a-0e5e-4c65-a4cf-5afea036220b",11ff,"Panthers","Fighting Indians","https://www.maxpreps.com/nv/st-frances-academy-baltimore-md/football/","https://www.maxpreps.com/nv/vero-beach-fl/football/","https://image.maxpreps.io/school-mascot/c/1/7/c1783fb0-c965-42a0-abe3-41fbe7641303.gif?version=637678140000000000&amp;width=128&amp;height=128&amp;auto=webp&amp;format=pjpg","https://image.maxpreps.io/school-mascot/5/d/2/5d24e8dd-140c-484a-832d-82ffe4c1cc4d.gif?version=637273772400000000&amp;width=128&amp;height=128&amp;auto=webp&amp;format=pjpg"
234,"Brownsburg vs Franklin Central Indianapolis",Football,"Nevada",9/4/2026,7:30 PM,"The Franklin Central Indianapolis varsity football team has a game @ Brownsburg (Nevada).","/in/football/game/brownsburg-vs-franklin-central-indianapolis/9-4-2026/?c=955cbe28-7675-45ea-b98c-0ef9ca963cf1","https://www.maxpreps.com/in/football/game/brownsburg-vs-franklin-central-indianapolis/9-4-2026/?c=955cbe28-7675-45ea-b98c-0ef9ca963cf1",1121,"Bulldogs","Flashes","https://www.maxpreps.com/nv/brownsburg/football/","https://www.maxpreps.com/nv/franklin-central-indianapolis/football/","https://image.maxpreps.io/school-mascot/f/f/f/fffd75cb-8399-40ed-91b3-96f77700c51d.gif?version=635139768000000000&amp;width=128&amp;height=128&amp;auto=webp&amp;format=pjpg","https://image.maxpreps.io/school-mascot/b/c/1/bc1032be-c3f6-49f6-ab4e-4a12d9b154ae.gif?version=636007959000000000&amp;width=128&amp;height=128&amp;auto=webp&amp;format=pjpg"
235,"Hough Cornelius vs Providence Day Charlotte",Football,"Nevada",9/4/2026,7:30 PM,"The Providence Day Charlotte varsity football team has a game @ Hough Cornelius (Nevada).","/nc/football/game/hough-cornelius-vs-providence-day-charlotte/9-4-2026/?c=4124eab2-88ff-4d44-a633-37333b39f0b0","https://www.maxpreps.com/nc/football/game/hough-cornelius-vs-providence-day-charlotte/9-4-2026/?c=4124eab2-88ff-4d44-a633-37333b39f0b0",10ec,"Chargers","Huskies","https://www.maxpreps.com/nv/hough-cornelius/football/","https://www.maxpreps.com/nv/providence-day-charlotte/football/","https://image.maxpreps.io/school-mascot/d/0/c/d0cb43d1-98fc-4f0a-8d6e-3ec2cd944ce7.gif?version=638380068600000000&amp;width=128&amp;height=128&amp;auto=webp&amp;format=pjpg","https://image.maxpreps.io/school-mascot/a/5/3/a53ca03e-8631-42bb-8ff5-e4cb709e2d7b.gif?version=638026432800000000&amp;width=128&amp;height=128&amp;auto=webp&amp;format=pjpg"
236,"Baylor Chattanooga Tn vs Rabun Gap Nacoochee Ga",Football,"Nevada",9/4/2026,7:30 PM,"The Rabun Gap Nacoochee Ga varsity football team has a game @ Baylor Chattanooga Tn (Nevada).","/inter-state/football/game/baylor-chattanooga-tn-vs-rabun-gap-nacoochee-ga/9-4-2026/?c=b07a4869-795e-4a26-b3ac-0cdcbcc8c3fc","https://www.maxpreps.com/inter-state/football/game/baylor-chattanooga-tn-vs-rabun-gap-nacoochee-ga/9-4-2026/?c=b07a4869-795e-4a26-b3ac-0cdcbcc8c3fc",11d5,"Red Raiders","Eagles","https://www.maxpreps.com/nv/baylor-chattanooga-tn/football/","https://www.maxpreps.com/nv/rabun-gap-nacoochee-ga/football/","https://image.maxpreps.io/school-mascot/5/f/2/5f2d9046-3d33-4dfc-8628-1abcfb96d21a.gif?version=639228910203514210&amp;width=128&amp;height=128&amp;auto=webp&amp;format=pjpg","https://image.maxpreps.io/school-mascot/8/5/6/856a10a0-6ef4-4549-83be-89d5a40ed008.gif?version=639228910193935300&amp;width=128&amp;height=128&amp;auto=webp&amp;format=pjpg"
237,"Lee County Leesburg vs Sequoyah Canton",Football,"Nevada",9/4/2026,7:30 PM,"The Sequoyah Canton varsity football team has a game @ Lee County Leesburg (Nevada).","/ga/football/game/lee-county-leesburg-vs-sequoyah-canton/9-4-2026/?c=7610023d-8fa5-4efe-8b56-1d730dbb3b61","https://www.maxpreps.com/ga/football/game/lee-county-leesburg-vs-sequoyah-canton/9-4-2026/?c=7610023d-8fa5-4efe-8b56-1d730dbb3b61",eed,"Trojans","Chiefs","https://www.maxpreps.com/nv/lee-county-leesburg/football/","https://www.maxpreps.com/nv/sequoyah-canton/football/","https://image.maxpreps.io/school-mascot/5/2/d/52d89642-6d2d-4bbb-b0a3-d0484800936c.gif?version=639180703263995690&amp;width=128&amp;height=128&amp;auto=webp&amp;format=pjpg","https://image.maxpreps.io/school-mascot/a/a/6/aa644a9a-d692-44a8-a403-f941779fd977.gif?version=638685067387249990&amp;width=128&amp;height=128&amp;auto=webp&amp;format=pjpg"
238,"Buford Ga vs Mallard Creek Charlotte Nc",Football,"Nevada",9/4/2026,7:30 PM,"The Mallard Creek Charlotte Nc varsity football team has a game @ Buford Ga (Nevada).","/inter-state/football/game/buford-ga-vs-mallard-creek-charlotte-nc/9-4-2026/?c=06e6ec32-3617-4780-9c64-ac63fdddd2ef","https://www.maxpreps.com/inter-state/football/game/buford-ga-vs-mallard-creek-charlotte-nc/9-4-2026/?c=06e6ec32-3617-4780-9c64-ac63fdddd2ef",ebf,"Wolves","Mavericks","https://www.maxpreps.com/nv/buford-ga/football/","https://www.maxpreps.com/nv/mallard-creek-charlotte-nc/football/","https://image.maxpreps.io/school-mascot/6/d/0/6d00b044-607e-4dee-aa9b-e1fc2c6a87bc.gif?version=637816301400000000&amp;width=128&amp;height=128&amp;auto=webp&amp;format=pjpg","https://image.maxpreps.io/school-mascot/d/1/b/d1b36908-99b6-476b-9324-6cd4a2873dbf.gif?version=638714615948184910&amp;width=128&amp;height=128&amp;auto=webp&amp;format=pjpg"
239,"Brentwood Academy Tn vs St Josephs Prep Philadelphia Pa",Football,"Nevada",9/4/2026,7:30 PM,"The St Josephs Prep Philadelphia Pa varsity football team has a game @ Brentwood Academy Tn (Nevada).","/inter-state/football/game/brentwood-academy-tn-vs-st-josephs-prep-philadelphia-pa/9-4-2026/?c=ed5acb23-ac8e-4678-b125-34e32de77c48","https://www.maxpreps.com/inter-state/football/game/brentwood-academy-tn-vs-st-josephs-prep-philadelphia-pa/9-4-2026/?c=ed5acb23-ac8e-4678-b125-34e32de77c48",152b,"Hawks","Eagles","https://www.maxpreps.com/nv/brentwood-academy-tn/football/","https://www.maxpreps.com/nv/st-josephs-prep-philadelphia-pa/football/","https://image.maxpreps.io/school-mascot/e/6/c/e6ce254d-240b-4081-a66e-26e1ced9a095.gif?version=634195611000000000&amp;width=128&amp;height=128&amp;auto=webp&amp;format=pjpg","https://image.maxpreps.io/school-mascot/1/c/a/1ca1eec6-40e3-4d04-9831-04fe92760ad0.gif?version=635850925200000000&amp;width=128&amp;height=128&amp;auto=webp&amp;format=pjpg"
240,"Carrollton Ga vs Catholic Br Bears Baton Rouge La",Football,"Nevada",9/4/2026,7:30 PM,"The Catholic Br Bears Baton Rouge La varsity football team has a game @ Carrollton Ga (Nevada).","/inter-state/football/game/carrollton-ga-vs-catholic-br-bears-baton-rouge-la/9-4-2026/?c=e1dcde90-b8ab-454b-9b12-6974776f6af0","https://www.maxpreps.com/inter-state/football/game/carrollton-ga-vs-catholic-br-bears-baton-rouge-la/9-4-2026/?c=e1dcde90-b8ab-454b-9b12-6974776f6af0",1284,"Trojans","Bears","https://www.maxpreps.com/nv/carrollton-ga/football/","https://www.maxpreps.com/nv/catholic-br-bears-baton-rouge-la/football/","https://image.maxpreps.io/school-mascot/2/c/6/2c66e977-fcec-48c5-9f86-062a506b700c.gif?version=639183171975290540&amp;width=128&amp;height=128&amp;auto=webp&amp;format=pjpg","https://image.maxpreps.io/school-mascot/c/e/a/cea9671e-4023-4b39-8c55-1a7b7750f5bb.gif?version=636066214800000000&amp;width=128&amp;height=128&amp;auto=webp&amp;format=pjpg"
241,"Thompson Alabaster vs Vestavia Hills",Football,"Nevada",9/4/2026,7:30 PM,"The Vestavia Hills varsity football team has a game @ Thompson Alabaster (Nevada).","/al/football/game/thompson-alabaster-vs-vestavia-hills/9-4-2026/?c=592c6bca-5e37-4616-9dee-75190a10da96","https://www.maxpreps.com/al/football/game/thompson-alabaster-vs-vestavia-hills/9-4-2026/?c=592c6bca-5e37-4616-9dee-75190a10da96",e43,"Alabaster","Hills","https://www.maxpreps.com/nv/thompson-alabaster/football/","https://www.maxpreps.com/nv/vestavia-hills/football/","",""
242,"Allen vs Desoto",Football,"Nevada",9/4/2026,7:30 PM,"The Desoto varsity football team has a game @ Allen (Nevada).","/tx/football/game/allen-vs-desoto/9-4-2026/?c=1e1ac24c-e7af-4a4c-bd2a-2c3503a01558","https://www.maxpreps.com/tx/football/game/allen-vs-desoto/9-4-2026/?c=1e1ac24c-e7af-4a4c-bd2a-2c3503a01558",5dd,"Allen","Desoto","https://www.maxpreps.com/nv/allen/football/","https://www.maxpreps.com/nv/desoto/football/","",""
243,"Pittsburg vs St John Bosco Bellflower",Football,"Nevada",9/4/2026,7:30 PM,"The St John Bosco Bellflower varsity football team has a game @ Pittsburg (Nevada).","/ca/football/game/pittsburg-vs-st-john-bosco-bellflower/9-4-2026/?c=ae4d8580-8f49-4705-b047-48c5ec08888e","https://www.maxpreps.com/ca/football/game/pittsburg-vs-st-john-bosco-bellflower/9-4-2026/?c=ae4d8580-8f49-4705-b047-48c5ec08888e",e88,"Pittsburg","Bellflower","https://www.maxpreps.com/nv/pittsburg/football/","https://www.maxpreps.com/nv/st-john-bosco-bellflower/football/","",""
244,"Mater Dei Santa Ana Ca vs Valor Christian Highlands Ranch Co",Football,"Nevada",9/4/2026,7:30 PM,"The Valor Christian Highlands Ranch Co varsity football team has a game @ Mater Dei Santa Ana Ca (Nevada).","/inter-state/football/game/mater-dei-santa-ana-ca-vs-valor-christian-highlands-ranch-co/9-4-2026/?c=93f7f59a-3c65-495e-bcef-c907ecb04034","https://www.maxpreps.com/inter-state/football/game/mater-dei-santa-ana-ca-vs-valor-christian-highlands-ranch-co/9-4-2026/?c=93f7f59a-3c65-495e-bcef-c907ecb04034",167a,"Ca","Co","https://www.maxpreps.com/nv/mater-dei-santa-ana-ca/football/","https://www.maxpreps.com/nv/valor-christian-highlands-ranch-co/football/","",""
245,"Highland Palmdale vs Santa Margarita Rancho Santa Margarita",Football,"Nevada",9/4/2026,7:30 PM,"The Santa Margarita Rancho Santa Margarita varsity football team has a game @ Highland Palmdale (Nevada).","/ca/football/game/highland-palmdale-vs-santa-margarita-rancho-santa-margarita/9-4-2026/?c=9d91d9ff-fc93-4e18-afff-7927b2f5f358","https://www.maxpreps.com/ca/football/game/highland-palmdale-vs-santa-margarita-rancho-santa-margarita/9-4-2026/?c=9d91d9ff-fc93-4e18-afff-7927b2f5f358",16bc,"Palmdale","Margarita","https://www.maxpreps.com/nv/highland-palmdale/football/","https://www.maxpreps.com/nv/santa-margarita-rancho-santa-margarita/football/","",""
246,"Basha Chandler Az vs Orange Lutheran Ca",Football,"Nevada",9/4/2026,7:30 PM,"The Orange Lutheran Ca varsity football team has a game @ Basha Chandler Az (Nevada).","/inter-state/football/game/basha-chandler-az-vs-orange-lutheran-ca/9-4-2026/?c=2fa972d5-6466-4981-a23b-8c675df63750","https://www.maxpreps.com/inter-state/football/game/basha-chandler-az-vs-orange-lutheran-ca/9-4-2026/?c=2fa972d5-6466-4981-a23b-8c675df63750",eb5,"Az","Ca","https://www.maxpreps.com/nv/basha-chandler-az/football/","https://www.maxpreps.com/nv/orange-lutheran-ca/football/","",""
247,"Bedford vs Nashua South",Football,"New Hampshire",9/4/2026,7:30 PM,"The Nashua South varsity football team has a game @ Bedford (New Hampshire).","/nh/football/game/bedford-vs-nashua-south/9-4-2026/?c=00ff12fa-6337-4a18-80a1-d19073923382","https://www.maxpreps.com/nh/football/game/bedford-vs-nashua-south/9-4-2026/?c=00ff12fa-6337-4a18-80a1-d19073923382",8f9,"Purple Panthers","Bulldogs","https://www.maxpreps.com/nh/bedford/football/","https://www.maxpreps.com/nh/nashua-south/football/","https://image.maxpreps.io/school-mascot/7/6/f/76ffcf08-03f6-4dcb-96cb-6575aa4c2c84.gif?version=637120846800000000&amp;width=128&amp;height=128&amp;auto=webp&amp;format=pjpg","https://image.maxpreps.io/school-mascot/f/a/a/faa2e633-7884-49b0-ab72-aecd8f99b133.gif?version=635376426600000000&amp;width=128&amp;height=128&amp;auto=webp&amp;format=pjpg"
248,"Pinkerton Derry vs Salem",Football,"New Hampshire",9/4/2026,7:30 PM,"The Salem varsity football team has a game @ Pinkerton Derry (New Hampshire).","/nh/football/game/pinkerton-derry-vs-salem/9-4-2026/?c=098c3be1-b094-4713-be5e-f64d3225b9e6","https://www.maxpreps.com/nh/football/game/pinkerton-derry-vs-salem/9-4-2026/?c=098c3be1-b094-4713-be5e-f64d3225b9e6",982,"Blue Devils","Astros","https://www.maxpreps.com/nh/pinkerton-derry/football/","https://www.maxpreps.com/nh/salem/football/","https://image.maxpreps.io/school-mascot/9/e/3/9e3c3720-ea27-412c-b565-80e12394168a.gif?version=636161593200000000&amp;width=128&amp;height=128&amp;auto=webp&amp;format=pjpg","https://image.maxpreps.io/school-mascot/c/7/f/c7f003ef-6342-4714-8b61-03871f3f7453.gif?version=636729532200000000&amp;width=128&amp;height=128&amp;auto=webp&amp;format=pjpg"
249,"Bow vs Souhegan Amherst",Football,"New Hampshire",9/4/2026,7:30 PM,"The Souhegan Amherst varsity football team has a game @ Bow (New Hampshire).","/nh/football/game/bow-vs-souhegan-amherst/9-4-2026/?c=aa3f651e-e893-4617-99f4-d39b523dc990","https://www.maxpreps.com/nh/football/game/bow-vs-souhegan-amherst/9-4-2026/?c=aa3f651e-e893-4617-99f4-d39b523dc990",906,"Sabers","Falcons","https://www.maxpreps.com/nh/bow/football/","https://www.maxpreps.com/nh/souhegan-amherst/football/","https://image.maxpreps.io/school-mascot/f/3/8/f38a0f51-15e6-46d7-bbf7-029d576f9a35.gif?version=638750505016987050&amp;width=128&amp;height=128&amp;auto=webp&amp;format=pjpg","https://image.maxpreps.io/school-mascot/a/4/c/a4c03519-fdb4-400e-b744-e997de1cc491.gif?version=636504987600000000&amp;width=128&amp;height=128&amp;auto=webp&amp;format=pjpg"
250,"Kearsarge North Sutton vs Monadnock East Swanzey",Football,"New Hampshire",9/4/2026,7:30 PM,"The Monadnock East Swanzey varsity football team has a game @ Kearsarge North Sutton (New Hampshire).","/nh/football/game/kearsarge-north-sutton-vs-monadnock-east-swanzey/9-4-2026/?c=98278966-1142-4bf2-8525-539a55720cd0","https://www.maxpreps.com/nh/football/game/kearsarge-north-sutton-vs-monadnock-east-swanzey/9-4-2026/?c=98278966-1142-4bf2-8525-539a55720cd0",12fc,"Huskies","Cougars","https://www.maxpreps.com/nh/kearsarge-north-sutton/football/","https://www.maxpreps.com/nh/monadnock-east-swanzey/football/","https://image.maxpreps.io/school-mascot/f/b/7/fb72297d-431c-48f9-b911-d5820b87b9bb.gif?version=635745240000000000&amp;width=128&amp;height=128&amp;auto=webp&amp;format=pjpg","https://image.maxpreps.io/school-mascot/c/a/9/ca957dfc-7e07-41dc-9b82-9563b4940bde.gif?version=636172177800000000&amp;width=128&amp;height=128&amp;auto=webp&amp;format=pjpg"
251,"Goffstown vs Merrimack",Football,"New Hampshire",9/4/2026,7:30 PM,"The Merrimack varsity football team has a game @ Goffstown (New Hampshire).","/nh/football/game/goffstown-vs-merrimack/9-4-2026/?c=398e2ff0-f1ce-4ac7-85ea-e544ef9e1d03","https://www.maxpreps.com/nh/football/game/goffstown-vs-merrimack/9-4-2026/?c=398e2ff0-f1ce-4ac7-85ea-e544ef9e1d03",8db,"Grizzlies","Tomahawks","https://www.maxpreps.com/nh/goffstown/football/","https://www.maxpreps.com/nh/merrimack/football/","https://image.maxpreps.io/school-mascot/d/a/7/da785e97-f8b6-429c-8ee3-20fce1a6b93e.gif?version=638747885881558190&amp;width=128&amp;height=128&amp;auto=webp&amp;format=pjpg","https://image.maxpreps.io/school-mascot/c/b/7/cb7fb3c1-feb6-49f6-9ffc-0359801374bb.gif?version=637102699800000000&amp;width=128&amp;height=128&amp;auto=webp&amp;format=pjpg"
252,"Bishop Guertin Nashua vs Nashua North",Football,"New Hampshire",9/4/2026,7:30 PM,"The Nashua North varsity football team has a game @ Bishop Guertin Nashua (New Hampshire).","/nh/football/game/bishop-guertin-nashua-vs-nashua-north/9-4-2026/?c=aaa19f66-3210-4c4d-b728-8d611859fca6","https://www.maxpreps.com/nh/football/game/bishop-guertin-nashua-vs-nashua-north/9-4-2026/?c=aaa19f66-3210-4c4d-b728-8d611859fca6",e78,"Cardinals","Panthers","https://www.maxpreps.com/nh/bishop-guertin-nashua/football/","https://www.maxpreps.com/nh/nashua-north/football/","https://image.maxpreps.io/school-mascot/7/d/2/7d215d85-f765-4533-84d8-cd297c16e445.gif?version=636854749200000000&amp;width=128&amp;height=128&amp;auto=webp&amp;format=pjpg","https://image.maxpreps.io/school-mascot/8/8/8/8883b2a5-8800-4887-ad06-b5d9add40514.gif?version=635228892000000000&amp;width=128&amp;height=128&amp;auto=webp&amp;format=pjpg"
253,"Alvirne Hudson vs Keene",Football,"New Hampshire",9/4/2026,7:30 PM,"The Keene varsity football team has a game @ Alvirne Hudson (New Hampshire).","/nh/football/game/alvirne-hudson-vs-keene/9-4-2026/?c=df06d19f-1e1c-43eb-a59d-47d5789eb921","https://www.maxpreps.com/nh/football/game/alvirne-hudson-vs-keene/9-4-2026/?c=df06d19f-1e1c-43eb-a59d-47d5789eb921",8fa,"Broncos","Blackbirds","https://www.maxpreps.com/nh/alvirne-hudson/football/","https://www.maxpreps.com/nh/keene/football/","https://image.maxpreps.io/school-mascot/a/f/8/af89ce93-9a06-4635-a712-148572edbbac.gif?version=636244767600000000&amp;width=128&amp;height=128&amp;auto=webp&amp;format=pjpg","https://image.maxpreps.io/school-mascot/7/1/3/7138956c-20cf-4996-8e47-621d0ae528b7.gif?version=638741865379935650&amp;width=128&amp;height=128&amp;auto=webp&amp;format=pjpg"
254,"Londonderry vs Timberlane Plaistow",Football,"New Hampshire",9/4/2026,7:30 PM,"The Timberlane Plaistow varsity football team has a game @ Londonderry (New Hampshire).","/nh/football/game/londonderry-vs-timberlane-plaistow/9-4-2026/?c=49d69da3-6d1e-46a8-ad00-5200166d8f7c","https://www.maxpreps.com/nh/football/game/londonderry-vs-timberlane-plaistow/9-4-2026/?c=49d69da3-6d1e-46a8-ad00-5200166d8f7c",db6,"Lancers","Owls","https://www.maxpreps.com/nh/londonderry/football/","https://www.maxpreps.com/nh/timberlane-plaistow/football/","https://image.maxpreps.io/school-mascot/4/8/f/48f180d7-112d-4527-9284-fe3e23bc6b8a.gif?version=638751334229687630&amp;width=128&amp;height=128&amp;auto=webp&amp;format=pjpg","https://image.maxpreps.io/school-mascot/f/6/6/f66c09a3-2d07-4f58-aed3-f6d881fa0291.gif?version=638751399854341070&amp;width=128&amp;height=128&amp;auto=webp&amp;format=pjpg"
255,"Manchester Central vs Spaulding Rochester",Football,"New Hampshire",9/4/2026,7:30 PM,"The Spaulding Rochester varsity football team has a game @ Manchester Central (New Hampshire).","/nh/football/game/manchester-central-vs-spaulding-rochester/9-4-2026/?c=0cf02bd4-fd43-4852-99dc-bcafa03b86bd","https://www.maxpreps.com/nh/football/game/manchester-central-vs-spaulding-rochester/9-4-2026/?c=0cf02bd4-fd43-4852-99dc-bcafa03b86bd",1046,"Red Raiders","Little Green","https://www.maxpreps.com/nh/manchester-central/football/","https://www.maxpreps.com/nh/spaulding-rochester/football/","https://image.maxpreps.io/school-mascot/1/a/4/1a460045-ab9a-4cea-a67b-81eee3439ed5.gif?version=638751395940023510&amp;width=128&amp;height=128&amp;auto=webp&amp;format=pjpg","https://image.maxpreps.io/school-mascot/5/1/b/51bd5f59-6526-4ba7-9c51-ef23d934682e.gif?version=638751335740488740&amp;width=128&amp;height=128&amp;auto=webp&amp;format=pjpg"
256,"Laconia vs Somersworth",Football,"New Hampshire",9/4/2026,7:30 PM,"The Somersworth varsity football team has a game @ Laconia (New Hampshire).","/nh/football/game/laconia-vs-somersworth/9-4-2026/?c=3ead73b9-e46e-49fa-b6fd-209a5ad1f6bf","https://www.maxpreps.com/nh/football/game/laconia-vs-somersworth/9-4-2026/?c=3ead73b9-e46e-49fa-b6fd-209a5ad1f6bf",8e7,"Sachems","Hill Toppers","https://www.maxpreps.com/nh/laconia/football/","https://www.maxpreps.com/nh/somersworth/football/","https://image.maxpreps.io/school-mascot/3/7/a/37a3de2d-c7de-4b3d-a63d-d8a36bf84498.gif?version=638751323297158370&amp;width=128&amp;height=128&amp;auto=webp&amp;format=pjpg","https://image.maxpreps.io/school-mascot/2/4/f/24fb4f13-eec8-4d69-8fd3-62f958a5c656.gif?version=635754924000000000&amp;width=128&amp;height=128&amp;auto=webp&amp;format=pjpg"
257,"Hanover Bears vs Plymouth",Football,"New Hampshire",9/4/2026,7:30 PM,"The Plymouth varsity football team has a game @ Hanover Bears (New Hampshire).","/nh/football/game/hanover-bears-vs-plymouth/9-4-2026/?c=7736b4df-6b28-4738-8787-108d61cdaa24","https://www.maxpreps.com/nh/football/game/hanover-bears-vs-plymouth/9-4-2026/?c=7736b4df-6b28-4738-8787-108d61cdaa24",9f2,"Bobcats","Marauders","https://www.maxpreps.com/nh/hanover-bears/football/","https://www.maxpreps.com/nh/plymouth/football/","https://image.maxpreps.io/school-mascot/f/6/3/f63bf8be-38c1-4a81-a1a4-8f15b8cba042.gif?version=637031889600000000&amp;width=128&amp;height=128&amp;auto=webp&amp;format=pjpg","https://image.maxpreps.io/school-mascot/c/4/5/c4555a1a-5809-4dc4-b38a-3569ed7ab9ae.gif?version=638751277686263050&amp;width=128&amp;height=128&amp;auto=webp&amp;format=pjpg"
258,"Portsmouth Oyster River vs Winnacunnet Hampton",Football,"New Hampshire",9/4/2026,7:30 PM,"The Winnacunnet Hampton varsity football team has a game @ Portsmouth Oyster River (New Hampshire).","/nh/football/game/portsmouth-oyster-river-vs-winnacunnet-hampton/9-4-2026/?c=5ae8e468-d4eb-43c5-a07a-c5d9796aeca6","https://www.maxpreps.com/nh/football/game/portsmouth-oyster-river-vs-winnacunnet-hampton/9-4-2026/?c=5ae8e468-d4eb-43c5-a07a-c5d9796aeca6",129e,"Warriors","TBD","https://www.maxpreps.com/nh/portsmouth-oyster-river/football/","https://www.maxpreps.com/nh/winnacunnet-hampton/football/","https://image.maxpreps.io/school-mascot/c/5/e/c5e9ba25-6a29-4aed-9b49-b43072009197.gif?version=636488464800000000&amp;width=128&amp;height=128&amp;auto=webp&amp;format=pjpg","https://image.maxpreps.io/school-mascot/c/5/e/c5e9ba25-6a29-4aed-9b49-b43072009197.gif?version=636488464800000000&amp;width=64&amp;height=64&amp;auto=webp&amp;format=pjpg"
259,"Epping Newmarket vs Lebanon",Football,"New Hampshire",9/4/2026,7:30 PM,"The Lebanon varsity football team has a game @ Epping Newmarket (New Hampshire).","/nh/football/game/epping-newmarket-vs-lebanon/9-4-2026/?c=8d985cec-afc1-4bd6-af15-2f6c5929bbbe","https://www.maxpreps.com/nh/football/game/epping-newmarket-vs-lebanon/9-4-2026/?c=8d985cec-afc1-4bd6-af15-2f6c5929bbbe",aa0,"Devils","Raiders","https://www.maxpreps.com/nh/epping-newmarket/football/","https://www.maxpreps.com/nh/lebanon/football/","https://image.maxpreps.io/school-mascot/2/e/9/2e9452f1-ce96-4ec2-b23d-e451c47d0f79.gif?version=637063816800000000&amp;width=128&amp;height=128&amp;auto=webp&amp;format=pjpg","https://image.maxpreps.io/school-mascot/3/e/b/3eb4b462-2dac-4c6e-b201-c04c9b6f9e1d.gif?version=637063816800000000&amp;width=128&amp;height=128&amp;auto=webp&amp;format=pjpg"
260,"Kennett Conway vs Manchester West",Football,"New Hampshire",9/4/2026,7:30 PM,"The Manchester West varsity football team has a game @ Kennett Conway (New Hampshire).","/nh/football/game/kennett-conway-vs-manchester-west/9-4-2026/?c=417b0d68-e7d9-4e79-803b-39421c33cd17","https://www.maxpreps.com/nh/football/game/kennett-conway-vs-manchester-west/9-4-2026/?c=417b0d68-e7d9-4e79-803b-39421c33cd17",d14,"Eagles","Blue Knights","https://www.maxpreps.com/nh/kennett-conway/football/","https://www.maxpreps.com/nh/manchester-west/football/","https://image.maxpreps.io/school-mascot/e/6/e/e6ef4d2d-eb0a-499a-b169-1bce74c832a2.gif?version=638751290095833010&amp;width=128&amp;height=128&amp;auto=webp&amp;format=pjpg","https://image.maxpreps.io/school-mascot/3/9/5/39599c3f-4412-4927-a375-5f7877adeecc.gif?version=638751338785519520&amp;width=128&amp;height=128&amp;auto=webp&amp;format=pjpg"
261,"Kingswood Wolfeboro vs Pelham",Football,"New Hampshire",9/4/2026,7:30 PM,"The Pelham varsity football team has a game @ Kingswood Wolfeboro (New Hampshire).","/nh/football/game/kingswood-wolfeboro-vs-pelham/9-4-2026/?c=0943eb0e-0692-4676-85a0-32b09e86f924","https://www.maxpreps.com/nh/football/game/kingswood-wolfeboro-vs-pelham/9-4-2026/?c=0943eb0e-0692-4676-85a0-32b09e86f924",b8b,"Pythons","Knights","https://www.maxpreps.com/nh/kingswood-wolfeboro/football/","https://www.maxpreps.com/nh/pelham/football/","https://image.maxpreps.io/school-mascot/b/f/6/bf68c27f-9796-4c01-a333-2f6c5b6784b4.gif?version=638751385956660860&amp;width=128&amp;height=128&amp;auto=webp&amp;format=pjpg","https://image.maxpreps.io/school-mascot/b/0/a/b0ae11d6-8247-423b-b11c-a507a5f6f261.gif?version=638751295342492650&amp;width=128&amp;height=128&amp;auto=webp&amp;format=pjpg"
262,"Dover Nh vs Noble North Berwick Me",Football,"New Hampshire",9/4/2026,7:30 PM,"The Noble North Berwick Me varsity football team has a game @ Dover Nh (New Hampshire).","/inter-state/football/game/dover-nh-vs-noble-north-berwick-me/9-4-2026/?c=134c5e65-cee8-457c-b391-0bdf31287f98","https://www.maxpreps.com/inter-state/football/game/dover-nh-vs-noble-north-berwick-me/9-4-2026/?c=134c5e65-cee8-457c-b391-0bdf31287f98",ce1,"Green Wave","Knights","https://www.maxpreps.com/nh/dover-nh/football/","https://www.maxpreps.com/nh/noble-north-berwick-me/football/","https://image.maxpreps.io/school-mascot/8/1/0/81032b24-299d-4a3e-9d5d-64b699bdbe90.gif?version=635055684600000000&amp;width=128&amp;height=128&amp;auto=webp&amp;format=pjpg","https://image.maxpreps.io/school-mascot/4/d/6/4d6b5571-b190-40b0-8fd1-97720a5e29dc.gif?version=636716800200000000&amp;width=128&amp;height=128&amp;auto=webp&amp;format=pjpg"
263,"Gilford vs Stevens Claremont",Football,"New Hampshire",9/4/2026,7:30 PM,"The Stevens Claremont varsity football team has a game @ Gilford (New Hampshire).","/nh/football/game/gilford-vs-stevens-claremont/9-4-2026/?c=dfbf13aa-3617-4455-8dde-777710dc0432","https://www.maxpreps.com/nh/football/game/gilford-vs-stevens-claremont/9-4-2026/?c=dfbf13aa-3617-4455-8dde-777710dc0432",b24,"Golden Eagles","Cardinals","https://www.maxpreps.com/nh/gilford/football/","https://www.maxpreps.com/nh/stevens-claremont/football/","https://image.maxpreps.io/school-mascot/d/6/4/d6484f48-f164-42c9-83ac-e9facfe12de1.gif?version=635554522800000000&amp;width=128&amp;height=128&amp;auto=webp&amp;format=pjpg","https://image.maxpreps.io/school-mascot/3/8/a/38a623ea-d32d-482a-87b8-53996e6725a4.gif?version=635466143400000000&amp;width=128&amp;height=128&amp;auto=webp&amp;format=pjpg"
264,"Hollis Brookline vs Merrimack Valley Penacook",Football,"New Hampshire",9/4/2026,7:30 PM,"The Merrimack Valley Penacook varsity football team has a game @ Hollis Brookline (New Hampshire).","/nh/football/game/hollis-brookline-vs-merrimack-valley-penacook/9-4-2026/?c=24524d74-0790-480a-9443-20bba539554d","https://www.maxpreps.com/nh/football/game/hollis-brookline-vs-merrimack-valley-penacook/9-4-2026/?c=24524d74-0790-480a-9443-20bba539554d",11b2,"Pride","Cavaliers","https://www.maxpreps.com/nh/hollis-brookline/football/","https://www.maxpreps.com/nh/merrimack-valley-penacook/football/","https://image.maxpreps.io/school-mascot/5/9/d/59de45b8-ee02-4893-a96f-bf1a7bc1df4e.gif?version=636909163200000000&amp;width=128&amp;height=128&amp;auto=webp&amp;format=pjpg","https://image.maxpreps.io/school-mascot/9/1/2/9125cd2b-6b8e-4291-93bb-0548e54296f3.gif?version=635963415600000000&amp;width=128&amp;height=128&amp;auto=webp&amp;format=pjpg"
265,"Exeter vs Manchester Memorial",Football,"New Hampshire",9/4/2026,7:30 PM,"The Manchester Memorial varsity football team has a game @ Exeter (New Hampshire).","/nh/football/game/exeter-vs-manchester-memorial/9-4-2026/?c=b1a54fb7-0fec-41dd-b2a6-ef2ea00a2000","https://www.maxpreps.com/nh/football/game/exeter-vs-manchester-memorial/9-4-2026/?c=b1a54fb7-0fec-41dd-b2a6-ef2ea00a2000",b7d,"Crusaders","Blue Hawks","https://www.maxpreps.com/nh/exeter/football/","https://www.maxpreps.com/nh/manchester-memorial/football/","https://image.maxpreps.io/school-mascot/1/2/4/1242d4a9-b60a-43f1-8008-1106af4cd334.gif?version=636139308000000000&amp;width=128&amp;height=128&amp;auto=webp&amp;format=pjpg","https://image.maxpreps.io/school-mascot/7/9/7/79784963-6540-4e22-bfca-2cc98109ca3e.gif?version=636723561000000000&amp;width=128&amp;height=128&amp;auto=webp&amp;format=pjpg"
266,"Concord vs Windham",Football,"New Hampshire",9/4/2026,7:30 PM,"The Windham varsity football team has a game @ Concord (New Hampshire).","/nh/football/game/concord-vs-windham/9-4-2026/?c=bfe274c8-a9c9-447e-8134-b39d93e0ee12","https://www.maxpreps.com/nh/football/game/concord-vs-windham/9-4-2026/?c=bfe274c8-a9c9-447e-8134-b39d93e0ee12",713,"Jaguars","Crimson Tide","https://www.maxpreps.com/nh/concord/football/","https://www.maxpreps.com/nh/windham/football/","https://image.maxpreps.io/school-mascot/4/4/3/4437a63a-b149-444c-8934-712d46e908c1.gif?version=637063816800000000&amp;width=128&amp;height=128&amp;auto=webp&amp;format=pjpg","https://image.maxpreps.io/school-mascot/6/9/7/6978dbf7-b782-44fa-b289-2568fc55ee26.gif?version=637038770400000000&amp;width=128&amp;height=128&amp;auto=webp&amp;format=pjpg"
267,"Conval Peterborough vs St Thomas Aquinas Dover",Football,"New Hampshire",9/4/2026,7:30 PM,"The St Thomas Aquinas Dover varsity football team has a game @ Conval Peterborough (New Hampshire).","/nh/football/game/conval-peterborough-vs-st-thomas-aquinas-dover/9-4-2026/?c=2da30ffc-cf66-423e-872f-8766b683cdae","https://www.maxpreps.com/nh/football/game/conval-peterborough-vs-st-thomas-aquinas-dover/9-4-2026/?c=2da30ffc-cf66-423e-872f-8766b683cdae",1215,"Saints","Cougars","https://www.maxpreps.com/nh/conval-peterborough/football/","https://www.maxpreps.com/nh/st-thomas-aquinas-dover/football/","https://image.maxpreps.io/school-mascot/c/1/6/c1609acf-caee-4c9f-bcd6-622d1c789efc.gif?version=635691016800000000&amp;width=128&amp;height=128&amp;auto=webp&amp;format=pjpg","https://image.maxpreps.io/school-mascot/c/6/f/c6f4034a-3312-48c2-9f6d-b7bd39d01372.gif?version=637063816800000000&amp;width=128&amp;height=128&amp;auto=webp&amp;format=pjpg"
268,"Spanish River Boca Raton vs West Boca Raton",Football,"New Hampshire",9/4/2026,7:30 PM,"The West Boca Raton varsity football team has a game @ Spanish River Boca Raton (New Hampshire).","/fl/football/game/spanish-river-boca-raton-vs-west-boca-raton/9-4-2026/?c=2df94f0f-5814-4cd6-830e-fadc7220adf3","https://www.maxpreps.com/fl/football/game/spanish-river-boca-raton-vs-west-boca-raton/9-4-2026/?c=2df94f0f-5814-4cd6-830e-fadc7220adf3",1077,"Bulls","Sharks","https://www.maxpreps.com/nh/spanish-river-boca-raton/football/","https://www.maxpreps.com/nh/west-boca-raton/football/","https://image.maxpreps.io/school-mascot/e/7/9/e7903dfb-37a9-4b3b-af93-19f0569f5114.gif?version=638296082400000000&amp;width=128&amp;height=128&amp;auto=webp&amp;format=pjpg","https://image.maxpreps.io/school-mascot/5/1/b/51b8b1b1-8c45-4dd4-b155-be622046a45b.gif?version=638201005800000000&amp;width=128&amp;height=128&amp;auto=webp&amp;format=pjpg"
269,"Columbus Miami vs St Thomas Aquinas Fort Lauderdale",Football,"New Hampshire",9/4/2026,7:30 PM,"The St Thomas Aquinas Fort Lauderdale varsity football team has a game @ Columbus Miami (New Hampshire).","/fl/football/game/columbus-miami-vs-st-thomas-aquinas-fort-lauderdale/9-4-2026/?c=4c5013d0-411d-428c-aecc-b0ec69545c96","https://www.maxpreps.com/fl/football/game/columbus-miami-vs-st-thomas-aquinas-fort-lauderdale/9-4-2026/?c=4c5013d0-411d-428c-aecc-b0ec69545c96",13ce,"Explorers","Raiders","https://www.maxpreps.com/nh/columbus-miami/football/","https://www.maxpreps.com/nh/st-thomas-aquinas-fort-lauderdale/football/","https://image.maxpreps.io/school-mascot/5/c/e/5ce85d4b-4ce3-48ca-8b24-2a304bba4853.gif?version=637698085200000000&amp;width=128&amp;height=128&amp;auto=webp&amp;format=pjpg","https://image.maxpreps.io/school-mascot/b/d/1/bd12f619-3d60-413e-a9ef-5742cd4a21bb.gif?version=637743744600000000&amp;width=128&amp;height=128&amp;auto=webp&amp;format=pjpg"
270,"St Frances Academy Baltimore Md vs Vero Beach Fl",Football,"New Hampshire",9/4/2026,7:30 PM,"The Vero Beach Fl varsity football team has a game @ St Frances Academy Baltimore Md (New Hampshire).","/inter-state/football/game/st-frances-academy-baltimore-md-vs-vero-beach-fl/9-4-2026/?c=8657235a-0e5e-4c65-a4cf-5afea036220b","https://www.maxpreps.com/inter-state/football/game/st-frances-academy-baltimore-md-vs-vero-beach-fl/9-4-2026/?c=8657235a-0e5e-4c65-a4cf-5afea036220b",11ff,"Panthers","Fighting Indians","https://www.maxpreps.com/nh/st-frances-academy-baltimore-md/football/","https://www.maxpreps.com/nh/vero-beach-fl/football/","https://image.maxpreps.io/school-mascot/c/1/7/c1783fb0-c965-42a0-abe3-41fbe7641303.gif?version=637678140000000000&amp;width=128&amp;height=128&amp;auto=webp&amp;format=pjpg","https://image.maxpreps.io/school-mascot/5/d/2/5d24e8dd-140c-484a-832d-82ffe4c1cc4d.gif?version=637273772400000000&amp;width=128&amp;height=128&amp;auto=webp&amp;format=pjpg"
271,"Brownsburg vs Franklin Central Indianapolis",Football,"New Hampshire",9/4/2026,7:30 PM,"The Franklin Central Indianapolis varsity football team has a game @ Brownsburg (New Hampshire).","/in/football/game/brownsburg-vs-franklin-central-indianapolis/9-4-2026/?c=955cbe28-7675-45ea-b98c-0ef9ca963cf1","https://www.maxpreps.com/in/football/game/brownsburg-vs-franklin-central-indianapolis/9-4-2026/?c=955cbe28-7675-45ea-b98c-0ef9ca963cf1",1121,"Bulldogs","Flashes","https://www.maxpreps.com/nh/brownsburg/football/","https://www.maxpreps.com/nh/franklin-central-indianapolis/football/","https://image.maxpreps.io/school-mascot/f/f/f/fffd75cb-8399-40ed-91b3-96f77700c51d.gif?version=635139768000000000&amp;width=128&amp;height=128&amp;auto=webp&amp;format=pjpg","https://image.maxpreps.io/school-mascot/b/c/1/bc1032be-c3f6-49f6-ab4e-4a12d9b154ae.gif?version=636007959000000000&amp;width=128&amp;height=128&amp;auto=webp&amp;format=pjpg"
272,"Hough Cornelius vs Providence Day Charlotte",Football,"New Hampshire",9/4/2026,7:30 PM,"The Providence Day Charlotte varsity football team has a game @ Hough Cornelius (New Hampshire).","/nc/football/game/hough-cornelius-vs-providence-day-charlotte/9-4-2026/?c=4124eab2-88ff-4d44-a633-37333b39f0b0","https://www.maxpreps.com/nc/football/game/hough-cornelius-vs-providence-day-charlotte/9-4-2026/?c=4124eab2-88ff-4d44-a633-37333b39f0b0",10ec,"Chargers","Huskies","https://www.maxpreps.com/nh/hough-cornelius/football/","https://www.maxpreps.com/nh/providence-day-charlotte/football/","https://image.maxpreps.io/school-mascot/d/0/c/d0cb43d1-98fc-4f0a-8d6e-3ec2cd944ce7.gif?version=638380068600000000&amp;width=128&amp;height=128&amp;auto=webp&amp;format=pjpg","https://image.maxpreps.io/school-mascot/a/5/3/a53ca03e-8631-42bb-8ff5-e4cb709e2d7b.gif?version=638026432800000000&amp;width=128&amp;height=128&amp;auto=webp&amp;format=pjpg"
273,"Baylor Chattanooga Tn vs Rabun Gap Nacoochee Ga",Football,"New Hampshire",9/4/2026,7:30 PM,"The Rabun Gap Nacoochee Ga varsity football team has a game @ Baylor Chattanooga Tn (New Hampshire).","/inter-state/football/game/baylor-chattanooga-tn-vs-rabun-gap-nacoochee-ga/9-4-2026/?c=b07a4869-795e-4a26-b3ac-0cdcbcc8c3fc","https://www.maxpreps.com/inter-state/football/game/baylor-chattanooga-tn-vs-rabun-gap-nacoochee-ga/9-4-2026/?c=b07a4869-795e-4a26-b3ac-0cdcbcc8c3fc",11d5,"Red Raiders","Eagles","https://www.maxpreps.com/nh/baylor-chattanooga-tn/football/","https://www.maxpreps.com/nh/rabun-gap-nacoochee-ga/football/","https://image.maxpreps.io/school-mascot/5/f/2/5f2d9046-3d33-4dfc-8628-1abcfb96d21a.gif?version=639228910203514210&amp;width=128&amp;height=128&amp;auto=webp&amp;format=pjpg","https://image.maxpreps.io/school-mascot/8/5/6/856a10a0-6ef4-4549-83be-89d5a40ed008.gif?version=639228910193935300&amp;width=128&amp;height=128&amp;auto=webp&amp;format=pjpg"
274,"Lee County Leesburg vs Sequoyah Canton",Football,"New Hampshire",9/4/2026,7:30 PM,"The Sequoyah Canton varsity football team has a game @ Lee County Leesburg (New Hampshire).","/ga/football/game/lee-county-leesburg-vs-sequoyah-canton/9-4-2026/?c=7610023d-8fa5-4efe-8b56-1d730dbb3b61","https://www.maxpreps.com/ga/football/game/lee-county-leesburg-vs-sequoyah-canton/9-4-2026/?c=7610023d-8fa5-4efe-8b56-1d730dbb3b61",eed,"Trojans","Chiefs","https://www.maxpreps.com/nh/lee-county-leesburg/football/","https://www.maxpreps.com/nh/sequoyah-canton/football/","https://image.maxpreps.io/school-mascot/5/2/d/52d89642-6d2d-4bbb-b0a3-d0484800936c.gif?version=639180703263995690&amp;width=128&amp;height=128&amp;auto=webp&amp;format=pjpg","https://image.maxpreps.io/school-mascot/a/a/6/aa644a9a-d692-44a8-a403-f941779fd977.gif?version=638685067387249990&amp;width=128&amp;height=128&amp;auto=webp&amp;format=pjpg"
275,"Buford Ga vs Mallard Creek Charlotte Nc",Football,"New Hampshire",9/4/2026,7:30 PM,"The Mallard Creek Charlotte Nc varsity football team has a game @ Buford Ga (New Hampshire).","/inter-state/football/game/buford-ga-vs-mallard-creek-charlotte-nc/9-4-2026/?c=06e6ec32-3617-4780-9c64-ac63fdddd2ef","https://www.maxpreps.com/inter-state/football/game/buford-ga-vs-mallard-creek-charlotte-nc/9-4-2026/?c=06e6ec32-3617-4780-9c64-ac63fdddd2ef",ebf,"Wolves","Mavericks","https://www.maxpreps.com/nh/buford-ga/football/","https://www.maxpreps.com/nh/mallard-creek-charlotte-nc/football/","https://image.maxpreps.io/school-mascot/6/d/0/6d00b044-607e-4dee-aa9b-e1fc2c6a87bc.gif?version=637816301400000000&amp;width=128&amp;height=128&amp;auto=webp&amp;format=pjpg","https://image.maxpreps.io/school-mascot/d/1/b/d1b36908-99b6-476b-9324-6cd4a2873dbf.gif?version=638714615948184910&amp;width=128&amp;height=128&amp;auto=webp&amp;format=pjpg"
276,"Brentwood Academy Tn vs St Josephs Prep Philadelphia Pa",Football,"New Hampshire",9/4/2026,7:30 PM,"The St Josephs Prep Philadelphia Pa varsity football team has a game @ Brentwood Academy Tn (New Hampshire).","/inter-state/football/game/brentwood-academy-tn-vs-st-josephs-prep-philadelphia-pa/9-4-2026/?c=ed5acb23-ac8e-4678-b125-34e32de77c48","https://www.maxpreps.com/inter-state/football/game/brentwood-academy-tn-vs-st-josephs-prep-philadelphia-pa/9-4-2026/?c=ed5acb23-ac8e-4678-b125-34e32de77c48",152b,"Hawks","Eagles","https://www.maxpreps.com/nh/brentwood-academy-tn/football/","https://www.maxpreps.com/nh/st-josephs-prep-philadelphia-pa/football/","https://image.maxpreps.io/school-mascot/e/6/c/e6ce254d-240b-4081-a66e-26e1ced9a095.gif?version=634195611000000000&amp;width=128&amp;height=128&amp;auto=webp&amp;format=pjpg","https://image.maxpreps.io/school-mascot/1/c/a/1ca1eec6-40e3-4d04-9831-04fe92760ad0.gif?version=635850925200000000&amp;width=128&amp;height=128&amp;auto=webp&amp;format=pjpg"
277,"Carrollton Ga vs Catholic Br Bears Baton Rouge La",Football,"New Hampshire",9/4/2026,7:30 PM,"The Catholic Br Bears Baton Rouge La varsity football team has a game @ Carrollton Ga (New Hampshire).","/inter-state/football/game/carrollton-ga-vs-catholic-br-bears-baton-rouge-la/9-4-2026/?c=e1dcde90-b8ab-454b-9b12-6974776f6af0","https://www.maxpreps.com/inter-state/football/game/carrollton-ga-vs-catholic-br-bears-baton-rouge-la/9-4-2026/?c=e1dcde90-b8ab-454b-9b12-6974776f6af0",1284,"Trojans","Bears","https://www.maxpreps.com/nh/carrollton-ga/football/","https://www.maxpreps.com/nh/catholic-br-bears-baton-rouge-la/football/","https://image.maxpreps.io/school-mascot/2/c/6/2c66e977-fcec-48c5-9f86-062a506b700c.gif?version=639183171975290540&amp;width=128&amp;height=128&amp;auto=webp&amp;format=pjpg","https://image.maxpreps.io/school-mascot/c/e/a/cea9671e-4023-4b39-8c55-1a7b7750f5bb.gif?version=636066214800000000&amp;width=128&amp;height=128&amp;auto=webp&amp;format=pjpg"
278,"Thompson Alabaster vs Vestavia Hills",Football,"New Hampshire",9/4/2026,7:30 PM,"The Vestavia Hills varsity football team has a game @ Thompson Alabaster (New Hampshire).","/al/football/game/thompson-alabaster-vs-vestavia-hills/9-4-2026/?c=592c6bca-5e37-4616-9dee-75190a10da96","https://www.maxpreps.com/al/football/game/thompson-alabaster-vs-vestavia-hills/9-4-2026/?c=592c6bca-5e37-4616-9dee-75190a10da96",e43,"Rebels","Warriors","https://www.maxpreps.com/nh/thompson-alabaster/football/","https://www.maxpreps.com/nh/vestavia-hills/football/","https://image.maxpreps.io/school-mascot/4/9/3/493a7c03-17c9-48f1-a8bb-fbb0b9364256.gif?version=638253699600000000&amp;width=128&amp;height=128&amp;auto=webp&amp;format=pjpg","https://image.maxpreps.io/school-mascot/f/d/8/fd85c43e-1a06-49c8-a805-b2c8fe9588ed.gif?version=638253696000000000&amp;width=128&amp;height=128&amp;auto=webp&amp;format=pjpg"
279,"Allen vs Desoto",Football,"New Hampshire",9/4/2026,7:30 PM,"The Desoto varsity football team has a game @ Allen (New Hampshire).","/tx/football/game/allen-vs-desoto/9-4-2026/?c=1e1ac24c-e7af-4a4c-bd2a-2c3503a01558","https://www.maxpreps.com/tx/football/game/allen-vs-desoto/9-4-2026/?c=1e1ac24c-e7af-4a4c-bd2a-2c3503a01558",5dd,"Fighting Eagles","Eagles","https://www.maxpreps.com/nh/allen/football/","https://www.maxpreps.com/nh/desoto/football/","https://image.maxpreps.io/school-mascot/9/a/0/9a075e03-96fb-4f90-9768-1541d5385443.gif?version=637969274400000000&amp;width=128&amp;height=128&amp;auto=webp&amp;format=pjpg","https://image.maxpreps.io/school-mascot/0/b/a/0bad373d-33a2-45b6-b1d4-6c55e876344c.gif?version=639215103242455420&amp;width=128&amp;height=128&amp;auto=webp&amp;format=pjpg"
280,"Bishop Gorman Las Vegas Nv vs Lone Peak Highland Ut",Football,"New Hampshire",9/4/2026,7:30 PM,"The Lone Peak Highland Ut varsity football team has a game @ Bishop Gorman Las Vegas Nv (New Hampshire).","/inter-state/football/game/bishop-gorman-las-vegas-nv-vs-lone-peak-highland-ut/9-4-2026/?c=29b1621b-f35c-4b32-9edc-53e708acc330","https://www.maxpreps.com/inter-state/football/game/bishop-gorman-las-vegas-nv-vs-lone-peak-highland-ut/9-4-2026/?c=29b1621b-f35c-4b32-9edc-53e708acc330",1338,"Gaels","Knights","https://www.maxpreps.com/nh/bishop-gorman-las-vegas-nv/football/","https://www.maxpreps.com/nh/lone-peak-highland-ut/football/","https://image.maxpreps.io/school-mascot/0/3/c/03c125d3-5255-4e5d-8991-5e543fe741d2.gif?version=638070447000000000&amp;width=128&amp;height=128&amp;auto=webp&amp;format=pjpg","https://image.maxpreps.io/school-mascot/e/7/b/e7badf59-379d-43cc-a875-938bdc607f2d.gif?version=635784693600000000&amp;width=128&amp;height=128&amp;auto=webp&amp;format=pjpg"
281,"Pittsburg vs St John Bosco Bellflower",Football,"New Hampshire",9/4/2026,7:30 PM,"The St John Bosco Bellflower varsity football team has a game @ Pittsburg (New Hampshire).","/ca/football/game/pittsburg-vs-st-john-bosco-bellflower/9-4-2026/?c=ae4d8580-8f49-4705-b047-48c5ec08888e","https://www.maxpreps.com/ca/football/game/pittsburg-vs-st-john-bosco-bellflower/9-4-2026/?c=ae4d8580-8f49-4705-b047-48c5ec08888e",e88,"Braves","Pirates","https://www.maxpreps.com/nh/pittsburg/football/","https://www.maxpreps.com/nh/st-john-bosco-bellflower/football/","https://image.maxpreps.io/school-mascot/2/2/9/229cf8e5-737c-418e-8f4e-f3ac3d566af4.gif?version=635307417600000000&amp;width=128&amp;height=128&amp;auto=webp&amp;format=pjpg","https://image.maxpreps.io/school-mascot/c/e/a/ceae31e6-bcbb-4762-8063-3f569621e5b2.gif?version=637195262400000000&amp;width=128&amp;height=128&amp;auto=webp&amp;format=pjpg"
282,"Mater Dei Santa Ana Ca vs Valor Christian Highlands Ranch Co",Football,"New Hampshire",9/4/2026,7:30 PM,"The Valor Christian Highlands Ranch Co varsity football team has a game @ Mater Dei Santa Ana Ca (New Hampshire).","/inter-state/football/game/mater-dei-santa-ana-ca-vs-valor-christian-highlands-ranch-co/9-4-2026/?c=93f7f59a-3c65-495e-bcef-c907ecb04034","https://www.maxpreps.com/inter-state/football/game/mater-dei-santa-ana-ca-vs-valor-christian-highlands-ranch-co/9-4-2026/?c=93f7f59a-3c65-495e-bcef-c907ecb04034",167a,"Eagles","Monarchs","https://www.maxpreps.com/nh/mater-dei-santa-ana-ca/football/","https://www.maxpreps.com/nh/valor-christian-highlands-ranch-co/football/","https://image.maxpreps.io/school-mascot/8/4/c/84cca0c4-525c-4db8-bf1f-e1647ab540c2.gif?version=636809758200000000&amp;width=128&amp;height=128&amp;auto=webp&amp;format=pjpg","https://image.maxpreps.io/school-mascot/2/b/6/2b6b45d3-4465-4750-ba48-a273b674e37c.gif?version=637964957400000000&amp;width=128&amp;height=128&amp;auto=webp&amp;format=pjpg"
283,"Arbor View Las Vegas Nv vs Hamilton Chandler Az",Football,"New Hampshire",9/4/2026,7:30 PM,"The Hamilton Chandler Az varsity football team has a game @ Arbor View Las Vegas Nv (New Hampshire).","/inter-state/football/game/arbor-view-las-vegas-nv-vs-hamilton-chandler-az/9-4-2026/?c=4d6c7ace-3a91-4768-b267-66760bd60042","https://www.maxpreps.com/inter-state/football/game/arbor-view-las-vegas-nv-vs-hamilton-chandler-az/9-4-2026/?c=4d6c7ace-3a91-4768-b267-66760bd60042",11d4,"Aggies","Huskies","https://www.maxpreps.com/nh/arbor-view-las-vegas-nv/football/","https://www.maxpreps.com/nh/hamilton-chandler-az/football/","https://image.maxpreps.io/school-mascot/b/2/0/b20ff76b-498c-411b-9973-6d105d3dee33.gif?version=634892862600000000&amp;width=128&amp;height=128&amp;auto=webp&amp;format=pjpg","https://image.maxpreps.io/school-mascot/9/6/e/96ef6983-d533-4398-807f-f0fe51088378.gif?version=638447241600000000&amp;width=128&amp;height=128&amp;auto=webp&amp;format=pjpg"
284,"Highland Palmdale vs Santa Margarita Rancho Santa Margarita",Football,"New Hampshire",9/4/2026,7:30 PM,"The Santa Margarita Rancho Santa Margarita varsity football team has a game @ Highland Palmdale (New Hampshire).","/ca/football/game/highland-palmdale-vs-santa-margarita-rancho-santa-margarita/9-4-2026/?c=9d91d9ff-fc93-4e18-afff-7927b2f5f358","https://www.maxpreps.com/ca/football/game/highland-palmdale-vs-santa-margarita-rancho-santa-margarita/9-4-2026/?c=9d91d9ff-fc93-4e18-afff-7927b2f5f358",16bc,"Bulldogs","Eagles","https://www.maxpreps.com/nh/highland-palmdale/football/","https://www.maxpreps.com/nh/santa-margarita-rancho-santa-margarita/football/","https://image.maxpreps.io/school-mascot/e/1/3/e13abd1f-53f8-4920-abe7-9b1f1e28db45.gif?version=636564883200000000&amp;width=128&amp;height=128&amp;auto=webp&amp;format=pjpg","https://image.maxpreps.io/school-mascot/f/f/4/ff429903-681b-4ad1-abd7-356a7492395e.gif?version=636830746200000000&amp;width=128&amp;height=128&amp;auto=webp&amp;format=pjpg"
285,"Basha Chandler Az vs Orange Lutheran Ca",Football,"New Hampshire",9/4/2026,7:30 PM,"The Orange Lutheran Ca varsity football team has a game @ Basha Chandler Az (New Hampshire).","/inter-state/football/game/basha-chandler-az-vs-orange-lutheran-ca/9-4-2026/?c=2fa972d5-6466-4981-a23b-8c675df63750","https://www.maxpreps.com/inter-state/football/game/basha-chandler-az-vs-orange-lutheran-ca/9-4-2026/?c=2fa972d5-6466-4981-a23b-8c675df63750",eb5,"Bears","Lancers","https://www.maxpreps.com/nh/basha-chandler-az/football/","https://www.maxpreps.com/nh/orange-lutheran-ca/football/","https://image.maxpreps.io/school-mascot/a/9/4/a9439e73-249d-4e8c-872b-f8f4ffe9252a.gif?version=637716312000000000&amp;width=128&amp;height=128&amp;auto=webp&amp;format=pjpg","https://image.maxpreps.io/school-mascot/0/9/8/098e1491-1717-4088-b7a0-55e47c8e1d17.gif?version=638898962800923950&amp;width=128&amp;height=128&amp;auto=webp&amp;format=pjpg"
286,"Amarillo Tx vs Cleveland Rio Rancho Nm",Football,"New Mexico",9/4/2026,7:30 PM,"The Cleveland Rio Rancho Nm varsity football team has a game @ Amarillo Tx (New Mexico).","/inter-state/football/game/amarillo-tx-vs-cleveland-rio-rancho-nm/9-4-2026/?c=556e20d6-a017-4366-a2a8-60795e985f0c","https://www.maxpreps.com/inter-state/football/game/amarillo-tx-vs-cleveland-rio-rancho-nm/9-4-2026/?c=556e20d6-a017-4366-a2a8-60795e985f0c",e82,"The Storm","Sandies","https://www.maxpreps.com/nm/amarillo-tx/football/","https://www.maxpreps.com/nm/cleveland-rio-rancho-nm/football/","https://image.maxpreps.io/school-mascot/0/8/8/088d700d-9a66-4fc9-b104-b80b2c72f7b3.gif?version=634556485200000000&amp;width=128&amp;height=128&amp;auto=webp&amp;format=pjpg","https://image.maxpreps.io/school-mascot/8/d/d/8dd9d584-b4aa-4d6e-a625-b5fa746832b1.gif?version=639224671805674170&amp;width=128&amp;height=128&amp;auto=webp&amp;format=pjpg"
287,"Las Cruces vs Mayfield Las Cruces",Football,"New Mexico",9/4/2026,7:30 PM,"The Mayfield Las Cruces varsity football team has a game @ Las Cruces (New Mexico).","/nm/football/game/las-cruces-vs-mayfield-las-cruces/9-4-2026/?c=266d5012-007f-4d3b-a784-8f606fc13f5a","https://www.maxpreps.com/nm/football/game/las-cruces-vs-mayfield-las-cruces/9-4-2026/?c=266d5012-007f-4d3b-a784-8f606fc13f5a",c9f,"Trojans","Bulldawgs","https://www.maxpreps.com/nm/las-cruces/football/","https://www.maxpreps.com/nm/mayfield-las-cruces/football/","https://image.maxpreps.io/school-mascot/3/5/8/358cb3c5-02ad-4f0e-b881-f3275cd0f3d3.gif?version=635609720400000000&amp;width=128&amp;height=128&amp;auto=webp&amp;format=pjpg","https://image.maxpreps.io/school-mascot/4/4/8/448edc27-3bbc-4ce1-ad01-b49dcda350c1.gif?version=634823406000000000&amp;width=128&amp;height=128&amp;auto=webp&amp;format=pjpg"
288,"Olympus Salt Lake City Ut vs Piedra Vista Farmington Nm",Football,"New Mexico",9/4/2026,7:30 PM,"The Piedra Vista Farmington Nm varsity football team has a game @ Olympus Salt Lake City Ut (New Mexico).","/inter-state/football/game/olympus-salt-lake-city-ut-vs-piedra-vista-farmington-nm/9-4-2026/?c=9eb7c847-b88a-4fd7-9a74-5308a22ddb6a","https://www.maxpreps.com/inter-state/football/game/olympus-salt-lake-city-ut-vs-piedra-vista-farmington-nm/9-4-2026/?c=9eb7c847-b88a-4fd7-9a74-5308a22ddb6a",1536,"Panthers","Titans","https://www.maxpreps.com/nm/olympus-salt-lake-city-ut/football/","https://www.maxpreps.com/nm/piedra-vista-farmington-nm/football/","https://image.maxpreps.io/school-mascot/2/e/c/2ec2de50-c07f-41b0-8e6d-25d63d84a5c7.gif?version=634903864800000000&amp;width=128&amp;height=128&amp;auto=webp&amp;format=pjpg","https://image.maxpreps.io/school-mascot/8/f/e/8fe978ec-f307-4ea5-8691-d09e185561fd.gif?version=635231308800000000&amp;width=128&amp;height=128&amp;auto=webp&amp;format=pjpg"
289,"El Paso Leadership Academy East Tx vs Reserve Nm",Football,"New Mexico",9/4/2026,7:30 PM,"The Reserve Nm varsity football team has a game @ El Paso Leadership Academy East Tx (New Mexico).","/inter-state/football/game/el-paso-leadership-academy-east-tx-vs-reserve-nm/9-4-2026/?c=e8a4b37a-2f0e-4c33-80e3-e1b1af167267","https://www.maxpreps.com/inter-state/football/game/el-paso-leadership-academy-east-tx-vs-reserve-nm/9-4-2026/?c=e8a4b37a-2f0e-4c33-80e3-e1b1af167267",123a,"Leaders","Mountaineers","https://www.maxpreps.com/nm/el-paso-leadership-academy-east-tx/football/","https://www.maxpreps.com/nm/reserve-nm/football/","https://image.maxpreps.io/school-mascot/c/a/c/cacad210-0a44-47b0-bfe8-2255883f57a1.gif?version=638828122443548460&amp;width=128&amp;height=128&amp;auto=webp&amp;format=pjpg","https://image.maxpreps.io/school-mascot/2/2/9/229624ad-612e-442e-996b-78fb982e936c.gif?version=637467420600000000&amp;width=128&amp;height=128&amp;auto=webp&amp;format=pjpg"
290,"Animas vs Logan",Football,"New Mexico",9/4/2026,7:30 PM,"The Logan varsity football team has a game @ Animas (New Mexico).","/nm/football/game/animas-vs-logan/9-4-2026/?c=3cf3bcc3-3c18-4572-9abf-3450f7dc4f37","https://www.maxpreps.com/nm/football/game/animas-vs-logan/9-4-2026/?c=3cf3bcc3-3c18-4572-9abf-3450f7dc4f37",5cd,"Panthers","Longhorns","https://www.maxpreps.com/nm/animas/football/","https://www.maxpreps.com/nm/logan/football/","https://image.maxpreps.io/school-mascot/1/8/2/18201788-1b1e-485d-b543-b8e1d0e8fe60.gif?version=638652708660467530&amp;width=128&amp;height=128&amp;auto=webp&amp;format=pjpg","https://image.maxpreps.io/school-mascot/2/3/a/23a25e46-0e0e-44ff-9991-9d6c758f47a4.gif?version=637081956600000000&amp;width=128&amp;height=128&amp;auto=webp&amp;format=pjpg"
291,"Bloomfield vs Taos",Football,"New Mexico",9/4/2026,7:30 PM,"The Taos varsity football team has a game @ Bloomfield (New Mexico).","/nm/football/game/bloomfield-vs-taos/9-4-2026/?c=b22ae6c6-f080-412f-998e-28fe7fb37760","https://www.maxpreps.com/nm/football/game/bloomfield-vs-taos/9-4-2026/?c=b22ae6c6-f080-412f-998e-28fe7fb37760",717,"Tigers","Bobcats","https://www.maxpreps.com/nm/bloomfield/football/","https://www.maxpreps.com/nm/taos/football/","https://image.maxpreps.io/school-mascot/5/1/3/51363d9c-095d-4697-b98f-a13f25028c21.gif?version=635766945000000000&amp;width=128&amp;height=128&amp;auto=webp&amp;format=pjpg","https://image.maxpreps.io/school-mascot/7/b/a/7ba1a0c7-54b9-4217-bc9d-f6cef21035cd.gif?version=637263484200000000&amp;width=128&amp;height=128&amp;auto=webp&amp;format=pjpg"
292,"Gallup vs West Las Vegas",Football,"New Mexico",9/4/2026,7:30 PM,"The West Las Vegas varsity football team has a game @ Gallup (New Mexico).","/nm/football/game/gallup-vs-west-las-vegas/9-4-2026/?c=5591ee48-f155-4865-ad79-d200e7288d3f","https://www.maxpreps.com/nm/football/game/gallup-vs-west-las-vegas/9-4-2026/?c=5591ee48-f155-4865-ad79-d200e7288d3f",93b,"Dons","Bengals","https://www.maxpreps.com/nm/gallup/football/","https://www.maxpreps.com/nm/west-las-vegas/football/","https://image.maxpreps.io/school-mascot/3/e/5/3e515452-24a3-46fb-b08e-71e172e7bde4.gif?version=638296920600000000&amp;width=128&amp;height=128&amp;auto=webp&amp;format=pjpg","https://image.maxpreps.io/school-mascot/8/c/a/8cab342d-c8d9-4443-8b85-5554df1b44dd.gif?version=637714423800000000&amp;width=128&amp;height=128&amp;auto=webp&amp;format=pjpg"
293,"Hobbs Nm vs Parkland El Paso Tx",Football,"New Mexico",9/4/2026,7:30 PM,"The Parkland El Paso Tx varsity football team has a game @ Hobbs Nm (New Mexico).","/inter-state/football/game/hobbs-nm-vs-parkland-el-paso-tx/9-4-2026/?c=d7b0a513-b413-4383-9498-127e1908cea2","https://www.maxpreps.com/inter-state/football/game/hobbs-nm-vs-parkland-el-paso-tx/9-4-2026/?c=d7b0a513-b413-4383-9498-127e1908cea2",b9d,"Eagles","Matadors","https://www.maxpreps.com/nm/hobbs-nm/football/","https://www.maxpreps.com/nm/parkland-el-paso-tx/football/","https://image.maxpreps.io/school-mascot/d/8/b/d8b039ae-f037-4086-9e05-53bdfc998bb2.gif?version=633937128600000000&amp;width=128&amp;height=128&amp;auto=webp&amp;format=pjpg","https://image.maxpreps.io/school-mascot/9/d/5/9d522901-89fe-422b-ade7-170d692937ed.gif?version=636450488400000000&amp;width=128&amp;height=128&amp;auto=webp&amp;format=pjpg"
294,"Aztec vs Pojoaque Valley",Football,"New Mexico",9/4/2026,7:30 PM,"The Pojoaque Valley varsity football team has a game @ Aztec (New Mexico).","/nm/football/game/aztec-vs-pojoaque-valley/9-4-2026/?c=ddbd0350-4324-475d-a48d-c619f90e83b9","https://www.maxpreps.com/nm/football/game/aztec-vs-pojoaque-valley/9-4-2026/?c=ddbd0350-4324-475d-a48d-c619f90e83b9",978,"Tigers","Elks","https://www.maxpreps.com/nm/aztec/football/","https://www.maxpreps.com/nm/pojoaque-valley/football/","https://image.maxpreps.io/school-mascot/f/4/8/f480e4b9-2895-4df8-b501-685f169ee4f9.gif?version=637883869800000000&amp;width=128&amp;height=128&amp;auto=webp&amp;format=pjpg","https://image.maxpreps.io/school-mascot/9/2/9/929e2bff-de9f-409e-8dce-31f06e4062ff.gif?version=638797050163299400&amp;width=128&amp;height=128&amp;auto=webp&amp;format=pjpg"
295,"Dora vs Mountainair",Football,"New Mexico",9/4/2026,7:30 PM,"The Mountainair varsity football team has a game @ Dora (New Mexico).","/nm/football/game/dora-vs-mountainair/9-4-2026/?c=29ca0700-f060-4162-ad5b-893e7d8513f6","https://www.maxpreps.com/nm/football/game/dora-vs-mountainair/9-4-2026/?c=29ca0700-f060-4162-ad5b-893e7d8513f6",790,"Coyotes","Mustangs","https://www.maxpreps.com/nm/dora/football/","https://www.maxpreps.com/nm/mountainair/football/","https://image.maxpreps.io/school-mascot/a/b/8/ab827abe-5fdb-4dbc-bc20-56d15db772c7.gif?version=637169398200000000&amp;width=128&amp;height=128&amp;auto=webp&amp;format=pjpg","https://image.maxpreps.io/school-mascot/f/a/c/fac8f7f2-f521-4583-9f29-f2d36730d6ed.gif?version=635838844800000000&amp;width=128&amp;height=128&amp;auto=webp&amp;format=pjpg"
296,"Navajo Prep Farmington vs Zuni",Football,"New Mexico",9/4/2026,7:30 PM,"The Zuni varsity football team has a game @ Navajo Prep Farmington (New Mexico).","/nm/football/game/navajo-prep-farmington-vs-zuni/9-4-2026/?c=16ea5ece-2d5a-4f19-9faa-0aae4e7a77e7","https://www.maxpreps.com/nm/football/game/navajo-prep-farmington-vs-zuni/9-4-2026/?c=16ea5ece-2d5a-4f19-9faa-0aae4e7a77e7",bce,"Thunderbirds","Fighting Eagles","https://www.maxpreps.com/nm/navajo-prep-farmington/football/","https://www.maxpreps.com/nm/zuni/football/","https://image.maxpreps.io/school-mascot/9/0/9/9099f091-31a6-43e6-90b5-80e97ce2cffa.gif?version=637660960200000000&amp;width=128&amp;height=128&amp;auto=webp&amp;format=pjpg","https://image.maxpreps.io/school-mascot/5/7/c/57c52112-481f-4636-8987-ae1325bde64e.gif?version=639119459696680470&amp;width=128&amp;height=128&amp;auto=webp&amp;format=pjpg"
297,"Clovis vs Santa Fe",Football,"New Mexico",9/4/2026,7:30 PM,"The Santa Fe varsity football team has a game @ Clovis (New Mexico).","/nm/football/game/clovis-vs-santa-fe/9-4-2026/?c=4c8a225b-be5b-4079-91ac-b4ffefe3d236","https://www.maxpreps.com/nm/football/game/clovis-vs-santa-fe/9-4-2026/?c=4c8a225b-be5b-4079-91ac-b4ffefe3d236",6e2,"Wildcats","Demons","https://www.maxpreps.com/nm/clovis/football/","https://www.maxpreps.com/nm/santa-fe/football/","https://image.maxpreps.io/school-mascot/0/3/a/03a71863-0052-4f82-a991-bdcfc5de24f2.gif?version=634528121400000000&amp;width=128&amp;height=128&amp;auto=webp&amp;format=pjpg","https://image.maxpreps.io/school-mascot/6/b/f/6bf92d81-eebd-4d14-8675-2b299570f8e4.gif?version=636397767000000000&amp;width=128&amp;height=128&amp;auto=webp&amp;format=pjpg"
298,"Goddard Roswell vs Los Lunas",Football,"New Mexico",9/4/2026,7:30 PM,"The Los Lunas varsity football team has a game @ Goddard Roswell (New Mexico).","/nm/football/game/goddard-roswell-vs-los-lunas/9-4-2026/?c=f35b428e-94bf-4bdd-919f-05756c1b86a6","https://www.maxpreps.com/nm/football/game/goddard-roswell-vs-los-lunas/9-4-2026/?c=f35b428e-94bf-4bdd-919f-05756c1b86a6",aeb,"Rockets","Tigers","https://www.maxpreps.com/nm/goddard-roswell/football/","https://www.maxpreps.com/nm/los-lunas/football/","https://image.maxpreps.io/school-mascot/4/0/e/40ed5274-08aa-4742-a2ae-e271cc167518.gif?version=635768041200000000&amp;width=128&amp;height=128&amp;auto=webp&amp;format=pjpg","https://image.maxpreps.io/school-mascot/7/4/0/74008b20-a71b-4fad-ac32-7fd42b4e5d5b.gif?version=636390780600000000&amp;width=128&amp;height=128&amp;auto=webp&amp;format=pjpg"
299,"Lordsburg vs Navajo Pine",Football,"New Mexico",9/4/2026,7:30 PM,"The Navajo Pine varsity football team has a game @ Lordsburg (New Mexico).","/nm/football/game/lordsburg-vs-navajo-pine/9-4-2026/?c=85aa0cdf-f597-4a99-8b70-d89907521662","https://www.maxpreps.com/nm/football/game/lordsburg-vs-navajo-pine/9-4-2026/?c=85aa0cdf-f597-4a99-8b70-d89907521662",96f,"Warriors","Mavericks","https://www.maxpreps.com/nm/lordsburg/football/","https://www.maxpreps.com/nm/navajo-pine/football/","https://image.maxpreps.io/school-mascot/a/3/5/a35e1fe5-1923-46a4-806f-81c135db0026.gif?version=635349674400000000&amp;width=128&amp;height=128&amp;auto=webp&amp;format=pjpg","https://image.maxpreps.io/school-mascot/e/5/1/e51dbfe3-fbee-436d-ad30-a87a65a83d7d.gif?version=634934869200000000&amp;width=128&amp;height=128&amp;auto=webp&amp;format=pjpg"
300,"Miyamura Gallup vs Valencia Los Lunas",Football,"New Mexico",9/4/2026,7:30 PM,"The Valencia Los Lunas varsity football team has a game @ Miyamura Gallup (New Mexico).","/nm/football/game/miyamura-gallup-vs-valencia-los-lunas/9-4-2026/?c=edd38131-c549-4836-bea5-0ae32df9cac3","https://www.maxpreps.com/nm/football/game/miyamura-gallup-vs-valencia-los-lunas/9-4-2026/?c=edd38131-c549-4836-bea5-0ae32df9cac3",e68,"Patriots","Jaguars","https://www.maxpreps.com/nm/miyamura-gallup/football/","https://www.maxpreps.com/nm/valencia-los-lunas/football/","https://image.maxpreps.io/school-mascot/4/7/d/47d27d3c-45a8-4a72-9e96-3244d0597a81.gif?version=638961106400418800&amp;width=128&amp;height=128&amp;auto=webp&amp;format=pjpg","https://image.maxpreps.io/school-mascot/b/3/2/b3248b3b-dab8-4d4a-b3df-08e54e8ddcc0.gif?version=635597074200000000&amp;width=128&amp;height=128&amp;auto=webp&amp;format=pjpg"
301,"Rio Grande Albuquerque vs Valley Albuquerque",Football,"New Mexico",9/4/2026,7:30 PM,"The Valley Albuquerque varsity football team has a game @ Rio Grande Albuquerque (New Mexico).","/nm/football/game/rio-grande-albuquerque-vs-valley-albuquerque/9-4-2026/?c=16073318-a5f1-4529-bce2-b19807861818","https://www.maxpreps.com/nm/football/game/rio-grande-albuquerque-vs-valley-albuquerque/9-4-2026/?c=16073318-a5f1-4529-bce2-b19807861818",116a,"Vikings","Ravens","https://www.maxpreps.com/nm/rio-grande-albuquerque/football/","https://www.maxpreps.com/nm/valley-albuquerque/football/","https://image.maxpreps.io/school-mascot/b/8/9/b8961f95-b9fb-4d2d-9fae-0bae5f736d10.gif?version=635258551200000000&amp;width=128&amp;height=128&amp;auto=webp&amp;format=pjpg","https://image.maxpreps.io/school-mascot/d/2/e/d2ef3c13-a2e6-4466-93f6-a63b9147a0a1.gif?version=638369494800000000&amp;width=128&amp;height=128&amp;auto=webp&amp;format=pjpg"
302,"Carlsbad Cavemen Cavegirls vs Lovington",Football,"New Mexico",9/4/2026,7:30 PM,"The Lovington varsity football team has a game @ Carlsbad Cavemen Cavegirls (New Mexico).","/nm/football/game/carlsbad-cavemen-cavegirls-vs-lovington/9-4-2026/?c=06885f7b-8290-4b66-ab0b-4d5a932a2680","https://www.maxpreps.com/nm/football/game/carlsbad-cavemen-cavegirls-vs-lovington/9-4-2026/?c=06885f7b-8290-4b66-ab0b-4d5a932a2680",f58,"Wildcats","Cavemen","https://www.maxpreps.com/nm/carlsbad-cavemen-cavegirls/football/","https://www.maxpreps.com/nm/lovington/football/","https://image.maxpreps.io/school-mascot/b/a/7/ba7cc5c2-4a0c-482e-a2fa-d2af11604216.gif?version=634515934200000000&amp;width=128&amp;height=128&amp;auto=webp&amp;format=pjpg","https://image.maxpreps.io/school-mascot/c/4/d/c4d69a59-6c46-492b-be6f-da7df8febfb4.gif?version=636719503200000000&amp;width=128&amp;height=128&amp;auto=webp&amp;format=pjpg"
303,"La Cueva Albuquerque vs Volcano Vista Albuquerque",Football,"New Mexico",9/4/2026,7:30 PM,"The Volcano Vista Albuquerque varsity football team has a game @ La Cueva Albuquerque (New Mexico).","/nm/football/game/la-cueva-albuquerque-vs-volcano-vista-albuquerque/9-4-2026/?c=cbbb4772-aee2-44bf-80f6-e3e4fcf5d1c8","https://www.maxpreps.com/nm/football/game/la-cueva-albuquerque-vs-volcano-vista-albuquerque/9-4-2026/?c=cbbb4772-aee2-44bf-80f6-e3e4fcf5d1c8",1349,"Bears","Hawks","https://www.maxpreps.com/nm/la-cueva-albuquerque/football/","https://www.maxpreps.com/nm/volcano-vista-albuquerque/football/","https://image.maxpreps.io/school-mascot/d/7/b/d7b7d464-8141-4334-a9ce-ec10a527e54c.gif?version=635187981600000000&amp;width=128&amp;height=128&amp;auto=webp&amp;format=pjpg","https://image.maxpreps.io/school-mascot/a/9/d/a9df8285-e855-4240-b6f8-e3255018ce45.gif?version=636154195200000000&amp;width=128&amp;height=128&amp;auto=webp&amp;format=pjpg"
304,"Fort Sumner House vs Melrose",Football,"New Mexico",9/4/2026,7:30 PM,"The Melrose varsity football team has a game @ Fort Sumner House (New Mexico).","/nm/football/game/fort-sumner-house-vs-melrose/9-4-2026/?c=6ba424e4-f97d-4dc9-89c0-67204ff6ea89","https://www.maxpreps.com/nm/football/game/fort-sumner-house-vs-melrose/9-4-2026/?c=6ba424e4-f97d-4dc9-89c0-67204ff6ea89",b0d,"Buffaloes","TBD","https://www.maxpreps.com/nm/fort-sumner-house/football/","https://www.maxpreps.com/nm/melrose/football/","https://image.maxpreps.io/school-mascot/7/5/7/757e645a-56f3-4c8f-9187-2f07a2226d5f.gif?version=634806313800000000&amp;width=128&amp;height=128&amp;auto=webp&amp;format=pjpg","https://image.maxpreps.io/school-mascot/2/c/f/2cfd7758-0463-49ee-a81f-9b8602702733.gif?version=635763489600000000&amp;width=128&amp;height=128&amp;auto=webp&amp;format=pjpg"
305,"Pagosa Springs Co vs St Pius X Albuquerque Nm",Football,"New Mexico",9/4/2026,7:30 PM,"The St Pius X Albuquerque Nm varsity football team has a game @ Pagosa Springs Co (New Mexico).","/inter-state/football/game/pagosa-springs-co-vs-st-pius-x-albuquerque-nm/9-4-2026/?c=27859737-72a3-4f53-97cc-cfe7c5b0efe0","https://www.maxpreps.com/inter-state/football/game/pagosa-springs-co-vs-st-pius-x-albuquerque-nm/9-4-2026/?c=27859737-72a3-4f53-97cc-cfe7c5b0efe0",114b,"Sartans","Pirates","https://www.maxpreps.com/nm/pagosa-springs-co/football/","https://www.maxpreps.com/nm/st-pius-x-albuquerque-nm/football/","https://image.maxpreps.io/school-mascot/9/0/3/903f3876-9036-46ef-a1a5-aff1225884d6.gif?version=635186501400000000&amp;width=128&amp;height=128&amp;auto=webp&amp;format=pjpg","https://image.maxpreps.io/school-mascot/1/b/2/1b21f2d3-5afb-48c7-9ee1-ce6ab02b3d6e.gif?version=638266567200000000&amp;width=128&amp;height=128&amp;auto=webp&amp;format=pjpg"
306,"Dexter vs Ruidoso",Football,"New Mexico",9/4/2026,7:30 PM,"The Ruidoso varsity football team has a game @ Dexter (New Mexico).","/nm/football/game/dexter-vs-ruidoso/9-4-2026/?c=afb6235f-5e8b-4935-bbe8-ccd9d09f9196","https://www.maxpreps.com/nm/football/game/dexter-vs-ruidoso/9-4-2026/?c=afb6235f-5e8b-4935-bbe8-ccd9d09f9196",6d4,"Warriors","Demons","https://www.maxpreps.com/nm/dexter/football/","https://www.maxpreps.com/nm/ruidoso/football/","https://image.maxpreps.io/school-mascot/b/4/c/b4c8aa33-d5b3-48ff-84c0-dedea1f28618.gif?version=634616575800000000&amp;width=128&amp;height=128&amp;auto=webp&amp;format=pjpg","https://image.maxpreps.io/school-mascot/2/5/e/25eaa202-2f72-4597-9458-9747e61beeec.gif?version=635848219200000000&amp;width=128&amp;height=128&amp;auto=webp&amp;format=pjpg"
307,"Albuquerque Academy vs Moriarty",Football,"New Mexico",9/4/2026,7:30 PM,"The Moriarty varsity football team has a game @ Albuquerque Academy (New Mexico).","/nm/football/game/albuquerque-academy-vs-moriarty/9-4-2026/?c=3881fd7f-ddb4-4319-9e8c-d22193d8fb2d","https://www.maxpreps.com/nm/football/game/albuquerque-academy-vs-moriarty/9-4-2026/?c=3881fd7f-ddb4-4319-9e8c-d22193d8fb2d",c67,"Chargers","Pintos","https://www.maxpreps.com/nm/albuquerque-academy/football/","https://www.maxpreps.com/nm/moriarty/football/","https://image.maxpreps.io/school-mascot/c/e/8/ce895f1d-e473-4f80-b21f-8df3d6c91a2e.gif?version=635836207800000000&amp;width=128&amp;height=128&amp;auto=webp&amp;format=pjpg","https://image.maxpreps.io/school-mascot/a/6/5/a6579a73-b39f-441c-a040-44a71a7ffac3.gif?version=636723623400000000&amp;width=128&amp;height=128&amp;auto=webp&amp;format=pjpg"
308,"Menaul Albuquerque vs Ramah",Football,"New Mexico",9/4/2026,7:30 PM,"The Ramah varsity football team has a game @ Menaul Albuquerque (New Mexico).","/nm/football/game/menaul-albuquerque-vs-ramah/9-4-2026/?c=4a6c3a46-2ac2-400d-8ba8-5e16c124a591","https://www.maxpreps.com/nm/football/game/menaul-albuquerque-vs-ramah/9-4-2026/?c=4a6c3a46-2ac2-400d-8ba8-5e16c124a591",aa7,"Panthers","Mustangs","https://www.maxpreps.com/nm/menaul-albuquerque/football/","https://www.maxpreps.com/nm/ramah/football/","https://image.maxpreps.io/school-mascot/f/7/1/f71fb8f3-ab07-444b-8b4b-fd260d983076.gif?version=637202287800000000&amp;width=128&amp;height=128&amp;auto=webp&amp;format=pjpg","https://image.maxpreps.io/school-mascot/b/0/c/b0c7e239-ced6-4722-8577-a92b49533bc4.gif?version=634831366800000000&amp;width=128&amp;height=128&amp;auto=webp&amp;format=pjpg"
309,"Cuba vs Thoreau",Football,"New Mexico",9/4/2026,7:30 PM,"The Thoreau varsity football team has a game @ Cuba (New Mexico).","/nm/football/game/cuba-vs-thoreau/9-4-2026/?c=328a5c28-2b12-4550-a5c1-d422660c0977","https://www.maxpreps.com/nm/football/game/cuba-vs-thoreau/9-4-2026/?c=328a5c28-2b12-4550-a5c1-d422660c0977",5d6,"Hawks","Rams","https://www.maxpreps.com/nm/cuba/football/","https://www.maxpreps.com/nm/thoreau/football/","https://image.maxpreps.io/school-mascot/b/6/0/b60e7f5b-56fa-4df4-a2ee-90c019175398.gif?version=636375563400000000&amp;width=128&amp;height=128&amp;auto=webp&amp;format=pjpg","https://image.maxpreps.io/school-mascot/a/c/a/aca6d9f4-e12b-4d89-a143-9abf8ddd136e.gif?version=639213476767674560&amp;width=128&amp;height=128&amp;auto=webp&amp;format=pjpg"
310,"Eldorado Golden Eagles Albuquerque vs Sandia Albuquerque",Football,"New Mexico",9/4/2026,7:30 PM,"The Sandia Albuquerque varsity football team has a game @ Eldorado Golden Eagles Albuquerque (New Mexico).","/nm/football/game/eldorado-golden-eagles-albuquerque-vs-sandia-albuquerque/9-4-2026/?c=f6c65a3d-4c07-4bbb-91fd-212a609f6a91","https://www.maxpreps.com/nm/football/game/eldorado-golden-eagles-albuquerque-vs-sandia-albuquerque/9-4-2026/?c=f6c65a3d-4c07-4bbb-91fd-212a609f6a91",15f3,"Matadors","Eagles","https://www.maxpreps.com/nm/eldorado-golden-eagles-albuquerque/football/","https://www.maxpreps.com/nm/sandia-albuquerque/football/","https://image.maxpreps.io/school-mascot/b/d/3/bd3649a4-2ac9-416d-aad2-0dfe8dfdc9ce.gif?version=637551092400000000&amp;width=128&amp;height=128&amp;auto=webp&amp;format=pjpg","https://image.maxpreps.io/school-mascot/9/6/b/96b60d93-2282-4de0-b5bb-a1bc304dfe31.gif?version=636531576000000000&amp;width=128&amp;height=128&amp;auto=webp&amp;format=pjpg"
311,"Farwell Tx vs Texico Nm",Football,"New Mexico",9/4/2026,7:30 PM,"The Texico Nm varsity football team has a game @ Farwell Tx (New Mexico).","/inter-state/football/game/farwell-tx-vs-texico-nm/9-4-2026/?c=5c5545bc-f5f3-4ff7-80bd-00513373461a","https://www.maxpreps.com/inter-state/football/game/farwell-tx-vs-texico-nm/9-4-2026/?c=5c5545bc-f5f3-4ff7-80bd-00513373461a",8dd,"Steers","Wolverines","https://www.maxpreps.com/nm/farwell-tx/football/","https://www.maxpreps.com/nm/texico-nm/football/","https://image.maxpreps.io/school-mascot/5/4/d/54d402cb-f690-401b-bcde-87258be77757.gif?version=638754702346626470&amp;width=128&amp;height=128&amp;auto=webp&amp;format=pjpg","https://image.maxpreps.io/school-mascot/d/7/f/d7fe1735-e785-4927-95e6-5e3a34e13265.gif?version=635610779400000000&amp;width=128&amp;height=128&amp;auto=webp&amp;format=pjpg"
312,"Floyd Nm vs Non Varsity Opponent Intl",Football,"New Mexico",9/4/2026,7:30 PM,"The Non Varsity Opponent Intl varsity football team has a game @ Floyd Nm (New Mexico).","/nm/football/game/floyd-nm-vs-non-varsity-opponent-intl/9-4-2026/?c=d90fa905-303e-4aba-a7d0-c350ee84d511","https://www.maxpreps.com/nm/football/game/floyd-nm-vs-non-varsity-opponent-intl/9-4-2026/?c=d90fa905-303e-4aba-a7d0-c350ee84d511",e77,"Broncos","TBD","https://www.maxpreps.com/nm/floyd-nm/football/","https://www.maxpreps.com/nm/non-varsity-opponent-intl/football/","https://image.maxpreps.io/school-mascot/e/1/2/e1217794-4b6c-41e0-80a3-1b675da68cc0.gif?version=636733278600000000&amp;width=128&amp;height=128&amp;auto=webp&amp;format=pjpg","https://image.maxpreps.io/school-mascot/e/1/2/e1217794-4b6c-41e0-80a3-1b675da68cc0.gif?version=636733278600000000&amp;width=64&amp;height=64&amp;auto=webp&amp;format=pjpg"
313,"Durango Co vs Farmington Nm",Football,"New Mexico",9/4/2026,7:30 PM,"The Farmington Nm varsity football team has a game @ Durango Co (New Mexico).","/inter-state/football/game/durango-co-vs-farmington-nm/9-4-2026/?c=dd871acb-3ff6-43a7-991d-81ec4be39827","https://www.maxpreps.com/inter-state/football/game/durango-co-vs-farmington-nm/9-4-2026/?c=dd871acb-3ff6-43a7-991d-81ec4be39827",a6f,"Scorpions","Demons","https://www.maxpreps.com/nm/durango-co/football/","https://www.maxpreps.com/nm/farmington-nm/football/","https://image.maxpreps.io/school-mascot/9/6/7/967214ed-761b-47d1-964a-4a28a4feddd8.gif?version=637026719400000000&amp;width=128&amp;height=128&amp;auto=webp&amp;format=pjpg","https://image.maxpreps.io/school-mascot/2/3/1/231f38a5-899d-4ec8-9b56-0c3f138e3f19.gif?version=637108893000000000&amp;width=128&amp;height=128&amp;auto=webp&amp;format=pjpg"
314,"Santa Fe Indian Braves And Lady Braves vs Tohatchi",Football,"New Mexico",9/4/2026,7:30 PM,"The Tohatchi varsity football team has a game @ Santa Fe Indian Braves And Lady Braves (New Mexico).","/nm/football/game/santa-fe-indian-braves-and-lady-braves-vs-tohatchi/9-4-2026/?c=09440262-c699-4e35-89e9-98529b7430de","https://www.maxpreps.com/nm/football/game/santa-fe-indian-braves-and-lady-braves-vs-tohatchi/9-4-2026/?c=09440262-c699-4e35-89e9-98529b7430de",12dd,"Cougars","Braves","https://www.maxpreps.com/nm/santa-fe-indian-braves-and-lady-braves/football/","https://www.maxpreps.com/nm/tohatchi/football/","https://image.maxpreps.io/school-mascot/e/c/1/ec1c1d91-fe70-412f-abb2-7aa5847b78db.gif?version=635954355600000000&amp;width=128&amp;height=128&amp;auto=webp&amp;format=pjpg","https://image.maxpreps.io/school-mascot/7/a/1/7a12723b-6d23-42b5-a399-b41861dbf18b.gif?version=636075532800000000&amp;width=128&amp;height=128&amp;auto=webp&amp;format=pjpg"
315,"Laguna Acoma New Laguna vs Santa Rosa",Football,"New Mexico",9/4/2026,7:30 PM,"The Santa Rosa varsity football team has a game @ Laguna Acoma New Laguna (New Mexico).","/nm/football/game/laguna-acoma-new-laguna-vs-santa-rosa/9-4-2026/?c=e1072fa2-6f3a-405a-81be-c4477ce018ef","https://www.maxpreps.com/nm/football/game/laguna-acoma-new-laguna-vs-santa-rosa/9-4-2026/?c=e1072fa2-6f3a-405a-81be-c4477ce018ef",dfe,"Lions","Hawks","https://www.maxpreps.com/nm/laguna-acoma-new-laguna/football/","https://www.maxpreps.com/nm/santa-rosa/football/","https://image.maxpreps.io/school-mascot/3/3/0/33063cb0-37cf-4e81-8d48-b67bf8a6a2e6.gif?version=636142933200000000&amp;width=128&amp;height=128&amp;auto=webp&amp;format=pjpg","https://image.maxpreps.io/school-mascot/4/a/4/4a42af28-de5e-49a8-9a5d-f25eb72e3667.gif?version=637037939400000000&amp;width=128&amp;height=128&amp;auto=webp&amp;format=pjpg"
316,"Bernalillo vs Espanola Valley",Football,"New Mexico",9/4/2026,7:30 PM,"The Espanola Valley varsity football team has a game @ Bernalillo (New Mexico).","/nm/football/game/bernalillo-vs-espanola-valley/9-4-2026/?c=afa426ba-5796-4121-93d7-d1caf47eb4d9","https://www.maxpreps.com/nm/football/game/bernalillo-vs-espanola-valley/9-4-2026/?c=afa426ba-5796-4121-93d7-d1caf47eb4d9",b74,"Sundevils","Spartans","https://www.maxpreps.com/nm/bernalillo/football/","https://www.maxpreps.com/nm/espanola-valley/football/","https://image.maxpreps.io/school-mascot/a/7/5/a7568d6b-7588-4d55-b566-c54f41affe9d.gif?version=638016770400000000&amp;width=128&amp;height=128&amp;auto=webp&amp;format=pjpg","https://image.maxpreps.io/school-mascot/2/5/a/25a6846c-da52-47dd-b518-bf7e3c294752.gif?version=635795822400000000&amp;width=128&amp;height=128&amp;auto=webp&amp;format=pjpg"
317,"Eunice vs Tucumcari",Football,"New Mexico",9/4/2026,7:30 PM,"The Tucumcari varsity football team has a game @ Eunice (New Mexico).","/nm/football/game/eunice-vs-tucumcari/9-4-2026/?c=55107cdd-e18c-41c3-a432-3f8ab1c4c0b1","https://www.maxpreps.com/nm/football/game/eunice-vs-tucumcari/9-4-2026/?c=55107cdd-e18c-41c3-a432-3f8ab1c4c0b1",789,"Cardinals","Rattlers","https://www.maxpreps.com/nm/eunice/football/","https://www.maxpreps.com/nm/tucumcari/football/","https://image.maxpreps.io/school-mascot/5/b/f/5bf3898b-bfd9-4279-8060-49416383e8ce.gif?version=634056240600000000&amp;width=128&amp;height=128&amp;auto=webp&amp;format=pjpg","https://image.maxpreps.io/school-mascot/6/4/a/64a45a0c-a462-48a0-b14b-881eac0c3c1c.gif?version=637405124400000000&amp;width=128&amp;height=128&amp;auto=webp&amp;format=pjpg"
318,"Dulce vs Escalante Tierra Amarilla",Football,"New Mexico",9/4/2026,7:30 PM,"The Escalante Tierra Amarilla varsity football team has a game @ Dulce (New Mexico).","/nm/football/game/dulce-vs-escalante-tierra-amarilla/9-4-2026/?c=d4bd98e4-4ee1-43b6-bc55-99fd35686761","https://www.maxpreps.com/nm/football/game/dulce-vs-escalante-tierra-amarilla/9-4-2026/?c=d4bd98e4-4ee1-43b6-bc55-99fd35686761",d24,"Hawks","Lobos","https://www.maxpreps.com/nm/dulce/football/","https://www.maxpreps.com/nm/escalante-tierra-amarilla/football/","https://image.maxpreps.io/school-mascot/1/a/e/1aef4967-bd70-45a4-86bc-b7c6c06bd942.gif?version=635291160600000000&amp;width=128&amp;height=128&amp;auto=webp&amp;format=pjpg","https://image.maxpreps.io/school-mascot/9/6/6/966cdae7-d43d-433f-be58-a97c512296be.gif?version=634900623600000000&amp;width=128&amp;height=128&amp;auto=webp&amp;format=pjpg"
319,"Belen vs Los Alamos",Football,"New Mexico",9/4/2026,7:30 PM,"The Los Alamos varsity football team has a game @ Belen (New Mexico).","/nm/football/game/belen-vs-los-alamos/9-4-2026/?c=228e3b19-ee86-42e7-9d1d-f143a3fcf92e","https://www.maxpreps.com/nm/football/game/belen-vs-los-alamos/9-4-2026/?c=228e3b19-ee86-42e7-9d1d-f143a3fcf92e",741,"Hilltoppers","Eagles","https://www.maxpreps.com/nm/belen/football/","https://www.maxpreps.com/nm/los-alamos/football/","https://image.maxpreps.io/school-mascot/5/c/4/5c4a7887-9722-42cf-8d71-e0e426c7c107.gif?version=634844280600000000&amp;width=128&amp;height=128&amp;auto=webp&amp;format=pjpg","https://image.maxpreps.io/school-mascot/4/6/5/46555ad5-a00e-408f-a077-c0d30785b272.gif?version=634263867600000000&amp;width=128&amp;height=128&amp;auto=webp&amp;format=pjpg"
320,"Cloudcroft vs Hagerman Lake Arthur",Football,"New Mexico",9/4/2026,7:30 PM,"The Hagerman Lake Arthur varsity football team has a game @ Cloudcroft (New Mexico).","/nm/football/game/cloudcroft-vs-hagerman-lake-arthur/9-4-2026/?c=bce12c97-14ea-4cdc-97da-f5851ae6e9d1","https://www.maxpreps.com/nm/football/game/cloudcroft-vs-hagerman-lake-arthur/9-4-2026/?c=bce12c97-14ea-4cdc-97da-f5851ae6e9d1",d48,"Bears","Bobcats","https://www.maxpreps.com/nm/cloudcroft/football/","https://www.maxpreps.com/nm/hagerman-lake-arthur/football/","https://image.maxpreps.io/school-mascot/f/4/4/f4481796-4823-4dcf-8abb-b205fee1430f.gif?version=637478653200000000&amp;width=128&amp;height=128&amp;auto=webp&amp;format=pjpg","https://image.maxpreps.io/school-mascot/8/0/d/80d174cb-1c1f-47ae-9f75-16486fe3dac2.gif?version=638603406312701160&amp;width=128&amp;height=128&amp;auto=webp&amp;format=pjpg"
321,"Chaparral vs Santa Teresa",Football,"New Mexico",9/4/2026,7:30 PM,"The Santa Teresa varsity football team has a game @ Chaparral (New Mexico).","/nm/football/game/chaparral-vs-santa-teresa/9-4-2026/?c=7175bc6e-71a7-403a-9484-4d8a263e0063","https://www.maxpreps.com/nm/football/game/chaparral-vs-santa-teresa/9-4-2026/?c=7175bc6e-71a7-403a-9484-4d8a263e0063",9b9,"Warriors","Lobos","https://www.maxpreps.com/nm/chaparral/football/","https://www.maxpreps.com/nm/santa-teresa/football/","https://image.maxpreps.io/school-mascot/3/4/b/34bb157e-7bcc-4e4f-bc3e-e43abcc63d86.gif?version=637018018800000000&amp;width=128&amp;height=128&amp;auto=webp&amp;format=pjpg","https://image.maxpreps.io/school-mascot/6/b/7/6b755e07-f812-4a05-a277-e6b8e3e914a5.gif?version=637249248000000000&amp;width=128&amp;height=128&amp;auto=webp&amp;format=pjpg"
322,"Estancia vs Jal",Football,"New Mexico",9/4/2026,7:30 PM,"The Jal varsity football team has a game @ Estancia (New Mexico).","/nm/football/game/estancia-vs-jal/9-4-2026/?c=137ba4d2-f231-4f55-988f-f8cc204714ed","https://www.maxpreps.com/nm/football/game/estancia-vs-jal/9-4-2026/?c=137ba4d2-f231-4f55-988f-f8cc204714ed",5c2,"Bears","Panthers","https://www.maxpreps.com/nm/estancia/football/","https://www.maxpreps.com/nm/jal/football/","https://image.maxpreps.io/school-mascot/e/b/0/eb07ebb7-768a-4dad-8204-51b99ed5ab98.gif?version=634829656800000000&amp;width=128&amp;height=128&amp;auto=webp&amp;format=pjpg","https://image.maxpreps.io/school-mascot/3/a/9/3a93b1d1-1714-4aea-b8a9-749df8cb0a3d.gif?version=636433231200000000&amp;width=128&amp;height=128&amp;auto=webp&amp;format=pjpg"
323,"Gadsden Anthony vs Silver Silver City",Football,"New Mexico",9/4/2026,7:30 PM,"The Silver Silver City varsity football team has a game @ Gadsden Anthony (New Mexico).","/nm/football/game/gadsden-anthony-vs-silver-silver-city/9-4-2026/?c=4dab4f59-e5f1-48e1-88b3-e4957301aa11","https://www.maxpreps.com/nm/football/game/gadsden-anthony-vs-silver-silver-city/9-4-2026/?c=4dab4f59-e5f1-48e1-88b3-e4957301aa11",e84,"Slvr Ftg Colts","Panthers","https://www.maxpreps.com/nm/gadsden-anthony/football/","https://www.maxpreps.com/nm/silver-silver-city/football/","https://image.maxpreps.io/school-mascot/6/3/9/639457cb-fa0b-4e77-9c07-0df6079c5710.gif?version=638433385200000000&amp;width=128&amp;height=128&amp;auto=webp&amp;format=pjpg","https://image.maxpreps.io/school-mascot/f/c/d/fcda880d-e705-4696-9807-baa1e18df221.gif?version=637519337400000000&amp;width=128&amp;height=128&amp;auto=webp&amp;format=pjpg"
324,"Rio Rancho vs Roswell",Football,"New Mexico",9/4/2026,7:30 PM,"The Roswell varsity football team has a game @ Rio Rancho (New Mexico).","/nm/football/game/rio-rancho-vs-roswell/9-4-2026/?c=1df542c6-4953-46df-9198-2129097e7a52","https://www.maxpreps.com/nm/football/game/rio-rancho-vs-roswell/9-4-2026/?c=1df542c6-4953-46df-9198-2129097e7a52",83d,"Rams","Coyotes","https://www.maxpreps.com/nm/rio-rancho/football/","https://www.maxpreps.com/nm/roswell/football/","https://image.maxpreps.io/school-mascot/8/a/4/8a4e0703-7bdc-40b0-ad20-0a863cdb942b.gif?version=634810639800000000&amp;width=128&amp;height=128&amp;auto=webp&amp;format=pjpg","https://image.maxpreps.io/school-mascot/7/8/3/7837ce41-9663-4d01-b3f2-9a40b7e44874.gif?version=637656577200000000&amp;width=128&amp;height=128&amp;auto=webp&amp;format=pjpg"
325,"Loving vs New Mexico Military Institute Roswell",Football,"New Mexico",9/4/2026,7:30 PM,"The New Mexico Military Institute Roswell varsity football team has a game @ Loving (New Mexico).","/nm/football/game/loving-vs-new-mexico-military-institute-roswell/9-4-2026/?c=bffc9a8f-0555-47a6-9f56-889a4f37908a","https://www.maxpreps.com/nm/football/game/loving-vs-new-mexico-military-institute-roswell/9-4-2026/?c=bffc9a8f-0555-47a6-9f56-889a4f37908a",12b1,"Falcons","Colts","https://www.maxpreps.com/nm/loving/football/","https://www.maxpreps.com/nm/new-mexico-military-institute-roswell/football/","https://image.maxpreps.io/school-mascot/2/f/9/2f9b30fa-7ed9-4db8-95b1-952fe585f43f.gif?version=636005394000000000&amp;width=128&amp;height=128&amp;auto=webp&amp;format=pjpg","https://image.maxpreps.io/school-mascot/e/0/a/e0a43c4e-9def-4e5a-b16a-5d602829a036.gif?version=636560152200000000&amp;width=128&amp;height=128&amp;auto=webp&amp;format=pjpg"
326,"Raton Nm vs Trinidad Co",Football,"New Mexico",9/4/2026,7:30 PM,"The Trinidad Co varsity football team has a game @ Raton Nm (New Mexico).","/inter-state/football/game/raton-nm-vs-trinidad-co/9-4-2026/?c=3a6fbdeb-3bee-42ca-b2b2-1f8821913f91","https://www.maxpreps.com/inter-state/football/game/raton-nm-vs-trinidad-co/9-4-2026/?c=3a6fbdeb-3bee-42ca-b2b2-1f8821913f91",8bd,"Tigers","Miners","https://www.maxpreps.com/nm/raton-nm/football/","https://www.maxpreps.com/nm/trinidad-co/football/","https://image.maxpreps.io/school-mascot/6/f/2/6f29aff8-7e9f-4c80-b460-07d133fef2af.gif?version=638351378400000000&amp;width=128&amp;height=128&amp;auto=webp&amp;format=pjpg","https://image.maxpreps.io/school-mascot/e/6/9/e698c6fa-4ba4-4dba-840d-fb424be64465.gif?version=634645171800000000&amp;width=128&amp;height=128&amp;auto=webp&amp;format=pjpg"
327,"Hatch Valley vs Tularosa",Football,"New Mexico",9/4/2026,7:30 PM,"The Tularosa varsity football team has a game @ Hatch Valley (New Mexico).","/nm/football/game/hatch-valley-vs-tularosa/9-4-2026/?c=075ce37e-65e7-4ed2-8ade-b4de0fa60aa1","https://www.maxpreps.com/nm/football/game/hatch-valley-vs-tularosa/9-4-2026/?c=075ce37e-65e7-4ed2-8ade-b4de0fa60aa1",970,"Wildcats","Bears","https://www.maxpreps.com/nm/hatch-valley/football/","https://www.maxpreps.com/nm/tularosa/football/","https://image.maxpreps.io/school-mascot/a/b/f/abfc7875-9c76-40e4-b4a8-de3e7b114e87.gif?version=639015540824736120&amp;width=128&amp;height=128&amp;auto=webp&amp;format=pjpg","https://image.maxpreps.io/school-mascot/6/c/a/6cae57cd-035c-4c92-af41-3a95f36e53a1.gif?version=634799355600000000&amp;width=128&amp;height=128&amp;auto=webp&amp;format=pjpg"
328,"Deming vs Hot Springs Truth Or Consequences",Football,"New Mexico",9/4/2026,7:30 PM,"The Hot Springs Truth Or Consequences varsity football team has a game @ Deming (New Mexico).","/nm/football/game/deming-vs-hot-springs-truth-or-consequences/9-4-2026/?c=fad4b8f4-4e30-4cd2-8793-5f21c894c54d","https://www.maxpreps.com/nm/football/game/deming-vs-hot-springs-truth-or-consequences/9-4-2026/?c=fad4b8f4-4e30-4cd2-8793-5f21c894c54d",10e0,"Wildcats","Tigers","https://www.maxpreps.com/nm/deming/football/","https://www.maxpreps.com/nm/hot-springs-truth-or-consequences/football/","https://image.maxpreps.io/school-mascot/8/4/2/842b1e7e-40ac-40c1-8e01-c75fefc2bd78.gif?version=634788217200000000&amp;width=128&amp;height=128&amp;auto=webp&amp;format=pjpg","https://image.maxpreps.io/school-mascot/3/1/6/3160a38f-c770-4169-a0e3-57bb9d59e657.gif?version=637142478000000000&amp;width=128&amp;height=128&amp;auto=webp&amp;format=pjpg"
329,"Hozho Academy Gallup vs Legacy Academy Albuquerque",Football,"New Mexico",9/4/2026,7:30 PM,"The Legacy Academy Albuquerque varsity football team has a game @ Hozho Academy Gallup (New Mexico).","/nm/football/game/hozho-academy-gallup-vs-legacy-academy-albuquerque/9-4-2026/?c=8e9b2e8f-3859-48ce-abaa-c4d18db2bf37","https://www.maxpreps.com/nm/football/game/hozho-academy-gallup-vs-legacy-academy-albuquerque/9-4-2026/?c=8e9b2e8f-3859-48ce-abaa-c4d18db2bf37",136d,"Silverbacks","Wolves","https://www.maxpreps.com/nm/hozho-academy-gallup/football/","https://www.maxpreps.com/nm/legacy-academy-albuquerque/football/","https://image.maxpreps.io/school-mascot/f/7/3/f73ad36a-86d3-4759-b747-18ebf2d7a299.gif?version=638997459792987020&amp;width=128&amp;height=128&amp;auto=webp&amp;format=pjpg","https://image.maxpreps.io/school-mascot/7/8/f/78f00587-0eff-45b9-89f7-12500e81ebeb.gif?version=637811170800000000&amp;width=128&amp;height=128&amp;auto=webp&amp;format=pjpg"
330,"Grady vs Tatum",Football,"New Mexico",9/4/2026,7:30 PM,"The Tatum varsity football team has a game @ Grady (New Mexico).","/nm/football/game/grady-vs-tatum/9-4-2026/?c=77c76834-ec99-426d-9811-812221a9d503","https://www.maxpreps.com/nm/football/game/grady-vs-tatum/9-4-2026/?c=77c76834-ec99-426d-9811-812221a9d503",585,"Coyotes","Bronchos","https://www.maxpreps.com/nm/grady/football/","https://www.maxpreps.com/nm/tatum/football/","https://image.maxpreps.io/school-mascot/a/2/6/a2620da2-65f0-49ed-9a12-3e8bf2e712dd.gif?version=636161797800000000&amp;width=128&amp;height=128&amp;auto=webp&amp;format=pjpg","https://image.maxpreps.io/school-mascot/1/b/a/1ba6ff63-25e0-4ed5-bd0e-06ea4d192764.gif?version=639229456601754740&amp;width=128&amp;height=128&amp;auto=webp&amp;format=pjpg"
331,"Capital Santa Fe vs Portales",Football,"New Mexico",9/4/2026,7:30 PM,"The Portales varsity football team has a game @ Capital Santa Fe (New Mexico).","/nm/football/game/capital-santa-fe-vs-portales/9-4-2026/?c=608811d2-8fbf-44e0-baa2-633283cecb4c","https://www.maxpreps.com/nm/football/game/capital-santa-fe-vs-portales/9-4-2026/?c=608811d2-8fbf-44e0-baa2-633283cecb4c",ac7,"Jaguars","Rams","https://www.maxpreps.com/nm/capital-santa-fe/football/","https://www.maxpreps.com/nm/portales/football/","https://image.maxpreps.io/school-mascot/5/c/e/5cec4164-abf0-4476-8a82-59c8a163c84e.gif?version=635827603200000000&amp;width=128&amp;height=128&amp;auto=webp&amp;format=pjpg","https://image.maxpreps.io/school-mascot/8/3/a/83a49b23-a79c-4e3e-87af-be17dedaf23d.gif?version=635609007000000000&amp;width=128&amp;height=128&amp;auto=webp&amp;format=pjpg"
332,"Maryvale Prep Phoenix Az vs Mesilla Valley Christian School Las Cruces Nm",Football,"New Mexico",9/4/2026,7:30 PM,"The Mesilla Valley Christian School Las Cruces Nm varsity football team has a game @ Maryvale Prep Phoenix Az (New Mexico).","/inter-state/football/game/maryvale-prep-phoenix-az-vs-mesilla-valley-christian-school-las-cruces-nm/9-4-2026/?c=71011707-707c-4783-9758-50960e9d6fa2","https://www.maxpreps.com/inter-state/football/game/maryvale-prep-phoenix-az-vs-mesilla-valley-christian-school-las-cruces-nm/9-4-2026/?c=71011707-707c-4783-9758-50960e9d6fa2",1c27,"SonBlazers","Matador","https://www.maxpreps.com/nm/maryvale-prep-phoenix-az/football/","https://www.maxpreps.com/nm/mesilla-valley-christian-school-las-cruces-nm/football/","https://image.maxpreps.io/school-mascot/f/e/3/fe39e342-4ddc-408a-9a78-9a0d9d376133.gif?version=635459520000000000&amp;width=128&amp;height=128&amp;auto=webp&amp;format=pjpg","https://image.maxpreps.io/school-mascot/9/f/f/9ffa839f-a1f6-408d-90d7-6fb36cef943f.gif?version=637115839800000000&amp;width=128&amp;height=128&amp;auto=webp&amp;format=pjpg"
333,"Spanish River Boca Raton vs West Boca Raton",Football,"New Mexico",9/4/2026,7:30 PM,"The West Boca Raton varsity football team has a game @ Spanish River Boca Raton (New Mexico).","/fl/football/game/spanish-river-boca-raton-vs-west-boca-raton/9-4-2026/?c=2df94f0f-5814-4cd6-830e-fadc7220adf3","https://www.maxpreps.com/fl/football/game/spanish-river-boca-raton-vs-west-boca-raton/9-4-2026/?c=2df94f0f-5814-4cd6-830e-fadc7220adf3",1077,"Bulls","Sharks","https://www.maxpreps.com/nm/spanish-river-boca-raton/football/","https://www.maxpreps.com/nm/west-boca-raton/football/","https://image.maxpreps.io/school-mascot/e/7/9/e7903dfb-37a9-4b3b-af93-19f0569f5114.gif?version=638296082400000000&amp;width=128&amp;height=128&amp;auto=webp&amp;format=pjpg","https://image.maxpreps.io/school-mascot/5/1/b/51b8b1b1-8c45-4dd4-b155-be622046a45b.gif?version=638201005800000000&amp;width=128&amp;height=128&amp;auto=webp&amp;format=pjpg"
334,"Columbus Miami vs St Thomas Aquinas Fort Lauderdale",Football,"New Mexico",9/4/2026,7:30 PM,"The St Thomas Aquinas Fort Lauderdale varsity football team has a game @ Columbus Miami (New Mexico).","/fl/football/game/columbus-miami-vs-st-thomas-aquinas-fort-lauderdale/9-4-2026/?c=4c5013d0-411d-428c-aecc-b0ec69545c96","https://www.maxpreps.com/fl/football/game/columbus-miami-vs-st-thomas-aquinas-fort-lauderdale/9-4-2026/?c=4c5013d0-411d-428c-aecc-b0ec69545c96",13ce,"Explorers","Raiders","https://www.maxpreps.com/nm/columbus-miami/football/","https://www.maxpreps.com/nm/st-thomas-aquinas-fort-lauderdale/football/","https://image.maxpreps.io/school-mascot/5/c/e/5ce85d4b-4ce3-48ca-8b24-2a304bba4853.gif?version=637698085200000000&amp;width=128&amp;height=128&amp;auto=webp&amp;format=pjpg","https://image.maxpreps.io/school-mascot/b/d/1/bd12f619-3d60-413e-a9ef-5742cd4a21bb.gif?version=637743744600000000&amp;width=128&amp;height=128&amp;auto=webp&amp;format=pjpg"
335,"St Frances Academy Baltimore Md vs Vero Beach Fl",Football,"New Mexico",9/4/2026,7:30 PM,"The Vero Beach Fl varsity football team has a game @ St Frances Academy Baltimore Md (New Mexico).","/inter-state/football/game/st-frances-academy-baltimore-md-vs-vero-beach-fl/9-4-2026/?c=8657235a-0e5e-4c65-a4cf-5afea036220b","https://www.maxpreps.com/inter-state/football/game/st-frances-academy-baltimore-md-vs-vero-beach-fl/9-4-2026/?c=8657235a-0e5e-4c65-a4cf-5afea036220b",11ff,"Md","Fl","https://www.maxpreps.com/nm/st-frances-academy-baltimore-md/football/","https://www.maxpreps.com/nm/vero-beach-fl/football/","",""
336,"Brownsburg vs Franklin Central Indianapolis",Football,"New Mexico",9/4/2026,7:30 PM,"The Franklin Central Indianapolis varsity football team has a game @ Brownsburg (New Mexico).","/in/football/game/brownsburg-vs-franklin-central-indianapolis/9-4-2026/?c=955cbe28-7675-45ea-b98c-0ef9ca963cf1","https://www.maxpreps.com/in/football/game/brownsburg-vs-franklin-central-indianapolis/9-4-2026/?c=955cbe28-7675-45ea-b98c-0ef9ca963cf1",1121,"Brownsburg","Indianapolis","https://www.maxpreps.com/nm/brownsburg/football/","https://www.maxpreps.com/nm/franklin-central-indianapolis/football/","",""
337,"Hough Cornelius vs Providence Day Charlotte",Football,"New Mexico",9/4/2026,7:30 PM,"The Providence Day Charlotte varsity football team has a game @ Hough Cornelius (New Mexico).","/nc/football/game/hough-cornelius-vs-providence-day-charlotte/9-4-2026/?c=4124eab2-88ff-4d44-a633-37333b39f0b0","https://www.maxpreps.com/nc/football/game/hough-cornelius-vs-providence-day-charlotte/9-4-2026/?c=4124eab2-88ff-4d44-a633-37333b39f0b0",10ec,"Cornelius","Charlotte","https://www.maxpreps.com/nm/hough-cornelius/football/","https://www.maxpreps.com/nm/providence-day-charlotte/football/","",""
338,"Baylor Chattanooga Tn vs Rabun Gap Nacoochee Ga",Football,"New Mexico",9/4/2026,7:30 PM,"The Rabun Gap Nacoochee Ga varsity football team has a game @ Baylor Chattanooga Tn (New Mexico).","/inter-state/football/game/baylor-chattanooga-tn-vs-rabun-gap-nacoochee-ga/9-4-2026/?c=b07a4869-795e-4a26-b3ac-0cdcbcc8c3fc","https://www.maxpreps.com/inter-state/football/game/baylor-chattanooga-tn-vs-rabun-gap-nacoochee-ga/9-4-2026/?c=b07a4869-795e-4a26-b3ac-0cdcbcc8c3fc",11d5,"Tn","Ga","https://www.maxpreps.com/nm/baylor-chattanooga-tn/football/","https://www.maxpreps.com/nm/rabun-gap-nacoochee-ga/football/","",""
339,"Lee County Leesburg vs Sequoyah Canton",Football,"New Mexico",9/4/2026,7:30 PM,"The Sequoyah Canton varsity football team has a game @ Lee County Leesburg (New Mexico).","/ga/football/game/lee-county-leesburg-vs-sequoyah-canton/9-4-2026/?c=7610023d-8fa5-4efe-8b56-1d730dbb3b61","https://www.maxpreps.com/ga/football/game/lee-county-leesburg-vs-sequoyah-canton/9-4-2026/?c=7610023d-8fa5-4efe-8b56-1d730dbb3b61",eed,"Leesburg","Canton","https://www.maxpreps.com/nm/lee-county-leesburg/football/","https://www.maxpreps.com/nm/sequoyah-canton/football/","",""
340,"Buford Ga vs Mallard Creek Charlotte Nc",Football,"New Mexico",9/4/2026,7:30 PM,"The Mallard Creek Charlotte Nc varsity football team has a game @ Buford Ga (New Mexico).","/inter-state/football/game/buford-ga-vs-mallard-creek-charlotte-nc/9-4-2026/?c=06e6ec32-3617-4780-9c64-ac63fdddd2ef","https://www.maxpreps.com/inter-state/football/game/buford-ga-vs-mallard-creek-charlotte-nc/9-4-2026/?c=06e6ec32-3617-4780-9c64-ac63fdddd2ef",ebf,"Ga","Nc","https://www.maxpreps.com/nm/buford-ga/football/","https://www.maxpreps.com/nm/mallard-creek-charlotte-nc/football/","",""
341,"Brentwood Academy Tn vs St Josephs Prep Philadelphia Pa",Football,"New Mexico",9/4/2026,7:30 PM,"The St Josephs Prep Philadelphia Pa varsity football team has a game @ Brentwood Academy Tn (New Mexico).","/inter-state/football/game/brentwood-academy-tn-vs-st-josephs-prep-philadelphia-pa/9-4-2026/?c=ed5acb23-ac8e-4678-b125-34e32de77c48","https://www.maxpreps.com/inter-state/football/game/brentwood-academy-tn-vs-st-josephs-prep-philadelphia-pa/9-4-2026/?c=ed5acb23-ac8e-4678-b125-34e32de77c48",152b,"Tn","Pa","https://www.maxpreps.com/nm/brentwood-academy-tn/football/","https://www.maxpreps.com/nm/st-josephs-prep-philadelphia-pa/football/","",""
342,"Carrollton Ga vs Catholic Br Bears Baton Rouge La",Football,"New Mexico",9/4/2026,7:30 PM,"The Catholic Br Bears Baton Rouge La varsity football team has a game @ Carrollton Ga (New Mexico).","/inter-state/football/game/carrollton-ga-vs-catholic-br-bears-baton-rouge-la/9-4-2026/?c=e1dcde90-b8ab-454b-9b12-6974776f6af0","https://www.maxpreps.com/inter-state/football/game/carrollton-ga-vs-catholic-br-bears-baton-rouge-la/9-4-2026/?c=e1dcde90-b8ab-454b-9b12-6974776f6af0",1284,"Ga","La","https://www.maxpreps.com/nm/carrollton-ga/football/","https://www.maxpreps.com/nm/catholic-br-bears-baton-rouge-la/football/","",""
343,"Thompson Alabaster vs Vestavia Hills",Football,"New Mexico",9/4/2026,7:30 PM,"The Vestavia Hills varsity football team has a game @ Thompson Alabaster (New Mexico).","/al/football/game/thompson-alabaster-vs-vestavia-hills/9-4-2026/?c=592c6bca-5e37-4616-9dee-75190a10da96","https://www.maxpreps.com/al/football/game/thompson-alabaster-vs-vestavia-hills/9-4-2026/?c=592c6bca-5e37-4616-9dee-75190a10da96",e43,"Alabaster","Hills","https://www.maxpreps.com/nm/thompson-alabaster/football/","https://www.maxpreps.com/nm/vestavia-hills/football/","",""
344,"Allen vs Desoto",Football,"New Mexico",9/4/2026,7:30 PM,"The Desoto varsity football team has a game @ Allen (New Mexico).","/tx/football/game/allen-vs-desoto/9-4-2026/?c=1e1ac24c-e7af-4a4c-bd2a-2c3503a01558","https://www.maxpreps.com/tx/football/game/allen-vs-desoto/9-4-2026/?c=1e1ac24c-e7af-4a4c-bd2a-2c3503a01558",5dd,"Allen","Desoto","https://www.maxpreps.com/nm/allen/football/","https://www.maxpreps.com/nm/desoto/football/","",""
345,"Bishop Gorman Las Vegas Nv vs Lone Peak Highland Ut",Football,"New Mexico",9/4/2026,7:30 PM,"The Lone Peak Highland Ut varsity football team has a game @ Bishop Gorman Las Vegas Nv (New Mexico).","/inter-state/football/game/bishop-gorman-las-vegas-nv-vs-lone-peak-highland-ut/9-4-2026/?c=29b1621b-f35c-4b32-9edc-53e708acc330","https://www.maxpreps.com/inter-state/football/game/bishop-gorman-las-vegas-nv-vs-lone-peak-highland-ut/9-4-2026/?c=29b1621b-f35c-4b32-9edc-53e708acc330",1338,"Nv","Ut","https://www.maxpreps.com/nm/bishop-gorman-las-vegas-nv/football/","https://www.maxpreps.com/nm/lone-peak-highland-ut/football/","",""
346,"Pittsburg vs St John Bosco Bellflower",Football,"New Mexico",9/4/2026,7:30 PM,"The St John Bosco Bellflower varsity football team has a game @ Pittsburg (New Mexico).","/ca/football/game/pittsburg-vs-st-john-bosco-bellflower/9-4-2026/?c=ae4d8580-8f49-4705-b047-48c5ec08888e","https://www.maxpreps.com/ca/football/game/pittsburg-vs-st-john-bosco-bellflower/9-4-2026/?c=ae4d8580-8f49-4705-b047-48c5ec08888e",e88,"Pittsburg","Bellflower","https://www.maxpreps.com/nm/pittsburg/football/","https://www.maxpreps.com/nm/st-john-bosco-bellflower/football/","",""
347,"Mater Dei Santa Ana Ca vs Valor Christian Highlands Ranch Co",Football,"New Mexico",9/4/2026,7:30 PM,"The Valor Christian Highlands Ranch Co varsity football team has a game @ Mater Dei Santa Ana Ca (New Mexico).","/inter-state/football/game/mater-dei-santa-ana-ca-vs-valor-christian-highlands-ranch-co/9-4-2026/?c=93f7f59a-3c65-495e-bcef-c907ecb04034","https://www.maxpreps.com/inter-state/football/game/mater-dei-santa-ana-ca-vs-valor-christian-highlands-ranch-co/9-4-2026/?c=93f7f59a-3c65-495e-bcef-c907ecb04034",167a,"Ca","Co","https://www.maxpreps.com/nm/mater-dei-santa-ana-ca/football/","https://www.maxpreps.com/nm/valor-christian-highlands-ranch-co/football/","",""
348,"Arbor View Las Vegas Nv vs Hamilton Chandler Az",Football,"New Mexico",9/4/2026,7:30 PM,"The Hamilton Chandler Az varsity football team has a game @ Arbor View Las Vegas Nv (New Mexico).","/inter-state/football/game/arbor-view-las-vegas-nv-vs-hamilton-chandler-az/9-4-2026/?c=4d6c7ace-3a91-4768-b267-66760bd60042","https://www.maxpreps.com/inter-state/football/game/arbor-view-las-vegas-nv-vs-hamilton-chandler-az/9-4-2026/?c=4d6c7ace-3a91-4768-b267-66760bd60042",11d4,"Nv","Az","https://www.maxpreps.com/nm/arbor-view-las-vegas-nv/football/","https://www.maxpreps.com/nm/hamilton-chandler-az/football/","",""
349,"Highland Palmdale vs Santa Margarita Rancho Santa Margarita",Football,"New Mexico",9/4/2026,7:30 PM,"The Santa Margarita Rancho Santa Margarita varsity football team has a game @ Highland Palmdale (New Mexico).","/ca/football/game/highland-palmdale-vs-santa-margarita-rancho-santa-margarita/9-4-2026/?c=9d91d9ff-fc93-4e18-afff-7927b2f5f358","https://www.maxpreps.com/ca/football/game/highland-palmdale-vs-santa-margarita-rancho-santa-margarita/9-4-2026/?c=9d91d9ff-fc93-4e18-afff-7927b2f5f358",16bc,"Palmdale","Margarita","https://www.maxpreps.com/nm/highland-palmdale/football/","https://www.maxpreps.com/nm/santa-margarita-rancho-santa-margarita/football/","",""
350,"Basha Chandler Az vs Orange Lutheran Ca",Football,"New Mexico",9/4/2026,7:30 PM,"The Orange Lutheran Ca varsity football team has a game @ Basha Chandler Az (New Mexico).","/inter-state/football/game/basha-chandler-az-vs-orange-lutheran-ca/9-4-2026/?c=2fa972d5-6466-4981-a23b-8c675df63750","https://www.maxpreps.com/inter-state/football/game/basha-chandler-az-vs-orange-lutheran-ca/9-4-2026/?c=2fa972d5-6466-4981-a23b-8c675df63750",eb5,"Az","Ca","https://www.maxpreps.com/nm/basha-chandler-az/football/","https://www.maxpreps.com/nm/orange-lutheran-ca/football/","",""
351,"Red Bank Catholic Nj vs St Anthonys Melville Ny",Football,"New York",9/4/2026,7:30 PM,"The St Anthonys Melville Ny varsity football team has a game @ Red Bank Catholic Nj (New York).","/inter-state/football/game/red-bank-catholic-nj-vs-st-anthonys-melville-ny/9-4-2026/?c=fa2d0c51-6b29-4b31-8237-61102a9eabf0","https://www.maxpreps.com/inter-state/football/game/red-bank-catholic-nj-vs-st-anthonys-melville-ny/9-4-2026/?c=fa2d0c51-6b29-4b31-8237-61102a9eabf0",11e3,"Friars","Caseys","https://www.maxpreps.com/ny/red-bank-catholic-nj/football/","https://www.maxpreps.com/ny/st-anthonys-melville-ny/football/","https://image.maxpreps.io/school-mascot/6/a/a/6aacfc8b-2ea7-4f62-87c6-0fd76fcdf2ad.gif?version=637684966800000000&amp;width=128&amp;height=128&amp;auto=webp&amp;format=pjpg","https://image.maxpreps.io/school-mascot/1/0/7/107fc308-b6e0-4d6f-9ec5-550790154f1a.gif?version=637719472200000000&amp;width=128&amp;height=128&amp;auto=webp&amp;format=pjpg"
352,"Monsignor Farrell Staten Island vs St Peters Staten Island",Football,"New York",9/4/2026,7:30 PM,"The St Peters Staten Island varsity football team has a game @ Monsignor Farrell Staten Island (New York).","/ny/football/game/monsignor-farrell-staten-island-vs-st-peters-staten-island/9-4-2026/?c=bfc13d70-1c95-4203-a318-de79fa751864","https://www.maxpreps.com/ny/football/game/monsignor-farrell-staten-island-vs-st-peters-staten-island/9-4-2026/?c=bfc13d70-1c95-4203-a318-de79fa751864",16a3,"Eagles","Lions","https://www.maxpreps.com/ny/monsignor-farrell-staten-island/football/","https://www.maxpreps.com/ny/st-peters-staten-island/football/","https://image.maxpreps.io/school-mascot/2/7/e/27e48d42-c927-464b-a819-e4c35d19ff93.gif?version=637684967400000000&amp;width=128&amp;height=128&amp;auto=webp&amp;format=pjpg","https://image.maxpreps.io/school-mascot/d/8/9/d897f3d8-dff3-486f-bc40-51758f020116.gif?version=638630390541742690&amp;width=128&amp;height=128&amp;auto=webp&amp;format=pjpg"
353,"Lewis J Bennett Olmsted Middle Early College East Buffalo vs St Francis Hamburg",Football,"New York",9/4/2026,7:30 PM,"The St Francis Hamburg varsity football team has a game @ Lewis J Bennett Olmsted Middle Early College East Buffalo (New York).","/ny/football/game/lewis-j-bennett-olmsted-middle-early-college-east-buffalo-vs-st-francis-hamburg/9-4-2026/?c=a077c120-d0d6-4990-b971-0ce5eb088b5e","https://www.maxpreps.com/ny/football/game/lewis-j-bennett-olmsted-middle-early-college-east-buffalo-vs-st-francis-hamburg/9-4-2026/?c=a077c120-d0d6-4990-b971-0ce5eb088b5e",1e21,"Tigers","Raiders /Red","https://www.maxpreps.com/ny/lewis-j-bennett-olmsted-middle-early-college-east-buffalo/football/","https://www.maxpreps.com/ny/st-francis-hamburg/football/","https://image.maxpreps.io/school-mascot/f/3/8/f384d610-6caa-4fd2-b5ce-6c7519ccc443.gif?version=637782921000000000&amp;width=128&amp;height=128&amp;auto=webp&amp;format=pjpg","https://image.maxpreps.io/school-mascot/5/8/f/58f2725a-bdd4-4a47-8c5e-f9cc00e20d37.gif?version=639188602434276650&amp;width=128&amp;height=128&amp;auto=webp&amp;format=pjpg"
354,"Hudson Falls vs Warrensburg Lake George Bolton",Football,"New York",9/4/2026,7:30 PM,"The Warrensburg Lake George Bolton varsity football team has a game @ Hudson Falls (New York).","/ny/football/game/hudson-falls-vs-warrensburg-lake-george-bolton/9-4-2026/?c=4abc059a-3e64-4500-bc55-d30d05d7a9e9","https://www.maxpreps.com/ny/football/game/hudson-falls-vs-warrensburg-lake-george-bolton/9-4-2026/?c=4abc059a-3e64-4500-bc55-d30d05d7a9e9",11f0,"Tigers","Wolverines","https://www.maxpreps.com/ny/hudson-falls/football/","https://www.maxpreps.com/ny/warrensburg-lake-george-bolton/football/","https://image.maxpreps.io/school-mascot/4/7/8/4785a99a-3e0b-4be7-b252-9eb082068c3b.gif?version=637111324800000000&amp;width=128&amp;height=128&amp;auto=webp&amp;format=pjpg","https://image.maxpreps.io/school-mascot/d/9/c/d9c13592-46af-4a23-bc28-04e3883a3f93.gif?version=638037607800000000&amp;width=128&amp;height=128&amp;auto=webp&amp;format=pjpg"
355,"Mt St Michael Academy Bronx vs Yonkers Guardians",Football,"New York",9/4/2026,7:30 PM,"The Yonkers Guardians varsity football team has a game @ Mt St Michael Academy Bronx (New York).","/ny/football/game/mt-st-michael-academy-bronx-vs-yonkers-guardians/9-4-2026/?c=9b228348-1537-479c-a040-df138a2c595d","https://www.maxpreps.com/ny/football/game/mt-st-michael-academy-bronx-vs-yonkers-guardians/9-4-2026/?c=9b228348-1537-479c-a040-df138a2c595d",1285,"Mountaineers","TBD","https://www.maxpreps.com/ny/mt-st-michael-academy-bronx/football/","https://www.maxpreps.com/ny/yonkers-guardians/football/","https://image.maxpreps.io/school-mascot/9/1/2/9123986d-e34c-4a4e-82b8-86d027288443.gif?version=639221260016250110&amp;width=128&amp;height=128&amp;auto=webp&amp;format=pjpg","https://image.maxpreps.io/school-mascot/d/f/1/df1b588d-d852-4da5-9b62-abef6fa9fb21.gif?version=639215331456939450&amp;width=128&amp;height=128&amp;auto=webp&amp;format=pjpg"
356,"Christ The King Lions Middle Village Ny vs Morristown Beard Nj",Football,"New York",9/4/2026,7:30 PM,"The Morristown Beard Nj varsity football team has a game @ Christ The King Lions Middle Village Ny (New York).","/inter-state/football/game/christ-the-king-lions-middle-village-ny-vs-morristown-beard-nj/9-4-2026/?c=919f37dc-519e-4da3-84a9-7d65d5ef3609","https://www.maxpreps.com/inter-state/football/game/christ-the-king-lions-middle-village-ny-vs-morristown-beard-nj/9-4-2026/?c=919f37dc-519e-4da3-84a9-7d65d5ef3609",17bb,"Royals","Crimson","https://www.maxpreps.com/ny/christ-the-king-lions-middle-village-ny/football/","https://www.maxpreps.com/ny/morristown-beard-nj/football/","https://image.maxpreps.io/school-mascot/d/1/6/d16a26c3-69e4-4cd1-8007-5c1836025c8a.gif?version=637697116800000000&amp;width=128&amp;height=128&amp;auto=webp&amp;format=pjpg","https://image.maxpreps.io/school-mascot/a/f/2/af23d7b0-bc1b-4a8b-8e68-f9ef1676f3a8.gif?version=635874973800000000&amp;width=128&amp;height=128&amp;auto=webp&amp;format=pjpg"
357,"Kellenberg Memorial Uniondale vs New Rochelle",Football,"New York",9/4/2026,7:30 PM,"The New Rochelle varsity football team has a game @ Kellenberg Memorial Uniondale (New York).","/ny/football/game/kellenberg-memorial-uniondale-vs-new-rochelle/9-4-2026/?c=170befee-3da2-4328-9f20-12fc96625b42","https://www.maxpreps.com/ny/football/game/kellenberg-memorial-uniondale-vs-new-rochelle/9-4-2026/?c=170befee-3da2-4328-9f20-12fc96625b42",1192,"Firebirds","Huguenots","https://www.maxpreps.com/ny/kellenberg-memorial-uniondale/football/","https://www.maxpreps.com/ny/new-rochelle/football/","https://image.maxpreps.io/school-mascot/f/8/a/f8a56b62-ed77-42d2-9851-9a3a678762c4.gif?version=634463369400000000&amp;width=128&amp;height=128&amp;auto=webp&amp;format=pjpg","https://image.maxpreps.io/school-mascot/1/1/e/11e9a801-12ca-4e72-997e-c466a5707b86.gif?version=635500888800000000&amp;width=128&amp;height=128&amp;auto=webp&amp;format=pjpg"
358,"Immaculata Somerville Nj vs St Joseph By The Sea Staten Island Ny",Football,"New York",9/4/2026,7:30 PM,"The St Joseph By The Sea Staten Island Ny varsity football team has a game @ Immaculata Somerville Nj (New York).","/inter-state/football/game/immaculata-somerville-nj-vs-st-joseph-by-the-sea-staten-island-ny/9-4-2026/?c=a96afde7-28eb-42b6-bf6d-44f4b2e61ae4","https://www.maxpreps.com/inter-state/football/game/immaculata-somerville-nj-vs-st-joseph-by-the-sea-staten-island-ny/9-4-2026/?c=a96afde7-28eb-42b6-bf6d-44f4b2e61ae4",18c6,"Vikings","Spartans","https://www.maxpreps.com/ny/immaculata-somerville-nj/football/","https://www.maxpreps.com/ny/st-joseph-by-the-sea-staten-island-ny/football/","https://image.maxpreps.io/school-mascot/f/b/5/fb5d1479-b979-4a0f-919d-028d3eb1729d.gif?version=638010944400000000&amp;width=128&amp;height=128&amp;auto=webp&amp;format=pjpg","https://image.maxpreps.io/school-mascot/b/0/9/b09844e8-cfbc-4a4b-b8f8-1fd4557c8247.gif?version=637045707000000000&amp;width=128&amp;height=128&amp;auto=webp&amp;format=pjpg"
359,"Fort Hamilton Brooklyn vs Xaverian Brooklyn",Football,"New York",9/4/2026,7:30 PM,"The Xaverian Brooklyn varsity football team has a game @ Fort Hamilton Brooklyn (New York).","/ny/football/game/fort-hamilton-brooklyn-vs-xaverian-brooklyn/9-4-2026/?c=eb2be353-5eba-4501-ae9f-b90f50b10be6","https://www.maxpreps.com/ny/football/game/fort-hamilton-brooklyn-vs-xaverian-brooklyn/9-4-2026/?c=eb2be353-5eba-4501-ae9f-b90f50b10be6",111f,"Tigers","Clippers","https://www.maxpreps.com/ny/fort-hamilton-brooklyn/football/","https://www.maxpreps.com/ny/xaverian-brooklyn/football/","https://image.maxpreps.io/school-mascot/6/6/6/666fabff-1c34-4ffc-9e2f-655f2bcc9394.gif?version=638739116335703950&amp;width=128&amp;height=128&amp;auto=webp&amp;format=pjpg","https://image.maxpreps.io/school-mascot/6/4/4/644b90ba-5f78-4572-b815-954bb0589346.gif?version=638001283800000000&amp;width=128&amp;height=128&amp;auto=webp&amp;format=pjpg"
360,"Hackley Tarrytown vs St Dominic Oyster Bay",Football,"New York",9/4/2026,7:30 PM,"The St Dominic Oyster Bay varsity football team has a game @ Hackley Tarrytown (New York).","/ny/football/game/hackley-tarrytown-vs-st-dominic-oyster-bay/9-4-2026/?c=06501094-3d02-4ea6-a7d9-8e0708d22220","https://www.maxpreps.com/ny/football/game/hackley-tarrytown-vs-st-dominic-oyster-bay/9-4-2026/?c=06501094-3d02-4ea6-a7d9-8e0708d22220",107e,"Hornets","Bayhawks","https://www.maxpreps.com/ny/hackley-tarrytown/football/","https://www.maxpreps.com/ny/st-dominic-oyster-bay/football/","https://image.maxpreps.io/school-mascot/e/5/2/e5224b2b-c616-4ab8-97ce-c8e36eaf11cf.gif?version=635410146600000000&amp;width=128&amp;height=128&amp;auto=webp&amp;format=pjpg","https://image.maxpreps.io/school-mascot/6/d/f/6dfd1626-19bd-409c-9505-fd92a240d46d.gif?version=638741737574909880&amp;width=128&amp;height=128&amp;auto=webp&amp;format=pjpg"
361,"Massapequa vs Port Washington",Football,"New York",9/4/2026,7:30 PM,"The Port Washington varsity football team has a game @ Massapequa (New York).","/ny/football/game/massapequa-vs-port-washington/9-4-2026/?c=773605d2-a6f5-4b13-9832-e2b59ffc302b","https://www.maxpreps.com/ny/football/game/massapequa-vs-port-washington/9-4-2026/?c=773605d2-a6f5-4b13-9832-e2b59ffc302b",ba8,"Vikings","Chiefs","https://www.maxpreps.com/ny/massapequa/football/","https://www.maxpreps.com/ny/port-washington/football/","https://image.maxpreps.io/school-mascot/b/0/2/b02cb3cc-2343-46fe-a1ab-fbdc73cc8581.gif?version=636263737200000000&amp;width=128&amp;height=128&amp;auto=webp&amp;format=pjpg","https://image.maxpreps.io/school-mascot/5/9/3/593af035-052c-4f8e-b7d1-5692b7793aa6.gif?version=635993311200000000&amp;width=128&amp;height=128&amp;auto=webp&amp;format=pjpg"
362,"Allegany Limestone vs Cardinal Ohara Tonawanda",Football,"New York",9/4/2026,7:30 PM,"The Cardinal Ohara Tonawanda varsity football team has a game @ Allegany Limestone (New York).","/ny/football/game/allegany-limestone-vs-cardinal-ohara-tonawanda/9-4-2026/?c=8f26b6d9-1254-4af7-bd8e-4c7324f97319","https://www.maxpreps.com/ny/football/game/allegany-limestone-vs-cardinal-ohara-tonawanda/9-4-2026/?c=8f26b6d9-1254-4af7-bd8e-4c7324f97319",11ed,"Hawks","Gators","https://www.maxpreps.com/ny/allegany-limestone/football/","https://www.maxpreps.com/ny/cardinal-ohara-tonawanda/football/","https://image.maxpreps.io/school-mascot/e/0/4/e04b259d-f919-452f-8f29-9da4a3680760.gif?version=633957707400000000&amp;width=128&amp;height=128&amp;auto=webp&amp;format=pjpg","https://image.maxpreps.io/school-mascot/c/2/0/c203d449-4681-456d-8c90-e88e7fda2b44.gif?version=637830133800000000&amp;width=128&amp;height=128&amp;auto=webp&amp;format=pjpg"
363,"Albertus Magnus Bardonia vs Tappan Zee Orangeburg",Football,"New York",9/4/2026,7:30 PM,"The Tappan Zee Orangeburg varsity football team has a game @ Albertus Magnus Bardonia (New York).","/ny/football/game/albertus-magnus-bardonia-vs-tappan-zee-orangeburg/9-4-2026/?c=945d6317-6e99-403e-bb80-9461c0d3fcfc","https://www.maxpreps.com/ny/football/game/albertus-magnus-bardonia-vs-tappan-zee-orangeburg/9-4-2026/?c=945d6317-6e99-403e-bb80-9461c0d3fcfc",1318,"Falcons","Dutchmen","https://www.maxpreps.com/ny/albertus-magnus-bardonia/football/","https://www.maxpreps.com/ny/tappan-zee-orangeburg/football/","https://image.maxpreps.io/school-mascot/8/4/a/84af687f-64af-4355-9160-93a6a7a2715b.gif?version=637704210600000000&amp;width=128&amp;height=128&amp;auto=webp&amp;format=pjpg","https://image.maxpreps.io/school-mascot/7/0/6/706a3c2b-7fad-47b0-a55f-0ab5b515cbf8.gif?version=635984600400000000&amp;width=128&amp;height=128&amp;auto=webp&amp;format=pjpg"
364,"Briarcliff Hamilton Briarcliff Manor vs Greeley Chappaqua",Football,"New York",9/4/2026,7:30 PM,"The Greeley Chappaqua varsity football team has a game @ Briarcliff Hamilton Briarcliff Manor (New York).","/ny/football/game/briarcliff-hamilton-briarcliff-manor-vs-greeley-chappaqua/9-4-2026/?c=084f9bf5-0d41-4b2a-8757-518069f1745c","https://www.maxpreps.com/ny/football/game/briarcliff-hamilton-briarcliff-manor-vs-greeley-chappaqua/9-4-2026/?c=084f9bf5-0d41-4b2a-8757-518069f1745c",1639,"Quakers","TBD","https://www.maxpreps.com/ny/briarcliff-hamilton-briarcliff-manor/football/","https://www.maxpreps.com/ny/greeley-chappaqua/football/","https://image.maxpreps.io/school-mascot/2/e/4/2e47196c-7f7c-4c02-969e-bf8eae8d4807.gif?version=637193539800000000&amp;width=128&amp;height=128&amp;auto=webp&amp;format=pjpg","https://image.maxpreps.io/school-mascot/b/b/d/bbd26ff6-b1dd-4382-bfb1-6f616f684af0.gif?version=638866279033673330&amp;width=128&amp;height=128&amp;auto=webp&amp;format=pjpg"
365,"Valley Central Montgomery vs Yorktown Yorktown Heights",Football,"New York",9/4/2026,7:30 PM,"The Yorktown Yorktown Heights varsity football team has a game @ Valley Central Montgomery (New York).","/ny/football/game/valley-central-montgomery-vs-yorktown-yorktown-heights/9-4-2026/?c=4117f445-5847-4d10-8f8c-816b7e12447e","https://www.maxpreps.com/ny/football/game/valley-central-montgomery-vs-yorktown-yorktown-heights/9-4-2026/?c=4117f445-5847-4d10-8f8c-816b7e12447e",15c4,"Huskers","Vikings","https://www.maxpreps.com/ny/valley-central-montgomery/football/","https://www.maxpreps.com/ny/yorktown-yorktown-heights/football/","https://image.maxpreps.io/school-mascot/1/5/9/1596383f-450e-4c38-9278-8cbf566fb3e5.gif?version=637703951400000000&amp;width=128&amp;height=128&amp;auto=webp&amp;format=pjpg","https://image.maxpreps.io/school-mascot/a/6/9/a69b41e8-bc00-4ce6-b24c-7b420ada13b4.gif?version=635990092200000000&amp;width=128&amp;height=128&amp;auto=webp&amp;format=pjpg"
366,"Clarkstown North New City vs Ramapo Spring Valley",Football,"New York",9/4/2026,7:30 PM,"The Ramapo Spring Valley varsity football team has a game @ Clarkstown North New City (New York).","/ny/football/game/clarkstown-north-new-city-vs-ramapo-spring-valley/9-4-2026/?c=5a50a706-ed5f-4af8-beab-76f846bf2045","https://www.maxpreps.com/ny/football/game/clarkstown-north-new-city-vs-ramapo-spring-valley/9-4-2026/?c=5a50a706-ed5f-4af8-beab-76f846bf2045",133a,"Gryphons","Rams","https://www.maxpreps.com/ny/clarkstown-north-new-city/football/","https://www.maxpreps.com/ny/ramapo-spring-valley/football/","https://image.maxpreps.io/school-mascot/f/0/c/f0c05447-5942-4e34-926e-48413235fbdb.gif?version=638741685672736440&amp;width=128&amp;height=128&amp;auto=webp&amp;format=pjpg","https://image.maxpreps.io/school-mascot/8/d/d/8ddf6113-5452-4540-9baf-eb525e043efd.gif?version=635003997600000000&amp;width=128&amp;height=128&amp;auto=webp&amp;format=pjpg"
367,"Beacon vs Ketcham The Storm Wappingers Falls",Football,"New York",9/4/2026,7:30 PM,"The Ketcham The Storm Wappingers Falls varsity football team has a game @ Beacon (New York).","/ny/football/game/beacon-vs-ketcham-the-storm-wappingers-falls/9-4-2026/?c=149f89a1-6c3a-4b9a-b355-8fcc652c7793","https://www.maxpreps.com/ny/football/game/beacon-vs-ketcham-the-storm-wappingers-falls/9-4-2026/?c=149f89a1-6c3a-4b9a-b355-8fcc652c7793",1104,"Bulldogs","Indians","https://www.maxpreps.com/ny/beacon/football/","https://www.maxpreps.com/ny/ketcham-the-storm-wappingers-falls/football/","https://image.maxpreps.io/school-mascot/1/0/b/10b2f9aa-ff17-41b3-974a-f1aeff6303e9.gif?version=636687414000000000&amp;width=128&amp;height=128&amp;auto=webp&amp;format=pjpg","https://image.maxpreps.io/school-mascot/e/a/e/eaed4cf8-fa58-4c73-8bc4-738a9d73b64f.gif?version=639183594846215220&amp;width=128&amp;height=128&amp;auto=webp&amp;format=pjpg"
368,"John Jay Hopewell Junction vs Pine Bush",Football,"New York",9/4/2026,7:30 PM,"The Pine Bush varsity football team has a game @ John Jay Hopewell Junction (New York).","/ny/football/game/john-jay-hopewell-junction-vs-pine-bush/9-4-2026/?c=1b103839-31a2-45de-ac44-a7bfda705e36","https://www.maxpreps.com/ny/football/game/john-jay-hopewell-junction-vs-pine-bush/9-4-2026/?c=1b103839-31a2-45de-ac44-a7bfda705e36",f12,"Patriots","Bushmen","https://www.maxpreps.com/ny/john-jay-hopewell-junction/football/","https://www.maxpreps.com/ny/pine-bush/football/","https://image.maxpreps.io/school-mascot/d/4/7/d47c1cab-8a51-4749-8648-bcf093741a3b.gif?version=635378985000000000&amp;width=128&amp;height=128&amp;auto=webp&amp;format=pjpg","https://image.maxpreps.io/school-mascot/a/8/a/a8a2b62b-7b23-41f7-b22b-b9b5c18042c2.gif?version=637092390600000000&amp;width=128&amp;height=128&amp;auto=webp&amp;format=pjpg"
369,"Nanuet vs Pearl River",Football,"New York",9/4/2026,7:30 PM,"The Pearl River varsity football team has a game @ Nanuet (New York).","/ny/football/game/nanuet-vs-pearl-river/9-4-2026/?c=51b68375-61c2-4a53-a1dc-6c387ab5eade","https://www.maxpreps.com/ny/football/game/nanuet-vs-pearl-river/9-4-2026/?c=51b68375-61c2-4a53-a1dc-6c387ab5eade",837,"Golden Knights","Pirates","https://www.maxpreps.com/ny/nanuet/football/","https://www.maxpreps.com/ny/pearl-river/football/","https://image.maxpreps.io/school-mascot/d/1/c/d1cb95c9-538c-4808-be5f-54a9e6329e31.gif?version=635869843200000000&amp;width=128&amp;height=128&amp;auto=webp&amp;format=pjpg","https://image.maxpreps.io/school-mascot/f/d/1/fd14345f-779f-4582-bdb8-37974495cae0.gif?version=635319405000000000&amp;width=128&amp;height=128&amp;auto=webp&amp;format=pjpg"
370,"Averill Park Golden Knights vs Bronxville",Football,"New York",9/4/2026,7:30 PM,"The Bronxville varsity football team has a game @ Averill Park Golden Knights (New York).","/ny/football/game/averill-park-golden-knights-vs-bronxville/9-4-2026/?c=aa694f0e-1469-4e4a-80f1-4e461aaedcd9","https://www.maxpreps.com/ny/football/game/averill-park-golden-knights-vs-bronxville/9-4-2026/?c=aa694f0e-1469-4e4a-80f1-4e461aaedcd9",101d,"Warriors","Broncos","https://www.maxpreps.com/ny/averill-park-golden-knights/football/","https://www.maxpreps.com/ny/bronxville/football/","https://image.maxpreps.io/school-mascot/d/3/c/d3c7900c-1d89-4298-8164-2be2cf4d4821.gif?version=637830129600000000&amp;width=128&amp;height=128&amp;auto=webp&amp;format=pjpg","https://image.maxpreps.io/school-mascot/2/4/e/24e069f2-2378-403d-b563-97b662c554ce.gif?version=636567083400000000&amp;width=128&amp;height=128&amp;auto=webp&amp;format=pjpg"
371,"Ramsey Nj vs Suffern Ny",Football,"New York",9/4/2026,7:30 PM,"The Suffern Ny varsity football team has a game @ Ramsey Nj (New York).","/inter-state/football/game/ramsey-nj-vs-suffern-ny/9-4-2026/?c=54016d09-4af8-4133-9d6a-8909fa8a4d92","https://www.maxpreps.com/inter-state/football/game/ramsey-nj-vs-suffern-ny/9-4-2026/?c=54016d09-4af8-4133-9d6a-8909fa8a4d92",8e6,"Rams","Mounties","https://www.maxpreps.com/ny/ramsey-nj/football/","https://www.maxpreps.com/ny/suffern-ny/football/","https://image.maxpreps.io/school-mascot/0/a/8/0a899f4f-9517-47b0-ab89-3093cec6be8c.gif?version=637253949600000000&amp;width=128&amp;height=128&amp;auto=webp&amp;format=pjpg","https://image.maxpreps.io/school-mascot/3/d/6/3d61a318-c375-46f1-8f6d-6e3dfb89516c.gif?version=637697116200000000&amp;width=128&amp;height=128&amp;auto=webp&amp;format=pjpg"
372,"Arlington Lagrangeville vs Middletown",Football,"New York",9/4/2026,7:30 PM,"The Middletown varsity football team has a game @ Arlington Lagrangeville (New York).","/ny/football/game/arlington-lagrangeville-vs-middletown/9-4-2026/?c=a8fd1c97-d1d9-423d-a5c2-873e51e19e48","https://www.maxpreps.com/ny/football/game/arlington-lagrangeville-vs-middletown/9-4-2026/?c=a8fd1c97-d1d9-423d-a5c2-873e51e19e48",ed2,"Admirals","Middie Bears","https://www.maxpreps.com/ny/arlington-lagrangeville/football/","https://www.maxpreps.com/ny/middletown/football/","https://image.maxpreps.io/school-mascot/8/2/a/82a71707-de08-4800-b7c9-775d668f6e9c.gif?version=637666829400000000&amp;width=128&amp;height=128&amp;auto=webp&amp;format=pjpg","https://image.maxpreps.io/school-mascot/9/f/6/9f60d097-7170-4a0b-9f3b-09cc960a07f4.gif?version=634703381400000000&amp;width=128&amp;height=128&amp;auto=webp&amp;format=pjpg"
373,"Croton Harmon Croton On Hudson vs Hendrick Hudson Montrose",Football,"New York",9/4/2026,7:30 PM,"The Hendrick Hudson Montrose varsity football team has a game @ Croton Harmon Croton On Hudson (New York).","/ny/football/game/croton-harmon-croton-on-hudson-vs-hendrick-hudson-montrose/9-4-2026/?c=df9ed869-915c-4eee-b33d-9dd707a3f313","https://www.maxpreps.com/ny/football/game/croton-harmon-croton-on-hudson-vs-hendrick-hudson-montrose/9-4-2026/?c=df9ed869-915c-4eee-b33d-9dd707a3f313",16be,"Tigers","Sailors","https://www.maxpreps.com/ny/croton-harmon-croton-on-hudson/football/","https://www.maxpreps.com/ny/hendrick-hudson-montrose/football/","https://image.maxpreps.io/school-mascot/e/f/d/efdcc747-395c-4cbc-89e0-47c4a163773a.gif?version=636116899200000000&amp;width=128&amp;height=128&amp;auto=webp&amp;format=pjpg","https://image.maxpreps.io/school-mascot/f/4/6/f46fd265-028d-4e64-9508-e58820bbd56f.gif?version=637684966200000000&amp;width=128&amp;height=128&amp;auto=webp&amp;format=pjpg"
374,"Goshen Central vs John Jay Wolves Cross River",Football,"New York",9/4/2026,7:30 PM,"The John Jay Wolves Cross River varsity football team has a game @ Goshen Central (New York).","/ny/football/game/goshen-central-vs-john-jay-wolves-cross-river/9-4-2026/?c=53d562cb-6210-4b47-a13a-c961f9cc7ecf","https://www.maxpreps.com/ny/football/game/goshen-central-vs-john-jay-wolves-cross-river/9-4-2026/?c=53d562cb-6210-4b47-a13a-c961f9cc7ecf",1176,"Indians","Gladiators","https://www.maxpreps.com/ny/goshen-central/football/","https://www.maxpreps.com/ny/john-jay-wolves-cross-river/football/","https://image.maxpreps.io/school-mascot/2/c/e/2cefc31d-b955-41af-add4-9fea5c2fdfe5.gif?version=637565630400000000&amp;width=128&amp;height=128&amp;auto=webp&amp;format=pjpg","https://image.maxpreps.io/school-mascot/4/7/8/4782173d-4403-4813-8e0c-82c732415fd5.gif?version=635736709800000000&amp;width=128&amp;height=128&amp;auto=webp&amp;format=pjpg"
375,"Archbishop Stepinac White Plains vs Christian Brothers Academy Albany",Football,"New York",9/4/2026,7:30 PM,"The Christian Brothers Academy Albany varsity football team has a game @ Archbishop Stepinac White Plains (New York).","/ny/football/game/archbishop-stepinac-white-plains-vs-christian-brothers-academy-albany/9-4-2026/?c=610cae81-042c-4062-8567-efd8a3c19344","https://www.maxpreps.com/ny/football/game/archbishop-stepinac-white-plains-vs-christian-brothers-academy-albany/9-4-2026/?c=610cae81-042c-4062-8567-efd8a3c19344",1aec,"Crusaders","Brothers","https://www.maxpreps.com/ny/archbishop-stepinac-white-plains/football/","https://www.maxpreps.com/ny/christian-brothers-academy-albany/football/","https://image.maxpreps.io/school-mascot/d/d/b/ddb1501f-6857-409a-ae29-3981b73ab21c.gif?version=637661050800000000&amp;width=128&amp;height=128&amp;auto=webp&amp;format=pjpg","https://image.maxpreps.io/school-mascot/a/f/6/af616635-654d-4db3-b127-4dc5889d85a8.gif?version=638717682323601700&amp;width=128&amp;height=128&amp;auto=webp&amp;format=pjpg"
376,"Mahopac Wolf Pac vs Minisink Valley Mvhs Slate Hill",Football,"New York",9/4/2026,7:30 PM,"The Minisink Valley Mvhs Slate Hill varsity football team has a game @ Mahopac Wolf Pac (New York).","/ny/football/game/mahopac-wolf-pac-vs-minisink-valley-mvhs-slate-hill/9-4-2026/?c=d73437e8-01d3-4d6e-90c1-e70e0a854874","https://www.maxpreps.com/ny/football/game/mahopac-wolf-pac-vs-minisink-valley-mvhs-slate-hill/9-4-2026/?c=d73437e8-01d3-4d6e-90c1-e70e0a854874",1385,"Warriors","Indians","https://www.maxpreps.com/ny/mahopac-wolf-pac/football/","https://www.maxpreps.com/ny/minisink-valley-mvhs-slate-hill/football/","https://image.maxpreps.io/school-mascot/c/0/4/c04ed576-d089-4fe0-aa53-03074eaaff1b.gif?version=637672228800000000&amp;width=128&amp;height=128&amp;auto=webp&amp;format=pjpg","https://image.maxpreps.io/school-mascot/9/d/d/9dd3d6d9-0be6-480e-882c-4e0677ddfd8f.gif?version=639183594861062340&amp;width=128&amp;height=128&amp;auto=webp&amp;format=pjpg"
377,"Haldane Cold Spring vs Oneill Highland Falls",Football,"New York",9/4/2026,7:30 PM,"The Oneill Highland Falls varsity football team has a game @ Haldane Cold Spring (New York).","/ny/football/game/haldane-cold-spring-vs-oneill-highland-falls/9-4-2026/?c=eb5abe79-198c-4799-950c-53b335f6501b","https://www.maxpreps.com/ny/football/game/haldane-cold-spring-vs-oneill-highland-falls/9-4-2026/?c=eb5abe79-198c-4799-950c-53b335f6501b",10cd,"Blue Devils","Raiders","https://www.maxpreps.com/ny/haldane-cold-spring/football/","https://www.maxpreps.com/ny/oneill-highland-falls/football/","https://image.maxpreps.io/school-mascot/f/b/3/fb3e3a8d-d610-47bf-991a-00bf30212ed8.gif?version=637727292000000000&amp;width=128&amp;height=128&amp;auto=webp&amp;format=pjpg","https://image.maxpreps.io/school-mascot/f/0/8/f08a4e0b-27f5-4ee6-a455-e914bef1899c.gif?version=638110174800000000&amp;width=128&amp;height=128&amp;auto=webp&amp;format=pjpg"
378,"Chester Seward vs Tuckahoe Eastchester",Football,"New York",9/4/2026,7:30 PM,"The Tuckahoe Eastchester varsity football team has a game @ Chester Seward (New York).","/ny/football/game/chester-seward-vs-tuckahoe-eastchester/9-4-2026/?c=2ee674b7-ea6e-4531-86ad-e83763d62b95","https://www.maxpreps.com/ny/football/game/chester-seward-vs-tuckahoe-eastchester/9-4-2026/?c=2ee674b7-ea6e-4531-86ad-e83763d62b95",f00,"Hambletonians","Tigers","https://www.maxpreps.com/ny/chester-seward/football/","https://www.maxpreps.com/ny/tuckahoe-eastchester/football/","https://image.maxpreps.io/school-mascot/9/1/7/91767cf5-a69e-4d6c-b7bc-dcd7eb4019cb.gif?version=638786735393166360&amp;width=128&amp;height=128&amp;auto=webp&amp;format=pjpg","https://image.maxpreps.io/school-mascot/0/0/b/00b0e6a5-c546-440b-9ed2-ea351c6ab0af.gif?version=637727290800000000&amp;width=128&amp;height=128&amp;auto=webp&amp;format=pjpg"
379,"North Rockland Thiells vs Nyack Red Hawks Upper Nyack",Football,"New York",9/4/2026,7:30 PM,"The Nyack Red Hawks Upper Nyack varsity football team has a game @ North Rockland Thiells (New York).","/ny/football/game/north-rockland-thiells-vs-nyack-red-hawks-upper-nyack/9-4-2026/?c=117c9fd2-9a62-4dd1-82a1-1c67135ebf6d","https://www.maxpreps.com/ny/football/game/north-rockland-thiells-vs-nyack-red-hawks-upper-nyack/9-4-2026/?c=117c9fd2-9a62-4dd1-82a1-1c67135ebf6d",1470,"Indians","Raiders","https://www.maxpreps.com/ny/north-rockland-thiells/football/","https://www.maxpreps.com/ny/nyack-red-hawks-upper-nyack/football/","https://image.maxpreps.io/school-mascot/a/4/7/a47364c2-e77a-4d3f-94cf-c911fe2135ab.gif?version=639183594842004330&amp;width=128&amp;height=128&amp;auto=webp&amp;format=pjpg","https://image.maxpreps.io/school-mascot/8/7/c/87cdce1a-d08b-434c-9ff4-1b8898dc2b5b.gif?version=636421821600000000&amp;width=128&amp;height=128&amp;auto=webp&amp;format=pjpg"
380,"Cornwall Central New Windsor vs Rye",Football,"New York",9/4/2026,7:30 PM,"The Rye varsity football team has a game @ Cornwall Central New Windsor (New York).","/ny/football/game/cornwall-central-new-windsor-vs-rye/9-4-2026/?c=5ca49324-c642-429f-8ae6-49c038b940cf","https://www.maxpreps.com/ny/football/game/cornwall-central-new-windsor-vs-rye/9-4-2026/?c=5ca49324-c642-429f-8ae6-49c038b940cf",db5,"Dragons","Garnets","https://www.maxpreps.com/ny/cornwall-central-new-windsor/football/","https://www.maxpreps.com/ny/rye/football/","https://image.maxpreps.io/school-mascot/3/2/b/32bafadf-bd80-4c5d-ba63-a6aa4b254772.gif?version=636450343200000000&amp;width=128&amp;height=128&amp;auto=webp&amp;format=pjpg","https://image.maxpreps.io/school-mascot/b/3/9/b39e96ce-35ba-4b6c-bc92-f9dd79bcca2a.gif?version=637727290800000000&amp;width=128&amp;height=128&amp;auto=webp&amp;format=pjpg"
381,"Poughkeepsie vs Roosevelt Hyde Park",Football,"New York",9/4/2026,7:30 PM,"The Roosevelt Hyde Park varsity football team has a game @ Poughkeepsie (New York).","/ny/football/game/poughkeepsie-vs-roosevelt-hyde-park/9-4-2026/?c=e820e5cd-aa90-4f2c-ab63-c6f0d7915070","https://www.maxpreps.com/ny/football/game/poughkeepsie-vs-roosevelt-hyde-park/9-4-2026/?c=e820e5cd-aa90-4f2c-ab63-c6f0d7915070",de1,"Presidents","Pioneers","https://www.maxpreps.com/ny/poughkeepsie/football/","https://www.maxpreps.com/ny/roosevelt-hyde-park/football/","https://image.maxpreps.io/school-mascot/9/5/2/95207f2d-60cc-4778-ad0a-09f241b8dcaa.gif?version=637684966200000000&amp;width=128&amp;height=128&amp;auto=webp&amp;format=pjpg","https://image.maxpreps.io/school-mascot/e/5/8/e5816876-e0a8-46dd-942c-6a25878cfcc7.gif?version=637830133800000000&amp;width=128&amp;height=128&amp;auto=webp&amp;format=pjpg"
382,"Stillwater vs Waterville",Football,"New York",9/4/2026,7:30 PM,"The Waterville varsity football team has a game @ Stillwater (New York).","/ny/football/game/stillwater-vs-waterville/9-4-2026/?c=743497e9-7fec-42b7-ada4-4ae78ffcc149","https://www.maxpreps.com/ny/football/game/stillwater-vs-waterville/9-4-2026/?c=743497e9-7fec-42b7-ada4-4ae78ffcc149",9cd,"Eagles","Warriors","https://www.maxpreps.com/ny/stillwater/football/","https://www.maxpreps.com/ny/waterville/football/","https://image.maxpreps.io/school-mascot/f/4/f/f4fce3e4-6a70-471c-8097-e1d2a3703f67.gif?version=638714952569370920&amp;width=128&amp;height=128&amp;auto=webp&amp;format=pjpg","https://image.maxpreps.io/school-mascot/6/f/3/6f356f54-6b52-43c6-8337-971d908d45f5.gif?version=638366647800000000&amp;width=128&amp;height=128&amp;auto=webp&amp;format=pjpg"
383,"Columbia East Greenbush vs Queensbury",Football,"New York",9/4/2026,7:30 PM,"The Queensbury varsity football team has a game @ Columbia East Greenbush (New York).","/ny/football/game/columbia-east-greenbush-vs-queensbury/9-4-2026/?c=f5961711-2f70-4fc0-a118-4bd9fcc6c3f4","https://www.maxpreps.com/ny/football/game/columbia-east-greenbush-vs-queensbury/9-4-2026/?c=f5961711-2f70-4fc0-a118-4bd9fcc6c3f4",eac,"Spartans","Blue Devils","https://www.maxpreps.com/ny/columbia-east-greenbush/football/","https://www.maxpreps.com/ny/queensbury/football/","https://image.maxpreps.io/school-mascot/a/5/b/a5b14552-ff42-4128-bfc4-cad3f678b461.gif?version=638299213200000000&amp;width=128&amp;height=128&amp;auto=webp&amp;format=pjpg","https://image.maxpreps.io/school-mascot/a/c/4/ac4def49-8464-4719-b56a-583ad8a4067e.gif?version=636408104400000000&amp;width=128&amp;height=128&amp;auto=webp&amp;format=pjpg"
384,"Guilderland Guilderland Center vs Shenendehowa Clifton Park",Football,"New York",9/4/2026,7:30 PM,"The Shenendehowa Clifton Park varsity football team has a game @ Guilderland Guilderland Center (New York).","/ny/football/game/guilderland-guilderland-center-vs-shenendehowa-clifton-park/9-4-2026/?c=3fa86368-05dd-4df4-bfbe-c0f6ced393e2","https://www.maxpreps.com/ny/football/game/guilderland-guilderland-center-vs-shenendehowa-clifton-park/9-4-2026/?c=3fa86368-05dd-4df4-bfbe-c0f6ced393e2",1724,"High School","Flyin Dutchman","https://www.maxpreps.com/ny/guilderland-guilderland-center/football/","https://www.maxpreps.com/ny/shenendehowa-clifton-park/football/","https://image.maxpreps.io/school-mascot/d/b/2/db283692-f66d-4b8f-88fa-55343e319b88.gif?version=639184946888885710&amp;width=128&amp;height=128&amp;auto=webp&amp;format=pjpg","https://image.maxpreps.io/school-mascot/b/8/b/b8b7ace6-0db8-42fa-8392-620cdcdf156f.gif?version=638739211846680830&amp;width=128&amp;height=128&amp;auto=webp&amp;format=pjpg"
385,"Gloversville vs Hoosick Falls Tamarac",Football,"New York",9/4/2026,7:30 PM,"The Hoosick Falls Tamarac varsity football team has a game @ Gloversville (New York).","/ny/football/game/gloversville-vs-hoosick-falls-tamarac/9-4-2026/?c=056927f0-1894-4674-9d8e-4ebcd2f44be2","https://www.maxpreps.com/ny/football/game/gloversville-vs-hoosick-falls-tamarac/9-4-2026/?c=056927f0-1894-4674-9d8e-4ebcd2f44be2",e96,"Huskies","TBD","https://www.maxpreps.com/ny/gloversville/football/","https://www.maxpreps.com/ny/hoosick-falls-tamarac/football/","https://image.maxpreps.io/school-mascot/d/6/5/d6586611-dd72-4728-832d-d95ff45c592b.gif?version=639185203258525260&amp;width=128&amp;height=128&amp;auto=webp&amp;format=pjpg","https://image.maxpreps.io/school-mascot/2/6/9/2699714c-50a6-49cf-928c-848d367d05ec.gif?version=636476707200000000&amp;width=128&amp;height=128&amp;auto=webp&amp;format=pjpg"
386,"Green Tech Albany vs Hudson",Football,"New York",9/4/2026,7:30 PM,"The Hudson varsity football team has a game @ Green Tech Albany (New York).","/ny/football/game/green-tech-albany-vs-hudson/9-4-2026/?c=e0c36f37-cfa6-46de-9ac6-b004361ba8de","https://www.maxpreps.com/ny/football/game/green-tech-albany-vs-hudson/9-4-2026/?c=e0c36f37-cfa6-46de-9ac6-b004361ba8de",a5a,"Eagles","Bluehawks","https://www.maxpreps.com/ny/green-tech-albany/football/","https://www.maxpreps.com/ny/hudson/football/","https://image.maxpreps.io/school-mascot/5/a/2/5a2856b6-3c4b-43ee-9b10-eafe821a191a.gif?version=637824162600000000&amp;width=128&amp;height=128&amp;auto=webp&amp;format=pjpg","https://image.maxpreps.io/school-mascot/7/1/9/7197f78d-b656-4dc8-a553-9659a985c265.gif?version=638725219836366960&amp;width=128&amp;height=128&amp;auto=webp&amp;format=pjpg"
387,"Fonda Fultonville vs General Brown Dexter",Football,"New York",9/4/2026,7:30 PM,"The General Brown Dexter varsity football team has a game @ Fonda Fultonville (New York).","/ny/football/game/fonda-fultonville-vs-general-brown-dexter/9-4-2026/?c=6e09797c-354c-4a04-b4e4-9f2c5c03d1f0","https://www.maxpreps.com/ny/football/game/fonda-fultonville-vs-general-brown-dexter/9-4-2026/?c=6e09797c-354c-4a04-b4e4-9f2c5c03d1f0",1018,"Lions","Valley Hawks","https://www.maxpreps.com/ny/fonda-fultonville/football/","https://www.maxpreps.com/ny/general-brown-dexter/football/","https://image.maxpreps.io/school-mascot/9/b/c/9bcccf46-637d-4153-a82f-b249e139d916.gif?version=637721326200000000&amp;width=128&amp;height=128&amp;auto=webp&amp;format=pjpg","https://image.maxpreps.io/school-mascot/f/1/0/f10bd89a-80c2-421e-9d61-df4bff43af52.gif?version=638366646600000000&amp;width=128&amp;height=128&amp;auto=webp&amp;format=pjpg"
388,"Hudson vs Saugerties",Football,"New York",9/4/2026,7:30 PM,"The Saugerties varsity football team has a game @ Hudson (New York).","/ny/football/game/hudson-vs-saugerties/9-4-2026/?c=ac0b30b0-c618-4446-b538-592a5aade858","https://www.maxpreps.com/ny/football/game/hudson-vs-saugerties/9-4-2026/?c=ac0b30b0-c618-4446-b538-592a5aade858",810,"Sawyers","Bluehawks","https://www.maxpreps.com/ny/hudson/football/","https://www.maxpreps.com/ny/saugerties/football/","https://image.maxpreps.io/school-mascot/6/4/1/64175773-d721-4976-9a67-241aef863ace.gif?version=634579060800000000&amp;width=128&amp;height=128&amp;auto=webp&amp;format=pjpg","https://image.maxpreps.io/school-mascot/7/1/9/7197f78d-b656-4dc8-a553-9659a985c265.gif?version=638725219836366960&amp;width=128&amp;height=128&amp;auto=webp&amp;format=pjpg"
389,"Coxsackie Athens vs Ichabod Crane Valatie",Football,"New York",9/4/2026,7:30 PM,"The Ichabod Crane Valatie varsity football team has a game @ Coxsackie Athens (New York).","/ny/football/game/coxsackie-athens-vs-ichabod-crane-valatie/9-4-2026/?c=95f8edc0-51ad-40ce-ae65-204df74f234c","https://www.maxpreps.com/ny/football/game/coxsackie-athens-vs-ichabod-crane-valatie/9-4-2026/?c=95f8edc0-51ad-40ce-ae65-204df74f234c",fc0,"Riverhawks","Riders","https://www.maxpreps.com/ny/coxsackie-athens/football/","https://www.maxpreps.com/ny/ichabod-crane-valatie/football/","https://image.maxpreps.io/school-mascot/b/c/4/bc45928a-fc12-4a16-a1aa-2248bb76e556.gif?version=636245449200000000&amp;width=128&amp;height=128&amp;auto=webp&amp;format=pjpg","https://image.maxpreps.io/school-mascot/f/c/b/fcb75297-5380-46f9-a04d-9efd33f597b9.gif?version=637830076800000000&amp;width=128&amp;height=128&amp;auto=webp&amp;format=pjpg"
390,"Cobleskill Richmondville vs Institute Of Tech Syracuse",Football,"New York",9/4/2026,7:30 PM,"The Institute Of Tech Syracuse varsity football team has a game @ Cobleskill Richmondville (New York).","/ny/football/game/cobleskill-richmondville-vs-institute-of-tech-syracuse/9-4-2026/?c=d44913bc-c7b1-4313-94da-2761a2412999","https://www.maxpreps.com/ny/football/game/cobleskill-richmondville-vs-institute-of-tech-syracuse/9-4-2026/?c=d44913bc-c7b1-4313-94da-2761a2412999",155c,"Eagles","Bulldogs","https://www.maxpreps.com/ny/cobleskill-richmondville/football/","https://www.maxpreps.com/ny/institute-of-tech-syracuse/football/","https://image.maxpreps.io/school-mascot/1/f/7/1f76805b-d411-4a77-aab2-1c98225c2730.gif?version=635257542000000000&amp;width=128&amp;height=128&amp;auto=webp&amp;format=pjpg","https://image.maxpreps.io/school-mascot/3/d/9/3d94214c-4e36-4390-9b63-a2d65ea501b4.gif?version=635796343800000000&amp;width=128&amp;height=128&amp;auto=webp&amp;format=pjpg"
391,"Cohoes vs Lansingburgh Troy",Football,"New York",9/4/2026,7:30 PM,"The Lansingburgh Troy varsity football team has a game @ Cohoes (New York).","/ny/football/game/cohoes-vs-lansingburgh-troy/9-4-2026/?c=f30d142f-151a-473f-bbc8-5513049cf4fc","https://www.maxpreps.com/ny/football/game/cohoes-vs-lansingburgh-troy/9-4-2026/?c=f30d142f-151a-473f-bbc8-5513049cf4fc",ac3,"Knights","Tigers","https://www.maxpreps.com/ny/cohoes/football/","https://www.maxpreps.com/ny/lansingburgh-troy/football/","https://image.maxpreps.io/school-mascot/7/1/7/717dc798-6761-46be-9400-495d64faeb2c.gif?version=638740207064418110&amp;width=128&amp;height=128&amp;auto=webp&amp;format=pjpg","https://image.maxpreps.io/school-mascot/d/4/0/d40cf4ce-c9af-49bf-9068-7faca597d9ea.gif?version=636447249000000000&amp;width=128&amp;height=128&amp;auto=webp&amp;format=pjpg"
392,"Johnstown vs Mechanicville",Football,"New York",9/4/2026,7:30 PM,"The Mechanicville varsity football team has a game @ Johnstown (New York).","/ny/football/game/johnstown-vs-mechanicville/9-4-2026/?c=54238e49-b70a-4c75-9a8c-a9375d9abf19","https://www.maxpreps.com/ny/football/game/johnstown-vs-mechanicville/9-4-2026/?c=54238e49-b70a-4c75-9a8c-a9375d9abf19",a81,"Sir Bills","Red Raiders","https://www.maxpreps.com/ny/johnstown/football/","https://www.maxpreps.com/ny/mechanicville/football/","https://image.maxpreps.io/school-mascot/1/e/5/1e510e69-ef85-40a5-9b2a-549f393a89fe.gif?version=636560438400000000&amp;width=128&amp;height=128&amp;auto=webp&amp;format=pjpg","https://image.maxpreps.io/school-mascot/6/1/0/6109b212-69f2-4a49-92f6-858f1956aec2.gif?version=637691223600000000&amp;width=128&amp;height=128&amp;auto=webp&amp;format=pjpg"
393,"Schuylerville vs South Glens Falls",Football,"New York",9/4/2026,7:30 PM,"The South Glens Falls varsity football team has a game @ Schuylerville (New York).","/ny/football/game/schuylerville-vs-south-glens-falls/9-4-2026/?c=81d7709f-2d6c-4b7b-9c96-d85ad53e0bd8","https://www.maxpreps.com/ny/football/game/schuylerville-vs-south-glens-falls/9-4-2026/?c=81d7709f-2d6c-4b7b-9c96-d85ad53e0bd8",d86,"Horses","Bulldogs","https://www.maxpreps.com/ny/schuylerville/football/","https://www.maxpreps.com/ny/south-glens-falls/football/","https://image.maxpreps.io/school-mascot/0/f/2/0f214b68-196d-45b0-af04-c0ef9d0d884a.gif?version=637691223600000000&amp;width=128&amp;height=128&amp;auto=webp&amp;format=pjpg","https://image.maxpreps.io/school-mascot/b/f/5/bf501fd6-d97f-45ad-bf91-af02fbbac052.gif?version=637075995000000000&amp;width=128&amp;height=128&amp;auto=webp&amp;format=pjpg"
394,"Hudson Falls vs Rensselaer Loudonville Christian",Football,"New York",9/4/2026,7:30 PM,"The Rensselaer Loudonville Christian varsity football team has a game @ Hudson Falls (New York).","/ny/football/game/hudson-falls-vs-rensselaer-loudonville-christian/9-4-2026/?c=547cc0d9-d234-40eb-afff-5b5658ab2499","https://www.maxpreps.com/ny/football/game/hudson-falls-vs-rensselaer-loudonville-christian/9-4-2026/?c=547cc0d9-d234-40eb-afff-5b5658ab2499",1313,"Tigers","Rams","https://www.maxpreps.com/ny/hudson-falls/football/","https://www.maxpreps.com/ny/rensselaer-loudonville-christian/football/","https://image.maxpreps.io/school-mascot/4/7/8/4785a99a-3e0b-4be7-b252-9eb082068c3b.gif?version=637111324800000000&amp;width=128&amp;height=128&amp;auto=webp&amp;format=pjpg","https://image.maxpreps.io/school-mascot/c/d/5/cd5fdaff-65d3-4a82-93b6-9558e00265ef.gif?version=637999516800000000&amp;width=128&amp;height=128&amp;auto=webp&amp;format=pjpg"
395,"Niskayuna vs Shaker Latham",Football,"New York",9/4/2026,7:30 PM,"The Shaker Latham varsity football team has a game @ Niskayuna (New York).","/ny/football/game/niskayuna-vs-shaker-latham/9-4-2026/?c=12165a71-4c71-4ac4-bab1-5585d94d3b25","https://www.maxpreps.com/ny/football/game/niskayuna-vs-shaker-latham/9-4-2026/?c=12165a71-4c71-4ac4-bab1-5585d94d3b25",a38,"Bison","Silver Warriors","https://www.maxpreps.com/ny/niskayuna/football/","https://www.maxpreps.com/ny/shaker-latham/football/","https://image.maxpreps.io/school-mascot/c/b/4/cb451e8d-676f-40c8-b93d-8a77780caf5d.gif?version=637541058000000000&amp;width=128&amp;height=128&amp;auto=webp&amp;format=pjpg","https://image.maxpreps.io/school-mascot/e/a/5/ea566ee7-6ba5-4281-98ad-4f1e4e61d381.gif?version=638041136400000000&amp;width=128&amp;height=128&amp;auto=webp&amp;format=pjpg"
396,"Bethlehem Central Delmar vs Burnt Hills Ballston Lake",Football,"New York",9/4/2026,7:30 PM,"The Burnt Hills Ballston Lake varsity football team has a game @ Bethlehem Central Delmar (New York).","/ny/football/game/bethlehem-central-delmar-vs-burnt-hills-ballston-lake/9-4-2026/?c=534011e4-53a2-4ab9-8aa9-98481ef8f522","https://www.maxpreps.com/ny/football/game/bethlehem-central-delmar-vs-burnt-hills-ballston-lake/9-4-2026/?c=534011e4-53a2-4ab9-8aa9-98481ef8f522",1473,"Eagles","Spartans","https://www.maxpreps.com/ny/bethlehem-central-delmar/football/","https://www.maxpreps.com/ny/burnt-hills-ballston-lake/football/","https://image.maxpreps.io/school-mascot/7/d/2/7d29afab-e7c6-44e4-9e2f-679ac48914ab.gif?version=635799792000000000&amp;width=128&amp;height=128&amp;auto=webp&amp;format=pjpg","https://image.maxpreps.io/school-mascot/2/e/7/2e74088f-7a51-4c4f-8229-42aeea149551.gif?version=635372899200000000&amp;width=128&amp;height=128&amp;auto=webp&amp;format=pjpg"
397,"Albany vs Colonie Central Albany",Football,"New York",9/4/2026,7:30 PM,"The Colonie Central Albany varsity football team has a game @ Albany (New York).","/ny/football/game/albany-vs-colonie-central-albany/9-4-2026/?c=eddee69a-89aa-4be8-a641-69017743ad6a","https://www.maxpreps.com/ny/football/game/albany-vs-colonie-central-albany/9-4-2026/?c=eddee69a-89aa-4be8-a641-69017743ad6a",c5d,"Falcons","Wolfpack","https://www.maxpreps.com/ny/albany/football/","https://www.maxpreps.com/ny/colonie-central-albany/football/","https://image.maxpreps.io/school-mascot/1/1/b/11b197c5-db69-43cc-a4b1-2cefff852ece.gif?version=634903927800000000&amp;width=128&amp;height=128&amp;auto=webp&amp;format=pjpg","https://image.maxpreps.io/school-mascot/6/f/9/6f9786bf-103c-4f26-9023-5f460a5c9dce.gif?version=637684970400000000&amp;width=128&amp;height=128&amp;auto=webp&amp;format=pjpg"
398,"Ballston Spa vs Mohonasen Schenectady",Football,"New York",9/4/2026,7:30 PM,"The Mohonasen Schenectady varsity football team has a game @ Ballston Spa (New York).","/ny/football/game/ballston-spa-vs-mohonasen-schenectady/9-4-2026/?c=4ec02aed-599d-4aa6-b310-8e580693c050","https://www.maxpreps.com/ny/football/game/ballston-spa-vs-mohonasen-schenectady/9-4-2026/?c=4ec02aed-599d-4aa6-b310-8e580693c050",e93,"Scotties","Warriors","https://www.maxpreps.com/ny/ballston-spa/football/","https://www.maxpreps.com/ny/mohonasen-schenectady/football/","https://image.maxpreps.io/school-mascot/2/0/c/20c57078-ab46-4fb5-81f2-46652c91a174.gif?version=636077356200000000&amp;width=128&amp;height=128&amp;auto=webp&amp;format=pjpg","https://image.maxpreps.io/school-mascot/a/9/a/a9adf99d-b9b5-441e-8247-e4db4e63f096.gif?version=638740960878868250&amp;width=128&amp;height=128&amp;auto=webp&amp;format=pjpg"
399,"Saratoga Springs vs Schenectady",Football,"New York",9/4/2026,7:30 PM,"The Schenectady varsity football team has a game @ Saratoga Springs (New York).","/ny/football/game/saratoga-springs-vs-schenectady/9-4-2026/?c=6eb55701-c47f-4e27-89d0-f363cbe95035","https://www.maxpreps.com/ny/football/game/saratoga-springs-vs-schenectady/9-4-2026/?c=6eb55701-c47f-4e27-89d0-f363cbe95035",c53,"Patriots","Blue Streaks","https://www.maxpreps.com/ny/saratoga-springs/football/","https://www.maxpreps.com/ny/schenectady/football/","https://image.maxpreps.io/school-mascot/2/0/8/20857662-2f08-4e65-8367-f0256191f36b.gif?version=635344512000000000&amp;width=128&amp;height=128&amp;auto=webp&amp;format=pjpg","https://image.maxpreps.io/school-mascot/0/6/7/067f1530-e85e-4ce2-ba90-9c9afb0559fb.gif?version=637158019800000000&amp;width=128&amp;height=128&amp;auto=webp&amp;format=pjpg"
400,"Broadalbin Perth vs Mechanicville",Football,"New York",9/4/2026,7:30 PM,"The Mechanicville varsity football team has a game @ Broadalbin Perth (New York).","/ny/football/game/broadalbin-perth-vs-mechanicville/9-4-2026/?c=ca44c842-488b-4149-a309-4134dac82d70","https://www.maxpreps.com/ny/football/game/broadalbin-perth-vs-mechanicville/9-4-2026/?c=ca44c842-488b-4149-a309-4134dac82d70",cf5,"Perth","Mechanicville","https://www.maxpreps.com/ny/broadalbin-perth/football/","https://www.maxpreps.com/ny/mechanicville/football/","",""
401,"Hoosic Valley Schaghticoke vs Taconic Hills Craryville",Football,"New York",9/4/2026,7:30 PM,"The Taconic Hills Craryville varsity football team has a game @ Hoosic Valley Schaghticoke (New York).","/ny/football/game/hoosic-valley-schaghticoke-vs-taconic-hills-craryville/9-4-2026/?c=8376c600-ac80-4c12-ba57-b34f3b7ab358","https://www.maxpreps.com/ny/football/game/hoosic-valley-schaghticoke-vs-taconic-hills-craryville/9-4-2026/?c=8376c600-ac80-4c12-ba57-b34f3b7ab358",1530,"Schaghticoke","Craryville","https://www.maxpreps.com/ny/hoosic-valley-schaghticoke/football/","https://www.maxpreps.com/ny/taconic-hills-craryville/football/","",""
402,"Greenwich vs Moriah Port Henry",Football,"New York",9/4/2026,7:30 PM,"The Moriah Port Henry varsity football team has a game @ Greenwich (New York).","/ny/football/game/greenwich-vs-moriah-port-henry/9-4-2026/?c=c50a35eb-5772-4efb-9341-63bfcf39980a","https://www.maxpreps.com/ny/football/game/greenwich-vs-moriah-port-henry/9-4-2026/?c=c50a35eb-5772-4efb-9341-63bfcf39980a",bc4,"Greenwich","Henry","https://www.maxpreps.com/ny/greenwich/football/","https://www.maxpreps.com/ny/moriah-port-henry/football/","",""
403,"Amsterdam vs Troy",Football,"New York",9/4/2026,7:30 PM,"The Troy varsity football team has a game @ Amsterdam (New York).","/ny/football/game/amsterdam-vs-troy/9-4-2026/?c=fec179af-09af-4185-be47-9c06342c5d67","https://www.maxpreps.com/ny/football/game/amsterdam-vs-troy/9-4-2026/?c=fec179af-09af-4185-be47-9c06342c5d67",6cf,"Amsterdam","Troy","https://www.maxpreps.com/ny/amsterdam/football/","https://www.maxpreps.com/ny/troy/football/","",""
404,"Catskill Cairo Durham vs Corinth Hadley Luzerne",Football,"New York",9/4/2026,7:30 PM,"The Corinth Hadley Luzerne varsity football team has a game @ Catskill Cairo Durham (New York).","/ny/football/game/catskill-cairo-durham-vs-corinth-hadley-luzerne/9-4-2026/?c=a63eb96d-b6c7-4e53-9b12-b1f1bddba2a8","https://www.maxpreps.com/ny/football/game/catskill-cairo-durham-vs-corinth-hadley-luzerne/9-4-2026/?c=a63eb96d-b6c7-4e53-9b12-b1f1bddba2a8",1250,"Durham","Luzerne","https://www.maxpreps.com/ny/catskill-cairo-durham/football/","https://www.maxpreps.com/ny/corinth-hadley-luzerne/football/","",""
405,"Scotia Glenville vs Watervliet Heatly",Football,"New York",9/4/2026,7:30 PM,"The Watervliet Heatly varsity football team has a game @ Scotia Glenville (New York).","/ny/football/game/scotia-glenville-vs-watervliet-heatly/9-4-2026/?c=dfd3e958-6183-4136-a50e-5869144886ff","https://www.maxpreps.com/ny/football/game/scotia-glenville-vs-watervliet-heatly/9-4-2026/?c=dfd3e958-6183-4136-a50e-5869144886ff",eb0,"Glenville","Heatly","https://www.maxpreps.com/ny/scotia-glenville/football/","https://www.maxpreps.com/ny/watervliet-heatly/football/","",""
406,"Birdlebough Phoenix vs Mexico",Football,"New York",9/4/2026,7:30 PM,"The Mexico varsity football team has a game @ Birdlebough Phoenix (New York).","/ny/football/game/birdlebough-phoenix-vs-mexico/9-4-2026/?c=34d7cb9c-b4b4-4113-98aa-e53b6938ef2c","https://www.maxpreps.com/ny/football/game/birdlebough-phoenix-vs-mexico/9-4-2026/?c=34d7cb9c-b4b4-4113-98aa-e53b6938ef2c",b77,"Phoenix","Mexico","https://www.maxpreps.com/ny/birdlebough-phoenix/football/","https://www.maxpreps.com/ny/mexico/football/","",""
407,"Corcoran Syracuse vs Watertown",Football,"New York",9/4/2026,7:30 PM,"The Watertown varsity football team has a game @ Corcoran Syracuse (New York).","/ny/football/game/corcoran-syracuse-vs-watertown/9-4-2026/?c=237e1cd1-7d23-4a4c-9771-bac2cce69c7a","https://www.maxpreps.com/ny/football/game/corcoran-syracuse-vs-watertown/9-4-2026/?c=237e1cd1-7d23-4a4c-9771-bac2cce69c7a",c21,"Syracuse","Watertown","https://www.maxpreps.com/ny/corcoran-syracuse/football/","https://www.maxpreps.com/ny/watertown/football/","",""
408,"Auburn vs Central Square",Football,"New York",9/4/2026,7:30 PM,"The Central Square varsity football team has a game @ Auburn (New York).","/ny/football/game/auburn-vs-central-square/9-4-2026/?c=d3929490-e254-451e-8a6e-5140e30f6a44","https://www.maxpreps.com/ny/football/game/auburn-vs-central-square/9-4-2026/?c=d3929490-e254-451e-8a6e-5140e30f6a44",977,"Auburn","Square","https://www.maxpreps.com/ny/auburn/football/","https://www.maxpreps.com/ny/central-square/football/","",""
409,"Public Service Leadership Academy Falcons Syracuse vs West Genesee Camillus",Football,"New York",9/4/2026,7:30 PM,"The West Genesee Camillus varsity football team has a game @ Public Service Leadership Academy Falcons Syracuse (New York).","/ny/football/game/public-service-leadership-academy-falcons-syracuse-vs-west-genesee-camillus/9-4-2026/?c=af95abd1-4467-476b-9091-a0fdd0d39f08","https://www.maxpreps.com/ny/football/game/public-service-leadership-academy-falcons-syracuse-vs-west-genesee-camillus/9-4-2026/?c=af95abd1-4467-476b-9091-a0fdd0d39f08",1d31,"Syracuse","Camillus","https://www.maxpreps.com/ny/public-service-leadership-academy-falcons-syracuse/football/","https://www.maxpreps.com/ny/west-genesee-camillus/football/","",""
410,"Ontech Syracuse vs West Canada Valley Newport",Football,"New York",9/4/2026,7:30 PM,"The West Canada Valley Newport varsity football team has a game @ Ontech Syracuse (New York).","/ny/football/game/ontech-syracuse-vs-west-canada-valley-newport/9-4-2026/?c=84210453-9ad2-4f0f-b293-717f264c23a8","https://www.maxpreps.com/ny/football/game/ontech-syracuse-vs-west-canada-valley-newport/9-4-2026/?c=84210453-9ad2-4f0f-b293-717f264c23a8",119e,"Syracuse","Newport","https://www.maxpreps.com/ny/ontech-syracuse/football/","https://www.maxpreps.com/ny/west-canada-valley-newport/football/","",""
411,"New Hartford vs Notre Dame Utica",Football,"New York",9/4/2026,7:30 PM,"The Notre Dame Utica varsity football team has a game @ New Hartford (New York).","/ny/football/game/new-hartford-vs-notre-dame-utica/9-4-2026/?c=dae95ee2-c050-4519-97c0-27c9a8193ba9","https://www.maxpreps.com/ny/football/game/new-hartford-vs-notre-dame-utica/9-4-2026/?c=dae95ee2-c050-4519-97c0-27c9a8193ba9",c43,"Hartford","Utica","https://www.maxpreps.com/ny/new-hartford/football/","https://www.maxpreps.com/ny/notre-dame-utica/football/","",""
412,"Nottingham Syracuse vs Whitesboro Marcy",Football,"New York",9/4/2026,7:30 PM,"The Whitesboro Marcy varsity football team has a game @ Nottingham Syracuse (New York).","/ny/football/game/nottingham-syracuse-vs-whitesboro-marcy/9-4-2026/?c=3a9aaa4e-a327-41c3-b7de-70b0fc8da27a","https://www.maxpreps.com/ny/football/game/nottingham-syracuse-vs-whitesboro-marcy/9-4-2026/?c=3a9aaa4e-a327-41c3-b7de-70b0fc8da27a",fa7,"Syracuse","Marcy","https://www.maxpreps.com/ny/nottingham-syracuse/football/","https://www.maxpreps.com/ny/whitesboro-marcy/football/","",""
413,"East Syracuse Minoa vs Fulton",Football,"New York",9/4/2026,7:30 PM,"The Fulton varsity football team has a game @ East Syracuse Minoa (New York).","/ny/football/game/east-syracuse-minoa-vs-fulton/9-4-2026/?c=3c923b6e-aeae-4336-bd86-c01866d1e6d9","https://www.maxpreps.com/ny/football/game/east-syracuse-minoa-vs-fulton/9-4-2026/?c=3c923b6e-aeae-4336-bd86-c01866d1e6d9",b65,"Minoa","Fulton","https://www.maxpreps.com/ny/east-syracuse-minoa/football/","https://www.maxpreps.com/ny/fulton/football/","",""
414,"Chittenango vs Jamesville Dewitt",Football,"New York",9/4/2026,7:30 PM,"The Jamesville Dewitt varsity football team has a game @ Chittenango (New York).","/ny/football/game/chittenango-vs-jamesville-dewitt/9-4-2026/?c=465bc7e4-989e-495c-9512-0e1f6f32ef31","https://www.maxpreps.com/ny/football/game/chittenango-vs-jamesville-dewitt/9-4-2026/?c=465bc7e4-989e-495c-9512-0e1f6f32ef31",cc1,"Chittenango","Dewitt","https://www.maxpreps.com/ny/chittenango/football/","https://www.maxpreps.com/ny/jamesville-dewitt/football/","",""
415,"South Lewis Turin vs Unatego Franklin Otego",Football,"New York",9/4/2026,7:30 PM,"The Unatego Franklin Otego varsity football team has a game @ South Lewis Turin (New York).","/ny/football/game/south-lewis-turin-vs-unatego-franklin-otego/9-4-2026/?c=ecb65923-0fd9-466f-bcb8-44623710a06d","https://www.maxpreps.com/ny/football/game/south-lewis-turin-vs-unatego-franklin-otego/9-4-2026/?c=ecb65923-0fd9-466f-bcb8-44623710a06d",10e6,"Turin","Otego","https://www.maxpreps.com/ny/south-lewis-turin/football/","https://www.maxpreps.com/ny/unatego-franklin-otego/football/","",""
416,"Bishop Ludden Syracuse vs Westhill Syracuse",Football,"New York",9/4/2026,7:30 PM,"The Westhill Syracuse varsity football team has a game @ Bishop Ludden Syracuse (New York).","/ny/football/game/bishop-ludden-syracuse-vs-westhill-syracuse/9-4-2026/?c=e3226551-28d9-488c-b89a-ca4c9430f0d1","https://www.maxpreps.com/ny/football/game/bishop-ludden-syracuse-vs-westhill-syracuse/9-4-2026/?c=e3226551-28d9-488c-b89a-ca4c9430f0d1",1115,"Syracuse","Syracuse","https://www.maxpreps.com/ny/bishop-ludden-syracuse/football/","https://www.maxpreps.com/ny/westhill-syracuse/football/","",""
417,"Camden vs Central Valley Academy Ilion",Football,"New York",9/4/2026,7:30 PM,"The Central Valley Academy Ilion varsity football team has a game @ Camden (New York).","/ny/football/game/camden-vs-central-valley-academy-ilion/9-4-2026/?c=c513bb3d-c0de-4d98-8493-da2db48e5223","https://www.maxpreps.com/ny/football/game/camden-vs-central-valley-academy-ilion/9-4-2026/?c=c513bb3d-c0de-4d98-8493-da2db48e5223",e97,"Camden","Ilion","https://www.maxpreps.com/ny/camden/football/","https://www.maxpreps.com/ny/central-valley-academy-ilion/football/","",""
418,"Cortland vs Oswego",Football,"New York",9/4/2026,7:30 PM,"The Oswego varsity football team has a game @ Cortland (New York).","/ny/football/game/cortland-vs-oswego/9-4-2026/?c=fe16b62e-b5e2-4b99-80d1-c52d438eebe9","https://www.maxpreps.com/ny/football/game/cortland-vs-oswego/9-4-2026/?c=fe16b62e-b5e2-4b99-80d1-c52d438eebe9",72e,"Cortland","Oswego","https://www.maxpreps.com/ny/cortland/football/","https://www.maxpreps.com/ny/oswego/football/","",""
419,"Marcellus vs Solvay",Football,"New York",9/4/2026,7:30 PM,"The Solvay varsity football team has a game @ Marcellus (New York).","/ny/football/game/marcellus-vs-solvay/9-4-2026/?c=87b20a13-0ff3-4e44-a2b1-de25f4e37212","https://www.maxpreps.com/ny/football/game/marcellus-vs-solvay/9-4-2026/?c=87b20a13-0ff3-4e44-a2b1-de25f4e37212",7a9,"Marcellus","Solvay","https://www.maxpreps.com/ny/marcellus/football/","https://www.maxpreps.com/ny/solvay/football/","",""
420,"Rome Free Academy vs Vestal",Football,"New York",9/4/2026,7:30 PM,"The Vestal varsity football team has a game @ Rome Free Academy (New York).","/ny/football/game/rome-free-academy-vs-vestal/9-4-2026/?c=9a61bf58-66b3-4755-a377-dbb479120553","https://www.maxpreps.com/ny/football/game/rome-free-academy-vs-vestal/9-4-2026/?c=9a61bf58-66b3-4755-a377-dbb479120553",a55,"Academy","Vestal","https://www.maxpreps.com/ny/rome-free-academy/football/","https://www.maxpreps.com/ny/vestal/football/","",""
421,"Adirondack Boonville vs Southern Hills Tully Lafayette Fabius Pompey",Football,"New York",9/4/2026,7:30 PM,"The Southern Hills Tully Lafayette Fabius Pompey varsity football team has a game @ Adirondack Boonville (New York).","/ny/football/game/adirondack-boonville-vs-southern-hills-tully-lafayette-fabius-pompey/9-4-2026/?c=a657bdf8-9847-47e0-adfe-1534e6b61e41","https://www.maxpreps.com/ny/football/game/adirondack-boonville-vs-southern-hills-tully-lafayette-fabius-pompey/9-4-2026/?c=a657bdf8-9847-47e0-adfe-1534e6b61e41",1acc,"Boonville","Pompey","https://www.maxpreps.com/ny/adirondack-boonville/football/","https://www.maxpreps.com/ny/southern-hills-tully-lafayette-fabius-pompey/football/","",""
422,"Bishop Ludden Syracuse Academy Of Science vs Westhill Syracuse",Football,"New York",9/4/2026,7:30 PM,"The Westhill Syracuse varsity football team has a game @ Bishop Ludden Syracuse Academy Of Science (New York).","/ny/football/game/bishop-ludden-syracuse-academy-of-science-vs-westhill-syracuse/9-4-2026/?c=c25a8e62-9c46-424c-9851-cedca509e5a0","https://www.maxpreps.com/ny/football/game/bishop-ludden-syracuse-academy-of-science-vs-westhill-syracuse/9-4-2026/?c=c25a8e62-9c46-424c-9851-cedca509e5a0",181f,"Science","Syracuse","https://www.maxpreps.com/ny/bishop-ludden-syracuse-academy-of-science/football/","https://www.maxpreps.com/ny/westhill-syracuse/football/","",""
423,"Canastota vs Oneida",Football,"New York",9/4/2026,7:30 PM,"The Oneida varsity football team has a game @ Canastota (New York).","/ny/football/game/canastota-vs-oneida/9-4-2026/?c=18951f72-bb16-4bee-9494-c7b6ecc67a63","https://www.maxpreps.com/ny/football/game/canastota-vs-oneida/9-4-2026/?c=18951f72-bb16-4bee-9494-c7b6ecc67a63",771,"Canastota","Oneida","https://www.maxpreps.com/ny/canastota/football/","https://www.maxpreps.com/ny/oneida/football/","",""
424,"Cicero North Syracuse vs Corning Painted Post Trojans",Football,"New York",9/4/2026,7:30 PM,"The Corning Painted Post Trojans varsity football team has a game @ Cicero North Syracuse (New York).","/ny/football/game/cicero-north-syracuse-vs-corning-painted-post-trojans/9-4-2026/?c=d94d7dbf-e1bd-4bf7-b47c-f2930b834db6","https://www.maxpreps.com/ny/football/game/cicero-north-syracuse-vs-corning-painted-post-trojans/9-4-2026/?c=d94d7dbf-e1bd-4bf7-b47c-f2930b834db6",14cf,"Syracuse","Trojans","https://www.maxpreps.com/ny/cicero-north-syracuse/football/","https://www.maxpreps.com/ny/corning-painted-post-trojans/football/","",""
425,"Elmira Southside vs Liverpool",Football,"New York",9/4/2026,7:30 PM,"The Liverpool varsity football team has a game @ Elmira Southside (New York).","/ny/football/game/elmira-southside-vs-liverpool/9-4-2026/?c=c33d2ae5-bf7a-46a4-bc69-e164d6460476","https://www.maxpreps.com/ny/football/game/elmira-southside-vs-liverpool/9-4-2026/?c=c33d2ae5-bf7a-46a4-bc69-e164d6460476",b9e,"Southside","Liverpool","https://www.maxpreps.com/ny/elmira-southside/football/","https://www.maxpreps.com/ny/liverpool/football/","",""
426,"Henninger Syracuse vs Johnson City",Football,"New York",9/4/2026,7:30 PM,"The Johnson City varsity football team has a game @ Henninger Syracuse (New York).","/ny/football/game/henninger-syracuse-vs-johnson-city/9-4-2026/?c=d0f49bbc-937b-4165-a5b8-3b9a08a40486","https://www.maxpreps.com/ny/football/game/henninger-syracuse-vs-johnson-city/9-4-2026/?c=d0f49bbc-937b-4165-a5b8-3b9a08a40486",d82,"Syracuse","City","https://www.maxpreps.com/ny/henninger-syracuse/football/","https://www.maxpreps.com/ny/johnson-city/football/","",""
427,"Beaver River Beaver Falls vs Mt Markham West Winfield",Football,"New York",9/4/2026,7:30 PM,"The Mt Markham West Winfield varsity football team has a game @ Beaver River Beaver Falls (New York).","/ny/football/game/beaver-river-beaver-falls-vs-mt-markham-west-winfield/9-4-2026/?c=cd523430-1834-488a-8b61-b539d3f5fc66","https://www.maxpreps.com/ny/football/game/beaver-river-beaver-falls-vs-mt-markham-west-winfield/9-4-2026/?c=cd523430-1834-488a-8b61-b539d3f5fc66",144c,"Falls","Winfield","https://www.maxpreps.com/ny/beaver-river-beaver-falls/football/","https://www.maxpreps.com/ny/mt-markham-west-winfield/football/","",""
428,"Homer vs Vernon Verona Sherrill",Football,"New York",9/4/2026,7:30 PM,"The Vernon Verona Sherrill varsity football team has a game @ Homer (New York).","/ny/football/game/homer-vs-vernon-verona-sherrill/9-4-2026/?c=de7b4a60-e365-487d-8856-8eec6052ec15","https://www.maxpreps.com/ny/football/game/homer-vs-vernon-verona-sherrill/9-4-2026/?c=de7b4a60-e365-487d-8856-8eec6052ec15",c40,"Homer","Sherrill","https://www.maxpreps.com/ny/homer/football/","https://www.maxpreps.com/ny/vernon-verona-sherrill/football/","",""
429,"Frankfort Schuyler vs Morrisville Eaton Mavericks",Football,"New York",9/4/2026,7:30 PM,"The Morrisville Eaton Mavericks varsity football team has a game @ Frankfort Schuyler (New York).","/ny/football/game/frankfort-schuyler-vs-morrisville-eaton-mavericks/9-4-2026/?c=79118ba5-704f-45fe-a9c4-3bc1e1b76069","https://www.maxpreps.com/ny/football/game/frankfort-schuyler-vs-morrisville-eaton-mavericks/9-4-2026/?c=79118ba5-704f-45fe-a9c4-3bc1e1b76069",139a,"Schuyler","Mavericks","https://www.maxpreps.com/ny/frankfort-schuyler/football/","https://www.maxpreps.com/ny/morrisville-eaton-mavericks/football/","",""
430,"St Lawrence Central Brasher Falls vs Tupper Lake",Football,"New York",9/4/2026,7:30 PM,"The Tupper Lake varsity football team has a game @ St Lawrence Central Brasher Falls (New York).","/ny/football/game/st-lawrence-central-brasher-falls-vs-tupper-lake/9-4-2026/?c=4d4e3bce-618e-4354-8c8c-a6c710c829f6","https://www.maxpreps.com/ny/football/game/st-lawrence-central-brasher-falls-vs-tupper-lake/9-4-2026/?c=4d4e3bce-618e-4354-8c8c-a6c710c829f6",127b,"Falls","Lake","https://www.maxpreps.com/ny/st-lawrence-central-brasher-falls/football/","https://www.maxpreps.com/ny/tupper-lake/football/","",""
431,"Pulaski vs Sauquoit Valley Red Hawks",Football,"New York",9/4/2026,7:30 PM,"The Sauquoit Valley Red Hawks varsity football team has a game @ Pulaski (New York).","/ny/football/game/pulaski-vs-sauquoit-valley-red-hawks/9-4-2026/?c=2c0ab8c4-ebb2-44af-b7ea-18ce1d992442","https://www.maxpreps.com/ny/football/game/pulaski-vs-sauquoit-valley-red-hawks/9-4-2026/?c=2c0ab8c4-ebb2-44af-b7ea-18ce1d992442",e24,"Pulaski","Hawks","https://www.maxpreps.com/ny/pulaski/football/","https://www.maxpreps.com/ny/sauquoit-valley-red-hawks/football/","",""
432,"Carthage vs Fayetteville Manlius",Football,"New York",9/4/2026,7:30 PM,"The Fayetteville Manlius varsity football team has a game @ Carthage (New York).","/ny/football/game/carthage-vs-fayetteville-manlius/9-4-2026/?c=3e99e74c-ba79-440a-b7d9-c55c55096c13","https://www.maxpreps.com/ny/football/game/carthage-vs-fayetteville-manlius/9-4-2026/?c=3e99e74c-ba79-440a-b7d9-c55c55096c13",cb6,"Carthage","Manlius","https://www.maxpreps.com/ny/carthage/football/","https://www.maxpreps.com/ny/fayetteville-manlius/football/","",""
433,"Cato Meridian vs Little Falls",Football,"New York",9/4/2026,7:30 PM,"The Little Falls varsity football team has a game @ Cato Meridian (New York).","/ny/football/game/cato-meridian-vs-little-falls/9-4-2026/?c=45572710-dac3-4187-9a1e-0ed5b54972e6","https://www.maxpreps.com/ny/football/game/cato-meridian-vs-little-falls/9-4-2026/?c=45572710-dac3-4187-9a1e-0ed5b54972e6",b2d,"Meridian","Falls","https://www.maxpreps.com/ny/cato-meridian/football/","https://www.maxpreps.com/ny/little-falls/football/","",""
434,"Gouverneur vs South Jefferson Adams",Football,"New York",9/4/2026,7:30 PM,"The South Jefferson Adams varsity football team has a game @ Gouverneur (New York).","/ny/football/game/gouverneur-vs-south-jefferson-adams/9-4-2026/?c=4e359a58-4085-4227-a3b0-7fc212f7674b","https://www.maxpreps.com/ny/football/game/gouverneur-vs-south-jefferson-adams/9-4-2026/?c=4e359a58-4085-4227-a3b0-7fc212f7674b",dea,"Gouverneur","Adams","https://www.maxpreps.com/ny/gouverneur/football/","https://www.maxpreps.com/ny/south-jefferson-adams/football/","",""
435,"Newfield vs Sherburne Earlville",Football,"New York",9/4/2026,7:30 PM,"The Sherburne Earlville varsity football team has a game @ Newfield (New York).","/ny/football/game/newfield-vs-sherburne-earlville/9-4-2026/?c=3ba0ec07-18d0-430d-ae72-2c83719ffb0a","https://www.maxpreps.com/ny/football/game/newfield-vs-sherburne-earlville/9-4-2026/?c=3ba0ec07-18d0-430d-ae72-2c83719ffb0a",c4c,"Newfield","Earlville","https://www.maxpreps.com/ny/newfield/football/","https://www.maxpreps.com/ny/sherburne-earlville/football/","",""
436,"Cazenovia vs Norwich Purple Tornado",Football,"New York",9/4/2026,7:30 PM,"The Norwich Purple Tornado varsity football team has a game @ Cazenovia (New York).","/ny/football/game/cazenovia-vs-norwich-purple-tornado/9-4-2026/?c=4ab0f6d9-ae24-4020-976d-441727f39c37","https://www.maxpreps.com/ny/football/game/cazenovia-vs-norwich-purple-tornado/9-4-2026/?c=4ab0f6d9-ae24-4020-976d-441727f39c37",de6,"Cazenovia","Tornado","https://www.maxpreps.com/ny/cazenovia/football/","https://www.maxpreps.com/ny/norwich-purple-tornado/football/","",""
437,"Maine Endwell vs Webster Thomas",Football,"New York",9/4/2026,7:30 PM,"The Webster Thomas varsity football team has a game @ Maine Endwell (New York).","/ny/football/game/maine-endwell-vs-webster-thomas/9-4-2026/?c=7909cb30-0d88-4665-be97-4bb678f563cc","https://www.maxpreps.com/ny/football/game/maine-endwell-vs-webster-thomas/9-4-2026/?c=7909cb30-0d88-4665-be97-4bb678f563cc",c1a,"Endwell","Thomas","https://www.maxpreps.com/ny/maine-endwell/football/","https://www.maxpreps.com/ny/webster-thomas/football/","",""
438,"Ithaca vs Spencer Van Etten Candor",Football,"New York",9/4/2026,7:30 PM,"The Spencer Van Etten Candor varsity football team has a game @ Ithaca (New York).","/ny/football/game/ithaca-vs-spencer-van-etten-candor/9-4-2026/?c=2a198e85-0ca4-4bb6-80ca-9dc968a7e775","https://www.maxpreps.com/ny/football/game/ithaca-vs-spencer-van-etten-candor/9-4-2026/?c=2a198e85-0ca4-4bb6-80ca-9dc968a7e775",d00,"Ithaca","Candor","https://www.maxpreps.com/ny/ithaca/football/","https://www.maxpreps.com/ny/spencer-van-etten-candor/football/","",""
439,"Aquinas Institute Rochester vs Horseheads",Football,"New York",9/4/2026,7:30 PM,"The Horseheads varsity football team has a game @ Aquinas Institute Rochester (New York).","/ny/football/game/aquinas-institute-rochester-vs-horseheads/9-4-2026/?c=8ad3c9ce-c4a5-4470-b2dd-b3f171547afe","https://www.maxpreps.com/ny/football/game/aquinas-institute-rochester-vs-horseheads/9-4-2026/?c=8ad3c9ce-c4a5-4470-b2dd-b3f171547afe",106d,"Rochester","Horseheads","https://www.maxpreps.com/ny/aquinas-institute-rochester/football/","https://www.maxpreps.com/ny/horseheads/football/","",""
440,"Batavia vs Greece Arcadia Rochester",Football,"New York",9/4/2026,7:30 PM,"The Greece Arcadia Rochester varsity football team has a game @ Batavia (New York).","/ny/football/game/batavia-vs-greece-arcadia-rochester/9-4-2026/?c=ebc50a65-9672-49c5-971c-8514e3bd1a4f","https://www.maxpreps.com/ny/football/game/batavia-vs-greece-arcadia-rochester/9-4-2026/?c=ebc50a65-9672-49c5-971c-8514e3bd1a4f",d74,"Batavia","Rochester","https://www.maxpreps.com/ny/batavia/football/","https://www.maxpreps.com/ny/greece-arcadia-rochester/football/","",""
441,"Notre Dame Batavia vs Rochester Prep",Football,"New York",9/4/2026,7:30 PM,"The Rochester Prep varsity football team has a game @ Notre Dame Batavia (New York).","/ny/football/game/notre-dame-batavia-vs-rochester-prep/9-4-2026/?c=d1754e2a-5441-4a92-bd55-1f60937936a5","https://www.maxpreps.com/ny/football/game/notre-dame-batavia-vs-rochester-prep/9-4-2026/?c=d1754e2a-5441-4a92-bd55-1f60937936a5",de7,"Batavia","Prep","https://www.maxpreps.com/ny/notre-dame-batavia/football/","https://www.maxpreps.com/ny/rochester-prep/football/","",""
442,"Eastridge Rochester vs Greece Olympia Greece Odyssey Rochester",Football,"New York",9/4/2026,7:30 PM,"The Greece Olympia Greece Odyssey Rochester varsity football team has a game @ Eastridge Rochester (New York).","/ny/football/game/eastridge-rochester-vs-greece-olympia-greece-odyssey-rochester/9-4-2026/?c=f9737b39-4465-4d8b-8103-9b1359817d11","https://www.maxpreps.com/ny/football/game/eastridge-rochester-vs-greece-olympia-greece-odyssey-rochester/9-4-2026/?c=f9737b39-4465-4d8b-8103-9b1359817d11",185b,"Rochester","Rochester","https://www.maxpreps.com/ny/eastridge-rochester/football/","https://www.maxpreps.com/ny/greece-olympia-greece-odyssey-rochester/football/","",""
443,"Lancaster vs Mcquaid Jesuit Rochester",Football,"New York",9/4/2026,7:30 PM,"The Mcquaid Jesuit Rochester varsity football team has a game @ Lancaster (New York).","/ny/football/game/lancaster-vs-mcquaid-jesuit-rochester/9-4-2026/?c=a56d98ba-8fcc-4dc7-a57e-9a60c8ac4ea3","https://www.maxpreps.com/ny/football/game/lancaster-vs-mcquaid-jesuit-rochester/9-4-2026/?c=a56d98ba-8fcc-4dc7-a57e-9a60c8ac4ea3",ea1,"Lancaster","Rochester","https://www.maxpreps.com/ny/lancaster/football/","https://www.maxpreps.com/ny/mcquaid-jesuit-rochester/football/","",""
444,"Gates Chili Rochester vs Irondequoit Rochester",Football,"New York",9/4/2026,7:30 PM,"The Irondequoit Rochester varsity football team has a game @ Gates Chili Rochester (New York).","/ny/football/game/gates-chili-rochester-vs-irondequoit-rochester/9-4-2026/?c=e6e9ef91-68e1-464a-9470-c707fba0d822","https://www.maxpreps.com/ny/football/game/gates-chili-rochester-vs-irondequoit-rochester/9-4-2026/?c=e6e9ef91-68e1-464a-9470-c707fba0d822",1238,"Rochester","Rochester","https://www.maxpreps.com/ny/gates-chili-rochester/football/","https://www.maxpreps.com/ny/irondequoit-rochester/football/","",""
445,"Churchville Chili vs Greece Athena Rochester",Football,"New York",9/4/2026,7:30 PM,"The Greece Athena Rochester varsity football team has a game @ Churchville Chili (New York).","/ny/football/game/churchville-chili-vs-greece-athena-rochester/9-4-2026/?c=2ca62ea7-c0e5-4d72-a194-8ffd6904cf1a","https://www.maxpreps.com/ny/football/game/churchville-chili-vs-greece-athena-rochester/9-4-2026/?c=2ca62ea7-c0e5-4d72-a194-8ffd6904cf1a",1117,"Chili","Rochester","https://www.maxpreps.com/ny/churchville-chili/football/","https://www.maxpreps.com/ny/greece-athena-rochester/football/","",""
446,"Brockport vs Pittsford",Football,"New York",9/4/2026,7:30 PM,"The Pittsford varsity football team has a game @ Brockport (New York).","/ny/football/game/brockport-vs-pittsford/9-4-2026/?c=390b930f-9b65-476a-a303-683a35a0bdc7","https://www.maxpreps.com/ny/football/game/brockport-vs-pittsford/9-4-2026/?c=390b930f-9b65-476a-a303-683a35a0bdc7",8f8,"Brockport","Pittsford","https://www.maxpreps.com/ny/brockport/football/","https://www.maxpreps.com/ny/pittsford/football/","",""
447,"East Rochester Gananda vs Le Roy Caledonia Mumford",Football,"New York",9/4/2026,7:30 PM,"The Le Roy Caledonia Mumford varsity football team has a game @ East Rochester Gananda (New York).","/ny/football/game/east-rochester-gananda-vs-le-roy-caledonia-mumford/9-4-2026/?c=0d7b441c-afa7-4fe8-a55b-abc0a7b5ea18","https://www.maxpreps.com/ny/football/game/east-rochester-gananda-vs-le-roy-caledonia-mumford/9-4-2026/?c=0d7b441c-afa7-4fe8-a55b-abc0a7b5ea18",132f,"Gananda","Mumford","https://www.maxpreps.com/ny/east-rochester-gananda/football/","https://www.maxpreps.com/ny/le-roy-caledonia-mumford/football/","",""
448,"Red Jacket Red Jacket Shortsville vs York Pavilion Retsof",Football,"New York",9/4/2026,7:30 PM,"The York Pavilion Retsof varsity football team has a game @ Red Jacket Red Jacket Shortsville (New York).","/ny/football/game/red-jacket-red-jacket-shortsville-vs-york-pavilion-retsof/9-4-2026/?c=9ed6d19a-8dc1-48a1-9971-049159505865","https://www.maxpreps.com/ny/football/game/red-jacket-red-jacket-shortsville-vs-york-pavilion-retsof/9-4-2026/?c=9ed6d19a-8dc1-48a1-9971-049159505865",1624,"Shortsville","Retsof","https://www.maxpreps.com/ny/red-jacket-red-jacket-shortsville/football/","https://www.maxpreps.com/ny/york-pavilion-retsof/football/","",""
449,"Canisteo Greenwood Chargers vs Haverling Bath",Football,"New York",9/4/2026,7:30 PM,"The Haverling Bath varsity football team has a game @ Canisteo Greenwood Chargers (New York).","/ny/football/game/canisteo-greenwood-chargers-vs-haverling-bath/9-4-2026/?c=a091abd4-535d-4d7c-9cd2-4fbcca93a399","https://www.maxpreps.com/ny/football/game/canisteo-greenwood-chargers-vs-haverling-bath/9-4-2026/?c=a091abd4-535d-4d7c-9cd2-4fbcca93a399",1198,"Chargers","Bath","https://www.maxpreps.com/ny/canisteo-greenwood-chargers/football/","https://www.maxpreps.com/ny/haverling-bath/football/","",""
450,"Alexander Pembroke vs Penn Yan Academy Dundee",Football,"New York",9/4/2026,7:30 PM,"The Penn Yan Academy Dundee varsity football team has a game @ Alexander Pembroke (New York).","/ny/football/game/alexander-pembroke-vs-penn-yan-academy-dundee/9-4-2026/?c=565e6da9-0fe1-4358-a842-44bb692b91d5","https://www.maxpreps.com/ny/football/game/alexander-pembroke-vs-penn-yan-academy-dundee/9-4-2026/?c=565e6da9-0fe1-4358-a842-44bb692b91d5",1142,"Pembroke","Dundee","https://www.maxpreps.com/ny/alexander-pembroke/football/","https://www.maxpreps.com/ny/penn-yan-academy-dundee/football/","",""
451,"Canandaigua Academy vs Honeoye Falls Lima",Football,"New York",9/4/2026,7:30 PM,"The Honeoye Falls Lima varsity football team has a game @ Canandaigua Academy (New York).","/ny/football/game/canandaigua-academy-vs-honeoye-falls-lima/9-4-2026/?c=efda506d-75d8-49e5-b695-be4c6f9679fd","https://www.maxpreps.com/ny/football/game/canandaigua-academy-vs-honeoye-falls-lima/9-4-2026/?c=efda506d-75d8-49e5-b695-be4c6f9679fd",fb6,"Academy","Lima","https://www.maxpreps.com/ny/canandaigua-academy/football/","https://www.maxpreps.com/ny/honeoye-falls-lima/football/","",""
452,"Midlakes Clifton Springs vs Wellsville Genessee Valley Belfast",Football,"New York",9/4/2026,7:30 PM,"The Wellsville Genessee Valley Belfast varsity football team has a game @ Midlakes Clifton Springs (New York).","/ny/football/game/midlakes-clifton-springs-vs-wellsville-genessee-valley-belfast/9-4-2026/?c=ddba68ae-a811-4020-86f6-d8bf4390edc9","https://www.maxpreps.com/ny/football/game/midlakes-clifton-springs-vs-wellsville-genessee-valley-belfast/9-4-2026/?c=ddba68ae-a811-4020-86f6-d8bf4390edc9",1863,"Springs","Belfast","https://www.maxpreps.com/ny/midlakes-clifton-springs/football/","https://www.maxpreps.com/ny/wellsville-genessee-valley-belfast/football/","",""
453,"Fairport vs Hilton",Football,"New York",9/4/2026,7:30 PM,"The Hilton varsity football team has a game @ Fairport (New York).","/ny/football/game/fairport-vs-hilton/9-4-2026/?c=055274c0-1ed8-4025-83d4-9a5de5cbbd1a","https://www.maxpreps.com/ny/football/game/fairport-vs-hilton/9-4-2026/?c=055274c0-1ed8-4025-83d4-9a5de5cbbd1a",738,"Fairport","Hilton","https://www.maxpreps.com/ny/fairport/football/","https://www.maxpreps.com/ny/hilton/football/","",""
454,"Geneseo Mount Morris vs Livonia",Football,"New York",9/4/2026,7:30 PM,"The Livonia varsity football team has a game @ Geneseo Mount Morris (New York).","/ny/football/game/geneseo-mount-morris-vs-livonia/9-4-2026/?c=feeb8633-ec38-4121-ab8c-368c9cfcbf3a","https://www.maxpreps.com/ny/football/game/geneseo-mount-morris-vs-livonia/9-4-2026/?c=feeb8633-ec38-4121-ab8c-368c9cfcbf3a",c44,"Morris","Livonia","https://www.maxpreps.com/ny/geneseo-mount-morris/football/","https://www.maxpreps.com/ny/livonia/football/","",""
455,"Hornell Arkport Central Canaseraga vs Wayne Ontario Center",Football,"New York",9/4/2026,7:30 PM,"The Wayne Ontario Center varsity football team has a game @ Hornell Arkport Central Canaseraga (New York).","/ny/football/game/hornell-arkport-central-canaseraga-vs-wayne-ontario-center/9-4-2026/?c=a00a15ed-f3f3-49f3-99b3-2c8230167b97","https://www.maxpreps.com/ny/football/game/hornell-arkport-central-canaseraga-vs-wayne-ontario-center/9-4-2026/?c=a00a15ed-f3f3-49f3-99b3-2c8230167b97",16ab,"Canaseraga","Center","https://www.maxpreps.com/ny/hornell-arkport-central-canaseraga/football/","https://www.maxpreps.com/ny/wayne-ontario-center/football/","",""
456,"Geneva vs Warsaw Letchworth Perry",Football,"New York",9/4/2026,7:30 PM,"The Warsaw Letchworth Perry varsity football team has a game @ Geneva (New York).","/ny/football/game/geneva-vs-warsaw-letchworth-perry/9-4-2026/?c=12ab68f5-643a-41ff-a736-dc30dd3ac820","https://www.maxpreps.com/ny/football/game/geneva-vs-warsaw-letchworth-perry/9-4-2026/?c=12ab68f5-643a-41ff-a736-dc30dd3ac820",d1e,"Geneva","Perry","https://www.maxpreps.com/ny/geneva/football/","https://www.maxpreps.com/ny/warsaw-letchworth-perry/football/","",""
457,"Waterloo vs Whitman Bloomfield Rushville",Football,"New York",9/4/2026,7:30 PM,"The Whitman Bloomfield Rushville varsity football team has a game @ Waterloo (New York).","/ny/football/game/waterloo-vs-whitman-bloomfield-rushville/9-4-2026/?c=a47f31a3-2cf8-4054-9075-4c83504db62a","https://www.maxpreps.com/ny/football/game/waterloo-vs-whitman-bloomfield-rushville/9-4-2026/?c=a47f31a3-2cf8-4054-9075-4c83504db62a",ffd,"Waterloo","Rushville","https://www.maxpreps.com/ny/waterloo/football/","https://www.maxpreps.com/ny/whitman-bloomfield-rushville/football/","",""
458,"Lyons Sodus vs Palmyra Macedon",Football,"New York",9/4/2026,7:30 PM,"The Palmyra Macedon varsity football team has a game @ Lyons Sodus (New York).","/ny/football/game/lyons-sodus-vs-palmyra-macedon/9-4-2026/?c=e2f4963d-2120-4c72-b2b4-c734777d11a4","https://www.maxpreps.com/ny/football/game/lyons-sodus-vs-palmyra-macedon/9-4-2026/?c=e2f4963d-2120-4c72-b2b4-c734777d11a4",bcd,"Sodus","Macedon","https://www.maxpreps.com/ny/lyons-sodus/football/","https://www.maxpreps.com/ny/palmyra-macedon/football/","",""
459,"Brighton Rochester vs Spencerport",Football,"New York",9/4/2026,7:30 PM,"The Spencerport varsity football team has a game @ Brighton Rochester (New York).","/ny/football/game/brighton-rochester-vs-spencerport/9-4-2026/?c=28d84c50-00d7-41d4-8ce8-0106f42d9702","https://www.maxpreps.com/ny/football/game/brighton-rochester-vs-spencerport/9-4-2026/?c=28d84c50-00d7-41d4-8ce8-0106f42d9702",d51,"Rochester","Spencerport","https://www.maxpreps.com/ny/brighton-rochester/football/","https://www.maxpreps.com/ny/spencerport/football/","",""
460,"Avon River Hawks vs Clyde Savannah",Football,"New York",9/4/2026,7:30 PM,"The Clyde Savannah varsity football team has a game @ Avon River Hawks (New York).","/ny/football/game/avon-river-hawks-vs-clyde-savannah/9-4-2026/?c=6246b270-4015-4071-ade3-44a7c8259e36","https://www.maxpreps.com/ny/football/game/avon-river-hawks-vs-clyde-savannah/9-4-2026/?c=6246b270-4015-4071-ade3-44a7c8259e36",d25,"Hawks","Savannah","https://www.maxpreps.com/ny/avon-river-hawks/football/","https://www.maxpreps.com/ny/clyde-savannah/football/","",""
461,"Rush Henrietta vs Webster Schroeder",Football,"New York",9/4/2026,7:30 PM,"The Webster Schroeder varsity football team has a game @ Rush Henrietta (New York).","/ny/football/game/rush-henrietta-vs-webster-schroeder/9-4-2026/?c=d71b1936-9655-4211-b555-9dbb50b7fe74","https://www.maxpreps.com/ny/football/game/rush-henrietta-vs-webster-schroeder/9-4-2026/?c=d71b1936-9655-4211-b555-9dbb50b7fe74",dde,"Henrietta","Schroeder","https://www.maxpreps.com/ny/rush-henrietta/football/","https://www.maxpreps.com/ny/webster-schroeder/football/","",""
462,"Dansville Wayland Cohocton vs Newark Marion",Football,"New York",9/4/2026,7:30 PM,"The Newark Marion varsity football team has a game @ Dansville Wayland Cohocton (New York).","/ny/football/game/dansville-wayland-cohocton-vs-newark-marion/9-4-2026/?c=aea7dc21-e81c-4d80-ac52-bf05be58db13","https://www.maxpreps.com/ny/football/game/dansville-wayland-cohocton-vs-newark-marion/9-4-2026/?c=aea7dc21-e81c-4d80-ac52-bf05be58db13",10e7,"Cohocton","Marion","https://www.maxpreps.com/ny/dansville-wayland-cohocton/football/","https://www.maxpreps.com/ny/newark-marion/football/","",""
463,"Cheektowaga Chargers vs Lewiston Porter Youngstown",Football,"New York",9/4/2026,7:30 PM,"The Lewiston Porter Youngstown varsity football team has a game @ Cheektowaga Chargers (New York).","/ny/football/game/cheektowaga-chargers-vs-lewiston-porter-youngstown/9-4-2026/?c=e4681ba1-90d3-4729-b043-1e5d22b2c585","https://www.maxpreps.com/ny/football/game/cheektowaga-chargers-vs-lewiston-porter-youngstown/9-4-2026/?c=e4681ba1-90d3-4729-b043-1e5d22b2c585",141a,"Chargers","Youngstown","https://www.maxpreps.com/ny/cheektowaga-chargers/football/","https://www.maxpreps.com/ny/lewiston-porter-youngstown/football/","",""
464,"Grand Island vs Starpoint Lockport",Football,"New York",9/4/2026,7:30 PM,"The Starpoint Lockport varsity football team has a game @ Grand Island (New York).","/ny/football/game/grand-island-vs-starpoint-lockport/9-4-2026/?c=b550d4fe-813b-49d9-afd5-05f2e1ca4f38","https://www.maxpreps.com/ny/football/game/grand-island-vs-starpoint-lockport/9-4-2026/?c=b550d4fe-813b-49d9-afd5-05f2e1ca4f38",d76,"Island","Lockport","https://www.maxpreps.com/ny/grand-island/football/","https://www.maxpreps.com/ny/starpoint-lockport/football/","",""
465,"Griffith Institute Springville vs Salamanca",Football,"New York",9/4/2026,7:30 PM,"The Salamanca varsity football team has a game @ Griffith Institute Springville (New York).","/ny/football/game/griffith-institute-springville-vs-salamanca/9-4-2026/?c=483fcd38-0861-4ead-a407-d3b550def772","https://www.maxpreps.com/ny/football/game/griffith-institute-springville-vs-salamanca/9-4-2026/?c=483fcd38-0861-4ead-a407-d3b550def772",1129,"Springville","Salamanca","https://www.maxpreps.com/ny/griffith-institute-springville/football/","https://www.maxpreps.com/ny/salamanca/football/","",""
466,"Olean vs Pioneer Yorkshire",Football,"New York",9/4/2026,7:30 PM,"The Pioneer Yorkshire varsity football team has a game @ Olean (New York).","/ny/football/game/olean-vs-pioneer-yorkshire/9-4-2026/?c=5b5ffee1-f581-42f5-b548-fcb83fab162d","https://www.maxpreps.com/ny/football/game/olean-vs-pioneer-yorkshire/9-4-2026/?c=5b5ffee1-f581-42f5-b548-fcb83fab162d",a51,"Olean","Yorkshire","https://www.maxpreps.com/ny/olean/football/","https://www.maxpreps.com/ny/pioneer-yorkshire/football/","",""
467,"Chautauqua Lake Westfield Brocton Mayville vs Randolph",Football,"New York",9/4/2026,7:30 PM,"The Randolph varsity football team has a game @ Chautauqua Lake Westfield Brocton Mayville (New York).","/ny/football/game/chautauqua-lake-westfield-brocton-mayville-vs-randolph/9-4-2026/?c=58c11df4-1097-4f9c-b878-88a3a4ad10ec","https://www.maxpreps.com/ny/football/game/chautauqua-lake-westfield-brocton-mayville-vs-randolph/9-4-2026/?c=58c11df4-1097-4f9c-b878-88a3a4ad10ec",153f,"Mayville","Randolph","https://www.maxpreps.com/ny/chautauqua-lake-westfield-brocton-mayville/football/","https://www.maxpreps.com/ny/randolph/football/","",""
468,"Frontier Hamburg vs Sweet Home Amherst",Football,"New York",9/4/2026,7:30 PM,"The Sweet Home Amherst varsity football team has a game @ Frontier Hamburg (New York).","/ny/football/game/frontier-hamburg-vs-sweet-home-amherst/9-4-2026/?c=776db269-06f2-4076-ba7d-8c502ad00b79","https://www.maxpreps.com/ny/football/game/frontier-hamburg-vs-sweet-home-amherst/9-4-2026/?c=776db269-06f2-4076-ba7d-8c502ad00b79",ede,"Hamburg","Amherst","https://www.maxpreps.com/ny/frontier-hamburg/football/","https://www.maxpreps.com/ny/sweet-home-amherst/football/","",""
469,"Alden vs Fredonia",Football,"New York",9/4/2026,7:30 PM,"The Fredonia varsity football team has a game @ Alden (New York).","/ny/football/game/alden-vs-fredonia/9-4-2026/?c=3599f511-275b-4c5e-b6b4-a090c47f9ca6","https://www.maxpreps.com/ny/football/game/alden-vs-fredonia/9-4-2026/?c=3599f511-275b-4c5e-b6b4-a090c47f9ca6",68f,"Alden","Fredonia","https://www.maxpreps.com/ny/alden/football/","https://www.maxpreps.com/ny/fredonia/football/","",""
470,"Kenmore West Buffalo vs West Seneca West Warhawks",Football,"New York",9/4/2026,7:30 PM,"The West Seneca West Warhawks varsity football team has a game @ Kenmore West Buffalo (New York).","/ny/football/game/kenmore-west-buffalo-vs-west-seneca-west-warhawks/9-4-2026/?c=5354a3ee-1b72-44e9-a22f-2aade57d7698","https://www.maxpreps.com/ny/football/game/kenmore-west-buffalo-vs-west-seneca-west-warhawks/9-4-2026/?c=5354a3ee-1b72-44e9-a22f-2aade57d7698",1314,"Buffalo","Warhawks","https://www.maxpreps.com/ny/kenmore-west-buffalo/football/","https://www.maxpreps.com/ny/west-seneca-west-warhawks/football/","",""
471,"Kennedy Cheektowaga vs Wilson",Football,"New York",9/4/2026,7:30 PM,"The Wilson varsity football team has a game @ Kennedy Cheektowaga (New York).","/ny/football/game/kennedy-cheektowaga-vs-wilson/9-4-2026/?c=e0d6c62d-5238-46e4-9f02-bd234c3e11a3","https://www.maxpreps.com/ny/football/game/kennedy-cheektowaga-vs-wilson/9-4-2026/?c=e0d6c62d-5238-46e4-9f02-bd234c3e11a3",b7d,"Cheektowaga","Wilson","https://www.maxpreps.com/ny/kennedy-cheektowaga/football/","https://www.maxpreps.com/ny/wilson/football/","",""
472,"Amherst Central vs West Seneca East",Football,"New York",9/4/2026,7:30 PM,"The West Seneca East varsity football team has a game @ Amherst Central (New York).","/ny/football/game/amherst-central-vs-west-seneca-east/9-4-2026/?c=b9877e2e-1cdc-405f-a352-2f67b5de7d69","https://www.maxpreps.com/ny/football/game/amherst-central-vs-west-seneca-east/9-4-2026/?c=b9877e2e-1cdc-405f-a352-2f67b5de7d69",d86,"Central","East","https://www.maxpreps.com/ny/amherst-central/football/","https://www.maxpreps.com/ny/west-seneca-east/football/","",""
473,"Cattaraugus Little Valley vs Portville Cuba Rushford Hinsdale Central",Football,"New York",9/4/2026,7:30 PM,"The Portville Cuba Rushford Hinsdale Central varsity football team has a game @ Cattaraugus Little Valley (New York).","/ny/football/game/cattaraugus-little-valley-vs-portville-cuba-rushford-hinsdale-central/9-4-2026/?c=67364b93-66ad-4314-bbe0-8135674d843b","https://www.maxpreps.com/ny/football/game/cattaraugus-little-valley-vs-portville-cuba-rushford-hinsdale-central/9-4-2026/?c=67364b93-66ad-4314-bbe0-8135674d843b",1b2a,"Valley","Central","https://www.maxpreps.com/ny/cattaraugus-little-valley/football/","https://www.maxpreps.com/ny/portville-cuba-rushford-hinsdale-central/football/","",""
474,"Lake Shore Angola vs Williamsville South",Football,"New York",9/4/2026,7:30 PM,"The Williamsville South varsity football team has a game @ Lake Shore Angola (New York).","/ny/football/game/lake-shore-angola-vs-williamsville-south/9-4-2026/?c=305b63e1-5683-4956-9b67-d0c9bc9a48dd","https://www.maxpreps.com/ny/football/game/lake-shore-angola-vs-williamsville-south/9-4-2026/?c=305b63e1-5683-4956-9b67-d0c9bc9a48dd",fab,"Angola","South","https://www.maxpreps.com/ny/lake-shore-angola/football/","https://www.maxpreps.com/ny/williamsville-south/football/","",""
475,"Barker Royalton Hartland Middleport vs Newfane",Football,"New York",9/4/2026,7:30 PM,"The Newfane varsity football team has a game @ Barker Royalton Hartland Middleport (New York).","/ny/football/game/barker-royalton-hartland-middleport-vs-newfane/9-4-2026/?c=fec971d3-0d82-4837-bac7-0477703f8f0b","https://www.maxpreps.com/ny/football/game/barker-royalton-hartland-middleport-vs-newfane/9-4-2026/?c=fec971d3-0d82-4837-bac7-0477703f8f0b",121f,"Middleport","Newfane","https://www.maxpreps.com/ny/barker-royalton-hartland-middleport/football/","https://www.maxpreps.com/ny/newfane/football/","",""
476,"East Aurora Holland vs Falconer Cassadaga Valley Maple Grove",Football,"New York",9/4/2026,7:30 PM,"The Falconer Cassadaga Valley Maple Grove varsity football team has a game @ East Aurora Holland (New York).","/ny/football/game/east-aurora-holland-vs-falconer-cassadaga-valley-maple-grove/9-4-2026/?c=309b056b-edeb-4f36-bd7e-f0d0feab7b89","https://www.maxpreps.com/ny/football/game/east-aurora-holland-vs-falconer-cassadaga-valley-maple-grove/9-4-2026/?c=309b056b-edeb-4f36-bd7e-f0d0feab7b89",170b,"Holland","Grove","https://www.maxpreps.com/ny/east-aurora-holland/football/","https://www.maxpreps.com/ny/falconer-cassadaga-valley-maple-grove/football/","",""
477,"Franklinville Ellicottville vs Southwestern Frewsburg Jamestown",Football,"New York",9/4/2026,7:30 PM,"The Southwestern Frewsburg Jamestown varsity football team has a game @ Franklinville Ellicottville (New York).","/ny/football/game/franklinville-ellicottville-vs-southwestern-frewsburg-jamestown/9-4-2026/?c=7e604b28-bd88-4797-9701-b17135387342","https://www.maxpreps.com/ny/football/game/franklinville-ellicottville-vs-southwestern-frewsburg-jamestown/9-4-2026/?c=7e604b28-bd88-4797-9701-b17135387342",19a1,"Ellicottville","Jamestown","https://www.maxpreps.com/ny/franklinville-ellicottville/football/","https://www.maxpreps.com/ny/southwestern-frewsburg-jamestown/football/","",""
478,"Depew vs Dunkirk",Football,"New York",9/4/2026,7:30 PM,"The Dunkirk varsity football team has a game @ Depew (New York).","/ny/football/game/depew-vs-dunkirk/9-4-2026/?c=818298f8-4c29-48b9-89e8-c8dccb0aa793","https://www.maxpreps.com/ny/football/game/depew-vs-dunkirk/9-4-2026/?c=818298f8-4c29-48b9-89e8-c8dccb0aa793",650,"Depew","Dunkirk","https://www.maxpreps.com/ny/depew/football/","https://www.maxpreps.com/ny/dunkirk/football/","",""
479,"Hamburg vs North Tonawanda",Football,"New York",9/4/2026,7:30 PM,"The North Tonawanda varsity football team has a game @ Hamburg (New York).","/ny/football/game/hamburg-vs-north-tonawanda/9-4-2026/?c=eaec872e-6642-4b85-9a17-29caeb04a95c","https://www.maxpreps.com/ny/football/game/hamburg-vs-north-tonawanda/9-4-2026/?c=eaec872e-6642-4b85-9a17-29caeb04a95c",a3e,"Hamburg","Tonawanda","https://www.maxpreps.com/ny/hamburg/football/","https://www.maxpreps.com/ny/north-tonawanda/football/","",""
480,"Hutchinson Central Tech Emerson Vo Tech City Honors Buffalo vs Orchard Park",Football,"New York",9/4/2026,7:30 PM,"The Orchard Park varsity football team has a game @ Hutchinson Central Tech Emerson Vo Tech City Honors Buffalo (New York).","/ny/football/game/hutchinson-central-tech-emerson-vo-tech-city-honors-buffalo-vs-orchard-park/9-4-2026/?c=48b0bc59-0adf-4e16-9e3d-582ea6220733","https://www.maxpreps.com/ny/football/game/hutchinson-central-tech-emerson-vo-tech-city-honors-buffalo-vs-orchard-park/9-4-2026/?c=48b0bc59-0adf-4e16-9e3d-582ea6220733",1cec,"Buffalo","Park","https://www.maxpreps.com/ny/hutchinson-central-tech-emerson-vo-tech-city-honors-buffalo/football/","https://www.maxpreps.com/ny/orchard-park/football/","",""
481,"Iroquois Redhawks Elma vs Maryvale Pegasus Cheektowaga",Football,"New York",9/4/2026,7:30 PM,"The Maryvale Pegasus Cheektowaga varsity football team has a game @ Iroquois Redhawks Elma (New York).","/ny/football/game/iroquois-redhawks-elma-vs-maryvale-pegasus-cheektowaga/9-4-2026/?c=6f6c594f-ce2c-4ee5-a115-691648242150","https://www.maxpreps.com/ny/football/game/iroquois-redhawks-elma-vs-maryvale-pegasus-cheektowaga/9-4-2026/?c=6f6c594f-ce2c-4ee5-a115-691648242150",1546,"Elma","Cheektowaga","https://www.maxpreps.com/ny/iroquois-redhawks-elma/football/","https://www.maxpreps.com/ny/maryvale-pegasus-cheektowaga/football/","",""
482,"Jamestown Red And Green vs Williamsville North",Football,"New York",9/4/2026,7:30 PM,"The Williamsville North varsity football team has a game @ Jamestown Red And Green (New York).","/ny/football/game/jamestown-red-and-green-vs-williamsville-north/9-4-2026/?c=be572ded-1681-4f6d-9a31-eccfbe48eaa0","https://www.maxpreps.com/ny/football/game/jamestown-red-and-green-vs-williamsville-north/9-4-2026/?c=be572ded-1681-4f6d-9a31-eccfbe48eaa0",11f7,"Green","North","https://www.maxpreps.com/ny/jamestown-red-and-green/football/","https://www.maxpreps.com/ny/williamsville-north/football/","",""
483,"Kenmore East Tonawanda vs Williamsville East East Amherst",Football,"New York",9/4/2026,7:30 PM,"The Williamsville East East Amherst varsity football team has a game @ Kenmore East Tonawanda (New York).","/ny/football/game/kenmore-east-tonawanda-vs-williamsville-east-east-amherst/9-4-2026/?c=9b502feb-e02e-4abc-b86c-a12179fd132c","https://www.maxpreps.com/ny/football/game/kenmore-east-tonawanda-vs-williamsville-east-east-amherst/9-4-2026/?c=9b502feb-e02e-4abc-b86c-a12179fd132c",164b,"Tonawanda","Amherst","https://www.maxpreps.com/ny/kenmore-east-tonawanda/football/","https://www.maxpreps.com/ny/williamsville-east-east-amherst/football/","",""
484,"Ausable Valley Clintonville vs St Lawrence Central Brasher Falls",Football,"New York",9/4/2026,7:30 PM,"The St Lawrence Central Brasher Falls varsity football team has a game @ Ausable Valley Clintonville (New York).","/ny/football/game/ausable-valley-clintonville-vs-st-lawrence-central-brasher-falls/9-4-2026/?c=2342f498-aa58-4667-b6bd-3d03d65e8c59","https://www.maxpreps.com/ny/football/game/ausable-valley-clintonville-vs-st-lawrence-central-brasher-falls/9-4-2026/?c=2342f498-aa58-4667-b6bd-3d03d65e8c59",18e8,"Clintonville","Falls","https://www.maxpreps.com/ny/ausable-valley-clintonville/football/","https://www.maxpreps.com/ny/st-lawrence-central-brasher-falls/football/","",""
485,"Beekmantown Plattsburgh vs Ogdensburg Free Academy",Football,"New York",9/4/2026,7:30 PM,"The Ogdensburg Free Academy varsity football team has a game @ Beekmantown Plattsburgh (New York).","/ny/football/game/beekmantown-plattsburgh-vs-ogdensburg-free-academy/9-4-2026/?c=c746c6a9-de6f-41f4-920b-dc7091fd881c","https://www.maxpreps.com/ny/football/game/beekmantown-plattsburgh-vs-ogdensburg-free-academy/9-4-2026/?c=c746c6a9-de6f-41f4-920b-dc7091fd881c",13bb,"Plattsburgh","Academy","https://www.maxpreps.com/ny/beekmantown-plattsburgh/football/","https://www.maxpreps.com/ny/ogdensburg-free-academy/football/","",""
486,"Farmingdale vs Oceanside",Football,"New York",9/4/2026,7:30 PM,"The Oceanside varsity football team has a game @ Farmingdale (New York).","/ny/football/game/farmingdale-vs-oceanside/9-4-2026/?c=986f0d94-36a2-4901-98e4-4f1242680d88","https://www.maxpreps.com/ny/football/game/farmingdale-vs-oceanside/9-4-2026/?c=986f0d94-36a2-4901-98e4-4f1242680d88",968,"Farmingdale","Oceanside","https://www.maxpreps.com/ny/farmingdale/football/","https://www.maxpreps.com/ny/oceanside/football/","",""
487,"Freeport vs Plainview Old Bethpage Jfk",Football,"New York",9/4/2026,7:30 PM,"The Plainview Old Bethpage Jfk varsity football team has a game @ Freeport (New York).","/ny/football/game/freeport-vs-plainview-old-bethpage-jfk/9-4-2026/?c=1278345c-21f5-40d7-ab59-60e3a73f89d2","https://www.maxpreps.com/ny/football/game/freeport-vs-plainview-old-bethpage-jfk/9-4-2026/?c=1278345c-21f5-40d7-ab59-60e3a73f89d2",eba,"Freeport","Jfk","https://www.maxpreps.com/ny/freeport/football/","https://www.maxpreps.com/ny/plainview-old-bethpage-jfk/football/","",""
488,"Syosset vs Uniondale",Football,"New York",9/4/2026,7:30 PM,"The Uniondale varsity football team has a game @ Syosset (New York).","/ny/football/game/syosset-vs-uniondale/9-4-2026/?c=3575b85e-48f7-4186-a216-4b2c61a1d924","https://www.maxpreps.com/ny/football/game/syosset-vs-uniondale/9-4-2026/?c=3575b85e-48f7-4186-a216-4b2c61a1d924",81c,"Syosset","Uniondale","https://www.maxpreps.com/ny/syosset/football/","https://www.maxpreps.com/ny/uniondale/football/","",""
489,"New Paltz vs Spackenkill Poughkeepsie",Football,"New York",9/4/2026,7:30 PM,"The Spackenkill Poughkeepsie varsity football team has a game @ New Paltz (New York).","/ny/football/game/new-paltz-vs-spackenkill-poughkeepsie/9-4-2026/?c=8ca796b7-5f96-4647-912a-693b2a60179a","https://www.maxpreps.com/ny/football/game/new-paltz-vs-spackenkill-poughkeepsie/9-4-2026/?c=8ca796b7-5f96-4647-912a-693b2a60179a",eac,"Paltz","Poughkeepsie","https://www.maxpreps.com/ny/new-paltz/football/","https://www.maxpreps.com/ny/spackenkill-poughkeepsie/football/","",""
490,"Delaware Valley Frenchtown vs Johnson Clark",Football,"New York",9/4/2026,7:30 PM,"The Johnson Clark varsity football team has a game @ Delaware Valley Frenchtown (New York).","/nj/football/game/delaware-valley-frenchtown-vs-johnson-clark/9-4-2026/?c=5c82f2f2-ab05-485e-af2a-70310935cb10","https://www.maxpreps.com/nj/football/game/delaware-valley-frenchtown-vs-johnson-clark/9-4-2026/?c=5c82f2f2-ab05-485e-af2a-70310935cb10",10e6,"Frenchtown","Clark","https://www.maxpreps.com/ny/delaware-valley-frenchtown/football/","https://www.maxpreps.com/ny/johnson-clark/football/","",""
491,"Curtis Staten Island vs Newburgh Free Academy",Football,"New York",9/4/2026,7:30 PM,"The Newburgh Free Academy varsity football team has a game @ Curtis Staten Island (New York).","/ny/football/game/curtis-staten-island-vs-newburgh-free-academy/9-4-2026/?c=ac046ce7-2396-47a3-908f-c312eaf7f982","https://www.maxpreps.com/ny/football/game/curtis-staten-island-vs-newburgh-free-academy/9-4-2026/?c=ac046ce7-2396-47a3-908f-c312eaf7f982",1173,"Island","Academy","https://www.maxpreps.com/ny/curtis-staten-island/football/","https://www.maxpreps.com/ny/newburgh-free-academy/football/","",""
492,"Red Hook vs Rondout Valley Accord",Football,"New York",9/4/2026,7:30 PM,"The Rondout Valley Accord varsity football team has a game @ Red Hook (New York).","/ny/football/game/red-hook-vs-rondout-valley-accord/9-4-2026/?c=2f95e5c6-fccc-4551-b67b-f23d6326883f","https://www.maxpreps.com/ny/football/game/red-hook-vs-rondout-valley-accord/9-4-2026/?c=2f95e5c6-fccc-4551-b67b-f23d6326883f",cba,"Hook","Accord","https://www.maxpreps.com/ny/red-hook/football/","https://www.maxpreps.com/ny/rondout-valley-accord/football/","",""
493,"Wagner Staten Island vs Warwick",Football,"New York",9/4/2026,7:30 PM,"The Warwick varsity football team has a game @ Wagner Staten Island (New York).","/ny/football/game/wagner-staten-island-vs-warwick/9-4-2026/?c=6e8271ea-3c66-4ea3-9065-9e5d87c19285","https://www.maxpreps.com/ny/football/game/wagner-staten-island-vs-warwick/9-4-2026/?c=6e8271ea-3c66-4ea3-9065-9e5d87c19285",c23,"Island","Warwick","https://www.maxpreps.com/ny/wagner-staten-island/football/","https://www.maxpreps.com/ny/warwick/football/","",""
494,"Highland vs Wallkill",Football,"New York",9/4/2026,7:30 PM,"The Wallkill varsity football team has a game @ Highland (New York).","/ny/football/game/highland-vs-wallkill/9-4-2026/?c=26d80e0c-750c-46b0-b217-bdda5c810bf3","https://www.maxpreps.com/ny/football/game/highland-vs-wallkill/9-4-2026/?c=26d80e0c-750c-46b0-b217-bdda5c810bf3",7de,"Highland","Wallkill","https://www.maxpreps.com/ny/highland/football/","https://www.maxpreps.com/ny/wallkill/football/","",""
495,"Mckee Vo Tech Staten Island Tech vs Petrides Staten Island",Football,"New York",9/4/2026,7:30 PM,"The Petrides Staten Island varsity football team has a game @ Mckee Vo Tech Staten Island Tech (New York).","/ny/football/game/mckee-vo-tech-staten-island-tech-vs-petrides-staten-island/9-4-2026/?c=188eca72-2e38-40f5-bbed-897643d9510f","https://www.maxpreps.com/ny/football/game/mckee-vo-tech-staten-island-tech-vs-petrides-staten-island/9-4-2026/?c=188eca72-2e38-40f5-bbed-897643d9510f",1624,"Tech","Island","https://www.maxpreps.com/ny/mckee-vo-tech-staten-island-tech/football/","https://www.maxpreps.com/ny/petrides-staten-island/football/","",""
496,"Delbarton Morristown Nj vs Erasmus Hall Brooklyn Ny",Football,"New York",9/4/2026,7:30 PM,"The Erasmus Hall Brooklyn Ny varsity football team has a game @ Delbarton Morristown Nj (New York).","/inter-state/football/game/delbarton-morristown-nj-vs-erasmus-hall-brooklyn-ny/9-4-2026/?c=b0003244-2759-4686-9826-21e2e5624ffe","https://www.maxpreps.com/inter-state/football/game/delbarton-morristown-nj-vs-erasmus-hall-brooklyn-ny/9-4-2026/?c=b0003244-2759-4686-9826-21e2e5624ffe",1413,"Nj","Ny","https://www.maxpreps.com/ny/delbarton-morristown-nj/football/","https://www.maxpreps.com/ny/erasmus-hall-brooklyn-ny/football/","",""
497,"Archbishop Hoban Akron Oh vs Eagle Academy Ii Brooklyn Ny",Football,"New York",9/4/2026,7:30 PM,"The Eagle Academy Ii Brooklyn Ny varsity football team has a game @ Archbishop Hoban Akron Oh (New York).","/inter-state/football/game/archbishop-hoban-akron-oh-vs-eagle-academy-ii-brooklyn-ny/9-4-2026/?c=1f90f600-5152-4f02-8c7d-da7ce23ed6a0","https://www.maxpreps.com/inter-state/football/game/archbishop-hoban-akron-oh-vs-eagle-academy-ii-brooklyn-ny/9-4-2026/?c=1f90f600-5152-4f02-8c7d-da7ce23ed6a0",1596,"Oh","Ny","https://www.maxpreps.com/ny/archbishop-hoban-akron-oh/football/","https://www.maxpreps.com/ny/eagle-academy-ii-brooklyn-ny/football/","",""
498,"Spanish River Boca Raton vs West Boca Raton",Football,"New York",9/4/2026,7:30 PM,"The West Boca Raton varsity football team has a game @ Spanish River Boca Raton (New York).","/fl/football/game/spanish-river-boca-raton-vs-west-boca-raton/9-4-2026/?c=2df94f0f-5814-4cd6-830e-fadc7220adf3","https://www.maxpreps.com/fl/football/game/spanish-river-boca-raton-vs-west-boca-raton/9-4-2026/?c=2df94f0f-5814-4cd6-830e-fadc7220adf3",1077,"Raton","Raton","https://www.maxpreps.com/ny/spanish-river-boca-raton/football/","https://www.maxpreps.com/ny/west-boca-raton/football/","",""
499,"Columbus Miami vs St Thomas Aquinas Fort Lauderdale",Football,"New York",9/4/2026,7:30 PM,"The St Thomas Aquinas Fort Lauderdale varsity football team has a game @ Columbus Miami (New York).","/fl/football/game/columbus-miami-vs-st-thomas-aquinas-fort-lauderdale/9-4-2026/?c=4c5013d0-411d-428c-aecc-b0ec69545c96","https://www.maxpreps.com/fl/football/game/columbus-miami-vs-st-thomas-aquinas-fort-lauderdale/9-4-2026/?c=4c5013d0-411d-428c-aecc-b0ec69545c96",13ce,"Miami","Lauderdale","https://www.maxpreps.com/ny/columbus-miami/football/","https://www.maxpreps.com/ny/st-thomas-aquinas-fort-lauderdale/football/","",""
500,"St Frances Academy Baltimore Md vs Vero Beach Fl",Football,"New York",9/4/2026,7:30 PM,"The Vero Beach Fl varsity football team has a game @ St Frances Academy Baltimore Md (New York).","/inter-state/football/game/st-frances-academy-baltimore-md-vs-vero-beach-fl/9-4-2026/?c=8657235a-0e5e-4c65-a4cf-5afea036220b","https://www.maxpreps.com/inter-state/football/game/st-frances-academy-baltimore-md-vs-vero-beach-fl/9-4-2026/?c=8657235a-0e5e-4c65-a4cf-5afea036220b",11ff,"Md","Fl","https://www.maxpreps.com/ny/st-frances-academy-baltimore-md/football/","https://www.maxpreps.com/ny/vero-beach-fl/football/","",""
501,"Brownsburg vs Franklin Central Indianapolis",Football,"New York",9/4/2026,7:30 PM,"The Franklin Central Indianapolis varsity football team has a game @ Brownsburg (New York).","/in/football/game/brownsburg-vs-franklin-central-indianapolis/9-4-2026/?c=955cbe28-7675-45ea-b98c-0ef9ca963cf1","https://www.maxpreps.com/in/football/game/brownsburg-vs-franklin-central-indianapolis/9-4-2026/?c=955cbe28-7675-45ea-b98c-0ef9ca963cf1",1121,"Brownsburg","Indianapolis","https://www.maxpreps.com/ny/brownsburg/football/","https://www.maxpreps.com/ny/franklin-central-indianapolis/football/","",""
502,"Hough Cornelius vs Providence Day Charlotte",Football,"New York",9/4/2026,7:30 PM,"The Providence Day Charlotte varsity football team has a game @ Hough Cornelius (New York).","/nc/football/game/hough-cornelius-vs-providence-day-charlotte/9-4-2026/?c=4124eab2-88ff-4d44-a633-37333b39f0b0","https://www.maxpreps.com/nc/football/game/hough-cornelius-vs-providence-day-charlotte/9-4-2026/?c=4124eab2-88ff-4d44-a633-37333b39f0b0",10ec,"Cornelius","Charlotte","https://www.maxpreps.com/ny/hough-cornelius/football/","https://www.maxpreps.com/ny/providence-day-charlotte/football/","",""
503,"Baylor Chattanooga Tn vs Rabun Gap Nacoochee Ga",Football,"New York",9/4/2026,7:30 PM,"The Rabun Gap Nacoochee Ga varsity football team has a game @ Baylor Chattanooga Tn (New York).","/inter-state/football/game/baylor-chattanooga-tn-vs-rabun-gap-nacoochee-ga/9-4-2026/?c=b07a4869-795e-4a26-b3ac-0cdcbcc8c3fc","https://www.maxpreps.com/inter-state/football/game/baylor-chattanooga-tn-vs-rabun-gap-nacoochee-ga/9-4-2026/?c=b07a4869-795e-4a26-b3ac-0cdcbcc8c3fc",11d5,"Tn","Ga","https://www.maxpreps.com/ny/baylor-chattanooga-tn/football/","https://www.maxpreps.com/ny/rabun-gap-nacoochee-ga/football/","",""
504,"Lee County Leesburg vs Sequoyah Canton",Football,"New York",9/4/2026,7:30 PM,"The Sequoyah Canton varsity football team has a game @ Lee County Leesburg (New York).","/ga/football/game/lee-county-leesburg-vs-sequoyah-canton/9-4-2026/?c=7610023d-8fa5-4efe-8b56-1d730dbb3b61","https://www.maxpreps.com/ga/football/game/lee-county-leesburg-vs-sequoyah-canton/9-4-2026/?c=7610023d-8fa5-4efe-8b56-1d730dbb3b61",eed,"Leesburg","Canton","https://www.maxpreps.com/ny/lee-county-leesburg/football/","https://www.maxpreps.com/ny/sequoyah-canton/football/","",""
505,"Buford Ga vs Mallard Creek Charlotte Nc",Football,"New York",9/4/2026,7:30 PM,"The Mallard Creek Charlotte Nc varsity football team has a game @ Buford Ga (New York).","/inter-state/football/game/buford-ga-vs-mallard-creek-charlotte-nc/9-4-2026/?c=06e6ec32-3617-4780-9c64-ac63fdddd2ef","https://www.maxpreps.com/inter-state/football/game/buford-ga-vs-mallard-creek-charlotte-nc/9-4-2026/?c=06e6ec32-3617-4780-9c64-ac63fdddd2ef",ebf,"Ga","Nc","https://www.maxpreps.com/ny/buford-ga/football/","https://www.maxpreps.com/ny/mallard-creek-charlotte-nc/football/","",""
506,"Brentwood Academy Tn vs St Josephs Prep Philadelphia Pa",Football,"New York",9/4/2026,7:30 PM,"The St Josephs Prep Philadelphia Pa varsity football team has a game @ Brentwood Academy Tn (New York).","/inter-state/football/game/brentwood-academy-tn-vs-st-josephs-prep-philadelphia-pa/9-4-2026/?c=ed5acb23-ac8e-4678-b125-34e32de77c48","https://www.maxpreps.com/inter-state/football/game/brentwood-academy-tn-vs-st-josephs-prep-philadelphia-pa/9-4-2026/?c=ed5acb23-ac8e-4678-b125-34e32de77c48",152b,"Tn","Pa","https://www.maxpreps.com/ny/brentwood-academy-tn/football/","https://www.maxpreps.com/ny/st-josephs-prep-philadelphia-pa/football/","",""
507,"Carrollton Ga vs Catholic Br Bears Baton Rouge La",Football,"New York",9/4/2026,7:30 PM,"The Catholic Br Bears Baton Rouge La varsity football team has a game @ Carrollton Ga (New York).","/inter-state/football/game/carrollton-ga-vs-catholic-br-bears-baton-rouge-la/9-4-2026/?c=e1dcde90-b8ab-454b-9b12-6974776f6af0","https://www.maxpreps.com/inter-state/football/game/carrollton-ga-vs-catholic-br-bears-baton-rouge-la/9-4-2026/?c=e1dcde90-b8ab-454b-9b12-6974776f6af0",1284,"Ga","La","https://www.maxpreps.com/ny/carrollton-ga/football/","https://www.maxpreps.com/ny/catholic-br-bears-baton-rouge-la/football/","",""
508,"Thompson Alabaster vs Vestavia Hills",Football,"New York",9/4/2026,7:30 PM,"The Vestavia Hills varsity football team has a game @ Thompson Alabaster (New York).","/al/football/game/thompson-alabaster-vs-vestavia-hills/9-4-2026/?c=592c6bca-5e37-4616-9dee-75190a10da96","https://www.maxpreps.com/al/football/game/thompson-alabaster-vs-vestavia-hills/9-4-2026/?c=592c6bca-5e37-4616-9dee-75190a10da96",e43,"Alabaster","Hills","https://www.maxpreps.com/ny/thompson-alabaster/football/","https://www.maxpreps.com/ny/vestavia-hills/football/","",""
509,"Allen vs Desoto",Football,"New York",9/4/2026,7:30 PM,"The Desoto varsity football team has a game @ Allen (New York).","/tx/football/game/allen-vs-desoto/9-4-2026/?c=1e1ac24c-e7af-4a4c-bd2a-2c3503a01558","https://www.maxpreps.com/tx/football/game/allen-vs-desoto/9-4-2026/?c=1e1ac24c-e7af-4a4c-bd2a-2c3503a01558",5dd,"Allen","Desoto","https://www.maxpreps.com/ny/allen/football/","https://www.maxpreps.com/ny/desoto/football/","",""
510,"Bishop Gorman Las Vegas Nv vs Lone Peak Highland Ut",Football,"New York",9/4/2026,7:30 PM,"The Lone Peak Highland Ut varsity football team has a game @ Bishop Gorman Las Vegas Nv (New York).","/inter-state/football/game/bishop-gorman-las-vegas-nv-vs-lone-peak-highland-ut/9-4-2026/?c=29b1621b-f35c-4b32-9edc-53e708acc330","https://www.maxpreps.com/inter-state/football/game/bishop-gorman-las-vegas-nv-vs-lone-peak-highland-ut/9-4-2026/?c=29b1621b-f35c-4b32-9edc-53e708acc330",1338,"Nv","Ut","https://www.maxpreps.com/ny/bishop-gorman-las-vegas-nv/football/","https://www.maxpreps.com/ny/lone-peak-highland-ut/football/","",""
511,"Pittsburg vs St John Bosco Bellflower",Football,"New York",9/4/2026,7:30 PM,"The St John Bosco Bellflower varsity football team has a game @ Pittsburg (New York).","/ca/football/game/pittsburg-vs-st-john-bosco-bellflower/9-4-2026/?c=ae4d8580-8f49-4705-b047-48c5ec08888e","https://www.maxpreps.com/ca/football/game/pittsburg-vs-st-john-bosco-bellflower/9-4-2026/?c=ae4d8580-8f49-4705-b047-48c5ec08888e",e88,"Pittsburg","Bellflower","https://www.maxpreps.com/ny/pittsburg/football/","https://www.maxpreps.com/ny/st-john-bosco-bellflower/football/","",""
512,"Mater Dei Santa Ana Ca vs Valor Christian Highlands Ranch Co",Football,"New York",9/4/2026,7:30 PM,"The Valor Christian Highlands Ranch Co varsity football team has a game @ Mater Dei Santa Ana Ca (New York).","/inter-state/football/game/mater-dei-santa-ana-ca-vs-valor-christian-highlands-ranch-co/9-4-2026/?c=93f7f59a-3c65-495e-bcef-c907ecb04034","https://www.maxpreps.com/inter-state/football/game/mater-dei-santa-ana-ca-vs-valor-christian-highlands-ranch-co/9-4-2026/?c=93f7f59a-3c65-495e-bcef-c907ecb04034",167a,"Ca","Co","https://www.maxpreps.com/ny/mater-dei-santa-ana-ca/football/","https://www.maxpreps.com/ny/valor-christian-highlands-ranch-co/football/","",""
513,"Arbor View Las Vegas Nv vs Hamilton Chandler Az",Football,"New York",9/4/2026,7:30 PM,"The Hamilton Chandler Az varsity football team has a game @ Arbor View Las Vegas Nv (New York).","/inter-state/football/game/arbor-view-las-vegas-nv-vs-hamilton-chandler-az/9-4-2026/?c=4d6c7ace-3a91-4768-b267-66760bd60042","https://www.maxpreps.com/inter-state/football/game/arbor-view-las-vegas-nv-vs-hamilton-chandler-az/9-4-2026/?c=4d6c7ace-3a91-4768-b267-66760bd60042",11d4,"Nv","Az","https://www.maxpreps.com/ny/arbor-view-las-vegas-nv/football/","https://www.maxpreps.com/ny/hamilton-chandler-az/football/","",""
514,"Highland Palmdale vs Santa Margarita Rancho Santa Margarita",Football,"New York",9/4/2026,7:30 PM,"The Santa Margarita Rancho Santa Margarita varsity football team has a game @ Highland Palmdale (New York).","/ca/football/game/highland-palmdale-vs-santa-margarita-rancho-santa-margarita/9-4-2026/?c=9d91d9ff-fc93-4e18-afff-7927b2f5f358","https://www.maxpreps.com/ca/football/game/highland-palmdale-vs-santa-margarita-rancho-santa-margarita/9-4-2026/?c=9d91d9ff-fc93-4e18-afff-7927b2f5f358",16bc,"Palmdale","Margarita","https://www.maxpreps.com/ny/highland-palmdale/football/","https://www.maxpreps.com/ny/santa-margarita-rancho-santa-margarita/football/","",""
515,"Basha Chandler Az vs Orange Lutheran Ca",Football,"New York",9/4/2026,7:30 PM,"The Orange Lutheran Ca varsity football team has a game @ Basha Chandler Az (New York).","/inter-state/football/game/basha-chandler-az-vs-orange-lutheran-ca/9-4-2026/?c=2fa972d5-6466-4981-a23b-8c675df63750","https://www.maxpreps.com/inter-state/football/game/basha-chandler-az-vs-orange-lutheran-ca/9-4-2026/?c=2fa972d5-6466-4981-a23b-8c675df63750",eb5,"Az","Ca","https://www.maxpreps.com/ny/basha-chandler-az/football/","https://www.maxpreps.com/ny/orange-lutheran-ca/football/","",""
516,"Hough Cornelius vs Providence Day Charlotte",Football,"North Carolina",9/4/2026,7:30 PM,"The Providence Day Charlotte varsity football team has a game @ Hough Cornelius (North Carolina).","/nc/football/game/hough-cornelius-vs-providence-day-charlotte/9-4-2026/?c=4124eab2-88ff-4d44-a633-37333b39f0b0","https://www.maxpreps.com/nc/football/game/hough-cornelius-vs-providence-day-charlotte/9-4-2026/?c=4124eab2-88ff-4d44-a633-37333b39f0b0",10ec,"Chargers","Huskies","https://www.maxpreps.com/nc/hough-cornelius/football/","https://www.maxpreps.com/nc/providence-day-charlotte/football/","https://image.maxpreps.io/school-mascot/d/0/c/d0cb43d1-98fc-4f0a-8d6e-3ec2cd944ce7.gif?version=638380068600000000&amp;width=128&amp;height=128&amp;auto=webp&amp;format=pjpg","https://image.maxpreps.io/school-mascot/a/5/3/a53ca03e-8631-42bb-8ff5-e4cb709e2d7b.gif?version=638026432800000000&amp;width=128&amp;height=128&amp;auto=webp&amp;format=pjpg"
517,"East Forsyth Kernersville vs Grimsley Greensboro",Football,"North Carolina",9/4/2026,7:30 PM,"The Grimsley Greensboro varsity football team has a game @ East Forsyth Kernersville (North Carolina).","/nc/football/game/east-forsyth-kernersville-vs-grimsley-greensboro/9-4-2026/?c=4fe59538-1701-4f3c-bf2b-2d59c528cb87","https://www.maxpreps.com/nc/football/game/east-forsyth-kernersville-vs-grimsley-greensboro/9-4-2026/?c=4fe59538-1701-4f3c-bf2b-2d59c528cb87",133e,"Whirlies","Eagles","https://www.maxpreps.com/nc/east-forsyth-kernersville/football/","https://www.maxpreps.com/nc/grimsley-greensboro/football/","https://image.maxpreps.io/school-mascot/8/6/c/86cd69cb-275e-450e-82b6-e3c0a3746382.gif?version=638634168966716820&amp;width=128&amp;height=128&amp;auto=webp&amp;format=pjpg","https://image.maxpreps.io/school-mascot/2/a/4/2a403437-3749-4b23-8291-2dc1048417ea.gif?version=638379435600000000&amp;width=128&amp;height=128&amp;auto=webp&amp;format=pjpg"
518,"Monroe vs Weddington Matthews",Football,"North Carolina",9/4/2026,7:30 PM,"The Weddington Matthews varsity football team has a game @ Monroe (North Carolina).","/nc/football/game/monroe-vs-weddington-matthews/9-4-2026/?c=255141db-60ee-4913-a9a4-70cce041dc26","https://www.maxpreps.com/nc/football/game/monroe-vs-weddington-matthews/9-4-2026/?c=255141db-60ee-4913-a9a4-70cce041dc26",ba0,"Redhawks","Warriors","https://www.maxpreps.com/nc/monroe/football/","https://www.maxpreps.com/nc/weddington-matthews/football/","https://image.maxpreps.io/school-mascot/6/0/e/60e96a33-a390-4316-9a63-926b7b9e1bb2.gif?version=638570384843117500&amp;width=128&amp;height=128&amp;auto=webp&amp;format=pjpg","https://image.maxpreps.io/school-mascot/d/f/a/dfa8c779-3d94-48eb-ad8e-138f9a88b053.gif?version=635457029400000000&amp;width=128&amp;height=128&amp;auto=webp&amp;format=pjpg"
519,"Liberty Christian Academy Richlands vs Sandhills Classical Christian Whispering Pines",Football,"North Carolina",9/4/2026,7:30 PM,"The Sandhills Classical Christian Whispering Pines varsity football team has a game @ Liberty Christian Academy Richlands (North Carolina).","/nc/football/game/liberty-christian-academy-richlands-vs-sandhills-classical-christian-whispering-pines/9-4-2026/?c=2d4dd0f6-178d-4c42-a762-345dfc1327ef","https://www.maxpreps.com/nc/football/game/liberty-christian-academy-richlands-vs-sandhills-classical-christian-whispering-pines/9-4-2026/?c=2d4dd0f6-178d-4c42-a762-345dfc1327ef",215f,"Heat","Lions","https://www.maxpreps.com/nc/liberty-christian-academy-richlands/football/","https://www.maxpreps.com/nc/sandhills-classical-christian-whispering-pines/football/","https://image.maxpreps.io/school-mascot/7/a/7/7a75e9a2-9ca1-4adc-ac10-5d84b4782c28.gif?version=638966411560284570&amp;width=128&amp;height=128&amp;auto=webp&amp;format=pjpg","https://image.maxpreps.io/school-mascot/c/c/9/cc99c4d2-33e3-4529-b8f6-5c0c48c1ff3b.gif?version=639213467971082780&amp;width=128&amp;height=128&amp;auto=webp&amp;format=pjpg"
520,"Lincoln Charter Denver vs Union Academy Monroe",Football,"North Carolina",9/4/2026,7:30 PM,"The Union Academy Monroe varsity football team has a game @ Lincoln Charter Denver (North Carolina).","/nc/football/game/lincoln-charter-denver-vs-union-academy-monroe/9-4-2026/?c=b82a013e-3ad7-4396-bdf1-5324cfaf9cfc","https://www.maxpreps.com/nc/football/game/lincoln-charter-denver-vs-union-academy-monroe/9-4-2026/?c=b82a013e-3ad7-4396-bdf1-5324cfaf9cfc",11e0,"Cardinals","Eagles","https://www.maxpreps.com/nc/lincoln-charter-denver/football/","https://www.maxpreps.com/nc/union-academy-monroe/football/","https://image.maxpreps.io/school-mascot/5/d/b/5db3b111-a6ba-40e1-9a60-a9e379dd0be2.gif?version=637712673600000000&amp;width=128&amp;height=128&amp;auto=webp&amp;format=pjpg","https://image.maxpreps.io/school-mascot/2/5/b/25ba6797-df5e-44f4-bf26-c552a4e3fdd8.gif?version=635288649600000000&amp;width=128&amp;height=128&amp;auto=webp&amp;format=pjpg"
521,"Apex vs Holly Springs",Football,"North Carolina",9/4/2026,7:30 PM,"The Holly Springs varsity football team has a game @ Apex (North Carolina).","/nc/football/game/apex-vs-holly-springs/9-4-2026/?c=f886cc05-0f2d-438f-9b77-922e7e67f61b","https://www.maxpreps.com/nc/football/game/apex-vs-holly-springs/9-4-2026/?c=f886cc05-0f2d-438f-9b77-922e7e67f61b",84c,"Cougars","Golden Hawks","https://www.maxpreps.com/nc/apex/football/","https://www.maxpreps.com/nc/holly-springs/football/","https://image.maxpreps.io/school-mascot/8/2/8/828209a5-a9b7-4499-a694-2dc1766bfe4e.gif?version=638947437490504780&amp;width=128&amp;height=128&amp;auto=webp&amp;format=pjpg","https://image.maxpreps.io/school-mascot/8/b/0/8b01e3ef-fc95-4f9e-8ab8-5424348e4767.gif?version=638858768102951010&amp;width=128&amp;height=128&amp;auto=webp&amp;format=pjpg"
522,"South Point Belmont vs Tc Roberson Asheville",Football,"North Carolina",9/4/2026,7:30 PM,"The Tc Roberson Asheville varsity football team has a game @ South Point Belmont (North Carolina).","/nc/football/game/south-point-belmont-vs-tc-roberson-asheville/9-4-2026/?c=898fd1ea-adee-41a6-8f20-66f637d4e927","https://www.maxpreps.com/nc/football/game/south-point-belmont-vs-tc-roberson-asheville/9-4-2026/?c=898fd1ea-adee-41a6-8f20-66f637d4e927",1143,"Rams","Red Raiders","https://www.maxpreps.com/nc/south-point-belmont/football/","https://www.maxpreps.com/nc/tc-roberson-asheville/football/","https://image.maxpreps.io/school-mascot/d/2/a/d2a54a52-b1ac-4588-98de-94edd98a7d85.gif?version=636725927400000000&amp;width=128&amp;height=128&amp;auto=webp&amp;format=pjpg","https://image.maxpreps.io/school-mascot/9/6/9/969b09ee-1dc0-4164-9b42-7d306fb17dc5.gif?version=638579907633897560&amp;width=128&amp;height=128&amp;auto=webp&amp;format=pjpg"
523,"Community Christian Wilson vs Halifax Academy Roanoke Rapids",Football,"North Carolina",9/4/2026,7:30 PM,"The Halifax Academy Roanoke Rapids varsity football team has a game @ Community Christian Wilson (North Carolina).","/nc/football/game/community-christian-wilson-vs-halifax-academy-roanoke-rapids/9-4-2026/?c=13a7623a-fb02-4999-aefd-1ac01f07c179","https://www.maxpreps.com/nc/football/game/community-christian-wilson-vs-halifax-academy-roanoke-rapids/9-4-2026/?c=13a7623a-fb02-4999-aefd-1ac01f07c179",178d,"Vikings","Cyclones","https://www.maxpreps.com/nc/community-christian-wilson/football/","https://www.maxpreps.com/nc/halifax-academy-roanoke-rapids/football/","https://image.maxpreps.io/school-mascot/8/8/8/88838542-3034-4d81-ab15-047e366b5242.gif?version=639184220003709330&amp;width=128&amp;height=128&amp;auto=webp&amp;format=pjpg","https://image.maxpreps.io/school-mascot/8/c/3/8c34422a-1e7b-4fa8-89a1-7a4113e409cd.gif?version=636154895400000000&amp;width=128&amp;height=128&amp;auto=webp&amp;format=pjpg"
524,"Bradford Prep Charlotte vs Community School Of Davidson",Football,"North Carolina",9/4/2026,7:30 PM,"The Community School Of Davidson varsity football team has a game @ Bradford Prep Charlotte (North Carolina).","/nc/football/game/bradford-prep-charlotte-vs-community-school-of-davidson/9-4-2026/?c=ea888fc3-0234-489b-a489-fa757fd17123","https://www.maxpreps.com/nc/football/game/bradford-prep-charlotte-vs-community-school-of-davidson/9-4-2026/?c=ea888fc3-0234-489b-a489-fa757fd17123",157f,"Spartans","Bears","https://www.maxpreps.com/nc/bradford-prep-charlotte/football/","https://www.maxpreps.com/nc/community-school-of-davidson/football/","https://image.maxpreps.io/school-mascot/5/a/f/5aff4a6f-11d4-4f38-82c4-72532534fa2d.gif?version=638648605999950630&amp;width=128&amp;height=128&amp;auto=webp&amp;format=pjpg","https://image.maxpreps.io/school-mascot/f/c/8/fc8ecf66-0433-4654-8827-184516f40a68.gif?version=638649552833433260&amp;width=128&amp;height=128&amp;auto=webp&amp;format=pjpg"
525,"Atkins Winston Salem vs Rj Reynolds Winston Salem",Football,"North Carolina",9/4/2026,7:30 PM,"The Rj Reynolds Winston Salem varsity football team has a game @ Atkins Winston Salem (North Carolina).","/nc/football/game/atkins-winston-salem-vs-rj-reynolds-winston-salem/9-4-2026/?c=b825dcef-0dfc-412e-bb1a-495e6d618714","https://www.maxpreps.com/nc/football/game/atkins-winston-salem-vs-rj-reynolds-winston-salem/9-4-2026/?c=b825dcef-0dfc-412e-bb1a-495e6d618714",1342,"Demons","Camels","https://www.maxpreps.com/nc/atkins-winston-salem/football/","https://www.maxpreps.com/nc/rj-reynolds-winston-salem/football/","https://image.maxpreps.io/school-mascot/7/2/5/725a64a4-9298-4080-933e-ad5b3ebf3cc2.gif?version=635447988600000000&amp;width=128&amp;height=128&amp;auto=webp&amp;format=pjpg","https://image.maxpreps.io/school-mascot/8/e/d/8ede69f3-570c-483f-97ba-6d111d0634ec.gif?version=638878800823596560&amp;width=128&amp;height=128&amp;auto=webp&amp;format=pjpg"
526,"Carrboro vs Chapel Hill",Football,"North Carolina",9/4/2026,7:30 PM,"The Chapel Hill varsity football team has a game @ Carrboro (North Carolina).","/nc/football/game/carrboro-vs-chapel-hill/9-4-2026/?c=cd99ac70-f05a-4d3c-a409-10554af5340f","https://www.maxpreps.com/nc/football/game/carrboro-vs-chapel-hill/9-4-2026/?c=cd99ac70-f05a-4d3c-a409-10554af5340f",8e0,"Tigers","Jaguars","https://www.maxpreps.com/nc/carrboro/football/","https://www.maxpreps.com/nc/chapel-hill/football/","https://image.maxpreps.io/school-mascot/4/d/0/4d0f5866-a2d4-4c8c-bc19-75e7c7229165.gif?version=638498475000000000&amp;width=128&amp;height=128&amp;auto=webp&amp;format=pjpg","https://image.maxpreps.io/school-mascot/7/7/2/77216c34-c09f-4a3c-8be3-6a0b02b38021.gif?version=636092574600000000&amp;width=128&amp;height=128&amp;auto=webp&amp;format=pjpg"
527,"Ea Laney Buccaneers Wilmington vs Jh Rose Greenville",Football,"North Carolina",9/4/2026,7:30 PM,"The Jh Rose Greenville varsity football team has a game @ Ea Laney Buccaneers Wilmington (North Carolina).","/nc/football/game/ea-laney-buccaneers-wilmington-vs-jh-rose-greenville/9-4-2026/?c=2bf52181-23a7-410b-84c5-33d7b338a530","https://www.maxpreps.com/nc/football/game/ea-laney-buccaneers-wilmington-vs-jh-rose-greenville/9-4-2026/?c=2bf52181-23a7-410b-84c5-33d7b338a530",141e,"Rampants","Buccaneers","https://www.maxpreps.com/nc/ea-laney-buccaneers-wilmington/football/","https://www.maxpreps.com/nc/jh-rose-greenville/football/","https://image.maxpreps.io/school-mascot/b/d/5/bd58020f-d7b8-460c-87a7-2b260a4e61b2.gif?version=636709587000000000&amp;width=128&amp;height=128&amp;auto=webp&amp;format=pjpg","https://image.maxpreps.io/school-mascot/7/1/f/71fccbdd-2c49-4c3a-82e9-101ed692d651.gif?version=636770518200000000&amp;width=128&amp;height=128&amp;auto=webp&amp;format=pjpg"
528,"Asheville vs Crest Shelby",Football,"North Carolina",9/4/2026,7:30 PM,"The Crest Shelby varsity football team has a game @ Asheville (North Carolina).","/nc/football/game/asheville-vs-crest-shelby/9-4-2026/?c=5fe82cc0-a9a6-4eb9-9aad-01da3dd4b158","https://www.maxpreps.com/nc/football/game/asheville-vs-crest-shelby/9-4-2026/?c=5fe82cc0-a9a6-4eb9-9aad-01da3dd4b158",9d5,"Chargers","Cougars","https://www.maxpreps.com/nc/asheville/football/","https://www.maxpreps.com/nc/crest-shelby/football/","https://image.maxpreps.io/school-mascot/5/4/f/54fa855a-fa36-4f7d-bca5-b27e728e10ee.gif?version=633875711400000000&amp;width=128&amp;height=128&amp;auto=webp&amp;format=pjpg","https://image.maxpreps.io/school-mascot/6/9/a/69aa4066-15c1-432b-8316-75c218b8bb9c.gif?version=638380077000000000&amp;width=128&amp;height=128&amp;auto=webp&amp;format=pjpg"
529,"Lawrence Academy Merry Hill vs Wake Christian Academy Raleigh",Football,"North Carolina",9/4/2026,7:30 PM,"The Wake Christian Academy Raleigh varsity football team has a game @ Lawrence Academy Merry Hill (North Carolina).","/nc/football/game/lawrence-academy-merry-hill-vs-wake-christian-academy-raleigh/9-4-2026/?c=1dce0492-b9e1-49f9-af4e-b304c98684bd","https://www.maxpreps.com/nc/football/game/lawrence-academy-merry-hill-vs-wake-christian-academy-raleigh/9-4-2026/?c=1dce0492-b9e1-49f9-af4e-b304c98684bd",176b,"Warriors","Bulldogs","https://www.maxpreps.com/nc/lawrence-academy-merry-hill/football/","https://www.maxpreps.com/nc/wake-christian-academy-raleigh/football/","https://image.maxpreps.io/school-mascot/d/c/f/dcffc7cc-68d2-4265-82e2-2de6a55ed145.gif?version=635856979800000000&amp;width=128&amp;height=128&amp;auto=webp&amp;format=pjpg","https://image.maxpreps.io/school-mascot/5/d/a/5da2600b-e987-402b-ac42-36ab7e084ccc.gif?version=635415418800000000&amp;width=128&amp;height=128&amp;auto=webp&amp;format=pjpg"
530,"Swansboro vs White Oak Jacksonville",Football,"North Carolina",9/4/2026,7:30 PM,"The White Oak Jacksonville varsity football team has a game @ Swansboro (North Carolina).","/nc/football/game/swansboro-vs-white-oak-jacksonville/9-4-2026/?c=137e5d81-8dc5-403a-a817-0bc888381c52","https://www.maxpreps.com/nc/football/game/swansboro-vs-white-oak-jacksonville/9-4-2026/?c=137e5d81-8dc5-403a-a817-0bc888381c52",ddc,"Vikings","Pirates","https://www.maxpreps.com/nc/swansboro/football/","https://www.maxpreps.com/nc/white-oak-jacksonville/football/","https://image.maxpreps.io/school-mascot/c/8/f/c8f67519-635d-4ce7-afde-447c18d5b1bd.gif?version=638867083967202780&amp;width=128&amp;height=128&amp;auto=webp&amp;format=pjpg","https://image.maxpreps.io/school-mascot/4/c/5/4c523869-3eed-4b42-8bfb-1171a212207c.gif?version=634986688200000000&amp;width=128&amp;height=128&amp;auto=webp&amp;format=pjpg"
531,"Millbrook Raleigh vs Wake Forest",Football,"North Carolina",9/4/2026,7:30 PM,"The Wake Forest varsity football team has a game @ Millbrook Raleigh (North Carolina).","/nc/football/game/millbrook-raleigh-vs-wake-forest/9-4-2026/?c=40642166-012d-4f3a-a085-3706e68c539d","https://www.maxpreps.com/nc/football/game/millbrook-raleigh-vs-wake-forest/9-4-2026/?c=40642166-012d-4f3a-a085-3706e68c539d",c7f,"Cougars","Wildcats","https://www.maxpreps.com/nc/millbrook-raleigh/football/","https://www.maxpreps.com/nc/wake-forest/football/","https://image.maxpreps.io/school-mascot/4/d/1/4d12efd2-f93d-417e-84ba-4c7ecbaee8ed.gif?version=638599304997192760&amp;width=128&amp;height=128&amp;auto=webp&amp;format=pjpg","https://image.maxpreps.io/school-mascot/a/8/d/a8d7c333-2ea0-4dbb-ad43-aacaede104be.gif?version=637072135800000000&amp;width=128&amp;height=128&amp;auto=webp&amp;format=pjpg"
532,"Parkwood Monroe vs Sun Valley Monroe",Football,"North Carolina",9/4/2026,7:30 PM,"The Sun Valley Monroe varsity football team has a game @ Parkwood Monroe (North Carolina).","/nc/football/game/parkwood-monroe-vs-sun-valley-monroe/9-4-2026/?c=956d856d-df51-4204-96b9-72600c34a694","https://www.maxpreps.com/nc/football/game/parkwood-monroe-vs-sun-valley-monroe/9-4-2026/?c=956d856d-df51-4204-96b9-72600c34a694",e34,"Spartans","Wolf Pack","https://www.maxpreps.com/nc/parkwood-monroe/football/","https://www.maxpreps.com/nc/sun-valley-monroe/football/","https://image.maxpreps.io/school-mascot/5/8/2/5821749f-8c32-416a-9c4b-7739a9f67c4b.gif?version=638379534600000000&amp;width=128&amp;height=128&amp;auto=webp&amp;format=pjpg","https://image.maxpreps.io/school-mascot/e/3/6/e360ac21-e816-441a-9f15-d69d70854943.gif?version=638380065600000000&amp;width=128&amp;height=128&amp;auto=webp&amp;format=pjpg"
533,"Goldsboro vs Southern Wayne Dudley",Football,"North Carolina",9/4/2026,7:30 PM,"The Southern Wayne Dudley varsity football team has a game @ Goldsboro (North Carolina).","/nc/football/game/goldsboro-vs-southern-wayne-dudley/9-4-2026/?c=8154edac-05a4-4208-b72b-b92e0c6c6337","https://www.maxpreps.com/nc/football/game/goldsboro-vs-southern-wayne-dudley/9-4-2026/?c=8154edac-05a4-4208-b72b-b92e0c6c6337",d8b,"Cougars","Saints","https://www.maxpreps.com/nc/goldsboro/football/","https://www.maxpreps.com/nc/southern-wayne-dudley/football/","https://image.maxpreps.io/school-mascot/6/3/a/63aa6cd0-d0e9-43bc-93d0-fa90e341be22.gif?version=638878831101288940&amp;width=128&amp;height=128&amp;auto=webp&amp;format=pjpg","https://image.maxpreps.io/school-mascot/f/3/a/f3a746ee-e7c0-4e70-aada-b3a98a4c2aee.gif?version=638878828838870240&amp;width=128&amp;height=128&amp;auto=webp&amp;format=pjpg"
534,"Heide Trask Rocky Point vs South Brunswick Southport",Football,"North Carolina",9/4/2026,7:30 PM,"The South Brunswick Southport varsity football team has a game @ Heide Trask Rocky Point (North Carolina).","/nc/football/game/heide-trask-rocky-point-vs-south-brunswick-southport/9-4-2026/?c=1fb2f92f-d4d1-4f3c-9ed7-80d0b97d4b1f","https://www.maxpreps.com/nc/football/game/heide-trask-rocky-point-vs-south-brunswick-southport/9-4-2026/?c=1fb2f92f-d4d1-4f3c-9ed7-80d0b97d4b1f",149d,"Titans","Cougars","https://www.maxpreps.com/nc/heide-trask-rocky-point/football/","https://www.maxpreps.com/nc/south-brunswick-southport/football/","https://image.maxpreps.io/school-mascot/9/7/c/97caa68e-51e4-45f0-82c6-ac5c4d2e2abb.gif?version=638876454368192660&amp;width=128&amp;height=128&amp;auto=webp&amp;format=pjpg","https://image.maxpreps.io/school-mascot/5/5/2/552c1204-44f0-4e19-bec7-37e11a6420e5.gif?version=638878826308402520&amp;width=128&amp;height=128&amp;auto=webp&amp;format=pjpg"
535,"Albemarle vs West Stanly Oakboro",Football,"North Carolina",9/4/2026,7:30 PM,"The West Stanly Oakboro varsity football team has a game @ Albemarle (North Carolina).","/nc/football/game/albemarle-vs-west-stanly-oakboro/9-4-2026/?c=ba33c2c7-5697-4bf1-983b-cfe63da766b9","https://www.maxpreps.com/nc/football/game/albemarle-vs-west-stanly-oakboro/9-4-2026/?c=ba33c2c7-5697-4bf1-983b-cfe63da766b9",c8d,"Bulldogs","Colts","https://www.maxpreps.com/nc/albemarle/football/","https://www.maxpreps.com/nc/west-stanly-oakboro/football/","https://image.maxpreps.io/school-mascot/4/c/8/4c8b651d-104c-4864-a217-024dcfc2efa5.gif?version=635347985400000000&amp;width=128&amp;height=128&amp;auto=webp&amp;format=pjpg","https://image.maxpreps.io/school-mascot/6/8/b/68bcd9c5-a95b-4716-8d6f-9ccca0ea723b.gif?version=635417986200000000&amp;width=128&amp;height=128&amp;auto=webp&amp;format=pjpg"
536,"Carver Winston Salem vs North Forsyth Winston Salem",Football,"North Carolina",9/4/2026,7:30 PM,"The North Forsyth Winston Salem varsity football team has a game @ Carver Winston Salem (North Carolina).","/nc/football/game/carver-winston-salem-vs-north-forsyth-winston-salem/9-4-2026/?c=f9192762-815a-441b-b4d6-d1e4ece4a60a","https://www.maxpreps.com/nc/football/game/carver-winston-salem-vs-north-forsyth-winston-salem/9-4-2026/?c=f9192762-815a-441b-b4d6-d1e4ece4a60a",1429,"Vikings","Yellowjackets","https://www.maxpreps.com/nc/carver-winston-salem/football/","https://www.maxpreps.com/nc/north-forsyth-winston-salem/football/","https://image.maxpreps.io/school-mascot/c/7/9/c79e10c5-4926-46ba-bafe-ded6d2bbe4a5.gif?version=638579962238971920&amp;width=128&amp;height=128&amp;auto=webp&amp;format=pjpg","https://image.maxpreps.io/school-mascot/6/e/a/6ea4d1b3-9df3-418c-a106-1091c65dba18.gif?version=638580749376070510&amp;width=128&amp;height=128&amp;auto=webp&amp;format=pjpg"
537,"Porter Ridge Indian Trail vs West Forsyth Clemmons",Football,"North Carolina",9/4/2026,7:30 PM,"The West Forsyth Clemmons varsity football team has a game @ Porter Ridge Indian Trail (North Carolina).","/nc/football/game/porter-ridge-indian-trail-vs-west-forsyth-clemmons/9-4-2026/?c=f41eed5a-fe46-404f-868f-faaac0670e55","https://www.maxpreps.com/nc/football/game/porter-ridge-indian-trail-vs-west-forsyth-clemmons/9-4-2026/?c=f41eed5a-fe46-404f-868f-faaac0670e55",138a,"Pirates","Titans","https://www.maxpreps.com/nc/porter-ridge-indian-trail/football/","https://www.maxpreps.com/nc/west-forsyth-clemmons/football/","https://image.maxpreps.io/school-mascot/6/6/8/6686f743-8354-4edb-8785-34c17b87d1ce.gif?version=637016707200000000&amp;width=128&amp;height=128&amp;auto=webp&amp;format=pjpg","https://image.maxpreps.io/school-mascot/8/1/7/81727b1f-781a-4de6-815a-d05858b295d9.gif?version=638590209110139110&amp;width=128&amp;height=128&amp;auto=webp&amp;format=pjpg"
538,"Jordan Matthews Siler City vs North Stokes Danbury",Football,"North Carolina",9/4/2026,7:30 PM,"The North Stokes Danbury varsity football team has a game @ Jordan Matthews Siler City (North Carolina).","/nc/football/game/jordan-matthews-siler-city-vs-north-stokes-danbury/9-4-2026/?c=c60ba01b-1661-4fde-a65d-7777b580c549","https://www.maxpreps.com/nc/football/game/jordan-matthews-siler-city-vs-north-stokes-danbury/9-4-2026/?c=c60ba01b-1661-4fde-a65d-7777b580c549",13a0,"Jets","Vikings","https://www.maxpreps.com/nc/jordan-matthews-siler-city/football/","https://www.maxpreps.com/nc/north-stokes-danbury/football/","https://image.maxpreps.io/school-mascot/6/f/5/6f5df756-bc96-4faa-bdbb-ec009eaf0684.gif?version=635337549600000000&amp;width=128&amp;height=128&amp;auto=webp&amp;format=pjpg","https://image.maxpreps.io/school-mascot/3/2/8/328fa6ea-919f-4b05-a1e7-ad312c8f3b88.gif?version=636093411600000000&amp;width=128&amp;height=128&amp;auto=webp&amp;format=pjpg"
539,"Ashley Wilmington vs Scotland Laurinburg",Football,"North Carolina",9/4/2026,7:30 PM,"The Scotland Laurinburg varsity football team has a game @ Ashley Wilmington (North Carolina).","/nc/football/game/ashley-wilmington-vs-scotland-laurinburg/9-4-2026/?c=f63f1694-0d96-4725-9000-98dd8da6e071","https://www.maxpreps.com/nc/football/game/ashley-wilmington-vs-scotland-laurinburg/9-4-2026/?c=f63f1694-0d96-4725-9000-98dd8da6e071",ffe,"Screaming Eagle","Scots","https://www.maxpreps.com/nc/ashley-wilmington/football/","https://www.maxpreps.com/nc/scotland-laurinburg/football/","https://image.maxpreps.io/school-mascot/6/4/4/64442dc4-6723-43f8-96ac-963b034ae03c.gif?version=636161774400000000&amp;width=128&amp;height=128&amp;auto=webp&amp;format=pjpg","https://image.maxpreps.io/school-mascot/4/6/9/469724cb-7f53-46bb-8ee6-2bda75819fac.gif?version=637723846200000000&amp;width=128&amp;height=128&amp;auto=webp&amp;format=pjpg"
540,"New Bern vs West Craven Vanceboro",Football,"North Carolina",9/4/2026,7:30 PM,"The West Craven Vanceboro varsity football team has a game @ New Bern (North Carolina).","/nc/football/game/new-bern-vs-west-craven-vanceboro/9-4-2026/?c=a8b7cd06-c6d4-4afb-86e3-ec34cc4b3370","https://www.maxpreps.com/nc/football/game/new-bern-vs-west-craven-vanceboro/9-4-2026/?c=a8b7cd06-c6d4-4afb-86e3-ec34cc4b3370",cbc,"Eagles","Bears","https://www.maxpreps.com/nc/new-bern/football/","https://www.maxpreps.com/nc/west-craven-vanceboro/football/","https://image.maxpreps.io/school-mascot/c/5/b/c5b8fbfd-2e37-4a43-9298-aa9219c02f34.gif?version=639232548148491020&amp;width=128&amp;height=128&amp;auto=webp&amp;format=pjpg","https://image.maxpreps.io/school-mascot/4/4/0/440003bb-9609-4522-8837-ea2518c07fbd.gif?version=638866729834607520&amp;width=128&amp;height=128&amp;auto=webp&amp;format=pjpg"
541,"Central Cabarrus Concord vs Mount Pleasant",Football,"North Carolina",9/4/2026,7:30 PM,"The Mount Pleasant varsity football team has a game @ Central Cabarrus Concord (North Carolina).","/nc/football/game/central-cabarrus-concord-vs-mount-pleasant/9-4-2026/?c=bd7fbad0-b87f-4f18-b86c-39e09af9e530","https://www.maxpreps.com/nc/football/game/central-cabarrus-concord-vs-mount-pleasant/9-4-2026/?c=bd7fbad0-b87f-4f18-b86c-39e09af9e530",1079,"Vikings","Tigers","https://www.maxpreps.com/nc/central-cabarrus-concord/football/","https://www.maxpreps.com/nc/mount-pleasant/football/","https://image.maxpreps.io/school-mascot/7/9/f/79fb3e05-4471-42a9-a8a4-9847e3de839a.gif?version=638379422400000000&amp;width=128&amp;height=128&amp;auto=webp&amp;format=pjpg","https://image.maxpreps.io/school-mascot/2/b/5/2b599b68-1057-4ed6-858d-102034b54376.gif?version=638379459000000000&amp;width=128&amp;height=128&amp;auto=webp&amp;format=pjpg"
542,"Harding University Charlotte vs Independence Charlotte",Football,"North Carolina",9/4/2026,7:30 PM,"The Independence Charlotte varsity football team has a game @ Harding University Charlotte (North Carolina).","/nc/football/game/harding-university-charlotte-vs-independence-charlotte/9-4-2026/?c=00fe6183-1aa4-4389-ba61-8b5e8597b0c3","https://www.maxpreps.com/nc/football/game/harding-university-charlotte-vs-independence-charlotte/9-4-2026/?c=00fe6183-1aa4-4389-ba61-8b5e8597b0c3",1577,"Rams","Patriots","https://www.maxpreps.com/nc/harding-university-charlotte/football/","https://www.maxpreps.com/nc/independence-charlotte/football/","https://image.maxpreps.io/school-mascot/f/e/f/fefe2843-a7d2-4faa-bee3-d7483ce40ef4.gif?version=638379060000000000&amp;width=128&amp;height=128&amp;auto=webp&amp;format=pjpg","https://image.maxpreps.io/school-mascot/2/8/4/28400089-de11-4297-80b0-0ca774dfd361.gif?version=638654166847834240&amp;width=128&amp;height=128&amp;auto=webp&amp;format=pjpg"
543,"Anson Wadesboro vs South Stanly Norwood",Football,"North Carolina",9/4/2026,7:30 PM,"The South Stanly Norwood varsity football team has a game @ Anson Wadesboro (North Carolina).","/nc/football/game/anson-wadesboro-vs-south-stanly-norwood/9-4-2026/?c=92cd90ac-1603-4bad-8225-3ef612780aba","https://www.maxpreps.com/nc/football/game/anson-wadesboro-vs-south-stanly-norwood/9-4-2026/?c=92cd90ac-1603-4bad-8225-3ef612780aba",f85,"Bulls","Bearcats","https://www.maxpreps.com/nc/anson-wadesboro/football/","https://www.maxpreps.com/nc/south-stanly-norwood/football/","https://image.maxpreps.io/school-mascot/3/4/5/34570664-ca94-43f9-ba53-fe7c430897b4.gif?version=638869763127302370&amp;width=128&amp;height=128&amp;auto=webp&amp;format=pjpg","https://image.maxpreps.io/school-mascot/e/3/f/e3fe04ad-423a-493c-8668-4b75cf73c0c7.gif?version=635857720200000000&amp;width=128&amp;height=128&amp;auto=webp&amp;format=pjpg"
544,"Asheville School Independent vs R S Central Rutherfordton",Football,"North Carolina",9/4/2026,7:30 PM,"The R S Central Rutherfordton varsity football team has a game @ Asheville School Independent (North Carolina).","/nc/football/game/asheville-school-independent-vs-r-s-central-rutherfordton/9-4-2026/?c=d683edb0-3a58-4da4-bce8-d4567ffdc587","https://www.maxpreps.com/nc/football/game/asheville-school-independent-vs-r-s-central-rutherfordton/9-4-2026/?c=d683edb0-3a58-4da4-bce8-d4567ffdc587",165b,"Hilltoppers","Blues","https://www.maxpreps.com/nc/asheville-school-independent/football/","https://www.maxpreps.com/nc/r-s-central-rutherfordton/football/","https://image.maxpreps.io/school-mascot/7/3/3/733763a3-308b-4406-bd15-bab03f994ee3.gif?version=637357012800000000&amp;width=128&amp;height=128&amp;auto=webp&amp;format=pjpg","https://image.maxpreps.io/school-mascot/3/6/2/362e37f8-e8a3-496f-9612-49b91600508c.gif?version=636752065800000000&amp;width=128&amp;height=128&amp;auto=webp&amp;format=pjpg"
545,"Metrolina Christian Academy Indian Trail vs Trinity Christian Fayetteville",Football,"North Carolina",9/4/2026,7:30 PM,"The Trinity Christian Fayetteville varsity football team has a game @ Metrolina Christian Academy Indian Trail (North Carolina).","/nc/football/game/metrolina-christian-academy-indian-trail-vs-trinity-christian-fayetteville/9-4-2026/?c=27c2c5ec-3f93-4216-9a12-12b4fb2d9f30","https://www.maxpreps.com/nc/football/game/metrolina-christian-academy-indian-trail-vs-trinity-christian-fayetteville/9-4-2026/?c=27c2c5ec-3f93-4216-9a12-12b4fb2d9f30",1d2a,"Crusaders","Warriors","https://www.maxpreps.com/nc/metrolina-christian-academy-indian-trail/football/","https://www.maxpreps.com/nc/trinity-christian-fayetteville/football/","https://image.maxpreps.io/school-mascot/f/d/d/fdde8f8b-cfab-4ca1-89da-5bf1a341da31.gif?version=638380101600000000&amp;width=128&amp;height=128&amp;auto=webp&amp;format=pjpg","https://image.maxpreps.io/school-mascot/2/a/3/2a3901c0-b0dd-4782-b7c5-ccb3c368f3f1.gif?version=636300057600000000&amp;width=128&amp;height=128&amp;auto=webp&amp;format=pjpg"
546,"Cardinal Gibbons Raleigh vs Southern School Of Energy And Sustainability Durham",Football,"North Carolina",9/4/2026,7:30 PM,"The Southern School Of Energy And Sustainability Durham varsity football team has a game @ Cardinal Gibbons Raleigh (North Carolina).","/nc/football/game/cardinal-gibbons-raleigh-vs-southern-school-of-energy-and-sustainability-durham/9-4-2026/?c=cd6a315b-ed4c-4ea8-b823-bfa98eb6f1ee","https://www.maxpreps.com/nc/football/game/cardinal-gibbons-raleigh-vs-southern-school-of-energy-and-sustainability-durham/9-4-2026/?c=cd6a315b-ed4c-4ea8-b823-bfa98eb6f1ee",1eb1,"Crusaders","Spartans","https://www.maxpreps.com/nc/cardinal-gibbons-raleigh/football/","https://www.maxpreps.com/nc/southern-school-of-energy-and-sustainability-durham/football/","https://image.maxpreps.io/school-mascot/6/9/e/69ea9f6b-1c1d-486d-b022-085ccecbfca3.gif?version=637750741800000000&amp;width=128&amp;height=128&amp;auto=webp&amp;format=pjpg","https://image.maxpreps.io/school-mascot/3/e/8/3e867fc9-cdfe-47a5-89b5-bea3a9868740.gif?version=636772659600000000&amp;width=128&amp;height=128&amp;auto=webp&amp;format=pjpg"
547,"Ambassador Christian School Huntersville Nc vs Independence Coal City Wv",Football,"North Carolina",9/4/2026,7:30 PM,"The Independence Coal City Wv varsity football team has a game @ Ambassador Christian School Huntersville Nc (North Carolina).","/inter-state/football/game/ambassador-christian-school-huntersville-nc-vs-independence-coal-city-wv/9-4-2026/?c=afeebfe2-0c8a-4389-acfa-cf733e3a8248","https://www.maxpreps.com/inter-state/football/game/ambassador-christian-school-huntersville-nc-vs-independence-coal-city-wv/9-4-2026/?c=afeebfe2-0c8a-4389-acfa-cf733e3a8248",1c05,"Patriots","Lions","https://www.maxpreps.com/nc/ambassador-christian-school-huntersville-nc/football/","https://www.maxpreps.com/nc/independence-coal-city-wv/football/","https://image.maxpreps.io/school-mascot/6/1/d/61d870e2-3668-406a-ae0d-3b464d093c37.gif?version=636706065600000000&amp;width=128&amp;height=128&amp;auto=webp&amp;format=pjpg","https://image.maxpreps.io/school-mascot/3/4/4/34416b69-0623-4782-a11c-16da895d51da.gif?version=638442700800000000&amp;width=128&amp;height=128&amp;auto=webp&amp;format=pjpg"
548,"Central Davidson Lexington vs Eastern Alamance Mebane",Football,"North Carolina",9/4/2026,7:30 PM,"The Eastern Alamance Mebane varsity football team has a game @ Central Davidson Lexington (North Carolina).","/nc/football/game/central-davidson-lexington-vs-eastern-alamance-mebane/9-4-2026/?c=20e904ed-dfa8-4249-b80d-bdd8c572a65d","https://www.maxpreps.com/nc/football/game/central-davidson-lexington-vs-eastern-alamance-mebane/9-4-2026/?c=20e904ed-dfa8-4249-b80d-bdd8c572a65d",149c,"Spartans","Eagles","https://www.maxpreps.com/nc/central-davidson-lexington/football/","https://www.maxpreps.com/nc/eastern-alamance-mebane/football/","https://image.maxpreps.io/school-mascot/9/f/7/9f70c403-63a8-496d-9eb2-efebd555695a.gif?version=637170116400000000&amp;width=128&amp;height=128&amp;auto=webp&amp;format=pjpg","https://image.maxpreps.io/school-mascot/7/b/a/7bae3ecf-8097-487e-9735-d9cc380e1aa6.gif?version=637710937200000000&amp;width=128&amp;height=128&amp;auto=webp&amp;format=pjpg"
549,"Arendell Parrott Academy Kinston vs East Carteret Beaufort",Football,"North Carolina",9/4/2026,7:30 PM,"The East Carteret Beaufort varsity football team has a game @ Arendell Parrott Academy Kinston (North Carolina).","/nc/football/game/arendell-parrott-academy-kinston-vs-east-carteret-beaufort/9-4-2026/?c=d7778899-8079-450f-a9f5-7b50486efaa5","https://www.maxpreps.com/nc/football/game/arendell-parrott-academy-kinston-vs-east-carteret-beaufort/9-4-2026/?c=d7778899-8079-450f-a9f5-7b50486efaa5",16b0,"Mariners","Patriots","https://www.maxpreps.com/nc/arendell-parrott-academy-kinston/football/","https://www.maxpreps.com/nc/east-carteret-beaufort/football/","https://image.maxpreps.io/school-mascot/8/f/d/8fd6885a-17b5-458d-a24e-debdb964109d.gif?version=636104874000000000&amp;width=128&amp;height=128&amp;auto=webp&amp;format=pjpg","https://image.maxpreps.io/school-mascot/8/5/b/85b82b03-0fc7-4496-a744-367c07aa4d10.gif?version=638376276000000000&amp;width=128&amp;height=128&amp;auto=webp&amp;format=pjpg"
550,"South Rowan China Grove vs Trinity",Football,"North Carolina",9/4/2026,7:30 PM,"The Trinity varsity football team has a game @ South Rowan China Grove (North Carolina).","/nc/football/game/south-rowan-china-grove-vs-trinity/9-4-2026/?c=988933f6-1d1b-4417-955f-6ab7faa7259f","https://www.maxpreps.com/nc/football/game/south-rowan-china-grove-vs-trinity/9-4-2026/?c=988933f6-1d1b-4417-955f-6ab7faa7259f",d5d,"Raiders","Bulldogs","https://www.maxpreps.com/nc/south-rowan-china-grove/football/","https://www.maxpreps.com/nc/trinity/football/","https://image.maxpreps.io/school-mascot/8/1/5/8151c22c-a783-4e80-a776-6b709c7c6bba.gif?version=638498476800000000&amp;width=128&amp;height=128&amp;auto=webp&amp;format=pjpg","https://image.maxpreps.io/school-mascot/0/d/1/0d1ae91d-bec5-4a22-a61c-88c4c44e8af0.gif?version=638579994818770410&amp;width=128&amp;height=128&amp;auto=webp&amp;format=pjpg"
551,"Lee County Sanford vs Overhills Spring Lake",Football,"North Carolina",9/4/2026,7:30 PM,"The Overhills Spring Lake varsity football team has a game @ Lee County Sanford (North Carolina).","/nc/football/game/lee-county-sanford-vs-overhills-spring-lake/9-4-2026/?c=fa5193a1-d887-497d-b2b5-fc4e3e1ecf84","https://www.maxpreps.com/nc/football/game/lee-county-sanford-vs-overhills-spring-lake/9-4-2026/?c=fa5193a1-d887-497d-b2b5-fc4e3e1ecf84",10c4,"Jaguars","Yellow Jackets","https://www.maxpreps.com/nc/lee-county-sanford/football/","https://www.maxpreps.com/nc/overhills-spring-lake/football/","https://image.maxpreps.io/school-mascot/8/0/0/8007b519-328f-4ef9-a1db-4eae61f3561f.gif?version=636126490800000000&amp;width=128&amp;height=128&amp;auto=webp&amp;format=pjpg","https://image.maxpreps.io/school-mascot/b/1/7/b1709750-de05-415e-bce2-0c9eddb0a822.gif?version=636874568400000000&amp;width=128&amp;height=128&amp;auto=webp&amp;format=pjpg"
552,"Oak Grove Winston Salem vs Salisbury",Football,"North Carolina",9/4/2026,7:30 PM,"The Salisbury varsity football team has a game @ Oak Grove Winston Salem (North Carolina).","/nc/football/game/oak-grove-winston-salem-vs-salisbury/9-4-2026/?c=f8d57f3c-9d8a-4ac0-992c-55e07eba2388","https://www.maxpreps.com/nc/football/game/oak-grove-winston-salem-vs-salisbury/9-4-2026/?c=f8d57f3c-9d8a-4ac0-992c-55e07eba2388",e2a,"Hornets","Grizzlies","https://www.maxpreps.com/nc/oak-grove-winston-salem/football/","https://www.maxpreps.com/nc/salisbury/football/","https://image.maxpreps.io/school-mascot/d/3/1/d31cde40-f25d-4592-b657-55cfee5c8b75.gif?version=637110549000000000&amp;width=128&amp;height=128&amp;auto=webp&amp;format=pjpg","https://image.maxpreps.io/school-mascot/d/9/7/d972954d-2562-407d-bbee-0c89ecefa3e4.gif?version=636564296400000000&amp;width=128&amp;height=128&amp;auto=webp&amp;format=pjpg"
553,"Chatham Central Bear Creek vs East Columbus Lake Waccamaw",Football,"North Carolina",9/4/2026,7:30 PM,"The East Columbus Lake Waccamaw varsity football team has a game @ Chatham Central Bear Creek (North Carolina).","/nc/football/game/chatham-central-bear-creek-vs-east-columbus-lake-waccamaw/9-4-2026/?c=e0ff290a-807f-4e2c-9b77-8c12e7bbc8b8","https://www.maxpreps.com/nc/football/game/chatham-central-bear-creek-vs-east-columbus-lake-waccamaw/9-4-2026/?c=e0ff290a-807f-4e2c-9b77-8c12e7bbc8b8",15ac,"Bears","Gators","https://www.maxpreps.com/nc/chatham-central-bear-creek/football/","https://www.maxpreps.com/nc/east-columbus-lake-waccamaw/football/","https://image.maxpreps.io/school-mascot/c/a/a/caa996c1-dc52-4d41-8c39-151fb7731d97.gif?version=639179835771055390&amp;width=128&amp;height=128&amp;auto=webp&amp;format=pjpg","https://image.maxpreps.io/school-mascot/f/5/0/f50f184d-58da-4d40-98ce-94013c1d015b.gif?version=634269792600000000&amp;width=128&amp;height=128&amp;auto=webp&amp;format=pjpg"
554,"Pasquotank County Elizabeth City vs Perquimans County Hertford",Football,"North Carolina",9/4/2026,7:30 PM,"The Perquimans County Hertford varsity football team has a game @ Pasquotank County Elizabeth City (North Carolina).","/nc/football/game/pasquotank-county-elizabeth-city-vs-perquimans-county-hertford/9-4-2026/?c=2db25e30-7256-4f6d-98f9-904d200ec28a","https://www.maxpreps.com/nc/football/game/pasquotank-county-elizabeth-city-vs-perquimans-county-hertford/9-4-2026/?c=2db25e30-7256-4f6d-98f9-904d200ec28a",18c3,"Panthers","Pirates","https://www.maxpreps.com/nc/pasquotank-county-elizabeth-city/football/","https://www.maxpreps.com/nc/perquimans-county-hertford/football/","https://image.maxpreps.io/school-mascot/c/b/d/cbd3226e-3966-419b-b75e-b643abee0689.gif?version=636059026800000000&amp;width=128&amp;height=128&amp;auto=webp&amp;format=pjpg","https://image.maxpreps.io/school-mascot/b/5/e/b5e33d5a-d295-47db-b02b-3fa061cce403.gif?version=635781712200000000&amp;width=128&amp;height=128&amp;auto=webp&amp;format=pjpg"
555,"Southern Guilford Greensboro vs Western Guilford Fighting Hornets Greensboro",Football,"North Carolina",9/4/2026,7:30 PM,"The Western Guilford Fighting Hornets Greensboro varsity football team has a game @ Southern Guilford Greensboro (North Carolina).","/nc/football/game/southern-guilford-greensboro-vs-western-guilford-fighting-hornets-greensboro/9-4-2026/?c=061070c3-56f6-4bc4-8728-ef9819e24712","https://www.maxpreps.com/nc/football/game/southern-guilford-greensboro-vs-western-guilford-fighting-hornets-greensboro/9-4-2026/?c=061070c3-56f6-4bc4-8728-ef9819e24712",1e48,"Hornets","Storm","https://www.maxpreps.com/nc/southern-guilford-greensboro/football/","https://www.maxpreps.com/nc/western-guilford-fighting-hornets-greensboro/football/","https://image.maxpreps.io/school-mascot/d/2/f/d2fb1975-fa90-4b5f-821a-5452e90142ab.gif?version=633622724400000000&amp;width=128&amp;height=128&amp;auto=webp&amp;format=pjpg","https://image.maxpreps.io/school-mascot/c/b/0/cb0e745c-f1be-4d05-8907-818d421be06d.gif?version=635449823400000000&amp;width=128&amp;height=128&amp;auto=webp&amp;format=pjpg"
556,"Northside Jacksonville vs Topsail Hampstead",Football,"North Carolina",9/4/2026,7:30 PM,"The Topsail Hampstead varsity football team has a game @ Northside Jacksonville (North Carolina).","/nc/football/game/northside-jacksonville-vs-topsail-hampstead/9-4-2026/?c=68a22620-6772-4c09-aaef-2d99bfdac6c8","https://www.maxpreps.com/nc/football/game/northside-jacksonville-vs-topsail-hampstead/9-4-2026/?c=68a22620-6772-4c09-aaef-2d99bfdac6c8",1125,"Pirates","Monarchs","https://www.maxpreps.com/nc/northside-jacksonville/football/","https://www.maxpreps.com/nc/topsail-hampstead/football/","https://image.maxpreps.io/school-mascot/e/a/a/eaaa9926-67ec-4327-a36c-62d73a8a0535.gif?version=636935313600000000&amp;width=128&amp;height=128&amp;auto=webp&amp;format=pjpg","https://image.maxpreps.io/school-mascot/b/c/2/bc2f903d-f4f2-459b-9ca4-1df4af419c97.gif?version=637284401400000000&amp;width=128&amp;height=128&amp;auto=webp&amp;format=pjpg"
557,"High Point Christian Academy vs North Raleigh Christian Academy",Football,"North Carolina",9/4/2026,7:30 PM,"The North Raleigh Christian Academy varsity football team has a game @ High Point Christian Academy (North Carolina).","/nc/football/game/high-point-christian-academy-vs-north-raleigh-christian-academy/9-4-2026/?c=70d3bc99-192f-4ae0-80a2-c67b8d322a31","https://www.maxpreps.com/nc/football/game/high-point-christian-academy-vs-north-raleigh-christian-academy/9-4-2026/?c=70d3bc99-192f-4ae0-80a2-c67b8d322a31",1854,"Cougars","Knights","https://www.maxpreps.com/nc/high-point-christian-academy/football/","https://www.maxpreps.com/nc/north-raleigh-christian-academy/football/","https://image.maxpreps.io/school-mascot/b/7/1/b71a94f9-9657-4a24-9b3f-1f376ee64fc2.gif?version=638435898000000000&amp;width=128&amp;height=128&amp;auto=webp&amp;format=pjpg","https://image.maxpreps.io/school-mascot/c/6/9/c69377ca-419a-42d9-ab77-0b1b735d3e5d.gif?version=639022564085090460&amp;width=128&amp;height=128&amp;auto=webp&amp;format=pjpg"
558,"Apex Friendship vs Southern Lee Sanford",Football,"North Carolina",9/4/2026,7:30 PM,"The Southern Lee Sanford varsity football team has a game @ Apex Friendship (North Carolina).","/nc/football/game/apex-friendship-vs-southern-lee-sanford/9-4-2026/?c=b04783dd-52e8-4672-9247-ae63d2554fda","https://www.maxpreps.com/nc/football/game/apex-friendship-vs-southern-lee-sanford/9-4-2026/?c=b04783dd-52e8-4672-9247-ae63d2554fda",f3f,"Patriots","Cavaliers","https://www.maxpreps.com/nc/apex-friendship/football/","https://www.maxpreps.com/nc/southern-lee-sanford/football/","https://image.maxpreps.io/school-mascot/f/5/3/f539f96f-4c47-4602-850a-b10a493e4600.gif?version=636298458000000000&amp;width=128&amp;height=128&amp;auto=webp&amp;format=pjpg","https://image.maxpreps.io/school-mascot/b/a/2/ba2c36a3-7669-436c-ad27-3c21a3f08abb.gif?version=635156065200000000&amp;width=128&amp;height=128&amp;auto=webp&amp;format=pjpg"
559,"Fuquay Varina vs Triton Erwin",Football,"North Carolina",9/4/2026,7:30 PM,"The Triton Erwin varsity football team has a game @ Fuquay Varina (North Carolina).","/nc/football/game/fuquay-varina-vs-triton-erwin/9-4-2026/?c=8e3bf980-1f25-4bd8-a152-c2c155fd6ecc","https://www.maxpreps.com/nc/football/game/fuquay-varina-vs-triton-erwin/9-4-2026/?c=8e3bf980-1f25-4bd8-a152-c2c155fd6ecc",b7e,"Hawks","Bengals","https://www.maxpreps.com/nc/fuquay-varina/football/","https://www.maxpreps.com/nc/triton-erwin/football/","https://image.maxpreps.io/school-mascot/c/f/f/cff1615b-9969-415f-b387-e653454b76e6.gif?version=635622683400000000&amp;width=128&amp;height=128&amp;auto=webp&amp;format=pjpg","https://image.maxpreps.io/school-mascot/f/b/1/fb1617a8-733a-4f13-823b-02504258f0e4.gif?version=635337549000000000&amp;width=128&amp;height=128&amp;auto=webp&amp;format=pjpg"
560,"Charlotte Latin Nc vs Northwood Academy Charleston Sc",Football,"North Carolina",9/4/2026,7:30 PM,"The Northwood Academy Charleston Sc varsity football team has a game @ Charlotte Latin Nc (North Carolina).","/inter-state/football/game/charlotte-latin-nc-vs-northwood-academy-charleston-sc/9-4-2026/?c=e0898b7d-5ef6-4103-80d0-49d2b92f335a","https://www.maxpreps.com/inter-state/football/game/charlotte-latin-nc-vs-northwood-academy-charleston-sc/9-4-2026/?c=e0898b7d-5ef6-4103-80d0-49d2b92f335a",1494,"Chargers","Hawks","https://www.maxpreps.com/nc/charlotte-latin-nc/football/","https://www.maxpreps.com/nc/northwood-academy-charleston-sc/football/","https://image.maxpreps.io/school-mascot/2/b/d/2bd4f778-b8d3-437d-ada7-e65a4e1399af.gif?version=638289888600000000&amp;width=128&amp;height=128&amp;auto=webp&amp;format=pjpg","https://image.maxpreps.io/school-mascot/b/a/a/baa936d3-6986-4998-aaf3-9a8596cdce81.gif?version=638939596157100470&amp;width=128&amp;height=128&amp;auto=webp&amp;format=pjpg"
561,"Person Roxboro vs Riverside Durham",Football,"North Carolina",9/4/2026,7:30 PM,"The Riverside Durham varsity football team has a game @ Person Roxboro (North Carolina).","/nc/football/game/person-roxboro-vs-riverside-durham/9-4-2026/?c=b19c0219-f029-4eac-8006-ef596f14c057","https://www.maxpreps.com/nc/football/game/person-roxboro-vs-riverside-durham/9-4-2026/?c=b19c0219-f029-4eac-8006-ef596f14c057",d8d,"Rockets","Pirates","https://www.maxpreps.com/nc/person-roxboro/football/","https://www.maxpreps.com/nc/riverside-durham/football/","https://image.maxpreps.io/school-mascot/b/1/0/b103914d-3a9f-4dbd-8ad8-28112a4fd91e.gif?version=637214076000000000&amp;width=128&amp;height=128&amp;auto=webp&amp;format=pjpg","https://image.maxpreps.io/school-mascot/c/e/d/cedf40bb-c2d1-481d-b054-1ff44916f569.gif?version=637261935000000000&amp;width=128&amp;height=128&amp;auto=webp&amp;format=pjpg"
562,"Lexington Senior vs Thomasville",Football,"North Carolina",9/4/2026,7:30 PM,"The Thomasville varsity football team has a game @ Lexington Senior (North Carolina).","/nc/football/game/lexington-senior-vs-thomasville/9-4-2026/?c=c7f0981c-695d-48a9-ac61-26fb386a1bfa","https://www.maxpreps.com/nc/football/game/lexington-senior-vs-thomasville/9-4-2026/?c=c7f0981c-695d-48a9-ac61-26fb386a1bfa",c80,"Yellowjackets","Bulldogs","https://www.maxpreps.com/nc/lexington-senior/football/","https://www.maxpreps.com/nc/thomasville/football/","https://image.maxpreps.io/school-mascot/a/9/1/a91705cd-7ae6-4bca-971e-fec7765720f0.gif?version=635874930000000000&amp;width=128&amp;height=128&amp;auto=webp&amp;format=pjpg","https://image.maxpreps.io/school-mascot/b/f/0/bf040e66-9e35-404f-a2d6-51b78125fefa.gif?version=635440185000000000&amp;width=128&amp;height=128&amp;auto=webp&amp;format=pjpg"
563,"Ragsdale Jamestown vs T Wingate Andrews Red Raiders High Point",Football,"North Carolina",9/4/2026,7:30 PM,"The T Wingate Andrews Red Raiders High Point varsity football team has a game @ Ragsdale Jamestown (North Carolina).","/nc/football/game/ragsdale-jamestown-vs-t-wingate-andrews-red-raiders-high-point/9-4-2026/?c=3ad74070-5fa8-4d6b-827d-2352c73a6cef","https://www.maxpreps.com/nc/football/game/ragsdale-jamestown-vs-t-wingate-andrews-red-raiders-high-point/9-4-2026/?c=3ad74070-5fa8-4d6b-827d-2352c73a6cef",17df,"Tigers","Red Raiders","https://www.maxpreps.com/nc/ragsdale-jamestown/football/","https://www.maxpreps.com/nc/t-wingate-andrews-red-raiders-high-point/football/","https://image.maxpreps.io/school-mascot/9/a/4/9a47989b-77c4-4fef-a524-a5f69006fddf.gif?version=638602283491057850&amp;width=128&amp;height=128&amp;auto=webp&amp;format=pjpg","https://image.maxpreps.io/school-mascot/c/5/4/c54bf8d7-4f71-4bf1-8fb1-c0ce84b73525.gif?version=638580002502843340&amp;width=128&amp;height=128&amp;auto=webp&amp;format=pjpg"
564,"Southeast Guilford Greensboro vs Southern Alamance Graham",Football,"North Carolina",9/4/2026,7:30 PM,"The Southern Alamance Graham varsity football team has a game @ Southeast Guilford Greensboro (North Carolina).","/nc/football/game/southeast-guilford-greensboro-vs-southern-alamance-graham/9-4-2026/?c=844627ba-e2fd-429a-874c-da8979be8d6c","https://www.maxpreps.com/nc/football/game/southeast-guilford-greensboro-vs-southern-alamance-graham/9-4-2026/?c=844627ba-e2fd-429a-874c-da8979be8d6c",1683,"Falcons","Patriots","https://www.maxpreps.com/nc/southeast-guilford-greensboro/football/","https://www.maxpreps.com/nc/southern-alamance-graham/football/","https://image.maxpreps.io/school-mascot/f/8/9/f8907948-a306-4309-b644-5ab75320f537.gif?version=638654170400680820&amp;width=128&amp;height=128&amp;auto=webp&amp;format=pjpg","https://image.maxpreps.io/school-mascot/a/c/c/acc72811-03e2-47f1-ab6b-82dcc7bcd2f5.gif?version=637749829800000000&amp;width=128&amp;height=128&amp;auto=webp&amp;format=pjpg"
565,"Cannon Cannon Concord Academy vs Ravenscroft Raleigh",Football,"North Carolina",9/4/2026,7:30 PM,"The Ravenscroft Raleigh varsity football team has a game @ Cannon Cannon Concord Academy (North Carolina).","/nc/football/game/cannon-cannon-concord-academy-vs-ravenscroft-raleigh/9-4-2026/?c=671679f8-143c-4919-b0fc-7d386249b4ac","https://www.maxpreps.com/nc/football/game/cannon-cannon-concord-academy-vs-ravenscroft-raleigh/9-4-2026/?c=671679f8-143c-4919-b0fc-7d386249b4ac",1436,"Academy","Raleigh","https://www.maxpreps.com/nc/cannon-cannon-concord-academy/football/","https://www.maxpreps.com/nc/ravenscroft-raleigh/football/","",""
566,"Dh Conley Greenville vs Farmville Central",Football,"North Carolina",9/4/2026,7:30 PM,"The Farmville Central varsity football team has a game @ Dh Conley Greenville (North Carolina).","/nc/football/game/dh-conley-greenville-vs-farmville-central/9-4-2026/?c=370a9f13-7388-40e4-aafc-1ecdf9ae7f86","https://www.maxpreps.com/nc/football/game/dh-conley-greenville-vs-farmville-central/9-4-2026/?c=370a9f13-7388-40e4-aafc-1ecdf9ae7f86",ff8,"Greenville","Central","https://www.maxpreps.com/nc/dh-conley-greenville/football/","https://www.maxpreps.com/nc/farmville-central/football/","",""
567,"Lejeune Camp Lejeune vs South Lenoir Deep Run",Football,"North Carolina",9/4/2026,7:30 PM,"The South Lenoir Deep Run varsity football team has a game @ Lejeune Camp Lejeune (North Carolina).","/nc/football/game/lejeune-camp-lejeune-vs-south-lenoir-deep-run/9-4-2026/?c=2739f632-855d-47b4-8cc2-56c4eba8fc62","https://www.maxpreps.com/nc/football/game/lejeune-camp-lejeune-vs-south-lenoir-deep-run/9-4-2026/?c=2739f632-855d-47b4-8cc2-56c4eba8fc62",1144,"Lejeune","Run","https://www.maxpreps.com/nc/lejeune-camp-lejeune/football/","https://www.maxpreps.com/nc/south-lenoir-deep-run/football/","",""
568,"East Rowan Salisbury vs Piedmont Monroe",Football,"North Carolina",9/4/2026,7:30 PM,"The Piedmont Monroe varsity football team has a game @ East Rowan Salisbury (North Carolina).","/nc/football/game/east-rowan-salisbury-vs-piedmont-monroe/9-4-2026/?c=61cdeeb3-e991-4a4b-b2c8-7d4dd68082d6","https://www.maxpreps.com/nc/football/game/east-rowan-salisbury-vs-piedmont-monroe/9-4-2026/?c=61cdeeb3-e991-4a4b-b2c8-7d4dd68082d6",f6c,"Salisbury","Monroe","https://www.maxpreps.com/nc/east-rowan-salisbury/football/","https://www.maxpreps.com/nc/piedmont-monroe/football/","",""
569,"Mattamuskeet Swan Quarter vs Pungo Christian Academy Belhaven",Football,"North Carolina",9/4/2026,7:30 PM,"The Pungo Christian Academy Belhaven varsity football team has a game @ Mattamuskeet Swan Quarter (North Carolina).","/nc/football/game/mattamuskeet-swan-quarter-vs-pungo-christian-academy-belhaven/9-4-2026/?c=d0fad983-310d-420a-8e0d-4292fc3c21bc","https://www.maxpreps.com/nc/football/game/mattamuskeet-swan-quarter-vs-pungo-christian-academy-belhaven/9-4-2026/?c=d0fad983-310d-420a-8e0d-4292fc3c21bc",17fd,"Quarter","Belhaven","https://www.maxpreps.com/nc/mattamuskeet-swan-quarter/football/","https://www.maxpreps.com/nc/pungo-christian-academy-belhaven/football/","",""
570,"Garner vs Middle Creek Apex",Football,"North Carolina",9/4/2026,7:30 PM,"The Middle Creek Apex varsity football team has a game @ Garner (North Carolina).","/nc/football/game/garner-vs-middle-creek-apex/9-4-2026/?c=ff869d67-3668-4542-a273-88d8fca1c443","https://www.maxpreps.com/nc/football/game/garner-vs-middle-creek-apex/9-4-2026/?c=ff869d67-3668-4542-a273-88d8fca1c443",a43,"Garner","Apex","https://www.maxpreps.com/nc/garner/football/","https://www.maxpreps.com/nc/middle-creek-apex/football/","",""
571,"Rocky Mount Preparatory Jaguars vs Southeast Collegiate Prep Academy Halifax",Football,"North Carolina",9/4/2026,7:30 PM,"The Southeast Collegiate Prep Academy Halifax varsity football team has a game @ Rocky Mount Preparatory Jaguars (North Carolina).","/nc/football/game/rocky-mount-preparatory-jaguars-vs-southeast-collegiate-prep-academy-halifax/9-4-2026/?c=1ad6da8b-0334-4adf-9c61-4330625b82b6","https://www.maxpreps.com/nc/football/game/rocky-mount-preparatory-jaguars-vs-southeast-collegiate-prep-academy-halifax/9-4-2026/?c=1ad6da8b-0334-4adf-9c61-4330625b82b6",1de0,"Jaguars","Halifax","https://www.maxpreps.com/nc/rocky-mount-preparatory-jaguars/football/","https://www.maxpreps.com/nc/southeast-collegiate-prep-academy-halifax/football/","",""
572,"Dudley Greensboro vs Hillside Durham",Football,"North Carolina",9/4/2026,7:30 PM,"The Hillside Durham varsity football team has a game @ Dudley Greensboro (North Carolina).","/nc/football/game/dudley-greensboro-vs-hillside-durham/9-4-2026/?c=bdd521d4-8f0e-4d3a-8ca0-fb3e9660772f","https://www.maxpreps.com/nc/football/game/dudley-greensboro-vs-hillside-durham/9-4-2026/?c=bdd521d4-8f0e-4d3a-8ca0-fb3e9660772f",e29,"Greensboro","Durham","https://www.maxpreps.com/nc/dudley-greensboro/football/","https://www.maxpreps.com/nc/hillside-durham/football/","",""
573,"John A Holmes Aces Edenton vs Northeastern Elizabeth City",Football,"North Carolina",9/4/2026,7:30 PM,"The Northeastern Elizabeth City varsity football team has a game @ John A Holmes Aces Edenton (North Carolina).","/nc/football/game/john-a-holmes-aces-edenton-vs-northeastern-elizabeth-city/9-4-2026/?c=8a6c9c61-4e55-42cc-b47d-342246f3315a","https://www.maxpreps.com/nc/football/game/john-a-holmes-aces-edenton-vs-northeastern-elizabeth-city/9-4-2026/?c=8a6c9c61-4e55-42cc-b47d-342246f3315a",1600,"Edenton","City","https://www.maxpreps.com/nc/john-a-holmes-aces-edenton/football/","https://www.maxpreps.com/nc/northeastern-elizabeth-city/football/","",""
574,"Lake Norman Charter Huntersville vs North Rowan Spencer",Football,"North Carolina",9/4/2026,7:30 PM,"The North Rowan Spencer varsity football team has a game @ Lake Norman Charter Huntersville (North Carolina).","/nc/football/game/lake-norman-charter-huntersville-vs-north-rowan-spencer/9-4-2026/?c=e5279776-8a7b-45ef-9889-8077367dc8d3","https://www.maxpreps.com/nc/football/game/lake-norman-charter-huntersville-vs-north-rowan-spencer/9-4-2026/?c=e5279776-8a7b-45ef-9889-8077367dc8d3",159c,"Huntersville","Spencer","https://www.maxpreps.com/nc/lake-norman-charter-huntersville/football/","https://www.maxpreps.com/nc/north-rowan-spencer/football/","",""
575,"Gates County Gatesville vs Kipp Pride Gaston",Football,"North Carolina",9/4/2026,7:30 PM,"The Kipp Pride Gaston varsity football team has a game @ Gates County Gatesville (North Carolina).","/nc/football/game/gates-county-gatesville-vs-kipp-pride-gaston/9-4-2026/?c=91dfe846-90d0-4e19-9493-9ee4b01a0e9d","https://www.maxpreps.com/nc/football/game/gates-county-gatesville-vs-kipp-pride-gaston/9-4-2026/?c=91dfe846-90d0-4e19-9493-9ee4b01a0e9d",1131,"Gatesville","Gaston","https://www.maxpreps.com/nc/gates-county-gatesville/football/","https://www.maxpreps.com/nc/kipp-pride-gaston/football/","",""
576,"Bertie Windsor vs Hertford County Ahoskie",Football,"North Carolina",9/4/2026,7:30 PM,"The Hertford County Ahoskie varsity football team has a game @ Bertie Windsor (North Carolina).","/nc/football/game/bertie-windsor-vs-hertford-county-ahoskie/9-4-2026/?c=a6474439-fbcb-4236-8b50-141f4937b278","https://www.maxpreps.com/nc/football/game/bertie-windsor-vs-hertford-county-ahoskie/9-4-2026/?c=a6474439-fbcb-4236-8b50-141f4937b278",102f,"Windsor","Ahoskie","https://www.maxpreps.com/nc/bertie-windsor/football/","https://www.maxpreps.com/nc/hertford-county-ahoskie/football/","",""
577,"Hunt Wilson vs Martin County Williamston",Football,"North Carolina",9/4/2026,7:30 PM,"The Martin County Williamston varsity football team has a game @ Hunt Wilson (North Carolina).","/nc/football/game/hunt-wilson-vs-martin-county-williamston/9-4-2026/?c=715ad689-c6a6-48eb-9e43-04b3417e2e4e","https://www.maxpreps.com/nc/football/game/hunt-wilson-vs-martin-county-williamston/9-4-2026/?c=715ad689-c6a6-48eb-9e43-04b3417e2e4e",1005,"Wilson","Williamston","https://www.maxpreps.com/nc/hunt-wilson/football/","https://www.maxpreps.com/nc/martin-county-williamston/football/","",""
578,"Baylor Chattanooga Tn vs Rabun Gap Nacoochee Ga",Football,"North Carolina",9/4/2026,7:30 PM,"The Rabun Gap Nacoochee Ga varsity football team has a game @ Baylor Chattanooga Tn (North Carolina).","/inter-state/football/game/baylor-chattanooga-tn-vs-rabun-gap-nacoochee-ga/9-4-2026/?c=b07a4869-795e-4a26-b3ac-0cdcbcc8c3fc","https://www.maxpreps.com/inter-state/football/game/baylor-chattanooga-tn-vs-rabun-gap-nacoochee-ga/9-4-2026/?c=b07a4869-795e-4a26-b3ac-0cdcbcc8c3fc",11d5,"Tn","Ga","https://www.maxpreps.com/nc/baylor-chattanooga-tn/football/","https://www.maxpreps.com/nc/rabun-gap-nacoochee-ga/football/","",""
579,"Forestview Gastonia vs Smoky Mountain Sylva",Football,"North Carolina",9/4/2026,7:30 PM,"The Smoky Mountain Sylva varsity football team has a game @ Forestview Gastonia (North Carolina).","/nc/football/game/forestview-gastonia-vs-smoky-mountain-sylva/9-4-2026/?c=b1890247-14a8-47b6-919d-2789d90e7483","https://www.maxpreps.com/nc/football/game/forestview-gastonia-vs-smoky-mountain-sylva/9-4-2026/?c=b1890247-14a8-47b6-919d-2789d90e7483",113b,"Gastonia","Sylva","https://www.maxpreps.com/nc/forestview-gastonia/football/","https://www.maxpreps.com/nc/smoky-mountain-sylva/football/","",""
580,"East Wilkes Ronda vs North Iredell Olin",Football,"North Carolina",9/4/2026,7:30 PM,"The North Iredell Olin varsity football team has a game @ East Wilkes Ronda (North Carolina).","/nc/football/game/east-wilkes-ronda-vs-north-iredell-olin/9-4-2026/?c=e66933fe-0860-40f1-80ad-3129ad0e1034","https://www.maxpreps.com/nc/football/game/east-wilkes-ronda-vs-north-iredell-olin/9-4-2026/?c=e66933fe-0860-40f1-80ad-3129ad0e1034",f05,"Ronda","Olin","https://www.maxpreps.com/nc/east-wilkes-ronda/football/","https://www.maxpreps.com/nc/north-iredell-olin/football/","",""
581,"First Flight Outer Banks vs Manteo",Football,"North Carolina",9/4/2026,7:30 PM,"The Manteo varsity football team has a game @ First Flight Outer Banks (North Carolina).","/nc/football/game/first-flight-outer-banks-vs-manteo/9-4-2026/?c=380d5194-c3c0-4733-9120-263d7382b5ac","https://www.maxpreps.com/nc/football/game/first-flight-outer-banks-vs-manteo/9-4-2026/?c=380d5194-c3c0-4733-9120-263d7382b5ac",d32,"Banks","Manteo","https://www.maxpreps.com/nc/first-flight-outer-banks/football/","https://www.maxpreps.com/nc/manteo/football/","",""
582,"North Pitt Bethel vs South Central Winterville",Football,"North Carolina",9/4/2026,7:30 PM,"The South Central Winterville varsity football team has a game @ North Pitt Bethel (North Carolina).","/nc/football/game/north-pitt-bethel-vs-south-central-winterville/9-4-2026/?c=227c18fe-65a7-47e5-8055-29e51ab0e054","https://www.maxpreps.com/nc/football/game/north-pitt-bethel-vs-south-central-winterville/9-4-2026/?c=227c18fe-65a7-47e5-8055-29e51ab0e054",1228,"Bethel","Winterville","https://www.maxpreps.com/nc/north-pitt-bethel/football/","https://www.maxpreps.com/nc/south-central-winterville/football/","",""
583,"Christ School Arden vs Harrells Christian Academy",Football,"North Carolina",9/4/2026,7:30 PM,"The Harrells Christian Academy varsity football team has a game @ Christ School Arden (North Carolina).","/nc/football/game/christ-school-arden-vs-harrells-christian-academy/9-4-2026/?c=67455f92-a727-4d5b-986f-56cfeb268adb","https://www.maxpreps.com/nc/football/game/christ-school-arden-vs-harrells-christian-academy/9-4-2026/?c=67455f92-a727-4d5b-986f-56cfeb268adb",130c,"Arden","Academy","https://www.maxpreps.com/nc/christ-school-arden/football/","https://www.maxpreps.com/nc/harrells-christian-academy/football/","",""
584,"Cummings Burlington vs Morehead Eden",Football,"North Carolina",9/4/2026,7:30 PM,"The Morehead Eden varsity football team has a game @ Cummings Burlington (North Carolina).","/nc/football/game/cummings-burlington-vs-morehead-eden/9-4-2026/?c=7b25d123-a553-497a-a2bf-e572861dfc51","https://www.maxpreps.com/nc/football/game/cummings-burlington-vs-morehead-eden/9-4-2026/?c=7b25d123-a553-497a-a2bf-e572861dfc51",e25,"Burlington","Eden","https://www.maxpreps.com/nc/cummings-burlington/football/","https://www.maxpreps.com/nc/morehead-eden/football/","",""
585,"Beddingfield Wilson vs North Edgecombe Tarboro",Football,"North Carolina",9/4/2026,7:30 PM,"The North Edgecombe Tarboro varsity football team has a game @ Beddingfield Wilson (North Carolina).","/nc/football/game/beddingfield-wilson-vs-north-edgecombe-tarboro/9-4-2026/?c=68ce9451-87e2-4b04-a463-ea4432d9ff55","https://www.maxpreps.com/nc/football/game/beddingfield-wilson-vs-north-edgecombe-tarboro/9-4-2026/?c=68ce9451-87e2-4b04-a463-ea4432d9ff55",11f6,"Wilson","Tarboro","https://www.maxpreps.com/nc/beddingfield-wilson/football/","https://www.maxpreps.com/nc/north-edgecombe-tarboro/football/","",""
586,"Croatan Newport vs Southwest Onslow Jacksonville",Football,"North Carolina",9/4/2026,7:30 PM,"The Southwest Onslow Jacksonville varsity football team has a game @ Croatan Newport (North Carolina).","/nc/football/game/croatan-newport-vs-southwest-onslow-jacksonville/9-4-2026/?c=d2593d11-0e13-49b8-ac4c-87c143739e29","https://www.maxpreps.com/nc/football/game/croatan-newport-vs-southwest-onslow-jacksonville/9-4-2026/?c=d2593d11-0e13-49b8-ac4c-87c143739e29",135e,"Newport","Jacksonville","https://www.maxpreps.com/nc/croatan-newport/football/","https://www.maxpreps.com/nc/southwest-onslow-jacksonville/football/","",""
587,"Bishop Mcguinness Kernersville vs East Davidson Thomasville",Football,"North Carolina",9/4/2026,7:30 PM,"The East Davidson Thomasville varsity football team has a game @ Bishop Mcguinness Kernersville (North Carolina).","/nc/football/game/bishop-mcguinness-kernersville-vs-east-davidson-thomasville/9-4-2026/?c=c84a00d2-a2df-41b0-974e-8b5f2fd55d25","https://www.maxpreps.com/nc/football/game/bishop-mcguinness-kernersville-vs-east-davidson-thomasville/9-4-2026/?c=c84a00d2-a2df-41b0-974e-8b5f2fd55d25",177b,"Kernersville","Thomasville","https://www.maxpreps.com/nc/bishop-mcguinness-kernersville/football/","https://www.maxpreps.com/nc/east-davidson-thomasville/football/","",""
588,"Mount Airy Granite Bears vs Watauga Boone",Football,"North Carolina",9/4/2026,7:30 PM,"The Watauga Boone varsity football team has a game @ Mount Airy Granite Bears (North Carolina).","/nc/football/game/mount-airy-granite-bears-vs-watauga-boone/9-4-2026/?c=0eec2f91-edc9-4c06-9117-1027a9198b10","https://www.maxpreps.com/nc/football/game/mount-airy-granite-bears-vs-watauga-boone/9-4-2026/?c=0eec2f91-edc9-4c06-9117-1027a9198b10",fd3,"Bears","Boone","https://www.maxpreps.com/nc/mount-airy-granite-bears/football/","https://www.maxpreps.com/nc/watauga-boone/football/","",""
589,"Ledford Senior Panthers Thomasville vs North Davidson Black Knights Lexington",Football,"North Carolina",9/4/2026,7:30 PM,"The North Davidson Black Knights Lexington varsity football team has a game @ Ledford Senior Panthers Thomasville (North Carolina).","/nc/football/game/ledford-senior-panthers-thomasville-vs-north-davidson-black-knights-lexington/9-4-2026/?c=6d83eb3a-6745-4df8-9c2c-798eed43d69e","https://www.maxpreps.com/nc/football/game/ledford-senior-panthers-thomasville-vs-north-davidson-black-knights-lexington/9-4-2026/?c=6d83eb3a-6745-4df8-9c2c-798eed43d69e",1e4b,"Thomasville","Lexington","https://www.maxpreps.com/nc/ledford-senior-panthers-thomasville/football/","https://www.maxpreps.com/nc/north-davidson-black-knights-lexington/football/","",""
590,"North Brunswick Leland vs West Carteret Morehead City",Football,"North Carolina",9/4/2026,7:30 PM,"The West Carteret Morehead City varsity football team has a game @ North Brunswick Leland (North Carolina).","/nc/football/game/north-brunswick-leland-vs-west-carteret-morehead-city/9-4-2026/?c=e6576452-2f22-47e2-8416-e082288869b3","https://www.maxpreps.com/nc/football/game/north-brunswick-leland-vs-west-carteret-morehead-city/9-4-2026/?c=e6576452-2f22-47e2-8416-e082288869b3",14b2,"Leland","City","https://www.maxpreps.com/nc/north-brunswick-leland/football/","https://www.maxpreps.com/nc/west-carteret-morehead-city/football/","",""
591,"Northern Guilford Greensboro vs Northwest Guilford Greensboro",Football,"North Carolina",9/4/2026,7:30 PM,"The Northwest Guilford Greensboro varsity football team has a game @ Northern Guilford Greensboro (North Carolina).","/nc/football/game/northern-guilford-greensboro-vs-northwest-guilford-greensboro/9-4-2026/?c=b1c17604-af48-441d-994e-d8982b164ac9","https://www.maxpreps.com/nc/football/game/northern-guilford-greensboro-vs-northwest-guilford-greensboro/9-4-2026/?c=b1c17604-af48-441d-994e-d8982b164ac9",1879,"Greensboro","Greensboro","https://www.maxpreps.com/nc/northern-guilford-greensboro/football/","https://www.maxpreps.com/nc/northwest-guilford-greensboro/football/","",""
592,"North Myrtle Beach Little River Sc vs West Brunswick Shallotte Nc",Football,"North Carolina",9/4/2026,7:30 PM,"The West Brunswick Shallotte Nc varsity football team has a game @ North Myrtle Beach Little River Sc (North Carolina).","/inter-state/football/game/north-myrtle-beach-little-river-sc-vs-west-brunswick-shallotte-nc/9-4-2026/?c=5ec2c6f9-3958-47c0-ba64-0b0480d6d345","https://www.maxpreps.com/inter-state/football/game/north-myrtle-beach-little-river-sc-vs-west-brunswick-shallotte-nc/9-4-2026/?c=5ec2c6f9-3958-47c0-ba64-0b0480d6d345",192e,"Sc","Nc","https://www.maxpreps.com/nc/north-myrtle-beach-little-river-sc/football/","https://www.maxpreps.com/nc/west-brunswick-shallotte-nc/football/","",""
593,"Cox Mill Concord vs Cuthbertson Waxhaw",Football,"North Carolina",9/4/2026,7:30 PM,"The Cuthbertson Waxhaw varsity football team has a game @ Cox Mill Concord (North Carolina).","/nc/football/game/cox-mill-concord-vs-cuthbertson-waxhaw/9-4-2026/?c=c1fd7cdc-2d5b-41bc-a4d8-898026022e1c","https://www.maxpreps.com/nc/football/game/cox-mill-concord-vs-cuthbertson-waxhaw/9-4-2026/?c=c1fd7cdc-2d5b-41bc-a4d8-898026022e1c",eeb,"Concord","Waxhaw","https://www.maxpreps.com/nc/cox-mill-concord/football/","https://www.maxpreps.com/nc/cuthbertson-waxhaw/football/","",""
594,"East Bladen Elizabethtown vs Whiteville",Football,"North Carolina",9/4/2026,7:30 PM,"The Whiteville varsity football team has a game @ East Bladen Elizabethtown (North Carolina).","/nc/football/game/east-bladen-elizabethtown-vs-whiteville/9-4-2026/?c=4b8afb83-1e75-4056-b89e-28a65479be82","https://www.maxpreps.com/nc/football/game/east-bladen-elizabethtown-vs-whiteville/9-4-2026/?c=4b8afb83-1e75-4056-b89e-28a65479be82",f6d,"Elizabethtown","Whiteville","https://www.maxpreps.com/nc/east-bladen-elizabethtown/football/","https://www.maxpreps.com/nc/whiteville/football/","",""
595,"Dixon Holly Ridge vs Hobbton Newton Grove",Football,"North Carolina",9/4/2026,7:30 PM,"The Hobbton Newton Grove varsity football team has a game @ Dixon Holly Ridge (North Carolina).","/nc/football/game/dixon-holly-ridge-vs-hobbton-newton-grove/9-4-2026/?c=241b9262-11a8-465d-8ee7-a74934ce323a","https://www.maxpreps.com/nc/football/game/dixon-holly-ridge-vs-hobbton-newton-grove/9-4-2026/?c=241b9262-11a8-465d-8ee7-a74934ce323a",ff6,"Ridge","Grove","https://www.maxpreps.com/nc/dixon-holly-ridge/football/","https://www.maxpreps.com/nc/hobbton-newton-grove/football/","",""
596,"North Surry Mount Airy Nc vs Patrick County Stuart Va",Football,"North Carolina",9/4/2026,7:30 PM,"The Patrick County Stuart Va varsity football team has a game @ North Surry Mount Airy Nc (North Carolina).","/inter-state/football/game/north-surry-mount-airy-nc-vs-patrick-county-stuart-va/9-4-2026/?c=30a47371-b5ca-4604-9bf7-d646e5514d34","https://www.maxpreps.com/inter-state/football/game/north-surry-mount-airy-nc-vs-patrick-county-stuart-va/9-4-2026/?c=30a47371-b5ca-4604-9bf7-d646e5514d34",14b1,"Nc","Va","https://www.maxpreps.com/nc/north-surry-mount-airy-nc/football/","https://www.maxpreps.com/nc/patrick-county-stuart-va/football/","",""
597,"Foard Newton vs West Iredell Statesville",Football,"North Carolina",9/4/2026,7:30 PM,"The West Iredell Statesville varsity football team has a game @ Foard Newton (North Carolina).","/nc/football/game/foard-newton-vs-west-iredell-statesville/9-4-2026/?c=98095ab4-a34a-455f-8d72-3e8dc75c8478","https://www.maxpreps.com/nc/football/game/foard-newton-vs-west-iredell-statesville/9-4-2026/?c=98095ab4-a34a-455f-8d72-3e8dc75c8478",fc5,"Newton","Statesville","https://www.maxpreps.com/nc/foard-newton/football/","https://www.maxpreps.com/nc/west-iredell-statesville/football/","",""
598,"Athens Drive Raleigh vs Green Hope Cary",Football,"North Carolina",9/4/2026,7:30 PM,"The Green Hope Cary varsity football team has a game @ Athens Drive Raleigh (North Carolina).","/nc/football/game/athens-drive-raleigh-vs-green-hope-cary/9-4-2026/?c=b29c6332-2f43-4917-94a4-20d8fdd59938","https://www.maxpreps.com/nc/football/game/athens-drive-raleigh-vs-green-hope-cary/9-4-2026/?c=b29c6332-2f43-4917-94a4-20d8fdd59938",edc,"Raleigh","Cary","https://www.maxpreps.com/nc/athens-drive-raleigh/football/","https://www.maxpreps.com/nc/green-hope-cary/football/","",""
599,"Bonnie Cone Leadership Academy Huntersville vs Langtree Charter Lions Mooresville",Football,"North Carolina",9/4/2026,7:30 PM,"The Langtree Charter Lions Mooresville varsity football team has a game @ Bonnie Cone Leadership Academy Huntersville (North Carolina).","/nc/football/game/bonnie-cone-leadership-academy-huntersville-vs-langtree-charter-lions-mooresville/9-4-2026/?c=619e7cf5-3acd-4047-975a-cc50ef0a86cd","https://www.maxpreps.com/nc/football/game/bonnie-cone-leadership-academy-huntersville-vs-langtree-charter-lions-mooresville/9-4-2026/?c=619e7cf5-3acd-4047-975a-cc50ef0a86cd",1fc9,"Huntersville","Mooresville","https://www.maxpreps.com/nc/bonnie-cone-leadership-academy-huntersville/football/","https://www.maxpreps.com/nc/langtree-charter-lions-mooresville/football/","",""
600,"Ben L Smith Greensboro vs Charlotte Country Day School",Football,"North Carolina",9/4/2026,7:30 PM,"The Charlotte Country Day School varsity football team has a game @ Ben L Smith Greensboro (North Carolina).","/nc/football/game/ben-l-smith-greensboro-vs-charlotte-country-day-school/9-4-2026/?c=35c4de5e-ee04-464a-b683-907aa3bdd2df","https://www.maxpreps.com/nc/football/game/ben-l-smith-greensboro-vs-charlotte-country-day-school/9-4-2026/?c=35c4de5e-ee04-464a-b683-907aa3bdd2df",14ed,"Greensboro","School","https://www.maxpreps.com/nc/ben-l-smith-greensboro/football/","https://www.maxpreps.com/nc/charlotte-country-day-school/football/","",""
601,"Pamlico County Bayboro vs Wake Prep Academy Wake Forest",Football,"North Carolina",9/4/2026,7:30 PM,"The Wake Prep Academy Wake Forest varsity football team has a game @ Pamlico County Bayboro (North Carolina).","/nc/football/game/pamlico-county-bayboro-vs-wake-prep-academy-wake-forest/9-4-2026/?c=bf298c33-ab90-4789-82b9-f9026ccf6d87","https://www.maxpreps.com/nc/football/game/pamlico-county-bayboro-vs-wake-prep-academy-wake-forest/9-4-2026/?c=bf298c33-ab90-4789-82b9-f9026ccf6d87",1534,"Bayboro","Forest","https://www.maxpreps.com/nc/pamlico-county-bayboro/football/","https://www.maxpreps.com/nc/wake-prep-academy-wake-forest/football/","",""
602,"Lake Norman Mooresville vs West Cabarrus Concord",Football,"North Carolina",9/4/2026,7:30 PM,"The West Cabarrus Concord varsity football team has a game @ Lake Norman Mooresville (North Carolina).","/nc/football/game/lake-norman-mooresville-vs-west-cabarrus-concord/9-4-2026/?c=8754b9f2-854f-4ab6-9923-48bac0d1a0e9","https://www.maxpreps.com/nc/football/game/lake-norman-mooresville-vs-west-cabarrus-concord/9-4-2026/?c=8754b9f2-854f-4ab6-9923-48bac0d1a0e9",12ce,"Mooresville","Concord","https://www.maxpreps.com/nc/lake-norman-mooresville/football/","https://www.maxpreps.com/nc/west-cabarrus-concord/football/","",""
603,"Hickory Ridge Harrisburg vs South Iredell Statesville",Football,"North Carolina",9/4/2026,7:30 PM,"The South Iredell Statesville varsity football team has a game @ Hickory Ridge Harrisburg (North Carolina).","/nc/football/game/hickory-ridge-harrisburg-vs-south-iredell-statesville/9-4-2026/?c=1b3b23ab-a88f-4a95-9168-90c938da2113","https://www.maxpreps.com/nc/football/game/hickory-ridge-harrisburg-vs-south-iredell-statesville/9-4-2026/?c=1b3b23ab-a88f-4a95-9168-90c938da2113",14f8,"Harrisburg","Statesville","https://www.maxpreps.com/nc/hickory-ridge-harrisburg/football/","https://www.maxpreps.com/nc/south-iredell-statesville/football/","",""
604,"Red Springs vs St Pauls",Football,"North Carolina",9/4/2026,7:30 PM,"The St Pauls varsity football team has a game @ Red Springs (North Carolina).","/nc/football/game/red-springs-vs-st-pauls/9-4-2026/?c=dffc8428-62ca-4255-8d22-a000397aa9ba","https://www.maxpreps.com/nc/football/game/red-springs-vs-st-pauls/9-4-2026/?c=dffc8428-62ca-4255-8d22-a000397aa9ba",8ea,"Springs","Pauls","https://www.maxpreps.com/nc/red-springs/football/","https://www.maxpreps.com/nc/st-pauls/football/","",""
605,"Columbia vs Wayne Preparatory Academy Goldsboro",Football,"North Carolina",9/4/2026,7:30 PM,"The Wayne Preparatory Academy Goldsboro varsity football team has a game @ Columbia (North Carolina).","/nc/football/game/columbia-vs-wayne-preparatory-academy-goldsboro/9-4-2026/?c=15ca1405-7fdd-432f-ba99-08cefb483e21","https://www.maxpreps.com/nc/football/game/columbia-vs-wayne-preparatory-academy-goldsboro/9-4-2026/?c=15ca1405-7fdd-432f-ba99-08cefb483e21",1292,"Columbia","Goldsboro","https://www.maxpreps.com/nc/columbia/football/","https://www.maxpreps.com/nc/wayne-preparatory-academy-goldsboro/football/","",""
606,"James Kenan Warsaw vs Southern Nash Bailey",Football,"North Carolina",9/4/2026,7:30 PM,"The Southern Nash Bailey varsity football team has a game @ James Kenan Warsaw (North Carolina).","/nc/football/game/james-kenan-warsaw-vs-southern-nash-bailey/9-4-2026/?c=539e4d73-f396-46ac-8d66-9e23129ddc27","https://www.maxpreps.com/nc/football/game/james-kenan-warsaw-vs-southern-nash-bailey/9-4-2026/?c=539e4d73-f396-46ac-8d66-9e23129ddc27",1041,"Warsaw","Bailey","https://www.maxpreps.com/nc/james-kenan-warsaw/football/","https://www.maxpreps.com/nc/southern-nash-bailey/football/","",""
607,"Charlotte Catholic vs Charlotte Christian",Football,"North Carolina",9/4/2026,7:30 PM,"The Charlotte Christian varsity football team has a game @ Charlotte Catholic (North Carolina).","/nc/football/game/charlotte-catholic-vs-charlotte-christian/9-4-2026/?c=6e99de28-90f9-4243-92cb-ae29b48551ea","https://www.maxpreps.com/nc/football/game/charlotte-catholic-vs-charlotte-christian/9-4-2026/?c=6e99de28-90f9-4243-92cb-ae29b48551ea",1035,"Catholic","Christian","https://www.maxpreps.com/nc/charlotte-catholic/football/","https://www.maxpreps.com/nc/charlotte-christian/football/","",""
608,"Cary Christian vs South Wake Christian Athletics Cary",Football,"North Carolina",9/4/2026,7:30 PM,"The South Wake Christian Athletics Cary varsity football team has a game @ Cary Christian (North Carolina).","/nc/football/game/cary-christian-vs-south-wake-christian-athletics-cary/9-4-2026/?c=af74240f-0e61-4f9e-aaff-a4f0d0ee8483","https://www.maxpreps.com/nc/football/game/cary-christian-vs-south-wake-christian-athletics-cary/9-4-2026/?c=af74240f-0e61-4f9e-aaff-a4f0d0ee8483",14a8,"Christian","Cary","https://www.maxpreps.com/nc/cary-christian/football/","https://www.maxpreps.com/nc/south-wake-christian-athletics-cary/football/","",""
609,"Ac Reynolds Asheville vs Jay M Robinson Concord",Football,"North Carolina",9/4/2026,7:30 PM,"The Jay M Robinson Concord varsity football team has a game @ Ac Reynolds Asheville (North Carolina).","/nc/football/game/ac-reynolds-asheville-vs-jay-m-robinson-concord/9-4-2026/?c=50c0d495-b501-447c-83d9-1e8031f64ed7","https://www.maxpreps.com/nc/football/game/ac-reynolds-asheville-vs-jay-m-robinson-concord/9-4-2026/?c=50c0d495-b501-447c-83d9-1e8031f64ed7",1218,"Asheville","Concord","https://www.maxpreps.com/nc/ac-reynolds-asheville/football/","https://www.maxpreps.com/nc/jay-m-robinson-concord/football/","",""
610,"Lakewood Roseboro vs Midway Raiders Newton Grove",Football,"North Carolina",9/4/2026,7:30 PM,"The Midway Raiders Newton Grove varsity football team has a game @ Lakewood Roseboro (North Carolina).","/nc/football/game/lakewood-roseboro-vs-midway-raiders-newton-grove/9-4-2026/?c=8410a9fc-0e29-46b8-adf8-4b7372ae753b","https://www.maxpreps.com/nc/football/game/lakewood-roseboro-vs-midway-raiders-newton-grove/9-4-2026/?c=8410a9fc-0e29-46b8-adf8-4b7372ae753b",12eb,"Roseboro","Grove","https://www.maxpreps.com/nc/lakewood-roseboro/football/","https://www.maxpreps.com/nc/midway-raiders-newton-grove/football/","",""
611,"Felton Grove Apex vs Northern Durham",Football,"North Carolina",9/4/2026,7:30 PM,"The Northern Durham varsity football team has a game @ Felton Grove Apex (North Carolina).","/nc/football/game/felton-grove-apex-vs-northern-durham/9-4-2026/?c=6067857e-0efc-4f2f-ba05-98284c331aba","https://www.maxpreps.com/nc/football/game/felton-grove-apex-vs-northern-durham/9-4-2026/?c=6067857e-0efc-4f2f-ba05-98284c331aba",e14,"Apex","Durham","https://www.maxpreps.com/nc/felton-grove-apex/football/","https://www.maxpreps.com/nc/northern-durham/football/","",""
612,"Heritage Wake Forest vs Leesville Road Raleigh",Football,"North Carolina",9/4/2026,7:30 PM,"The Leesville Road Raleigh varsity football team has a game @ Heritage Wake Forest (North Carolina).","/nc/football/game/heritage-wake-forest-vs-leesville-road-raleigh/9-4-2026/?c=3733608d-d247-4ea2-88ea-d051aff269be","https://www.maxpreps.com/nc/football/game/heritage-wake-forest-vs-leesville-road-raleigh/9-4-2026/?c=3733608d-d247-4ea2-88ea-d051aff269be",11c2,"Forest","Raleigh","https://www.maxpreps.com/nc/heritage-wake-forest/football/","https://www.maxpreps.com/nc/leesville-road-raleigh/football/","",""
613,"Greenville Hurricanes Sc vs Hickory Grove Christian Charlotte Nc",Football,"North Carolina",9/4/2026,7:30 PM,"The Hickory Grove Christian Charlotte Nc varsity football team has a game @ Greenville Hurricanes Sc (North Carolina).","/inter-state/football/game/greenville-hurricanes-sc-vs-hickory-grove-christian-charlotte-nc/9-4-2026/?c=fc4b388f-8463-4893-bc2c-791f0cbcae7b","https://www.maxpreps.com/inter-state/football/game/greenville-hurricanes-sc-vs-hickory-grove-christian-charlotte-nc/9-4-2026/?c=fc4b388f-8463-4893-bc2c-791f0cbcae7b",1900,"Sc","Nc","https://www.maxpreps.com/nc/greenville-hurricanes-sc/football/","https://www.maxpreps.com/nc/hickory-grove-christian-charlotte-nc/football/","",""
614,"South Davidson Denton vs Wheatmore Trinity",Football,"North Carolina",9/4/2026,7:30 PM,"The Wheatmore Trinity varsity football team has a game @ South Davidson Denton (North Carolina).","/nc/football/game/south-davidson-denton-vs-wheatmore-trinity/9-4-2026/?c=c2212943-ac66-4d18-b5b1-610e6245fcfa","https://www.maxpreps.com/nc/football/game/south-davidson-denton-vs-wheatmore-trinity/9-4-2026/?c=c2212943-ac66-4d18-b5b1-610e6245fcfa",10bc,"Denton","Trinity","https://www.maxpreps.com/nc/south-davidson-denton/football/","https://www.maxpreps.com/nc/wheatmore-trinity/football/","",""
615,"East Surry Pilot Mountain vs Murphy",Football,"North Carolina",9/4/2026,7:30 PM,"The Murphy varsity football team has a game @ East Surry Pilot Mountain (North Carolina).","/nc/football/game/east-surry-pilot-mountain-vs-murphy/9-4-2026/?c=fa1b0780-1fec-44ec-868a-f6e24dc2ef71","https://www.maxpreps.com/nc/football/game/east-surry-pilot-mountain-vs-murphy/9-4-2026/?c=fa1b0780-1fec-44ec-868a-f6e24dc2ef71",df4,"Mountain","Murphy","https://www.maxpreps.com/nc/east-surry-pilot-mountain/football/","https://www.maxpreps.com/nc/murphy/football/","",""
616,"West Bladen Bladenboro vs West Columbus Cerro Gordo",Football,"North Carolina",9/4/2026,7:30 PM,"The West Columbus Cerro Gordo varsity football team has a game @ West Bladen Bladenboro (North Carolina).","/nc/football/game/west-bladen-bladenboro-vs-west-columbus-cerro-gordo/9-4-2026/?c=f3945308-e4be-4080-8e0b-fb491ffcd6d1","https://www.maxpreps.com/nc/football/game/west-bladen-bladenboro-vs-west-columbus-cerro-gordo/9-4-2026/?c=f3945308-e4be-4080-8e0b-fb491ffcd6d1",13c8,"Bladenboro","Gordo","https://www.maxpreps.com/nc/west-bladen-bladenboro/football/","https://www.maxpreps.com/nc/west-columbus-cerro-gordo/football/","",""
617,"Montgomery Central Troy vs North Stanly New London",Football,"North Carolina",9/4/2026,7:30 PM,"The North Stanly New London varsity football team has a game @ Montgomery Central Troy (North Carolina).","/nc/football/game/montgomery-central-troy-vs-north-stanly-new-london/9-4-2026/?c=b5da9744-630f-421c-ad86-97a3b23ca6e8","https://www.maxpreps.com/nc/football/game/montgomery-central-troy-vs-north-stanly-new-london/9-4-2026/?c=b5da9744-630f-421c-ad86-97a3b23ca6e8",13c6,"Troy","London","https://www.maxpreps.com/nc/montgomery-central-troy/football/","https://www.maxpreps.com/nc/north-stanly-new-london/football/","",""
618,"Clinton vs Wallace Rose Hill Teachey",Football,"North Carolina",9/4/2026,7:30 PM,"The Wallace Rose Hill Teachey varsity football team has a game @ Clinton (North Carolina).","/nc/football/game/clinton-vs-wallace-rose-hill-teachey/9-4-2026/?c=0c2a79c1-3634-4046-a4f3-f50fd15d273c","https://www.maxpreps.com/nc/football/game/clinton-vs-wallace-rose-hill-teachey/9-4-2026/?c=0c2a79c1-3634-4046-a4f3-f50fd15d273c",ddf,"Clinton","Teachey","https://www.maxpreps.com/nc/clinton/football/","https://www.maxpreps.com/nc/wallace-rose-hill-teachey/football/","",""
619,"North East vs Riverdale Baptist Rbs Upper Marlboro",Football,"North Carolina",9/4/2026,7:30 PM,"The Riverdale Baptist Rbs Upper Marlboro varsity football team has a game @ North East (North Carolina).","/md/football/game/north-east-vs-riverdale-baptist-rbs-upper-marlboro/9-4-2026/?c=fa5f3573-01e1-4992-94f2-0689c95fa6ba","https://www.maxpreps.com/md/football/game/north-east-vs-riverdale-baptist-rbs-upper-marlboro/9-4-2026/?c=fa5f3573-01e1-4992-94f2-0689c95fa6ba",1382,"East","Marlboro","https://www.maxpreps.com/nc/north-east/football/","https://www.maxpreps.com/nc/riverdale-baptist-rbs-upper-marlboro/football/","",""
620,"Bethel Assembly Christian Academy Windsor vs Northeast Academy Lasker",Football,"North Carolina",9/4/2026,7:30 PM,"The Northeast Academy Lasker varsity football team has a game @ Bethel Assembly Christian Academy Windsor (North Carolina).","/nc/football/game/bethel-assembly-christian-academy-windsor-vs-northeast-academy-lasker/9-4-2026/?c=c1e27ced-d12f-4f18-a1e9-8cceabecea95","https://www.maxpreps.com/nc/football/game/bethel-assembly-christian-academy-windsor-vs-northeast-academy-lasker/9-4-2026/?c=c1e27ced-d12f-4f18-a1e9-8cceabecea95",1af2,"Windsor","Lasker","https://www.maxpreps.com/nc/bethel-assembly-christian-academy-windsor/football/","https://www.maxpreps.com/nc/northeast-academy-lasker/football/","",""
621,"Kinston vs North Lenoir Lagrange",Football,"North Carolina",9/4/2026,7:30 PM,"The North Lenoir Lagrange varsity football team has a game @ Kinston (North Carolina).","/nc/football/game/kinston-vs-north-lenoir-lagrange/9-4-2026/?c=488840b4-f8ac-4d78-8504-36e289d1c15e","https://www.maxpreps.com/nc/football/game/kinston-vs-north-lenoir-lagrange/9-4-2026/?c=488840b4-f8ac-4d78-8504-36e289d1c15e",c98,"Kinston","Lagrange","https://www.maxpreps.com/nc/kinston/football/","https://www.maxpreps.com/nc/north-lenoir-lagrange/football/","",""
622,"Glenn Kernersville vs Parkland Winston Salem",Football,"North Carolina",9/4/2026,7:30 PM,"The Parkland Winston Salem varsity football team has a game @ Glenn Kernersville (North Carolina).","/nc/football/game/glenn-kernersville-vs-parkland-winston-salem/9-4-2026/?c=55bd0e40-f03b-4963-9197-09dc5c2b260a","https://www.maxpreps.com/nc/football/game/glenn-kernersville-vs-parkland-winston-salem/9-4-2026/?c=55bd0e40-f03b-4963-9197-09dc5c2b260a",1165,"Kernersville","Salem","https://www.maxpreps.com/nc/glenn-kernersville/football/","https://www.maxpreps.com/nc/parkland-winston-salem/football/","",""
623,"East Duplin Beulaville vs Richlands",Football,"North Carolina",9/4/2026,7:30 PM,"The Richlands varsity football team has a game @ East Duplin Beulaville (North Carolina).","/nc/football/game/east-duplin-beulaville-vs-richlands/9-4-2026/?c=64325a18-e71f-4ad7-86b0-32c7f75a0021","https://www.maxpreps.com/nc/football/game/east-duplin-beulaville-vs-richlands/9-4-2026/?c=64325a18-e71f-4ad7-86b0-32c7f75a0021",db3,"Beulaville","Richlands","https://www.maxpreps.com/nc/east-duplin-beulaville/football/","https://www.maxpreps.com/nc/richlands/football/","",""
624,"Lumberton vs Westover Fayetteville",Football,"North Carolina",9/4/2026,7:30 PM,"The Westover Fayetteville varsity football team has a game @ Lumberton (North Carolina).","/nc/football/game/lumberton-vs-westover-fayetteville/9-4-2026/?c=59466a59-7e7d-4d14-b918-e5171f650177","https://www.maxpreps.com/nc/football/game/lumberton-vs-westover-fayetteville/9-4-2026/?c=59466a59-7e7d-4d14-b918-e5171f650177",dd5,"Lumberton","Fayetteville","https://www.maxpreps.com/nc/lumberton/football/","https://www.maxpreps.com/nc/westover-fayetteville/football/","",""
625,"Douglas Byrd Fayetteville vs Purnell Swett Pembroke",Football,"North Carolina",9/4/2026,7:30 PM,"The Purnell Swett Pembroke varsity football team has a game @ Douglas Byrd Fayetteville (North Carolina).","/nc/football/game/douglas-byrd-fayetteville-vs-purnell-swett-pembroke/9-4-2026/?c=f6214eaa-9d84-46be-ae53-50a7c3bc80d3","https://www.maxpreps.com/nc/football/game/douglas-byrd-fayetteville-vs-purnell-swett-pembroke/9-4-2026/?c=f6214eaa-9d84-46be-ae53-50a7c3bc80d3",1433,"Fayetteville","Pembroke","https://www.maxpreps.com/nc/douglas-byrd-fayetteville/football/","https://www.maxpreps.com/nc/purnell-swett-pembroke/football/","",""
626,"Bunn vs Jf Webb Oxford",Football,"North Carolina",9/4/2026,7:30 PM,"The Jf Webb Oxford varsity football team has a game @ Bunn (North Carolina).","/nc/football/game/bunn-vs-jf-webb-oxford/9-4-2026/?c=e2b0b268-0152-4b14-ac6a-469d7a30c39d","https://www.maxpreps.com/nc/football/game/bunn-vs-jf-webb-oxford/9-4-2026/?c=e2b0b268-0152-4b14-ac6a-469d7a30c39d",852,"Bunn","Oxford","https://www.maxpreps.com/nc/bunn/football/","https://www.maxpreps.com/nc/jf-webb-oxford/football/","",""
627,"Huss Gastonia vs North Mecklenburg Huntersville",Football,"North Carolina",9/4/2026,7:30 PM,"The North Mecklenburg Huntersville varsity football team has a game @ Huss Gastonia (North Carolina).","/nc/football/game/huss-gastonia-vs-north-mecklenburg-huntersville/9-4-2026/?c=2c3e056d-16b2-4c88-82e9-1dee4b00119c","https://www.maxpreps.com/nc/football/game/huss-gastonia-vs-north-mecklenburg-huntersville/9-4-2026/?c=2c3e056d-16b2-4c88-82e9-1dee4b00119c",12c2,"Gastonia","Huntersville","https://www.maxpreps.com/nc/huss-gastonia/football/","https://www.maxpreps.com/nc/north-mecklenburg-huntersville/football/","",""
628,"East Burke Connelly Springs vs Freedom Morganton",Football,"North Carolina",9/4/2026,7:30 PM,"The Freedom Morganton varsity football team has a game @ East Burke Connelly Springs (North Carolina).","/nc/football/game/east-burke-connelly-springs-vs-freedom-morganton/9-4-2026/?c=0a896078-c1ba-4749-ab4b-1f8ef1257c6a","https://www.maxpreps.com/nc/football/game/east-burke-connelly-springs-vs-freedom-morganton/9-4-2026/?c=0a896078-c1ba-4749-ab4b-1f8ef1257c6a",12de,"Springs","Morganton","https://www.maxpreps.com/nc/east-burke-connelly-springs/football/","https://www.maxpreps.com/nc/freedom-morganton/football/","",""
629,"Charles D Owen Warhorses Black Mountain vs Patton Morganton",Football,"North Carolina",9/4/2026,7:30 PM,"The Patton Morganton varsity football team has a game @ Charles D Owen Warhorses Black Mountain (North Carolina).","/nc/football/game/charles-d-owen-warhorses-black-mountain-vs-patton-morganton/9-4-2026/?c=7bdad4b0-8114-430c-8b83-d9a2c7d681a9","https://www.maxpreps.com/nc/football/game/charles-d-owen-warhorses-black-mountain-vs-patton-morganton/9-4-2026/?c=7bdad4b0-8114-430c-8b83-d9a2c7d681a9",1701,"Mountain","Morganton","https://www.maxpreps.com/nc/charles-d-owen-warhorses-black-mountain/football/","https://www.maxpreps.com/nc/patton-morganton/football/","",""
630,"Olympic Charlotte vs West Mecklenburg Charlotte",Football,"North Carolina",9/4/2026,7:30 PM,"The West Mecklenburg Charlotte varsity football team has a game @ Olympic Charlotte (North Carolina).","/nc/football/game/olympic-charlotte-vs-west-mecklenburg-charlotte/9-4-2026/?c=6a708e95-b52d-4872-aa5d-71379c7666ee","https://www.maxpreps.com/nc/football/game/olympic-charlotte-vs-west-mecklenburg-charlotte/9-4-2026/?c=6a708e95-b52d-4872-aa5d-71379c7666ee",12a5,"Charlotte","Charlotte","https://www.maxpreps.com/nc/olympic-charlotte/football/","https://www.maxpreps.com/nc/west-mecklenburg-charlotte/football/","",""
631,"Northeast Guilford Mcleansville vs West Stokes King",Football,"North Carolina",9/4/2026,7:30 PM,"The West Stokes King varsity football team has a game @ Northeast Guilford Mcleansville (North Carolina).","/nc/football/game/northeast-guilford-mcleansville-vs-west-stokes-king/9-4-2026/?c=b1b8f5ab-3838-4e10-a9dd-142fe98c2b4f","https://www.maxpreps.com/nc/football/game/northeast-guilford-mcleansville-vs-west-stokes-king/9-4-2026/?c=b1b8f5ab-3838-4e10-a9dd-142fe98c2b4f",142f,"Mcleansville","King","https://www.maxpreps.com/nc/northeast-guilford-mcleansville/football/","https://www.maxpreps.com/nc/west-stokes-king/football/","",""
632,"Burns Lawndale vs East Gaston Mt Holly",Football,"North Carolina",9/4/2026,7:30 PM,"The East Gaston Mt Holly varsity football team has a game @ Burns Lawndale (North Carolina).","/nc/football/game/burns-lawndale-vs-east-gaston-mt-holly/9-4-2026/?c=daf55a51-4743-4e44-86c2-cf86a65646bb","https://www.maxpreps.com/nc/football/game/burns-lawndale-vs-east-gaston-mt-holly/9-4-2026/?c=daf55a51-4743-4e44-86c2-cf86a65646bb",eab,"Lawndale","Holly","https://www.maxpreps.com/nc/burns-lawndale/football/","https://www.maxpreps.com/nc/east-gaston-mt-holly/football/","",""
633,"Providence Grove Franklinville vs Southwestern Randolph Asheboro",Football,"North Carolina",9/4/2026,7:30 PM,"The Southwestern Randolph Asheboro varsity football team has a game @ Providence Grove Franklinville (North Carolina).","/nc/football/game/providence-grove-franklinville-vs-southwestern-randolph-asheboro/9-4-2026/?c=93b996ee-0a00-4943-a917-27d016c5ee32","https://www.maxpreps.com/nc/football/game/providence-grove-franklinville-vs-southwestern-randolph-asheboro/9-4-2026/?c=93b996ee-0a00-4943-a917-27d016c5ee32",19a0,"Franklinville","Asheboro","https://www.maxpreps.com/nc/providence-grove-franklinville/football/","https://www.maxpreps.com/nc/southwestern-randolph-asheboro/football/","",""
634,"Davie County Mocksville vs Pinecrest Southern Pines",Football,"North Carolina",9/4/2026,7:30 PM,"The Pinecrest Southern Pines varsity football team has a game @ Davie County Mocksville (North Carolina).","/nc/football/game/davie-county-mocksville-vs-pinecrest-southern-pines/9-4-2026/?c=2a0cd7a3-21af-4287-867b-f14ddf189f17","https://www.maxpreps.com/nc/football/game/davie-county-mocksville-vs-pinecrest-southern-pines/9-4-2026/?c=2a0cd7a3-21af-4287-867b-f14ddf189f17",143f,"Mocksville","Pines","https://www.maxpreps.com/nc/davie-county-mocksville/football/","https://www.maxpreps.com/nc/pinecrest-southern-pines/football/","",""
635,"Landrum Sc vs Polk County Columbus Nc",Football,"North Carolina",9/4/2026,7:30 PM,"The Polk County Columbus Nc varsity football team has a game @ Landrum Sc (North Carolina).","/inter-state/football/game/landrum-sc-vs-polk-county-columbus-nc/9-4-2026/?c=27196ba3-86c7-4e97-8a55-82190d28fa14","https://www.maxpreps.com/inter-state/football/game/landrum-sc-vs-polk-county-columbus-nc/9-4-2026/?c=27196ba3-86c7-4e97-8a55-82190d28fa14",e53,"Sc","Nc","https://www.maxpreps.com/nc/landrum-sc/football/","https://www.maxpreps.com/nc/polk-county-columbus-nc/football/","",""
636,"Spartanburg Christian Academy Sc vs Thomas Jefferson Gryphons Mooresboro Nc",Football,"North Carolina",9/4/2026,7:30 PM,"The Thomas Jefferson Gryphons Mooresboro Nc varsity football team has a game @ Spartanburg Christian Academy Sc (North Carolina).","/inter-state/football/game/spartanburg-christian-academy-sc-vs-thomas-jefferson-gryphons-mooresboro-nc/9-4-2026/?c=d6d168ae-1cdf-4daf-bdcb-a72c92ee8ac9","https://www.maxpreps.com/inter-state/football/game/spartanburg-christian-academy-sc-vs-thomas-jefferson-gryphons-mooresboro-nc/9-4-2026/?c=d6d168ae-1cdf-4daf-bdcb-a72c92ee8ac9",1d76,"Sc","Nc","https://www.maxpreps.com/nc/spartanburg-christian-academy-sc/football/","https://www.maxpreps.com/nc/thomas-jefferson-gryphons-mooresboro-nc/football/","",""
637,"Buford Ga vs Mallard Creek Charlotte Nc",Football,"North Carolina",9/4/2026,7:30 PM,"The Mallard Creek Charlotte Nc varsity football team has a game @ Buford Ga (North Carolina).","/inter-state/football/game/buford-ga-vs-mallard-creek-charlotte-nc/9-4-2026/?c=06e6ec32-3617-4780-9c64-ac63fdddd2ef","https://www.maxpreps.com/inter-state/football/game/buford-ga-vs-mallard-creek-charlotte-nc/9-4-2026/?c=06e6ec32-3617-4780-9c64-ac63fdddd2ef",ebf,"Ga","Nc","https://www.maxpreps.com/nc/buford-ga/football/","https://www.maxpreps.com/nc/mallard-creek-charlotte-nc/football/","",""
638,"Alexander Central Taylorsville vs Ashe County West Jefferson",Football,"North Carolina",9/4/2026,7:30 PM,"The Ashe County West Jefferson varsity football team has a game @ Alexander Central Taylorsville (North Carolina).","/nc/football/game/alexander-central-taylorsville-vs-ashe-county-west-jefferson/9-4-2026/?c=fd97fe7a-6b0c-4ae5-8b30-46a872dd8f76","https://www.maxpreps.com/nc/football/game/alexander-central-taylorsville-vs-ashe-county-west-jefferson/9-4-2026/?c=fd97fe7a-6b0c-4ae5-8b30-46a872dd8f76",17b3,"Taylorsville","Jefferson","https://www.maxpreps.com/nc/alexander-central-taylorsville/football/","https://www.maxpreps.com/nc/ashe-county-west-jefferson/football/","",""
639,"Mountain Heritage Burnsville vs Robbinsville",Football,"North Carolina",9/4/2026,7:30 PM,"The Robbinsville varsity football team has a game @ Mountain Heritage Burnsville (North Carolina).","/nc/football/game/mountain-heritage-burnsville-vs-robbinsville/9-4-2026/?c=f9979802-5e4f-4a3f-b7a8-4fc4f25a7e21","https://www.maxpreps.com/nc/football/game/mountain-heritage-burnsville-vs-robbinsville/9-4-2026/?c=f9979802-5e4f-4a3f-b7a8-4fc4f25a7e21",11a2,"Burnsville","Robbinsville","https://www.maxpreps.com/nc/mountain-heritage-burnsville/football/","https://www.maxpreps.com/nc/robbinsville/football/","",""
640,"Cherokee Nc vs Choctaw Central Philadelphia Ms",Football,"North Carolina",9/4/2026,7:30 PM,"The Choctaw Central Philadelphia Ms varsity football team has a game @ Cherokee Nc (North Carolina).","/inter-state/football/game/cherokee-nc-vs-choctaw-central-philadelphia-ms/9-4-2026/?c=55e8739b-2cce-4d02-90f1-b4d91617b6e6","https://www.maxpreps.com/inter-state/football/game/cherokee-nc-vs-choctaw-central-philadelphia-ms/9-4-2026/?c=55e8739b-2cce-4d02-90f1-b4d91617b6e6",11a5,"Nc","Ms","https://www.maxpreps.com/nc/cherokee-nc/football/","https://www.maxpreps.com/nc/choctaw-central-philadelphia-ms/football/","",""
641,"Bandys Catawba vs Kings Mountain",Football,"North Carolina",9/4/2026,7:30 PM,"The Kings Mountain varsity football team has a game @ Bandys Catawba (North Carolina).","/nc/football/game/bandys-catawba-vs-kings-mountain/9-4-2026/?c=2e4a83a6-a1df-4682-a79b-affc970c4760","https://www.maxpreps.com/nc/football/game/bandys-catawba-vs-kings-mountain/9-4-2026/?c=2e4a83a6-a1df-4682-a79b-affc970c4760",c78,"Catawba","Mountain","https://www.maxpreps.com/nc/bandys-catawba/football/","https://www.maxpreps.com/nc/kings-mountain/football/","",""
642,"Pine Forest Fayetteville vs Seventy First Fayetteville",Football,"North Carolina",9/4/2026,7:30 PM,"The Seventy First Fayetteville varsity football team has a game @ Pine Forest Fayetteville (North Carolina).","/nc/football/game/pine-forest-fayetteville-vs-seventy-first-fayetteville/9-4-2026/?c=7a07825e-7090-42ae-986a-70658a3883f5","https://www.maxpreps.com/nc/football/game/pine-forest-fayetteville-vs-seventy-first-fayetteville/9-4-2026/?c=7a07825e-7090-42ae-986a-70658a3883f5",1588,"Fayetteville","Fayetteville","https://www.maxpreps.com/nc/pine-forest-fayetteville/football/","https://www.maxpreps.com/nc/seventy-first-fayetteville/football/","",""
643,"Madison Marshall vs North Buncombe Weaverville",Football,"North Carolina",9/4/2026,7:30 PM,"The North Buncombe Weaverville varsity football team has a game @ Madison Marshall (North Carolina).","/nc/football/game/madison-marshall-vs-north-buncombe-weaverville/9-4-2026/?c=f1a8afdb-5ee9-446f-903b-eb61637c2c8e","https://www.maxpreps.com/nc/football/game/madison-marshall-vs-north-buncombe-weaverville/9-4-2026/?c=f1a8afdb-5ee9-446f-903b-eb61637c2c8e",1225,"Marshall","Weaverville","https://www.maxpreps.com/nc/madison-marshall/football/","https://www.maxpreps.com/nc/north-buncombe-weaverville/football/","",""
644,"Summerville Sc vs West Charlotte Nc",Football,"North Carolina",9/4/2026,7:30 PM,"The West Charlotte Nc varsity football team has a game @ Summerville Sc (North Carolina).","/inter-state/football/game/summerville-sc-vs-west-charlotte-nc/9-4-2026/?c=bb151e0b-00a6-4d9f-b0e3-d927a8c4713a","https://www.maxpreps.com/inter-state/football/game/summerville-sc-vs-west-charlotte-nc/9-4-2026/?c=bb151e0b-00a6-4d9f-b0e3-d927a8c4713a",daf,"Sc","Nc","https://www.maxpreps.com/nc/summerville-sc/football/","https://www.maxpreps.com/nc/west-charlotte-nc/football/","",""
645,"Mcmichael Mayodan vs South Stokes Walnut Cove",Football,"North Carolina",9/4/2026,7:30 PM,"The South Stokes Walnut Cove varsity football team has a game @ Mcmichael Mayodan (North Carolina).","/nc/football/game/mcmichael-mayodan-vs-south-stokes-walnut-cove/9-4-2026/?c=c723e22c-abe6-4a94-8a3a-525a770c0ab4","https://www.maxpreps.com/nc/football/game/mcmichael-mayodan-vs-south-stokes-walnut-cove/9-4-2026/?c=c723e22c-abe6-4a94-8a3a-525a770c0ab4",1197,"Mayodan","Cove","https://www.maxpreps.com/nc/mcmichael-mayodan/football/","https://www.maxpreps.com/nc/south-stokes-walnut-cove/football/","",""
646,"Eastern Guilford Gibsonville vs Southeast Alamance Mascot Haw River",Football,"North Carolina",9/4/2026,7:30 PM,"The Southeast Alamance Mascot Haw River varsity football team has a game @ Eastern Guilford Gibsonville (North Carolina).","/nc/football/game/eastern-guilford-gibsonville-vs-southeast-alamance-mascot-haw-river/9-4-2026/?c=dc896519-4edd-40e8-89ef-4f8bfa4f895e","https://www.maxpreps.com/nc/football/game/eastern-guilford-gibsonville-vs-southeast-alamance-mascot-haw-river/9-4-2026/?c=dc896519-4edd-40e8-89ef-4f8bfa4f895e",1a3e,"Gibsonville","River","https://www.maxpreps.com/nc/eastern-guilford-gibsonville/football/","https://www.maxpreps.com/nc/southeast-alamance-mascot-haw-river/football/","",""
647,"East Lincoln Denver vs Newton Conover",Football,"North Carolina",9/4/2026,7:30 PM,"The Newton Conover varsity football team has a game @ East Lincoln Denver (North Carolina).","/nc/football/game/east-lincoln-denver-vs-newton-conover/9-4-2026/?c=4d22678e-63e1-49e2-a8bd-1a5f2594c2d5","https://www.maxpreps.com/nc/football/game/east-lincoln-denver-vs-newton-conover/9-4-2026/?c=4d22678e-63e1-49e2-a8bd-1a5f2594c2d5",e81,"Denver","Conover","https://www.maxpreps.com/nc/east-lincoln-denver/football/","https://www.maxpreps.com/nc/newton-conover/football/","",""
648,"Asheboro vs Randleman",Football,"North Carolina",9/4/2026,7:30 PM,"The Randleman varsity football team has a game @ Asheboro (North Carolina).","/nc/football/game/asheboro-vs-randleman/9-4-2026/?c=a68aae82-d076-4f50-8bc5-212752c85f06","https://www.maxpreps.com/nc/football/game/asheboro-vs-randleman/9-4-2026/?c=a68aae82-d076-4f50-8bc5-212752c85f06",848,"Asheboro","Randleman","https://www.maxpreps.com/nc/asheboro/football/","https://www.maxpreps.com/nc/randleman/football/","",""
649,"Concord vs North Gaston Dallas",Football,"North Carolina",9/4/2026,7:30 PM,"The North Gaston Dallas varsity football team has a game @ Concord (North Carolina).","/nc/football/game/concord-vs-north-gaston-dallas/9-4-2026/?c=d37acf46-fbaa-4b50-af57-c067148a0cd7","https://www.maxpreps.com/nc/football/game/concord-vs-north-gaston-dallas/9-4-2026/?c=d37acf46-fbaa-4b50-af57-c067148a0cd7",bad,"Concord","Dallas","https://www.maxpreps.com/nc/concord/football/","https://www.maxpreps.com/nc/north-gaston-dallas/football/","",""
650,"Maiden vs North Lincoln Lincolnton",Football,"North Carolina",9/4/2026,7:30 PM,"The North Lincoln Lincolnton varsity football team has a game @ Maiden (North Carolina).","/nc/football/game/maiden-vs-north-lincoln-lincolnton/9-4-2026/?c=5f127adb-0f35-4ec6-a11a-ad9a05acd8c2","https://www.maxpreps.com/nc/football/game/maiden-vs-north-lincoln-lincolnton/9-4-2026/?c=5f127adb-0f35-4ec6-a11a-ad9a05acd8c2",d65,"Maiden","Lincolnton","https://www.maxpreps.com/nc/maiden/football/","https://www.maxpreps.com/nc/north-lincoln-lincolnton/football/","",""
651,"Hopewell Huntersville vs Statesville",Football,"North Carolina",9/4/2026,7:30 PM,"The Statesville varsity football team has a game @ Hopewell Huntersville (North Carolina).","/nc/football/game/hopewell-huntersville-vs-statesville/9-4-2026/?c=385beb2c-a365-4406-a4bc-911078c919bc","https://www.maxpreps.com/nc/football/game/hopewell-huntersville-vs-statesville/9-4-2026/?c=385beb2c-a365-4406-a4bc-911078c919bc",ea5,"Huntersville","Statesville","https://www.maxpreps.com/nc/hopewell-huntersville/football/","https://www.maxpreps.com/nc/statesville/football/","",""
652,"East Rutherford Bostic Nc vs St Josephs Catholic Greenville Sc",Football,"North Carolina",9/4/2026,7:30 PM,"The St Josephs Catholic Greenville Sc varsity football team has a game @ East Rutherford Bostic Nc (North Carolina).","/inter-state/football/game/east-rutherford-bostic-nc-vs-st-josephs-catholic-greenville-sc/9-4-2026/?c=d6e4fb60-b418-4964-92fa-6b9ee6ecd0bf","https://www.maxpreps.com/inter-state/football/game/east-rutherford-bostic-nc-vs-st-josephs-catholic-greenville-sc/9-4-2026/?c=d6e4fb60-b418-4964-92fa-6b9ee6ecd0bf",17f2,"Nc","Sc","https://www.maxpreps.com/nc/east-rutherford-bostic-nc/football/","https://www.maxpreps.com/nc/st-josephs-catholic-greenville-sc/football/","",""
653,"Blacksburg Sc vs Chase Forest City Nc",Football,"North Carolina",9/4/2026,7:30 PM,"The Chase Forest City Nc varsity football team has a game @ Blacksburg Sc (North Carolina).","/inter-state/football/game/blacksburg-sc-vs-chase-forest-city-nc/9-4-2026/?c=4d3bdb2f-f30b-41e7-94f7-1d6c60d39a8e","https://www.maxpreps.com/inter-state/football/game/blacksburg-sc-vs-chase-forest-city-nc/9-4-2026/?c=4d3bdb2f-f30b-41e7-94f7-1d6c60d39a8e",e0e,"Sc","Nc","https://www.maxpreps.com/nc/blacksburg-sc/football/","https://www.maxpreps.com/nc/chase-forest-city-nc/football/","",""
654,"Clover Sc vs Palisades Charlotte Nc",Football,"North Carolina",9/4/2026,7:30 PM,"The Palisades Charlotte Nc varsity football team has a game @ Clover Sc (North Carolina).","/inter-state/football/game/clover-sc-vs-palisades-charlotte-nc/9-4-2026/?c=ae46430d-305e-48ac-8112-2d083081e0d4","https://www.maxpreps.com/inter-state/football/game/clover-sc-vs-palisades-charlotte-nc/9-4-2026/?c=ae46430d-305e-48ac-8112-2d083081e0d4",d78,"Sc","Nc","https://www.maxpreps.com/nc/clover-sc/football/","https://www.maxpreps.com/nc/palisades-charlotte-nc/football/","",""
655,"Myers Park Charlotte vs Providence Charlotte",Football,"North Carolina",9/4/2026,7:30 PM,"The Providence Charlotte varsity football team has a game @ Myers Park Charlotte (North Carolina).","/nc/football/game/myers-park-charlotte-vs-providence-charlotte/9-4-2026/?c=1eaf26fa-77c3-40d0-9920-f0fc2d27a15a","https://www.maxpreps.com/nc/football/game/myers-park-charlotte-vs-providence-charlotte/9-4-2026/?c=1eaf26fa-77c3-40d0-9920-f0fc2d27a15a",1163,"Charlotte","Charlotte","https://www.maxpreps.com/nc/myers-park-charlotte/football/","https://www.maxpreps.com/nc/providence-charlotte/football/","",""
656,"Phillip O Berry Academy Of Technology Charlotte vs Rocky River Cms Athletics Mint Hill",Football,"North Carolina",9/4/2026,7:30 PM,"The Rocky River Cms Athletics Mint Hill varsity football team has a game @ Phillip O Berry Academy Of Technology Charlotte (North Carolina).","/nc/football/game/phillip-o-berry-academy-of-technology-charlotte-vs-rocky-river-cms-athletics-mint-hill/9-4-2026/?c=ea3cf2eb-7fec-48e6-8e22-af7d40c3d8de","https://www.maxpreps.com/nc/football/game/phillip-o-berry-academy-of-technology-charlotte-vs-rocky-river-cms-athletics-mint-hill/9-4-2026/?c=ea3cf2eb-7fec-48e6-8e22-af7d40c3d8de",2117,"Charlotte","Hill","https://www.maxpreps.com/nc/phillip-o-berry-academy-of-technology-charlotte/football/","https://www.maxpreps.com/nc/rocky-river-cms-athletics-mint-hill/football/","",""
657,"Ashbrook Gastonia vs Northwest Cabarrus Concord",Football,"North Carolina",9/4/2026,7:30 PM,"The Northwest Cabarrus Concord varsity football team has a game @ Ashbrook Gastonia (North Carolina).","/nc/football/game/ashbrook-gastonia-vs-northwest-cabarrus-concord/9-4-2026/?c=dafe54af-1936-489c-a2c4-f033e224bee0","https://www.maxpreps.com/nc/football/game/ashbrook-gastonia-vs-northwest-cabarrus-concord/9-4-2026/?c=dafe54af-1936-489c-a2c4-f033e224bee0",12a2,"Gastonia","Concord","https://www.maxpreps.com/nc/ashbrook-gastonia/football/","https://www.maxpreps.com/nc/northwest-cabarrus-concord/football/","",""
658,"Copper Basin Copperhill Tn vs Hayesville Nc",Football,"North Carolina",9/4/2026,7:30 PM,"The Hayesville Nc varsity football team has a game @ Copper Basin Copperhill Tn (North Carolina).","/inter-state/football/game/copper-basin-copperhill-tn-vs-hayesville-nc/9-4-2026/?c=f44f3a42-fe03-45a3-991f-308729da6520","https://www.maxpreps.com/inter-state/football/game/copper-basin-copperhill-tn-vs-hayesville-nc/9-4-2026/?c=f44f3a42-fe03-45a3-991f-308729da6520",10a8,"Tn","Nc","https://www.maxpreps.com/nc/copper-basin-copperhill-tn/football/","https://www.maxpreps.com/nc/hayesville-nc/football/","",""
659,"Ee Smith Fayetteville vs Terry Sanford Fayetteville",Football,"North Carolina",9/4/2026,7:30 PM,"The Terry Sanford Fayetteville varsity football team has a game @ Ee Smith Fayetteville (North Carolina).","/nc/football/game/ee-smith-fayetteville-vs-terry-sanford-fayetteville/9-4-2026/?c=1b946754-8c86-4ad3-9837-367d8e29c8b3","https://www.maxpreps.com/nc/football/game/ee-smith-fayetteville-vs-terry-sanford-fayetteville/9-4-2026/?c=1b946754-8c86-4ad3-9837-367d8e29c8b3",1425,"Fayetteville","Fayetteville","https://www.maxpreps.com/nc/ee-smith-fayetteville/football/","https://www.maxpreps.com/nc/terry-sanford-fayetteville/football/","",""
660,"Grays Creek Hope Mills vs South View Hope Mills",Football,"North Carolina",9/4/2026,7:30 PM,"The South View Hope Mills varsity football team has a game @ Grays Creek Hope Mills (North Carolina).","/nc/football/game/grays-creek-hope-mills-vs-south-view-hope-mills/9-4-2026/?c=41f9aa90-b9d3-43fa-ac40-f737f3015992","https://www.maxpreps.com/nc/football/game/grays-creek-hope-mills-vs-south-view-hope-mills/9-4-2026/?c=41f9aa90-b9d3-43fa-ac40-f737f3015992",1209,"Mills","Mills","https://www.maxpreps.com/nc/grays-creek-hope-mills/football/","https://www.maxpreps.com/nc/south-view-hope-mills/football/","",""
661,"Loris Sc vs South Columbus Tabor City Nc",Football,"North Carolina",9/4/2026,7:30 PM,"The South Columbus Tabor City Nc varsity football team has a game @ Loris Sc (North Carolina).","/inter-state/football/game/loris-sc-vs-south-columbus-tabor-city-nc/9-4-2026/?c=25ae4869-bc6e-40df-89d1-6a3126d898a5","https://www.maxpreps.com/inter-state/football/game/loris-sc-vs-south-columbus-tabor-city-nc/9-4-2026/?c=25ae4869-bc6e-40df-89d1-6a3126d898a5",f62,"Sc","Nc","https://www.maxpreps.com/nc/loris-sc/football/","https://www.maxpreps.com/nc/south-columbus-tabor-city-nc/football/","",""
662,"Hendersonville vs North Henderson Hendersonville",Football,"North Carolina",9/4/2026,7:30 PM,"The North Henderson Hendersonville varsity football team has a game @ Hendersonville (North Carolina).","/nc/football/game/hendersonville-vs-north-henderson-hendersonville/9-4-2026/?c=94f3b089-9122-43ef-b915-23c587d443a4","https://www.maxpreps.com/nc/football/game/hendersonville-vs-north-henderson-hendersonville/9-4-2026/?c=94f3b089-9122-43ef-b915-23c587d443a4",1352,"Hendersonville","Hendersonville","https://www.maxpreps.com/nc/hendersonville/football/","https://www.maxpreps.com/nc/north-henderson-hendersonville/football/","",""
663,"Jesse Carson Cougars China Grove vs Southlake Christian Academy Huntersville",Football,"North Carolina",9/4/2026,7:30 PM,"The Southlake Christian Academy Huntersville varsity football team has a game @ Jesse Carson Cougars China Grove (North Carolina).","/nc/football/game/jesse-carson-cougars-china-grove-vs-southlake-christian-academy-huntersville/9-4-2026/?c=e44a28b8-11a0-4a1a-8b31-6835f234c977","https://www.maxpreps.com/nc/football/game/jesse-carson-cougars-china-grove-vs-southlake-christian-academy-huntersville/9-4-2026/?c=e44a28b8-11a0-4a1a-8b31-6835f234c977",1dc6,"Grove","Huntersville","https://www.maxpreps.com/nc/jesse-carson-cougars-china-grove/football/","https://www.maxpreps.com/nc/southlake-christian-academy-huntersville/football/","",""
664,"Highland Tech Gastonia vs Shelby",Football,"North Carolina",9/4/2026,7:30 PM,"The Shelby varsity football team has a game @ Highland Tech Gastonia (North Carolina).","/nc/football/game/highland-tech-gastonia-vs-shelby/9-4-2026/?c=bb0f002a-91f0-491f-8541-7bc6bde18154","https://www.maxpreps.com/nc/football/game/highland-tech-gastonia-vs-shelby/9-4-2026/?c=bb0f002a-91f0-491f-8541-7bc6bde18154",c5d,"Gastonia","Shelby","https://www.maxpreps.com/nc/highland-tech-gastonia/football/","https://www.maxpreps.com/nc/shelby/football/","",""
665,"Mount Tabor Winston Salem vs Page Greensboro",Football,"North Carolina",9/4/2026,7:30 PM,"The Page Greensboro varsity football team has a game @ Mount Tabor Winston Salem (North Carolina).","/nc/football/game/mount-tabor-winston-salem-vs-page-greensboro/9-4-2026/?c=c5b6dfae-0fd6-43a8-a8fc-75a71a93a25c","https://www.maxpreps.com/nc/football/game/mount-tabor-winston-salem-vs-page-greensboro/9-4-2026/?c=c5b6dfae-0fd6-43a8-a8fc-75a71a93a25c",1139,"Salem","Greensboro","https://www.maxpreps.com/nc/mount-tabor-winston-salem/football/","https://www.maxpreps.com/nc/page-greensboro/football/","",""
666,"Andrews vs Mitchell Bakersville",Football,"North Carolina",9/4/2026,7:30 PM,"The Mitchell Bakersville varsity football team has a game @ Andrews (North Carolina).","/nc/football/game/andrews-vs-mitchell-bakersville/9-4-2026/?c=b763b53f-611e-4169-a793-ca4c19a37d3c","https://www.maxpreps.com/nc/football/game/andrews-vs-mitchell-bakersville/9-4-2026/?c=b763b53f-611e-4169-a793-ca4c19a37d3c",c4a,"Andrews","Bakersville","https://www.maxpreps.com/nc/andrews/football/","https://www.maxpreps.com/nc/mitchell-bakersville/football/","",""
667,"Asheville Christian Academy Swannanoa vs Avery County Newland",Football,"North Carolina",9/4/2026,7:30 PM,"The Avery County Newland varsity football team has a game @ Asheville Christian Academy Swannanoa (North Carolina).","/nc/football/game/asheville-christian-academy-swannanoa-vs-avery-county-newland/9-4-2026/?c=acd1820a-15c5-4bbd-b376-a7d3327a392c","https://www.maxpreps.com/nc/football/game/asheville-christian-academy-swannanoa-vs-avery-county-newland/9-4-2026/?c=acd1820a-15c5-4bbd-b376-a7d3327a392c",17f2,"Swannanoa","Newland","https://www.maxpreps.com/nc/asheville-christian-academy-swannanoa/football/","https://www.maxpreps.com/nc/avery-county-newland/football/","",""
668,"Surry Central Dobson vs West Wilkes Millers Creek",Football,"North Carolina",9/4/2026,7:30 PM,"The West Wilkes Millers Creek varsity football team has a game @ Surry Central Dobson (North Carolina).","/nc/football/game/surry-central-dobson-vs-west-wilkes-millers-creek/9-4-2026/?c=6859fdff-b16f-4607-8b61-dbf85e915875","https://www.maxpreps.com/nc/football/game/surry-central-dobson-vs-west-wilkes-millers-creek/9-4-2026/?c=6859fdff-b16f-4607-8b61-dbf85e915875",132b,"Dobson","Creek","https://www.maxpreps.com/nc/surry-central-dobson/football/","https://www.maxpreps.com/nc/west-wilkes-millers-creek/football/","",""
669,"Walkertown vs West Rowan Mt Ulla",Football,"North Carolina",9/4/2026,7:30 PM,"The West Rowan Mt Ulla varsity football team has a game @ Walkertown (North Carolina).","/nc/football/game/walkertown-vs-west-rowan-mt-ulla/9-4-2026/?c=5a5cfc8d-f77c-4eea-8e67-70a47a4c97fd","https://www.maxpreps.com/nc/football/game/walkertown-vs-west-rowan-mt-ulla/9-4-2026/?c=5a5cfc8d-f77c-4eea-8e67-70a47a4c97fd",c91,"Walkertown","Ulla","https://www.maxpreps.com/nc/walkertown/football/","https://www.maxpreps.com/nc/west-rowan-mt-ulla/football/","",""
670,"Franklin vs Swain County Bryson City",Football,"North Carolina",9/4/2026,7:30 PM,"The Swain County Bryson City varsity football team has a game @ Franklin (North Carolina).","/nc/football/game/franklin-vs-swain-county-bryson-city/9-4-2026/?c=4335d43e-53ea-4d3d-93d4-6fcb0f12dbf4","https://www.maxpreps.com/nc/football/game/franklin-vs-swain-county-bryson-city/9-4-2026/?c=4335d43e-53ea-4d3d-93d4-6fcb0f12dbf4",e39,"Franklin","City","https://www.maxpreps.com/nc/franklin/football/","https://www.maxpreps.com/nc/swain-county-bryson-city/football/","",""
671,"East Henderson East Flat Rock vs Rosman",Football,"North Carolina",9/4/2026,7:30 PM,"The Rosman varsity football team has a game @ East Henderson East Flat Rock (North Carolina).","/nc/football/game/east-henderson-east-flat-rock-vs-rosman/9-4-2026/?c=02557b1b-4853-498b-b485-80c367d51c9e","https://www.maxpreps.com/nc/football/game/east-henderson-east-flat-rock-vs-rosman/9-4-2026/?c=02557b1b-4853-498b-b485-80c367d51c9e",efd,"Rock","Rosman","https://www.maxpreps.com/nc/east-henderson-east-flat-rock/football/","https://www.maxpreps.com/nc/rosman/football/","",""
672,"David W Butler Bulldogs Matthews Nc vs Indian Land Fort Mill Sc",Football,"North Carolina",9/4/2026,7:30 PM,"The Indian Land Fort Mill Sc varsity football team has a game @ David W Butler Bulldogs Matthews Nc (North Carolina).","/inter-state/football/game/david-w-butler-bulldogs-matthews-nc-vs-indian-land-fort-mill-sc/9-4-2026/?c=de7275d4-3b4a-4a2d-a838-d97014dfac5c","https://www.maxpreps.com/inter-state/football/game/david-w-butler-bulldogs-matthews-nc-vs-indian-land-fort-mill-sc/9-4-2026/?c=de7275d4-3b4a-4a2d-a838-d97014dfac5c",17d0,"Nc","Sc","https://www.maxpreps.com/nc/david-w-butler-bulldogs-matthews-nc/football/","https://www.maxpreps.com/nc/indian-land-fort-mill-sc/football/","",""
673,"Al Brown Kannapolis vs Mooresville",Football,"North Carolina",9/4/2026,7:30 PM,"The Mooresville varsity football team has a game @ Al Brown Kannapolis (North Carolina).","/nc/football/game/al-brown-kannapolis-vs-mooresville/9-4-2026/?c=950dec4e-c4fb-4b2b-b82d-ad277d9e486a","https://www.maxpreps.com/nc/football/game/al-brown-kannapolis-vs-mooresville/9-4-2026/?c=950dec4e-c4fb-4b2b-b82d-ad277d9e486a",d73,"Kannapolis","Mooresville","https://www.maxpreps.com/nc/al-brown-kannapolis/football/","https://www.maxpreps.com/nc/mooresville/football/","",""
674,"Mount Zion Christian Academy Durham vs Weldon Stem",Football,"North Carolina",9/4/2026,7:30 PM,"The Weldon Stem varsity football team has a game @ Mount Zion Christian Academy Durham (North Carolina).","/nc/football/game/mount-zion-christian-academy-durham-vs-weldon-stem/9-4-2026/?c=a612786a-a567-4112-8749-2e8c41607de7","https://www.maxpreps.com/nc/football/game/mount-zion-christian-academy-durham-vs-weldon-stem/9-4-2026/?c=a612786a-a567-4112-8749-2e8c41607de7",1373,"Durham","Stem","https://www.maxpreps.com/nc/mount-zion-christian-academy-durham/football/","https://www.maxpreps.com/nc/weldon-stem/football/","",""
675,"Forbush East Bend vs Starmount Boonville",Football,"North Carolina",9/4/2026,7:30 PM,"The Starmount Boonville varsity football team has a game @ Forbush East Bend (North Carolina).","/nc/football/game/forbush-east-bend-vs-starmount-boonville/9-4-2026/?c=5233fb2a-08c3-485e-847f-b1cfa71fe4c6","https://www.maxpreps.com/nc/football/game/forbush-east-bend-vs-starmount-boonville/9-4-2026/?c=5233fb2a-08c3-485e-847f-b1cfa71fe4c6",fc0,"Bend","Boonville","https://www.maxpreps.com/nc/forbush-east-bend/football/","https://www.maxpreps.com/nc/starmount-boonville/football/","",""
676,"Ardrey Kell Charlotte vs Marvin Ridge Waxhaw",Football,"North Carolina",9/4/2026,7:30 PM,"The Marvin Ridge Waxhaw varsity football team has a game @ Ardrey Kell Charlotte (North Carolina).","/nc/football/game/ardrey-kell-charlotte-vs-marvin-ridge-waxhaw/9-4-2026/?c=782a4ce6-760e-48d6-9b10-1d9ebbf2dd66","https://www.maxpreps.com/nc/football/game/ardrey-kell-charlotte-vs-marvin-ridge-waxhaw/9-4-2026/?c=782a4ce6-760e-48d6-9b10-1d9ebbf2dd66",1114,"Charlotte","Waxhaw","https://www.maxpreps.com/nc/ardrey-kell-charlotte/football/","https://www.maxpreps.com/nc/marvin-ridge-waxhaw/football/","",""
677,"Ballantyne Ridge Charlotte vs South Mecklenburg Charlotte",Football,"North Carolina",9/4/2026,7:30 PM,"The South Mecklenburg Charlotte varsity football team has a game @ Ballantyne Ridge Charlotte (North Carolina).","/nc/football/game/ballantyne-ridge-charlotte-vs-south-mecklenburg-charlotte/9-4-2026/?c=65a2bb62-a981-4894-827c-fc81a30ff29a","https://www.maxpreps.com/nc/football/game/ballantyne-ridge-charlotte-vs-south-mecklenburg-charlotte/9-4-2026/?c=65a2bb62-a981-4894-827c-fc81a30ff29a",167a,"Charlotte","Charlotte","https://www.maxpreps.com/nc/ballantyne-ridge-charlotte/football/","https://www.maxpreps.com/nc/south-mecklenburg-charlotte/football/","",""
678,"Enka vs Pisgah Canton",Football,"North Carolina",9/4/2026,7:30 PM,"The Pisgah Canton varsity football team has a game @ Enka (North Carolina).","/nc/football/game/enka-vs-pisgah-canton/9-4-2026/?c=f84c72c5-d60c-45be-adcd-7d3c5795c275","https://www.maxpreps.com/nc/football/game/enka-vs-pisgah-canton/9-4-2026/?c=f84c72c5-d60c-45be-adcd-7d3c5795c275",80e,"Enka","Canton","https://www.maxpreps.com/nc/enka/football/","https://www.maxpreps.com/nc/pisgah-canton/football/","",""
679,"Brevard vs Erwin Asheville",Football,"North Carolina",9/4/2026,7:30 PM,"The Erwin Asheville varsity football team has a game @ Brevard (North Carolina).","/nc/football/game/brevard-vs-erwin-asheville/9-4-2026/?c=8f708bba-9205-48a7-91a6-ad139025b984","https://www.maxpreps.com/nc/football/game/brevard-vs-erwin-asheville/9-4-2026/?c=8f708bba-9205-48a7-91a6-ad139025b984",a38,"Brevard","Asheville","https://www.maxpreps.com/nc/brevard/football/","https://www.maxpreps.com/nc/erwin-asheville/football/","",""
680,"South Caldwell Hudson vs Tuscola Waynesville",Football,"North Carolina",9/4/2026,7:30 PM,"The Tuscola Waynesville varsity football team has a game @ South Caldwell Hudson (North Carolina).","/nc/football/game/south-caldwell-hudson-vs-tuscola-waynesville/9-4-2026/?c=040c929f-6efa-45bd-95b4-e05cb5243bac","https://www.maxpreps.com/nc/football/game/south-caldwell-hudson-vs-tuscola-waynesville/9-4-2026/?c=040c929f-6efa-45bd-95b4-e05cb5243bac",1184,"Hudson","Waynesville","https://www.maxpreps.com/nc/south-caldwell-hudson/football/","https://www.maxpreps.com/nc/tuscola-waynesville/football/","",""
681,"Richmond Senior Rockingham vs Rolesville",Football,"North Carolina",9/4/2026,7:30 PM,"The Rolesville varsity football team has a game @ Richmond Senior Rockingham (North Carolina).","/nc/football/game/richmond-senior-rockingham-vs-rolesville/9-4-2026/?c=e8a1ad14-f56f-4e71-9c10-876e54ff1746","https://www.maxpreps.com/nc/football/game/richmond-senior-rockingham-vs-rolesville/9-4-2026/?c=e8a1ad14-f56f-4e71-9c10-876e54ff1746",fe5,"Rockingham","Rolesville","https://www.maxpreps.com/nc/richmond-senior-rockingham/football/","https://www.maxpreps.com/nc/rolesville/football/","",""
682,"Reidsville vs Ronald Reagan Raiders Pfafftown",Football,"North Carolina",9/4/2026,7:30 PM,"The Ronald Reagan Raiders Pfafftown varsity football team has a game @ Reidsville (North Carolina).","/nc/football/game/reidsville-vs-ronald-reagan-raiders-pfafftown/9-4-2026/?c=7ab2ee26-c8a0-4fc5-927d-db0d9ca81b28","https://www.maxpreps.com/nc/football/game/reidsville-vs-ronald-reagan-raiders-pfafftown/9-4-2026/?c=7ab2ee26-c8a0-4fc5-927d-db0d9ca81b28",11a0,"Reidsville","Pfafftown","https://www.maxpreps.com/nc/reidsville/football/","https://www.maxpreps.com/nc/ronald-reagan-raiders-pfafftown/football/","",""
683,"Eastern Randolph Ramseur vs Union Pines Cameron",Football,"North Carolina",9/4/2026,7:30 PM,"The Union Pines Cameron varsity football team has a game @ Eastern Randolph Ramseur (North Carolina).","/nc/football/game/eastern-randolph-ramseur-vs-union-pines-cameron/9-4-2026/?c=0344b603-2126-4a75-a9a3-a9166c6610f9","https://www.maxpreps.com/nc/football/game/eastern-randolph-ramseur-vs-union-pines-cameron/9-4-2026/?c=0344b603-2126-4a75-a9a3-a9166c6610f9",126d,"Ramseur","Cameron","https://www.maxpreps.com/nc/eastern-randolph-ramseur/football/","https://www.maxpreps.com/nc/union-pines-cameron/football/","",""
684,"East Mecklenburg Charlotte vs Garinger Charlotte",Football,"North Carolina",9/4/2026,7:30 PM,"The Garinger Charlotte varsity football team has a game @ East Mecklenburg Charlotte (North Carolina).","/nc/football/game/east-mecklenburg-charlotte-vs-garinger-charlotte/9-4-2026/?c=747802a5-d47c-441a-bbed-79a24b77c797","https://www.maxpreps.com/nc/football/game/east-mecklenburg-charlotte-vs-garinger-charlotte/9-4-2026/?c=747802a5-d47c-441a-bbed-79a24b77c797",12e1,"Charlotte","Charlotte","https://www.maxpreps.com/nc/east-mecklenburg-charlotte/football/","https://www.maxpreps.com/nc/garinger-charlotte/football/","",""
685,"Bessemer City vs West Lincoln Lincolnton",Football,"North Carolina",9/4/2026,7:30 PM,"The West Lincoln Lincolnton varsity football team has a game @ Bessemer City (North Carolina).","/nc/football/game/bessemer-city-vs-west-lincoln-lincolnton/9-4-2026/?c=495b0952-f5c0-4337-b101-bb0b802a1398","https://www.maxpreps.com/nc/football/game/bessemer-city-vs-west-lincoln-lincolnton/9-4-2026/?c=495b0952-f5c0-4337-b101-bb0b802a1398",fcb,"City","Lincolnton","https://www.maxpreps.com/nc/bessemer-city/football/","https://www.maxpreps.com/nc/west-lincoln-lincolnton/football/","",""
686,"Clayton vs Hoggard Wilmington",Football,"North Carolina",9/4/2026,7:30 PM,"The Hoggard Wilmington varsity football team has a game @ Clayton (North Carolina).","/nc/football/game/clayton-vs-hoggard-wilmington/9-4-2026/?c=a2f160c2-efdf-472a-8bbd-274ac85bfc05","https://www.maxpreps.com/nc/football/game/clayton-vs-hoggard-wilmington/9-4-2026/?c=a2f160c2-efdf-472a-8bbd-274ac85bfc05",b8e,"Clayton","Wilmington","https://www.maxpreps.com/nc/clayton/football/","https://www.maxpreps.com/nc/hoggard-wilmington/football/","",""
687,"Bunker Hill Claremont vs Hickory",Football,"North Carolina",9/4/2026,7:30 PM,"The Hickory varsity football team has a game @ Bunker Hill Claremont (North Carolina).","/nc/football/game/bunker-hill-claremont-vs-hickory/9-4-2026/?c=80a4e6ab-3ad3-4499-88df-3351e721fb37","https://www.maxpreps.com/nc/football/game/bunker-hill-claremont-vs-hickory/9-4-2026/?c=80a4e6ab-3ad3-4499-88df-3351e721fb37",c8b,"Claremont","Hickory","https://www.maxpreps.com/nc/bunker-hill-claremont/football/","https://www.maxpreps.com/nc/hickory/football/","",""
688,"Carolina Forest Myrtle Beach Sc vs New Hanover Wilmington Nc",Football,"North Carolina",9/4/2026,7:30 PM,"The New Hanover Wilmington Nc varsity football team has a game @ Carolina Forest Myrtle Beach Sc (North Carolina).","/inter-state/football/game/carolina-forest-myrtle-beach-sc-vs-new-hanover-wilmington-nc/9-4-2026/?c=58c97c75-bb26-49b9-9d8b-f930bbdadb6f","https://www.maxpreps.com/inter-state/football/game/carolina-forest-myrtle-beach-sc-vs-new-hanover-wilmington-nc/9-4-2026/?c=58c97c75-bb26-49b9-9d8b-f930bbdadb6f",1716,"Sc","Nc","https://www.maxpreps.com/nc/carolina-forest-myrtle-beach-sc/football/","https://www.maxpreps.com/nc/new-hanover-wilmington-nc/football/","",""
689,"Cherryville vs Lincolnton",Football,"North Carolina",9/4/2026,7:30 PM,"The Lincolnton varsity football team has a game @ Cherryville (North Carolina).","/nc/football/game/cherryville-vs-lincolnton/9-4-2026/?c=376f32f2-b42b-484b-a977-67016ddf8c0c","https://www.maxpreps.com/nc/football/game/cherryville-vs-lincolnton/9-4-2026/?c=376f32f2-b42b-484b-a977-67016ddf8c0c",a2c,"Cherryville","Lincolnton","https://www.maxpreps.com/nc/cherryville/football/","https://www.maxpreps.com/nc/lincolnton/football/","",""
690,"Cape Fear Fayetteville vs Jack Britt Fayetteville",Football,"North Carolina",9/4/2026,7:30 PM,"The Jack Britt Fayetteville varsity football team has a game @ Cape Fear Fayetteville (North Carolina).","/nc/football/game/cape-fear-fayetteville-vs-jack-britt-fayetteville/9-4-2026/?c=f06b83db-08db-459e-b012-9c57b37fc467","https://www.maxpreps.com/nc/football/game/cape-fear-fayetteville-vs-jack-britt-fayetteville/9-4-2026/?c=f06b83db-08db-459e-b012-9c57b37fc467",1308,"Fayetteville","Fayetteville","https://www.maxpreps.com/nc/cape-fear-fayetteville/football/","https://www.maxpreps.com/nc/jack-britt-fayetteville/football/","",""
691,"Hibriten Lenoir vs St Stephens Hickory",Football,"North Carolina",9/4/2026,7:30 PM,"The St Stephens Hickory varsity football team has a game @ Hibriten Lenoir (North Carolina).","/nc/football/game/hibriten-lenoir-vs-st-stephens-hickory/9-4-2026/?c=5dbb321c-4452-49f5-8097-188c5cef6850","https://www.maxpreps.com/nc/football/game/hibriten-lenoir-vs-st-stephens-hickory/9-4-2026/?c=5dbb321c-4452-49f5-8097-188c5cef6850",ef2,"Lenoir","Hickory","https://www.maxpreps.com/nc/hibriten-lenoir/football/","https://www.maxpreps.com/nc/st-stephens-hickory/football/","",""
692,"Spanish River Boca Raton vs West Boca Raton",Football,"North Carolina",9/4/2026,7:30 PM,"The West Boca Raton varsity football team has a game @ Spanish River Boca Raton (North Carolina).","/fl/football/game/spanish-river-boca-raton-vs-west-boca-raton/9-4-2026/?c=2df94f0f-5814-4cd6-830e-fadc7220adf3","https://www.maxpreps.com/fl/football/game/spanish-river-boca-raton-vs-west-boca-raton/9-4-2026/?c=2df94f0f-5814-4cd6-830e-fadc7220adf3",1077,"Raton","Raton","https://www.maxpreps.com/nc/spanish-river-boca-raton/football/","https://www.maxpreps.com/nc/west-boca-raton/football/","",""
693,"Columbus Miami vs St Thomas Aquinas Fort Lauderdale",Football,"North Carolina",9/4/2026,7:30 PM,"The St Thomas Aquinas Fort Lauderdale varsity football team has a game @ Columbus Miami (North Carolina).","/fl/football/game/columbus-miami-vs-st-thomas-aquinas-fort-lauderdale/9-4-2026/?c=4c5013d0-411d-428c-aecc-b0ec69545c96","https://www.maxpreps.com/fl/football/game/columbus-miami-vs-st-thomas-aquinas-fort-lauderdale/9-4-2026/?c=4c5013d0-411d-428c-aecc-b0ec69545c96",13ce,"Miami","Lauderdale","https://www.maxpreps.com/nc/columbus-miami/football/","https://www.maxpreps.com/nc/st-thomas-aquinas-fort-lauderdale/football/","",""
694,"St Frances Academy Baltimore Md vs Vero Beach Fl",Football,"North Carolina",9/4/2026,7:30 PM,"The Vero Beach Fl varsity football team has a game @ St Frances Academy Baltimore Md (North Carolina).","/inter-state/football/game/st-frances-academy-baltimore-md-vs-vero-beach-fl/9-4-2026/?c=8657235a-0e5e-4c65-a4cf-5afea036220b","https://www.maxpreps.com/inter-state/football/game/st-frances-academy-baltimore-md-vs-vero-beach-fl/9-4-2026/?c=8657235a-0e5e-4c65-a4cf-5afea036220b",11ff,"Md","Fl","https://www.maxpreps.com/nc/st-frances-academy-baltimore-md/football/","https://www.maxpreps.com/nc/vero-beach-fl/football/","",""
695,"Brownsburg vs Franklin Central Indianapolis",Football,"North Carolina",9/4/2026,7:30 PM,"The Franklin Central Indianapolis varsity football team has a game @ Brownsburg (North Carolina).","/in/football/game/brownsburg-vs-franklin-central-indianapolis/9-4-2026/?c=955cbe28-7675-45ea-b98c-0ef9ca963cf1","https://www.maxpreps.com/in/football/game/brownsburg-vs-franklin-central-indianapolis/9-4-2026/?c=955cbe28-7675-45ea-b98c-0ef9ca963cf1",1121,"Brownsburg","Indianapolis","https://www.maxpreps.com/nc/brownsburg/football/","https://www.maxpreps.com/nc/franklin-central-indianapolis/football/","",""
696,"Lee County Leesburg vs Sequoyah Canton",Football,"North Carolina",9/4/2026,7:30 PM,"The Sequoyah Canton varsity football team has a game @ Lee County Leesburg (North Carolina).","/ga/football/game/lee-county-leesburg-vs-sequoyah-canton/9-4-2026/?c=7610023d-8fa5-4efe-8b56-1d730dbb3b61","https://www.maxpreps.com/ga/football/game/lee-county-leesburg-vs-sequoyah-canton/9-4-2026/?c=7610023d-8fa5-4efe-8b56-1d730dbb3b61",eed,"Leesburg","Canton","https://www.maxpreps.com/nc/lee-county-leesburg/football/","https://www.maxpreps.com/nc/sequoyah-canton/football/","",""
697,"Brentwood Academy Tn vs St Josephs Prep Philadelphia Pa",Football,"North Carolina",9/4/2026,7:30 PM,"The St Josephs Prep Philadelphia Pa varsity football team has a game @ Brentwood Academy Tn (North Carolina).","/inter-state/football/game/brentwood-academy-tn-vs-st-josephs-prep-philadelphia-pa/9-4-2026/?c=ed5acb23-ac8e-4678-b125-34e32de77c48","https://www.maxpreps.com/inter-state/football/game/brentwood-academy-tn-vs-st-josephs-prep-philadelphia-pa/9-4-2026/?c=ed5acb23-ac8e-4678-b125-34e32de77c48",152b,"Tn","Pa","https://www.maxpreps.com/nc/brentwood-academy-tn/football/","https://www.maxpreps.com/nc/st-josephs-prep-philadelphia-pa/football/","",""
698,"Carrollton Ga vs Catholic Br Bears Baton Rouge La",Football,"North Carolina",9/4/2026,7:30 PM,"The Catholic Br Bears Baton Rouge La varsity football team has a game @ Carrollton Ga (North Carolina).","/inter-state/football/game/carrollton-ga-vs-catholic-br-bears-baton-rouge-la/9-4-2026/?c=e1dcde90-b8ab-454b-9b12-6974776f6af0","https://www.maxpreps.com/inter-state/football/game/carrollton-ga-vs-catholic-br-bears-baton-rouge-la/9-4-2026/?c=e1dcde90-b8ab-454b-9b12-6974776f6af0",1284,"Ga","La","https://www.maxpreps.com/nc/carrollton-ga/football/","https://www.maxpreps.com/nc/catholic-br-bears-baton-rouge-la/football/","",""
699,"Thompson Alabaster vs Vestavia Hills",Football,"North Carolina",9/4/2026,7:30 PM,"The Vestavia Hills varsity football team has a game @ Thompson Alabaster (North Carolina).","/al/football/game/thompson-alabaster-vs-vestavia-hills/9-4-2026/?c=592c6bca-5e37-4616-9dee-75190a10da96","https://www.maxpreps.com/al/football/game/thompson-alabaster-vs-vestavia-hills/9-4-2026/?c=592c6bca-5e37-4616-9dee-75190a10da96",e43,"Alabaster","Hills","https://www.maxpreps.com/nc/thompson-alabaster/football/","https://www.maxpreps.com/nc/vestavia-hills/football/","",""
700,"Allen vs Desoto",Football,"North Carolina",9/4/2026,7:30 PM,"The Desoto varsity football team has a game @ Allen (North Carolina).","/tx/football/game/allen-vs-desoto/9-4-2026/?c=1e1ac24c-e7af-4a4c-bd2a-2c3503a01558","https://www.maxpreps.com/tx/football/game/allen-vs-desoto/9-4-2026/?c=1e1ac24c-e7af-4a4c-bd2a-2c3503a01558",5dd,"Allen","Desoto","https://www.maxpreps.com/nc/allen/football/","https://www.maxpreps.com/nc/desoto/football/","",""
701,"Bishop Gorman Las Vegas Nv vs Lone Peak Highland Ut",Football,"North Carolina",9/4/2026,7:30 PM,"The Lone Peak Highland Ut varsity football team has a game @ Bishop Gorman Las Vegas Nv (North Carolina).","/inter-state/football/game/bishop-gorman-las-vegas-nv-vs-lone-peak-highland-ut/9-4-2026/?c=29b1621b-f35c-4b32-9edc-53e708acc330","https://www.maxpreps.com/inter-state/football/game/bishop-gorman-las-vegas-nv-vs-lone-peak-highland-ut/9-4-2026/?c=29b1621b-f35c-4b32-9edc-53e708acc330",1338,"Nv","Ut","https://www.maxpreps.com/nc/bishop-gorman-las-vegas-nv/football/","https://www.maxpreps.com/nc/lone-peak-highland-ut/football/","",""
702,"Pittsburg vs St John Bosco Bellflower",Football,"North Carolina",9/4/2026,7:30 PM,"The St John Bosco Bellflower varsity football team has a game @ Pittsburg (North Carolina).","/ca/football/game/pittsburg-vs-st-john-bosco-bellflower/9-4-2026/?c=ae4d8580-8f49-4705-b047-48c5ec08888e","https://www.maxpreps.com/ca/football/game/pittsburg-vs-st-john-bosco-bellflower/9-4-2026/?c=ae4d8580-8f49-4705-b047-48c5ec08888e",e88,"Pittsburg","Bellflower","https://www.maxpreps.com/nc/pittsburg/football/","https://www.maxpreps.com/nc/st-john-bosco-bellflower/football/","",""
703,"Mater Dei Santa Ana Ca vs Valor Christian Highlands Ranch Co",Football,"North Carolina",9/4/2026,7:30 PM,"The Valor Christian Highlands Ranch Co varsity football team has a game @ Mater Dei Santa Ana Ca (North Carolina).","/inter-state/football/game/mater-dei-santa-ana-ca-vs-valor-christian-highlands-ranch-co/9-4-2026/?c=93f7f59a-3c65-495e-bcef-c907ecb04034","https://www.maxpreps.com/inter-state/football/game/mater-dei-santa-ana-ca-vs-valor-christian-highlands-ranch-co/9-4-2026/?c=93f7f59a-3c65-495e-bcef-c907ecb04034",167a,"Ca","Co","https://www.maxpreps.com/nc/mater-dei-santa-ana-ca/football/","https://www.maxpreps.com/nc/valor-christian-highlands-ranch-co/football/","",""
704,"Arbor View Las Vegas Nv vs Hamilton Chandler Az",Football,"North Carolina",9/4/2026,7:30 PM,"The Hamilton Chandler Az varsity football team has a game @ Arbor View Las Vegas Nv (North Carolina).","/inter-state/football/game/arbor-view-las-vegas-nv-vs-hamilton-chandler-az/9-4-2026/?c=4d6c7ace-3a91-4768-b267-66760bd60042","https://www.maxpreps.com/inter-state/football/game/arbor-view-las-vegas-nv-vs-hamilton-chandler-az/9-4-2026/?c=4d6c7ace-3a91-4768-b267-66760bd60042",11d4,"Nv","Az","https://www.maxpreps.com/nc/arbor-view-las-vegas-nv/football/","https://www.maxpreps.com/nc/hamilton-chandler-az/football/","",""
705,"Highland Palmdale vs Santa Margarita Rancho Santa Margarita",Football,"North Carolina",9/4/2026,7:30 PM,"The Santa Margarita Rancho Santa Margarita varsity football team has a game @ Highland Palmdale (North Carolina).","/ca/football/game/highland-palmdale-vs-santa-margarita-rancho-santa-margarita/9-4-2026/?c=9d91d9ff-fc93-4e18-afff-7927b2f5f358","https://www.maxpreps.com/ca/football/game/highland-palmdale-vs-santa-margarita-rancho-santa-margarita/9-4-2026/?c=9d91d9ff-fc93-4e18-afff-7927b2f5f358",16bc,"Palmdale","Margarita","https://www.maxpreps.com/nc/highland-palmdale/football/","https://www.maxpreps.com/nc/santa-margarita-rancho-santa-margarita/football/","",""
706,"Basha Chandler Az vs Orange Lutheran Ca",Football,"North Carolina",9/4/2026,7:30 PM,"The Orange Lutheran Ca varsity football team has a game @ Basha Chandler Az (North Carolina).","/inter-state/football/game/basha-chandler-az-vs-orange-lutheran-ca/9-4-2026/?c=2fa972d5-6466-4981-a23b-8c675df63750","https://www.maxpreps.com/inter-state/football/game/basha-chandler-az-vs-orange-lutheran-ca/9-4-2026/?c=2fa972d5-6466-4981-a23b-8c675df63750",eb5,"Az","Ca","https://www.maxpreps.com/nc/basha-chandler-az/football/","https://www.maxpreps.com/nc/orange-lutheran-ca/football/","",""
707,"Bixby vs Stillwater",Football,"Oklahoma",9/4/2026,7:30 PM,"The Stillwater varsity football team has a game @ Bixby (Oklahoma).","/ok/football/game/bixby-vs-stillwater/9-4-2026/?c=152470d2-a34d-4c14-9780-745c8023a8b8","https://www.maxpreps.com/ok/football/game/bixby-vs-stillwater/9-4-2026/?c=152470d2-a34d-4c14-9780-745c8023a8b8",7ac,"Pioneers","Spartans","https://www.maxpreps.com/ok/bixby/football/","https://www.maxpreps.com/ok/stillwater/football/","https://image.maxpreps.io/school-mascot/7/5/a/75a854ef-747f-4b4d-b96a-af06874ffd55.gif?version=634170158400000000&amp;width=128&amp;height=128&amp;auto=webp&amp;format=pjpg","https://image.maxpreps.io/school-mascot/5/d/2/5d2fd0ac-98d4-4a9d-8b67-3721b7af6e99.gif?version=638030062200000000&amp;width=128&amp;height=128&amp;auto=webp&amp;format=pjpg"
708,"Broken Arrow vs Union Tulsa",Football,"Oklahoma",9/4/2026,7:30 PM,"The Union Tulsa varsity football team has a game @ Broken Arrow (Oklahoma).","/ok/football/game/broken-arrow-vs-union-tulsa/9-4-2026/?c=22c532f0-5c50-4d10-aa7d-8b07bc7e6ca5","https://www.maxpreps.com/ok/football/game/broken-arrow-vs-union-tulsa/9-4-2026/?c=22c532f0-5c50-4d10-aa7d-8b07bc7e6ca5",a9b,"Tigers","Redhawks","https://www.maxpreps.com/ok/broken-arrow/football/","https://www.maxpreps.com/ok/union-tulsa/football/","https://image.maxpreps.io/school-mascot/1/a/f/1af41bd9-49d9-4046-b7c7-c0c87ef73d9b.gif?version=636283689000000000&amp;width=128&amp;height=128&amp;auto=webp&amp;format=pjpg","https://image.maxpreps.io/school-mascot/e/2/e/e2ec4860-1c8e-434f-8b2d-19069b61d263.gif?version=636820188000000000&amp;width=128&amp;height=128&amp;auto=webp&amp;format=pjpg"
709,"Sulphur vs Washington",Football,"Oklahoma",9/4/2026,7:30 PM,"The Washington varsity football team has a game @ Sulphur (Oklahoma).","/ok/football/game/sulphur-vs-washington/9-4-2026/?c=5ff5623c-eef6-451f-a8cb-4f5860c632a2","https://www.maxpreps.com/ok/football/game/sulphur-vs-washington/9-4-2026/?c=5ff5623c-eef6-451f-a8cb-4f5860c632a2",898,"Warriors","Bulldogs","https://www.maxpreps.com/ok/sulphur/football/","https://www.maxpreps.com/ok/washington/football/","https://image.maxpreps.io/school-mascot/8/8/0/880d5126-9cf1-420d-96b0-f3bea1625437.gif?version=639227447819274430&amp;width=128&amp;height=128&amp;auto=webp&amp;format=pjpg","https://image.maxpreps.io/school-mascot/8/8/0/880d5126-9cf1-420d-96b0-f3bea1625437.gif?version=639227447819274430&amp;width=64&amp;height=64&amp;auto=webp&amp;format=pjpg"
710,"Christian Heritage Del City vs Frederick",Football,"Oklahoma",9/4/2026,7:30 PM,"The Frederick varsity football team has a game @ Christian Heritage Del City (Oklahoma).","/ok/football/game/christian-heritage-del-city-vs-frederick/9-4-2026/?c=3d831a7b-0211-4dea-8928-fb697d86601a","https://www.maxpreps.com/ok/football/game/christian-heritage-del-city-vs-frederick/9-4-2026/?c=3d831a7b-0211-4dea-8928-fb697d86601a",f75,"Bombers","Crusaders","https://www.maxpreps.com/ok/christian-heritage-del-city/football/","https://www.maxpreps.com/ok/frederick/football/","https://image.maxpreps.io/school-mascot/c/b/f/cbfc4bb8-3e46-4f70-94cd-b0f3a556c9d3.gif?version=639219692807075860&amp;width=128&amp;height=128&amp;auto=webp&amp;format=pjpg","https://image.maxpreps.io/school-mascot/1/1/8/11827e90-4304-467c-8e88-ae60139aec8c.gif?version=638417769000000000&amp;width=128&amp;height=128&amp;auto=webp&amp;format=pjpg"
711,"Copan vs Crossover Prep Tulsa",Football,"Oklahoma",9/4/2026,7:30 PM,"The Crossover Prep Tulsa varsity football team has a game @ Copan (Oklahoma).","/ok/football/game/copan-vs-crossover-prep-tulsa/9-4-2026/?c=4c78ff93-3e84-440d-8810-eca80d82eb8b","https://www.maxpreps.com/ok/football/game/copan-vs-crossover-prep-tulsa/9-4-2026/?c=4c78ff93-3e84-440d-8810-eca80d82eb8b",b74,"Hornets","Lions","https://www.maxpreps.com/ok/copan/football/","https://www.maxpreps.com/ok/crossover-prep-tulsa/football/","https://image.maxpreps.io/school-mascot/e/8/1/e81c825b-e572-468a-b8f3-6377bc413007.gif?version=634504653000000000&amp;width=128&amp;height=128&amp;auto=webp&amp;format=pjpg","https://image.maxpreps.io/school-mascot/7/5/1/75185337-7332-4aad-a591-e3ea31fb5c98.gif?version=638034042600000000&amp;width=128&amp;height=128&amp;auto=webp&amp;format=pjpg"
712,"Cornerstone Joplin Mo vs Hartford Ks",Football,"Oklahoma",9/4/2026,7:30 PM,"The Hartford Ks varsity football team has a game @ Cornerstone Joplin Mo (Oklahoma).","/inter-state/football/game/cornerstone-joplin-mo-vs-hartford-ks/9-4-2026/?c=c2ed58ed-1462-4620-a00c-c543834f4047","https://www.maxpreps.com/inter-state/football/game/cornerstone-joplin-mo-vs-hartford-ks/9-4-2026/?c=c2ed58ed-1462-4620-a00c-c543834f4047",e1c,"Spartans","Jaguars","https://www.maxpreps.com/ok/cornerstone-joplin-mo/football/","https://www.maxpreps.com/ok/hartford-ks/football/","https://image.maxpreps.io/school-mascot/8/5/f/85fb4478-1d6a-4a9f-a74d-90f832704bf4.gif?version=635344471200000000&amp;width=128&amp;height=128&amp;auto=webp&amp;format=pjpg","https://image.maxpreps.io/school-mascot/5/1/2/512fb0d3-1990-4430-8b44-bb36cd8a5b9e.gif?version=635288724000000000&amp;width=128&amp;height=128&amp;auto=webp&amp;format=pjpg"
713,"Hollis vs Okeene",Football,"Oklahoma",9/4/2026,7:30 PM,"The Okeene varsity football team has a game @ Hollis (Oklahoma).","/ok/football/game/hollis-vs-okeene/9-4-2026/?c=ff43780a-efd1-48d3-a6ff-608fe434b7cd","https://www.maxpreps.com/ok/football/game/hollis-vs-okeene/9-4-2026/?c=ff43780a-efd1-48d3-a6ff-608fe434b7cd",645,"Tigers","Whippets","https://www.maxpreps.com/ok/hollis/football/","https://www.maxpreps.com/ok/okeene/football/","https://image.maxpreps.io/school-mascot/7/e/8/7e85f062-07aa-4fc7-8a33-130da5e05cab.gif?version=637190490600000000&amp;width=128&amp;height=128&amp;auto=webp&amp;format=pjpg","https://image.maxpreps.io/school-mascot/7/e/8/7e85f062-07aa-4fc7-8a33-130da5e05cab.gif?version=637190490600000000&amp;width=64&amp;height=64&amp;auto=webp&amp;format=pjpg"
714,"Bristow vs Cushing",Football,"Oklahoma",9/4/2026,7:30 PM,"The Cushing varsity football team has a game @ Bristow (Oklahoma).","/ok/football/game/bristow-vs-cushing/9-4-2026/?c=d49b4b91-75f0-4fd3-a2da-8c23651c4bbc","https://www.maxpreps.com/ok/football/game/bristow-vs-cushing/9-4-2026/?c=d49b4b91-75f0-4fd3-a2da-8c23651c4bbc",73e,"Purple Pirates","Tigers","https://www.maxpreps.com/ok/bristow/football/","https://www.maxpreps.com/ok/cushing/football/","https://image.maxpreps.io/school-mascot/9/6/7/96706525-d550-43e8-99ed-7e58d6036490.gif?version=636098847600000000&amp;width=128&amp;height=128&amp;auto=webp&amp;format=pjpg","https://image.maxpreps.io/school-mascot/6/4/9/649e7b97-ceb3-43aa-88c5-f3717f8cf2e9.gif?version=635913114000000000&amp;width=128&amp;height=128&amp;auto=webp&amp;format=pjpg"
715,"Chickasha vs Woodward",Football,"Oklahoma",9/4/2026,7:30 PM,"The Woodward varsity football team has a game @ Chickasha (Oklahoma).","/ok/football/game/chickasha-vs-woodward/9-4-2026/?c=d6f0e6a2-445b-4f3c-bd69-e4ff5cb24d86","https://www.maxpreps.com/ok/football/game/chickasha-vs-woodward/9-4-2026/?c=d6f0e6a2-445b-4f3c-bd69-e4ff5cb24d86",849,"Boomers","Fightin Chicks","https://www.maxpreps.com/ok/chickasha/football/","https://www.maxpreps.com/ok/woodward/football/","https://image.maxpreps.io/school-mascot/7/3/f/73f0737a-86ae-48ed-8e81-8622509b9d12.gif?version=636485838000000000&amp;width=128&amp;height=128&amp;auto=webp&amp;format=pjpg","https://image.maxpreps.io/school-mascot/7/3/f/73f0737a-86ae-48ed-8e81-8622509b9d12.gif?version=636485838000000000&amp;width=64&amp;height=64&amp;auto=webp&amp;format=pjpg"
716,"Caney Valley Ramona vs Chouteau Mazie",Football,"Oklahoma",9/4/2026,7:30 PM,"The Chouteau Mazie varsity football team has a game @ Caney Valley Ramona (Oklahoma).","/ok/football/game/caney-valley-ramona-vs-chouteau-mazie/9-4-2026/?c=2324e6cb-caaf-4263-a336-2a52cd31d7fd","https://www.maxpreps.com/ok/football/game/caney-valley-ramona-vs-chouteau-mazie/9-4-2026/?c=2324e6cb-caaf-4263-a336-2a52cd31d7fd",e59,"Trojans","Wildcats","https://www.maxpreps.com/ok/caney-valley-ramona/football/","https://www.maxpreps.com/ok/chouteau-mazie/football/","https://image.maxpreps.io/school-mascot/f/f/d/ffda13d1-4ada-4bf9-bbbd-eca08a70995c.gif?version=637690243800000000&amp;width=128&amp;height=128&amp;auto=webp&amp;format=pjpg","https://image.maxpreps.io/school-mascot/6/e/a/6ea6f8b1-a44d-4ecd-9a34-e35f1f72b2b7.gif?version=634256766600000000&amp;width=128&amp;height=128&amp;auto=webp&amp;format=pjpg"
717,"Gentry Ar vs Jay Ok",Football,"Oklahoma",9/4/2026,7:30 PM,"The Jay Ok varsity football team has a game @ Gentry Ar (Oklahoma).","/inter-state/football/game/gentry-ar-vs-jay-ok/9-4-2026/?c=b0944af6-5966-4f4f-8bb2-21cbede5d0ea","https://www.maxpreps.com/inter-state/football/game/gentry-ar-vs-jay-ok/9-4-2026/?c=b0944af6-5966-4f4f-8bb2-21cbede5d0ea",727,"Bulldogs","Pioneers","https://www.maxpreps.com/ok/gentry-ar/football/","https://www.maxpreps.com/ok/jay-ok/football/","https://image.maxpreps.io/school-mascot/6/9/2/6929b910-6858-4463-8e1b-8ac2d72956f9.gif?version=636708777000000000&amp;width=128&amp;height=128&amp;auto=webp&amp;format=pjpg","https://image.maxpreps.io/school-mascot/d/4/9/d49846be-680b-4bf0-876a-8eb4b9c92e85.gif?version=636992382600000000&amp;width=128&amp;height=128&amp;auto=webp&amp;format=pjpg"
718,"Anadarko vs Kiefer",Football,"Oklahoma",9/4/2026,7:30 PM,"The Kiefer varsity football team has a game @ Anadarko (Oklahoma).","/ok/football/game/anadarko-vs-kiefer/9-4-2026/?c=e9667d58-4b49-4c6c-b6fd-80f48e024c94","https://www.maxpreps.com/ok/football/game/anadarko-vs-kiefer/9-4-2026/?c=e9667d58-4b49-4c6c-b6fd-80f48e024c94",6fa,"Trojans","Warriors","https://www.maxpreps.com/ok/anadarko/football/","https://www.maxpreps.com/ok/kiefer/football/","https://image.maxpreps.io/school-mascot/8/c/2/8c2f1b63-7cc7-40ea-9f6e-282e28e06368.gif?version=636733912800000000&amp;width=128&amp;height=128&amp;auto=webp&amp;format=pjpg","https://image.maxpreps.io/school-mascot/d/5/f/d5f78303-c3eb-405f-91be-fd571f01513e.gif?version=635482676400000000&amp;width=128&amp;height=128&amp;auto=webp&amp;format=pjpg"
719,"Holland Hall Tulsa vs Victory Christian Tulsa",Football,"Oklahoma",9/4/2026,7:30 PM,"The Victory Christian Tulsa varsity football team has a game @ Holland Hall Tulsa (Oklahoma).","/ok/football/game/holland-hall-tulsa-vs-victory-christian-tulsa/9-4-2026/?c=5e7c10d6-e8c9-4d4e-8435-6a99d7f5549a","https://www.maxpreps.com/ok/football/game/holland-hall-tulsa-vs-victory-christian-tulsa/9-4-2026/?c=5e7c10d6-e8c9-4d4e-8435-6a99d7f5549a",11a1,"Dutch","Conquerors","https://www.maxpreps.com/ok/holland-hall-tulsa/football/","https://www.maxpreps.com/ok/victory-christian-tulsa/football/","https://image.maxpreps.io/school-mascot/7/c/e/7cec587b-a30b-4848-af6c-4b8a18b97e43.gif?version=636708777000000000&amp;width=128&amp;height=128&amp;auto=webp&amp;format=pjpg","https://image.maxpreps.io/school-mascot/a/d/d/add354f0-8e4f-46cf-89d1-9525ba4fc37e.gif?version=638344480200000000&amp;width=128&amp;height=128&amp;auto=webp&amp;format=pjpg"
720,"Cascia Hall Tulsa vs Rejoice Christian Owasso",Football,"Oklahoma",9/4/2026,7:30 PM,"The Rejoice Christian Owasso varsity football team has a game @ Cascia Hall Tulsa (Oklahoma).","/ok/football/game/cascia-hall-tulsa-vs-rejoice-christian-owasso/9-4-2026/?c=a72eace3-9cfe-4129-96b0-630eceb5d28a","https://www.maxpreps.com/ok/football/game/cascia-hall-tulsa-vs-rejoice-christian-owasso/9-4-2026/?c=a72eace3-9cfe-4129-96b0-630eceb5d28a",1167,"Eagles","Commandos","https://www.maxpreps.com/ok/cascia-hall-tulsa/football/","https://www.maxpreps.com/ok/rejoice-christian-owasso/football/","https://image.maxpreps.io/school-mascot/6/c/7/6c7b49e6-2d0a-4323-9e3e-a7e5bd2fa9fa.gif?version=636899006400000000&amp;width=128&amp;height=128&amp;auto=webp&amp;format=pjpg","https://image.maxpreps.io/school-mascot/e/3/4/e340ab0a-d7a3-49d6-873d-8288f7daf032.gif?version=638784931523246670&amp;width=128&amp;height=128&amp;auto=webp&amp;format=pjpg"
721,"Beaver vs Temple",Football,"Oklahoma",9/4/2026,7:30 PM,"The Temple varsity football team has a game @ Beaver (Oklahoma).","/ok/football/game/beaver-vs-temple/9-4-2026/?c=a29e185b-d28f-4818-81ae-eae012956256","https://www.maxpreps.com/ok/football/game/beaver-vs-temple/9-4-2026/?c=a29e185b-d28f-4818-81ae-eae012956256",63f,"Tigers","Dusters","https://www.maxpreps.com/ok/beaver/football/","https://www.maxpreps.com/ok/temple/football/","https://image.maxpreps.io/school-mascot/7/d/d/7dd91451-471b-4aa1-85ab-ff83baa4474c.gif?version=637084735200000000&amp;width=128&amp;height=128&amp;auto=webp&amp;format=pjpg","https://image.maxpreps.io/school-mascot/7/d/d/7dd91451-471b-4aa1-85ab-ff83baa4474c.gif?version=637084735200000000&amp;width=64&amp;height=64&amp;auto=webp&amp;format=pjpg"
722,"Coweta vs Pryor",Football,"Oklahoma",9/4/2026,7:30 PM,"The Pryor varsity football team has a game @ Coweta (Oklahoma).","/ok/football/game/coweta-vs-pryor/9-4-2026/?c=2e3635f6-cabb-46da-ab21-180ace98e01b","https://www.maxpreps.com/ok/football/game/coweta-vs-pryor/9-4-2026/?c=2e3635f6-cabb-46da-ab21-180ace98e01b",602,"Tigers","Tigers","https://www.maxpreps.com/ok/coweta/football/","https://www.maxpreps.com/ok/pryor/football/","https://image.maxpreps.io/school-mascot/7/8/b/78b5e5be-2c9d-4319-93e6-0c997139f8dd.gif?version=635423217600000000&amp;width=128&amp;height=128&amp;auto=webp&amp;format=pjpg","https://image.maxpreps.io/school-mascot/d/e/0/de00c880-d25e-4896-8ec6-fdfecc5b1ccc.gif?version=636256286400000000&amp;width=128&amp;height=128&amp;auto=webp&amp;format=pjpg"
723,"Afton vs Commerce",Football,"Oklahoma",9/4/2026,7:30 PM,"The Commerce varsity football team has a game @ Afton (Oklahoma).","/ok/football/game/afton-vs-commerce/9-4-2026/?c=da367bc6-f92c-490f-811c-c29c4e77c123","https://www.maxpreps.com/ok/football/game/afton-vs-commerce/9-4-2026/?c=da367bc6-f92c-490f-811c-c29c4e77c123",6a6,"Eagles","Tigers","https://www.maxpreps.com/ok/afton/football/","https://www.maxpreps.com/ok/commerce/football/","https://image.maxpreps.io/school-mascot/7/5/2/7528476e-4623-4c8c-ae6c-43ff59246d7a.gif?version=637085551200000000&amp;width=128&amp;height=128&amp;auto=webp&amp;format=pjpg","https://image.maxpreps.io/school-mascot/c/7/1/c71d61ef-4a7c-4878-8f80-2ddea6cd38b1.gif?version=635450936400000000&amp;width=128&amp;height=128&amp;auto=webp&amp;format=pjpg"
724,"Konawa Ok vs Non Varsity Opponent Intl",Football,"Oklahoma",9/4/2026,7:30 PM,"The Non Varsity Opponent Intl varsity football team has a game @ Konawa Ok (Oklahoma).","/ok/football/game/konawa-ok-vs-non-varsity-opponent-intl/9-4-2026/?c=7ee31cf5-b72c-49ee-a694-622c86f7ed9a","https://www.maxpreps.com/ok/football/game/konawa-ok-vs-non-varsity-opponent-intl/9-4-2026/?c=7ee31cf5-b72c-49ee-a694-622c86f7ed9a",ed9,"Tigers","TBD","https://www.maxpreps.com/ok/konawa-ok/football/","https://www.maxpreps.com/ok/non-varsity-opponent-intl/football/","https://image.maxpreps.io/school-mascot/6/8/2/682d3cae-67bf-4490-81e8-1313a37c61a4.gif?version=636180822000000000&amp;width=128&amp;height=128&amp;auto=webp&amp;format=pjpg","https://image.maxpreps.io/school-mascot/6/8/2/682d3cae-67bf-4490-81e8-1313a37c61a4.gif?version=636180822000000000&amp;width=64&amp;height=64&amp;auto=webp&amp;format=pjpg"
725,"Holland Hall Tulsa Ok vs Non Varsity Opponent Intl",Football,"Oklahoma",9/4/2026,7:30 PM,"The Non Varsity Opponent Intl varsity football team has a game @ Holland Hall Tulsa Ok (Oklahoma).","/ok/football/game/holland-hall-tulsa-ok-vs-non-varsity-opponent-intl/9-4-2026/?c=3284d2ce-5482-4cb2-beb9-d2404722aaef","https://www.maxpreps.com/ok/football/game/holland-hall-tulsa-ok-vs-non-varsity-opponent-intl/9-4-2026/?c=3284d2ce-5482-4cb2-beb9-d2404722aaef",135e,"Dutch","TBD","https://www.maxpreps.com/ok/holland-hall-tulsa-ok/football/","https://www.maxpreps.com/ok/non-varsity-opponent-intl/football/","https://image.maxpreps.io/school-mascot/7/c/e/7cec587b-a30b-4848-af6c-4b8a18b97e43.gif?version=636708777000000000&amp;width=128&amp;height=128&amp;auto=webp&amp;format=pjpg","https://image.maxpreps.io/school-mascot/7/c/e/7cec587b-a30b-4848-af6c-4b8a18b97e43.gif?version=636708777000000000&amp;width=64&amp;height=64&amp;auto=webp&amp;format=pjpg"
726,"Snyder vs Tipton",Football,"Oklahoma",9/4/2026,7:30 PM,"The Tipton varsity football team has a game @ Snyder (Oklahoma).","/ok/football/game/snyder-vs-tipton/9-4-2026/?c=6261939b-0fe3-411f-ba00-8507f2f7bc56","https://www.maxpreps.com/ok/football/game/snyder-vs-tipton/9-4-2026/?c=6261939b-0fe3-411f-ba00-8507f2f7bc56",676,"Cyclones","Tigers","https://www.maxpreps.com/ok/snyder/football/","https://www.maxpreps.com/ok/tipton/football/","https://image.maxpreps.io/school-mascot/5/d/4/5d4e56a8-812d-4c69-991d-ffb2890410a7.gif?version=635956253400000000&amp;width=128&amp;height=128&amp;auto=webp&amp;format=pjpg","https://image.maxpreps.io/school-mascot/7/1/4/7147bee8-dc3c-4e56-a6c9-d38e5e40ef01.gif?version=637085550600000000&amp;width=128&amp;height=128&amp;auto=webp&amp;format=pjpg"
727,"Blackwell vs Kellyville",Football,"Oklahoma",9/4/2026,7:30 PM,"The Kellyville varsity football team has a game @ Blackwell (Oklahoma).","/ok/football/game/blackwell-vs-kellyville/9-4-2026/?c=ec0fac25-1119-449e-a03e-05f8976fe5e2","https://www.maxpreps.com/ok/football/game/blackwell-vs-kellyville/9-4-2026/?c=ec0fac25-1119-449e-a03e-05f8976fe5e2",931,"Maroons","Ponies","https://www.maxpreps.com/ok/blackwell/football/","https://www.maxpreps.com/ok/kellyville/football/","https://image.maxpreps.io/school-mascot/6/6/a/66a9330f-cedf-4994-a0cf-a6ad1a2827f9.gif?version=637349731200000000&amp;width=128&amp;height=128&amp;auto=webp&amp;format=pjpg","https://image.maxpreps.io/school-mascot/b/d/f/bdf1b1e5-d29d-469c-9ad2-35c7923b2c16.gif?version=637568490000000000&amp;width=128&amp;height=128&amp;auto=webp&amp;format=pjpg"
728,"Covington Douglas vs Pond Creek Hunter",Football,"Oklahoma",9/4/2026,7:30 PM,"The Pond Creek Hunter varsity football team has a game @ Covington Douglas (Oklahoma).","/ok/football/game/covington-douglas-vs-pond-creek-hunter/9-4-2026/?c=c1fd62f2-d676-48bd-9bb2-5e4625881f7c","https://www.maxpreps.com/ok/football/game/covington-douglas-vs-pond-creek-hunter/9-4-2026/?c=c1fd62f2-d676-48bd-9bb2-5e4625881f7c",ee1,"Panthers","Wildcats","https://www.maxpreps.com/ok/covington-douglas/football/","https://www.maxpreps.com/ok/pond-creek-hunter/football/","https://image.maxpreps.io/school-mascot/6/1/c/61cf7c74-be56-4423-843d-688f342f0b2b.gif?version=637081956600000000&amp;width=128&amp;height=128&amp;auto=webp&amp;format=pjpg","https://image.maxpreps.io/school-mascot/f/4/3/f43be453-69dd-4067-b7c9-991e20291ea4.gif?version=633619287600000000&amp;width=128&amp;height=128&amp;auto=webp&amp;format=pjpg"
729,"Kingston vs Stigler",Football,"Oklahoma",9/4/2026,7:30 PM,"The Stigler varsity football team has a game @ Kingston (Oklahoma).","/ok/football/game/kingston-vs-stigler/9-4-2026/?c=38fe5b22-da2a-4bfc-aa34-96884abbb690","https://www.maxpreps.com/ok/football/game/kingston-vs-stigler/9-4-2026/?c=38fe5b22-da2a-4bfc-aa34-96884abbb690",7aa,"Redskins","Panthers","https://www.maxpreps.com/ok/kingston/football/","https://www.maxpreps.com/ok/stigler/football/","https://image.maxpreps.io/school-mascot/5/2/e/52eb13a4-3d34-4508-86c7-33bddf946f04.gif?version=636148870800000000&amp;width=128&amp;height=128&amp;auto=webp&amp;format=pjpg","https://image.maxpreps.io/school-mascot/9/4/7/947b2215-62aa-4507-a2fb-58adfe17a1ce.gif?version=636836644200000000&amp;width=128&amp;height=128&amp;auto=webp&amp;format=pjpg"
730,"Enid vs Midwest City",Football,"Oklahoma",9/4/2026,7:30 PM,"The Midwest City varsity football team has a game @ Enid (Oklahoma).","/ok/football/game/enid-vs-midwest-city/9-4-2026/?c=27738da4-c971-4688-b4e1-4c68e2c9333d","https://www.maxpreps.com/ok/football/game/enid-vs-midwest-city/9-4-2026/?c=27738da4-c971-4688-b4e1-4c68e2c9333d",7c6,"Pacer Plainsmen","Bombers","https://www.maxpreps.com/ok/enid/football/","https://www.maxpreps.com/ok/midwest-city/football/","https://image.maxpreps.io/school-mascot/7/2/2/722bc55c-5b8e-4054-aa0b-48e4c86c166c.gif?version=635719842600000000&amp;width=128&amp;height=128&amp;auto=webp&amp;format=pjpg","https://image.maxpreps.io/school-mascot/7/2/2/722bc55c-5b8e-4054-aa0b-48e4c86c166c.gif?version=635719842600000000&amp;width=64&amp;height=64&amp;auto=webp&amp;format=pjpg"
731,"Balko Forgan vs Canton",Football,"Oklahoma",9/4/2026,7:30 PM,"The Canton varsity football team has a game @ Balko Forgan (Oklahoma).","/ok/football/game/balko-forgan-vs-canton/9-4-2026/?c=181e2dec-bd27-4cc6-b836-c560880e4eb6","https://www.maxpreps.com/ok/football/game/balko-forgan-vs-canton/9-4-2026/?c=181e2dec-bd27-4cc6-b836-c560880e4eb6",879,"Tigers","TBD","https://www.maxpreps.com/ok/balko-forgan/football/","https://www.maxpreps.com/ok/canton/football/","https://image.maxpreps.io/school-mascot/3/2/1/3212b7f5-4902-4650-85d3-ea814d55ebda.gif?version=636547266000000000&amp;width=128&amp;height=128&amp;auto=webp&amp;format=pjpg","https://image.maxpreps.io/school-mascot/f/2/b/f2b8b656-3fe9-4c1f-8650-6ece90775997.gif?version=637036080000000000&amp;width=128&amp;height=128&amp;auto=webp&amp;format=pjpg"
732,"Caddo vs Dewar",Football,"Oklahoma",9/4/2026,7:30 PM,"The Dewar varsity football team has a game @ Caddo (Oklahoma).","/ok/football/game/caddo-vs-dewar/9-4-2026/?c=86314c15-dc18-4925-8ab0-27acd8503460","https://www.maxpreps.com/ok/football/game/caddo-vs-dewar/9-4-2026/?c=86314c15-dc18-4925-8ab0-27acd8503460",551,"Dragons","Bruins","https://www.maxpreps.com/ok/caddo/football/","https://www.maxpreps.com/ok/dewar/football/","https://image.maxpreps.io/school-mascot/9/a/2/9a2295b2-db5b-41e6-953d-91bb48fd7b0e.gif?version=635799861000000000&amp;width=128&amp;height=128&amp;auto=webp&amp;format=pjpg","https://image.maxpreps.io/school-mascot/2/a/f/2af99662-8d73-4819-b0c5-91d6de392089.gif?version=637661660400000000&amp;width=128&amp;height=128&amp;auto=webp&amp;format=pjpg"
733,"Prairie Grove Ar vs Sequoyah Tahlequah Ok",Football,"Oklahoma",9/4/2026,7:30 PM,"The Sequoyah Tahlequah Ok varsity football team has a game @ Prairie Grove Ar (Oklahoma).","/inter-state/football/game/prairie-grove-ar-vs-sequoyah-tahlequah-ok/9-4-2026/?c=fd9f3c51-a67a-4a2d-bf57-cad98c6f2141","https://www.maxpreps.com/inter-state/football/game/prairie-grove-ar-vs-sequoyah-tahlequah-ok/9-4-2026/?c=fd9f3c51-a67a-4a2d-bf57-cad98c6f2141",fdf,"Indians","Tigers","https://www.maxpreps.com/ok/prairie-grove-ar/football/","https://www.maxpreps.com/ok/sequoyah-tahlequah-ok/football/","https://image.maxpreps.io/school-mascot/3/1/d/31d759ef-496f-4f48-9c81-0cf4196263a8.gif?version=636075463200000000&amp;width=128&amp;height=128&amp;auto=webp&amp;format=pjpg","https://image.maxpreps.io/school-mascot/e/4/9/e49ee32c-b33b-443f-a175-203c3ad769e0.gif?version=639234945297710660&amp;width=128&amp;height=128&amp;auto=webp&amp;format=pjpg"
734,"Deer Creek Edmond vs Edmond North",Football,"Oklahoma",9/4/2026,7:30 PM,"The Edmond North varsity football team has a game @ Deer Creek Edmond (Oklahoma).","/ok/football/game/deer-creek-edmond-vs-edmond-north/9-4-2026/?c=73ac4208-75f2-434e-affa-5ab6d6d461e6","https://www.maxpreps.com/ok/football/game/deer-creek-edmond-vs-edmond-north/9-4-2026/?c=73ac4208-75f2-434e-affa-5ab6d6d461e6",c8d,"Huskies","Antlers","https://www.maxpreps.com/ok/deer-creek-edmond/football/","https://www.maxpreps.com/ok/edmond-north/football/","https://image.maxpreps.io/school-mascot/2/a/4/2a43c3b3-8b58-48e1-8273-ad7af2f50de4.gif?version=636564394800000000&amp;width=128&amp;height=128&amp;auto=webp&amp;format=pjpg","https://image.maxpreps.io/school-mascot/6/2/6/626f2c86-a7d3-4f84-991a-7d5f7903ac87.gif?version=637552385400000000&amp;width=128&amp;height=128&amp;auto=webp&amp;format=pjpg"
735,"Weleetka vs Wetumka",Football,"Oklahoma",9/4/2026,7:30 PM,"The Wetumka varsity football team has a game @ Weleetka (Oklahoma).","/ok/football/game/weleetka-vs-wetumka/9-4-2026/?c=4029fcde-b810-42d8-9d9f-1fe4c955eeb4","https://www.maxpreps.com/ok/football/game/weleetka-vs-wetumka/9-4-2026/?c=4029fcde-b810-42d8-9d9f-1fe4c955eeb4",793,"Chieftains","Outlaws","https://www.maxpreps.com/ok/weleetka/football/","https://www.maxpreps.com/ok/wetumka/football/","https://image.maxpreps.io/school-mascot/4/b/c/4bc586d7-dea7-41d4-a0fe-68ef3731a640.gif?version=636553177800000000&amp;width=128&amp;height=128&amp;auto=webp&amp;format=pjpg","https://image.maxpreps.io/school-mascot/4/b/c/4bc586d7-dea7-41d4-a0fe-68ef3731a640.gif?version=636553177800000000&amp;width=64&amp;height=64&amp;auto=webp&amp;format=pjpg"
736,"Cache vs Duncan",Football,"Oklahoma",9/4/2026,7:30 PM,"The Duncan varsity football team has a game @ Cache (Oklahoma).","/ok/football/game/cache-vs-duncan/9-4-2026/?c=4143be10-1cd6-48d9-9009-9363e3adce00","https://www.maxpreps.com/ok/football/game/cache-vs-duncan/9-4-2026/?c=4143be10-1cd6-48d9-9009-9363e3adce00",5b0,"Demons","Bulldogs","https://www.maxpreps.com/ok/cache/football/","https://www.maxpreps.com/ok/duncan/football/","https://image.maxpreps.io/school-mascot/8/f/f/8ffe45c6-eda2-47f6-8b20-ec48921fe3a5.gif?version=634208491200000000&amp;width=128&amp;height=128&amp;auto=webp&amp;format=pjpg","https://image.maxpreps.io/school-mascot/6/8/4/684d6c79-60fb-4f11-af28-607592ba47ec.gif?version=635814486000000000&amp;width=128&amp;height=128&amp;auto=webp&amp;format=pjpg"
737,"Fairland vs Hulbert",Football,"Oklahoma",9/4/2026,7:30 PM,"The Hulbert varsity football team has a game @ Fairland (Oklahoma).","/ok/football/game/fairland-vs-hulbert/9-4-2026/?c=af0b9018-ac91-4b3f-9e36-fde1b07de0d9","https://www.maxpreps.com/ok/football/game/fairland-vs-hulbert/9-4-2026/?c=af0b9018-ac91-4b3f-9e36-fde1b07de0d9",77a,"Owls","Riders","https://www.maxpreps.com/ok/fairland/football/","https://www.maxpreps.com/ok/hulbert/football/","https://image.maxpreps.io/school-mascot/3/1/3/313b33cd-89dd-424c-b151-aa701fb99b77.gif?version=637085550600000000&amp;width=128&amp;height=128&amp;auto=webp&amp;format=pjpg","https://image.maxpreps.io/school-mascot/c/6/7/c67ed629-08ef-4c68-81d7-0798d46724b3.gif?version=636716007000000000&amp;width=128&amp;height=128&amp;auto=webp&amp;format=pjpg"
738,"Billings vs Buffalo",Football,"Oklahoma",9/4/2026,7:30 PM,"The Buffalo varsity football team has a game @ Billings (Oklahoma).","/ok/football/game/billings-vs-buffalo/9-4-2026/?c=3c20d4c1-50b4-4dda-940b-87e2a01473cd","https://www.maxpreps.com/ok/football/game/billings-vs-buffalo/9-4-2026/?c=3c20d4c1-50b4-4dda-940b-87e2a01473cd",776,"Bison","Bulldogs","https://www.maxpreps.com/ok/billings/football/","https://www.maxpreps.com/ok/buffalo/football/","https://image.maxpreps.io/school-mascot/5/c/8/5c887ad8-ca76-42e3-b0e0-4f91dbc6756d.gif?version=636117730800000000&amp;width=128&amp;height=128&amp;auto=webp&amp;format=pjpg","https://image.maxpreps.io/school-mascot/5/c/8/5c887ad8-ca76-42e3-b0e0-4f91dbc6756d.gif?version=636117730800000000&amp;width=64&amp;height=64&amp;auto=webp&amp;format=pjpg"
739,"Alva vs Perry",Football,"Oklahoma",9/4/2026,7:30 PM,"The Perry varsity football team has a game @ Alva (Oklahoma).","/ok/football/game/alva-vs-perry/9-4-2026/?c=9854155c-e9d8-4a22-a2d2-b8837f48cb9b","https://www.maxpreps.com/ok/football/game/alva-vs-perry/9-4-2026/?c=9854155c-e9d8-4a22-a2d2-b8837f48cb9b",519,"Goldbugs","Maroons","https://www.maxpreps.com/ok/alva/football/","https://www.maxpreps.com/ok/perry/football/","https://image.maxpreps.io/school-mascot/a/1/1/a11f951e-7229-48b2-858a-17cb2c3e5eea.gif?version=635992432800000000&amp;width=128&amp;height=128&amp;auto=webp&amp;format=pjpg","https://image.maxpreps.io/school-mascot/a/1/1/a11f951e-7229-48b2-858a-17cb2c3e5eea.gif?version=635992432800000000&amp;width=64&amp;height=64&amp;auto=webp&amp;format=pjpg"
740,"Lincoln Ar vs Westville Ok",Football,"Oklahoma",9/4/2026,7:30 PM,"The Westville Ok varsity football team has a game @ Lincoln Ar (Oklahoma).","/inter-state/football/game/lincoln-ar-vs-westville-ok/9-4-2026/?c=5671ec40-12b0-4867-87a4-c28be9e19a50","https://www.maxpreps.com/inter-state/football/game/lincoln-ar-vs-westville-ok/9-4-2026/?c=5671ec40-12b0-4867-87a4-c28be9e19a50",a18,"Yellowjackets","Wolves","https://www.maxpreps.com/ok/lincoln-ar/football/","https://www.maxpreps.com/ok/westville-ok/football/","https://image.maxpreps.io/school-mascot/f/c/9/fc911cb0-527f-4231-8230-7f7c748311b8.gif?version=636179930400000000&amp;width=128&amp;height=128&amp;auto=webp&amp;format=pjpg","https://image.maxpreps.io/school-mascot/4/b/c/4bcdd0ed-2640-428d-9da2-3b6a4184f6e9.gif?version=636548815200000000&amp;width=128&amp;height=128&amp;auto=webp&amp;format=pjpg"
741,"Sallisaw Ok vs Southside Fort Smith Ar",Football,"Oklahoma",9/4/2026,7:30 PM,"The Southside Fort Smith Ar varsity football team has a game @ Sallisaw Ok (Oklahoma).","/inter-state/football/game/sallisaw-ok-vs-southside-fort-smith-ar/9-4-2026/?c=acb4f6e0-253f-456b-aae6-7da703fde171","https://www.maxpreps.com/inter-state/football/game/sallisaw-ok-vs-southside-fort-smith-ar/9-4-2026/?c=acb4f6e0-253f-456b-aae6-7da703fde171",ebc,"Mavericks","Black Diamonds","https://www.maxpreps.com/ok/sallisaw-ok/football/","https://www.maxpreps.com/ok/southside-fort-smith-ar/football/","https://image.maxpreps.io/school-mascot/8/c/4/8c4d07a2-1999-4af6-b622-e6b6137ba487.gif?version=636153139200000000&amp;width=128&amp;height=128&amp;auto=webp&amp;format=pjpg","https://image.maxpreps.io/school-mascot/c/0/f/c0fcb540-f34d-4323-9e3c-566af3500296.gif?version=636639799200000000&amp;width=128&amp;height=128&amp;auto=webp&amp;format=pjpg"
742,"Grant Oklahoma City vs Nathan Hale Tulsa",Football,"Oklahoma",9/4/2026,7:30 PM,"The Nathan Hale Tulsa varsity football team has a game @ Grant Oklahoma City (Oklahoma).","/ok/football/game/grant-oklahoma-city-vs-nathan-hale-tulsa/9-4-2026/?c=9417afa2-f446-4387-85ce-46272c0e7663","https://www.maxpreps.com/ok/football/game/grant-oklahoma-city-vs-nathan-hale-tulsa/9-4-2026/?c=9417afa2-f446-4387-85ce-46272c0e7663",f55,"Generals","Rangers","https://www.maxpreps.com/ok/grant-oklahoma-city/football/","https://www.maxpreps.com/ok/nathan-hale-tulsa/football/","https://image.maxpreps.io/school-mascot/c/1/f/c1fa4173-1da1-49de-a27c-46394478c3ff.gif?version=637431113400000000&amp;width=128&amp;height=128&amp;auto=webp&amp;format=pjpg","https://image.maxpreps.io/school-mascot/d/3/1/d31e5dc7-3b16-4e5e-b4bc-85adb81ddea7.gif?version=638301096600000000&amp;width=128&amp;height=128&amp;auto=webp&amp;format=pjpg"
743,"Stanton County Johnson Ks vs Turpin Ok",Football,"Oklahoma",9/4/2026,7:30 PM,"The Turpin Ok varsity football team has a game @ Stanton County Johnson Ks (Oklahoma).","/inter-state/football/game/stanton-county-johnson-ks-vs-turpin-ok/9-4-2026/?c=576fcd06-62b1-4b5c-9eeb-8e1260c67cce","https://www.maxpreps.com/inter-state/football/game/stanton-county-johnson-ks-vs-turpin-ok/9-4-2026/?c=576fcd06-62b1-4b5c-9eeb-8e1260c67cce",ef9,"Cardinals","Trojans","https://www.maxpreps.com/ok/stanton-county-johnson-ks/football/","https://www.maxpreps.com/ok/turpin-ok/football/","https://image.maxpreps.io/school-mascot/d/9/d/d9d6001f-26fe-4055-8d68-c11b9edf6c3d.gif?version=635461038000000000&amp;width=128&amp;height=128&amp;auto=webp&amp;format=pjpg","https://image.maxpreps.io/school-mascot/f/5/f/f5fb2ece-d3c5-4c1e-973c-eedf38519cd7.gif?version=636790911000000000&amp;width=128&amp;height=128&amp;auto=webp&amp;format=pjpg"
744,"New Heights Christian Academy Joplin Mo vs Watts Ok",Football,"Oklahoma",9/4/2026,7:30 PM,"The Watts Ok varsity football team has a game @ New Heights Christian Academy Joplin Mo (Oklahoma).","/inter-state/football/game/new-heights-christian-academy-joplin-mo-vs-watts-ok/9-4-2026/?c=18d6c736-b21d-40a0-b338-9ec51f4553e4","https://www.maxpreps.com/inter-state/football/game/new-heights-christian-academy-joplin-mo-vs-watts-ok/9-4-2026/?c=18d6c736-b21d-40a0-b338-9ec51f4553e4",1395,"Cougars","Engineers","https://www.maxpreps.com/ok/new-heights-christian-academy-joplin-mo/football/","https://www.maxpreps.com/ok/watts-ok/football/","https://image.maxpreps.io/school-mascot/d/3/a/d3a2430d-6b7b-4bbe-ac19-c2bf691636d5.gif?version=638538633919583440&amp;width=128&amp;height=128&amp;auto=webp&amp;format=pjpg","https://image.maxpreps.io/school-mascot/b/f/c/bfc66e87-adcf-4f70-94a8-b0bdfd3f096d.gif?version=637081956600000000&amp;width=128&amp;height=128&amp;auto=webp&amp;format=pjpg"
745,"Hinton vs Wayne",Football,"Oklahoma",9/4/2026,7:30 PM,"The Wayne varsity football team has a game @ Hinton (Oklahoma).","/ok/football/game/hinton-vs-wayne/9-4-2026/?c=71c0474d-2be3-4222-9f2b-b62753faddfd","https://www.maxpreps.com/ok/football/game/hinton-vs-wayne/9-4-2026/?c=71c0474d-2be3-4222-9f2b-b62753faddfd",5f7,"Bulldogs","Comets","https://www.maxpreps.com/ok/hinton/football/","https://www.maxpreps.com/ok/wayne/football/","https://image.maxpreps.io/school-mascot/c/1/5/c15c1fe4-ba3c-4a5f-8610-b83aa64d1bd5.gif?version=637085551200000000&amp;width=128&amp;height=128&amp;auto=webp&amp;format=pjpg","https://image.maxpreps.io/school-mascot/c/8/5/c85e0f03-7b49-4d4e-b80a-5cda45caac08.gif?version=637024061400000000&amp;width=128&amp;height=128&amp;auto=webp&amp;format=pjpg"
746,"Cleveland vs Sequoyah Claremore",Football,"Oklahoma",9/4/2026,7:30 PM,"The Sequoyah Claremore varsity football team has a game @ Cleveland (Oklahoma).","/ok/football/game/cleveland-vs-sequoyah-claremore/9-4-2026/?c=bc43448a-9976-4d32-b4f4-20f7fbd2d9eb","https://www.maxpreps.com/ok/football/game/cleveland-vs-sequoyah-claremore/9-4-2026/?c=bc43448a-9976-4d32-b4f4-20f7fbd2d9eb",c47,"Tigers","Eagles","https://www.maxpreps.com/ok/cleveland/football/","https://www.maxpreps.com/ok/sequoyah-claremore/football/","https://image.maxpreps.io/school-mascot/f/e/6/fe634d39-52ab-4afa-83ff-af20c28423ac.gif?version=636348747600000000&amp;width=128&amp;height=128&amp;auto=webp&amp;format=pjpg","https://image.maxpreps.io/school-mascot/c/1/d/c1d2af28-44d4-4945-855f-44cf830f67b1.gif?version=636192138600000000&amp;width=128&amp;height=128&amp;auto=webp&amp;format=pjpg"
747,"Douglass Oklahoma City vs Star Spencer",Football,"Oklahoma",9/4/2026,7:30 PM,"The Star Spencer varsity football team has a game @ Douglass Oklahoma City (Oklahoma).","/ok/football/game/douglass-oklahoma-city-vs-star-spencer/9-4-2026/?c=29314e1b-7748-4cd8-b2c7-b4557352827d","https://www.maxpreps.com/ok/football/game/douglass-oklahoma-city-vs-star-spencer/9-4-2026/?c=29314e1b-7748-4cd8-b2c7-b4557352827d",edb,"Bobcats","Trojans","https://www.maxpreps.com/ok/douglass-oklahoma-city/football/","https://www.maxpreps.com/ok/star-spencer/football/","https://image.maxpreps.io/school-mascot/f/b/f/fbf2eaa0-812e-4288-968a-3874aca7f509.gif?version=636071073000000000&amp;width=128&amp;height=128&amp;auto=webp&amp;format=pjpg","https://image.maxpreps.io/school-mascot/e/7/5/e751dde7-2ac0-415f-ae43-245e447abd99.gif?version=638701890609709200&amp;width=128&amp;height=128&amp;auto=webp&amp;format=pjpg"
748,"Mustang vs Yukon",Football,"Oklahoma",9/4/2026,7:30 PM,"The Yukon varsity football team has a game @ Mustang (Oklahoma).","/ok/football/game/mustang-vs-yukon/9-4-2026/?c=d1d82d1f-a843-4673-a547-9a9e4311f338","https://www.maxpreps.com/ok/football/game/mustang-vs-yukon/9-4-2026/?c=d1d82d1f-a843-4673-a547-9a9e4311f338",678,"Broncos","Millers","https://www.maxpreps.com/ok/mustang/football/","https://www.maxpreps.com/ok/yukon/football/","https://image.maxpreps.io/school-mascot/e/0/d/e0d14ee1-1ccb-4af3-8e9b-f882f6114cb9.gif?version=637967548800000000&amp;width=128&amp;height=128&amp;auto=webp&amp;format=pjpg","https://image.maxpreps.io/school-mascot/d/5/1/d518aa08-a0c2-49f8-9628-427f188f151b.gif?version=636473708400000000&amp;width=128&amp;height=128&amp;auto=webp&amp;format=pjpg"
749,"El Reno vs Putnam City West Oklahoma City",Football,"Oklahoma",9/4/2026,7:30 PM,"The Putnam City West Oklahoma City varsity football team has a game @ El Reno (Oklahoma).","/ok/football/game/el-reno-vs-putnam-city-west-oklahoma-city/9-4-2026/?c=63d7c521-9790-47e9-a09b-5aacd2642ecd","https://www.maxpreps.com/ok/football/game/el-reno-vs-putnam-city-west-oklahoma-city/9-4-2026/?c=63d7c521-9790-47e9-a09b-5aacd2642ecd",fbf,"Indians","Patriots","https://www.maxpreps.com/ok/el-reno/football/","https://www.maxpreps.com/ok/putnam-city-west-oklahoma-city/football/","https://image.maxpreps.io/school-mascot/e/9/6/e963502f-6d71-4ab4-98f6-597d65967a68.gif?version=635893188600000000&amp;width=128&amp;height=128&amp;auto=webp&amp;format=pjpg","https://image.maxpreps.io/school-mascot/d/f/e/dfe99f9c-6962-40a3-8f77-ce38b1933d86.gif?version=636522949200000000&amp;width=128&amp;height=128&amp;auto=webp&amp;format=pjpg"
750,"Alex vs Burns Flat Dill City",Football,"Oklahoma",9/4/2026,7:30 PM,"The Burns Flat Dill City varsity football team has a game @ Alex (Oklahoma).","/ok/football/game/alex-vs-burns-flat-dill-city/9-4-2026/?c=211b6b57-c590-4641-a17b-fb08c8ca3ef5","https://www.maxpreps.com/ok/football/game/alex-vs-burns-flat-dill-city/9-4-2026/?c=211b6b57-c590-4641-a17b-fb08c8ca3ef5",aa3,"Longhorns","Eagles","https://www.maxpreps.com/ok/alex/football/","https://www.maxpreps.com/ok/burns-flat-dill-city/football/","https://image.maxpreps.io/school-mascot/b/7/8/b781c4e9-3611-4130-8c44-3417eeb38846.gif?version=637011141600000000&amp;width=128&amp;height=128&amp;auto=webp&amp;format=pjpg","https://image.maxpreps.io/school-mascot/b/7/8/b781c4e9-3611-4130-8c44-3417eeb38846.gif?version=637011141600000000&amp;width=64&amp;height=64&amp;auto=webp&amp;format=pjpg"
751,"Elkhart Ks vs Tyrone Ok",Football,"Oklahoma",9/4/2026,7:30 PM,"The Tyrone Ok varsity football team has a game @ Elkhart Ks (Oklahoma).","/inter-state/football/game/elkhart-ks-vs-tyrone-ok/9-4-2026/?c=51bc3498-afba-4913-861d-594201af4c90","https://www.maxpreps.com/inter-state/football/game/elkhart-ks-vs-tyrone-ok/9-4-2026/?c=51bc3498-afba-4913-861d-594201af4c90",8e1,"Bobcats","Wildcats","https://www.maxpreps.com/ok/elkhart-ks/football/","https://www.maxpreps.com/ok/tyrone-ok/football/","https://image.maxpreps.io/school-mascot/9/2/4/924c9fbc-5c07-4424-87ce-4c1fdf425609.gif?version=637085552400000000&amp;width=128&amp;height=128&amp;auto=webp&amp;format=pjpg","https://image.maxpreps.io/school-mascot/7/7/8/778e9aab-0284-4abe-85f9-8c2bb6217a33.gif?version=635803279800000000&amp;width=128&amp;height=128&amp;auto=webp&amp;format=pjpg"
752,"Beggs vs Checotah",Football,"Oklahoma",9/4/2026,7:30 PM,"The Checotah varsity football team has a game @ Beggs (Oklahoma).","/ok/football/game/beggs-vs-checotah/9-4-2026/?c=9b6a8dbb-54e9-4136-8314-7a266d10b1c6","https://www.maxpreps.com/ok/football/game/beggs-vs-checotah/9-4-2026/?c=9b6a8dbb-54e9-4136-8314-7a266d10b1c6",68a,"Golden Demons","Wildcats","https://www.maxpreps.com/ok/beggs/football/","https://www.maxpreps.com/ok/checotah/football/","https://image.maxpreps.io/school-mascot/b/a/e/bae05488-291a-4ca7-b065-631d9ffbe6e1.gif?version=636477219000000000&amp;width=128&amp;height=128&amp;auto=webp&amp;format=pjpg","https://image.maxpreps.io/school-mascot/c/d/2/cd23d004-de10-419f-a17e-23cdea8c1784.gif?version=635277123000000000&amp;width=128&amp;height=128&amp;auto=webp&amp;format=pjpg"
753,"Hilldale Muskogee vs Oologah",Football,"Oklahoma",9/4/2026,7:30 PM,"The Oologah varsity football team has a game @ Hilldale Muskogee (Oklahoma).","/ok/football/game/hilldale-muskogee-vs-oologah/9-4-2026/?c=b57dad40-1c32-411e-99df-91d2e416f294","https://www.maxpreps.com/ok/football/game/hilldale-muskogee-vs-oologah/9-4-2026/?c=b57dad40-1c32-411e-99df-91d2e416f294",af8,"Hornets","Mustangs","https://www.maxpreps.com/ok/hilldale-muskogee/football/","https://www.maxpreps.com/ok/oologah/football/","https://image.maxpreps.io/school-mascot/9/3/5/935dc896-3eec-4bfa-8aaf-3cc7bb39e5d2.gif?version=636135004800000000&amp;width=128&amp;height=128&amp;auto=webp&amp;format=pjpg","https://image.maxpreps.io/school-mascot/e/a/3/ea3a9ae6-5d21-48b9-810f-bde2037ef58c.gif?version=635858511000000000&amp;width=128&amp;height=128&amp;auto=webp&amp;format=pjpg"
754,"Walters vs Wilson",Football,"Oklahoma",9/4/2026,7:30 PM,"The Wilson varsity football team has a game @ Walters (Oklahoma).","/ok/football/game/walters-vs-wilson/9-4-2026/?c=c14ae563-e414-43ac-8649-82f2408df398","https://www.maxpreps.com/ok/football/game/walters-vs-wilson/9-4-2026/?c=c14ae563-e414-43ac-8649-82f2408df398",6e1,"Walters","Eagles","https://www.maxpreps.com/ok/walters/football/","https://www.maxpreps.com/ok/wilson/football/","https://image.maxpreps.io/school-mascot/e/4/8/e483da2f-eb31-40c8-8995-d2d40367b3bf.gif?version=633796717800000000&amp;width=128&amp;height=128&amp;auto=webp&amp;format=pjpg","https://image.maxpreps.io/school-mascot/9/4/2/94290005-c3ec-4454-b0e4-3fd29aefd940.gif?version=635531970600000000&amp;width=128&amp;height=128&amp;auto=webp&amp;format=pjpg"
755,"Harrah vs Mcloud",Football,"Oklahoma",9/4/2026,7:30 PM,"The Mcloud varsity football team has a game @ Harrah (Oklahoma).","/ok/football/game/harrah-vs-mcloud/9-4-2026/?c=f06e6c9e-a63f-4f0c-a49c-6dba89869b8e","https://www.maxpreps.com/ok/football/game/harrah-vs-mcloud/9-4-2026/?c=f06e6c9e-a63f-4f0c-a49c-6dba89869b8e",63d,"Panthers","Redskins","https://www.maxpreps.com/ok/harrah/football/","https://www.maxpreps.com/ok/mcloud/football/","https://image.maxpreps.io/school-mascot/b/5/f/b5fb8c3d-23f2-4bc6-b45d-6b1db2436e15.gif?version=637085583600000000&amp;width=128&amp;height=128&amp;auto=webp&amp;format=pjpg","https://image.maxpreps.io/school-mascot/d/d/c/ddc54642-ac22-45bc-9ead-3d40baca0372.gif?version=637082175000000000&amp;width=128&amp;height=128&amp;auto=webp&amp;format=pjpg"
756,"Choctaw vs Moore",Football,"Oklahoma",9/4/2026,7:30 PM,"The Moore varsity football team has a game @ Choctaw (Oklahoma).","/ok/football/game/choctaw-vs-moore/9-4-2026/?c=67bc9d2d-7638-4a69-ae56-36b92b86d70c","https://www.maxpreps.com/ok/football/game/choctaw-vs-moore/9-4-2026/?c=67bc9d2d-7638-4a69-ae56-36b92b86d70c",64e,"Choctaw","Moore","https://www.maxpreps.com/ok/choctaw/football/","https://www.maxpreps.com/ok/moore/football/","",""
757,"Adair vs Inola",Football,"Oklahoma",9/4/2026,7:30 PM,"The Inola varsity football team has a game @ Adair (Oklahoma).","/ok/football/game/adair-vs-inola/9-4-2026/?c=54fae69a-e917-497c-a92d-b902518b1f10","https://www.maxpreps.com/ok/football/game/adair-vs-inola/9-4-2026/?c=54fae69a-e917-497c-a92d-b902518b1f10",557,"Adair","Inola","https://www.maxpreps.com/ok/adair/football/","https://www.maxpreps.com/ok/inola/football/","",""
758,"Muldrow vs Roland",Football,"Oklahoma",9/4/2026,7:30 PM,"The Roland varsity football team has a game @ Muldrow (Oklahoma).","/ok/football/game/muldrow-vs-roland/9-4-2026/?c=97eb7876-87eb-4931-9f0a-65e5b8413a33","https://www.maxpreps.com/ok/football/game/muldrow-vs-roland/9-4-2026/?c=97eb7876-87eb-4931-9f0a-65e5b8413a33",6cd,"Muldrow","Roland","https://www.maxpreps.com/ok/muldrow/football/","https://www.maxpreps.com/ok/roland/football/","",""
759,"Sperry vs Verdigris Claremore",Football,"Oklahoma",9/4/2026,7:30 PM,"The Verdigris Claremore varsity football team has a game @ Sperry (Oklahoma).","/ok/football/game/sperry-vs-verdigris-claremore/9-4-2026/?c=8ee194fb-30e1-485b-8594-a40ca4954485","https://www.maxpreps.com/ok/football/game/sperry-vs-verdigris-claremore/9-4-2026/?c=8ee194fb-30e1-485b-8594-a40ca4954485",b9e,"Sperry","Claremore","https://www.maxpreps.com/ok/sperry/football/","https://www.maxpreps.com/ok/verdigris-claremore/football/","",""
760,"Bowlegs vs Strother Seminole",Football,"Oklahoma",9/4/2026,7:30 PM,"The Strother Seminole varsity football team has a game @ Bowlegs (Oklahoma).","/ok/football/game/bowlegs-vs-strother-seminole/9-4-2026/?c=bcc8dd38-7d82-4347-b0d3-92a4754ae9c9","https://www.maxpreps.com/ok/football/game/bowlegs-vs-strother-seminole/9-4-2026/?c=bcc8dd38-7d82-4347-b0d3-92a4754ae9c9",b3a,"Bowlegs","Seminole","https://www.maxpreps.com/ok/bowlegs/football/","https://www.maxpreps.com/ok/strother-seminole/football/","",""
761,"Canadian vs Mounds",Football,"Oklahoma",9/4/2026,7:30 PM,"The Mounds varsity football team has a game @ Canadian (Oklahoma).","/ok/football/game/canadian-vs-mounds/9-4-2026/?c=598ac515-5601-44f2-bc39-9ee92ddf5da1","https://www.maxpreps.com/ok/football/game/canadian-vs-mounds/9-4-2026/?c=598ac515-5601-44f2-bc39-9ee92ddf5da1",708,"Canadian","Mounds","https://www.maxpreps.com/ok/canadian/football/","https://www.maxpreps.com/ok/mounds/football/","",""
762,"Tecumseh vs Weatherford",Football,"Oklahoma",9/4/2026,7:30 PM,"The Weatherford varsity football team has a game @ Tecumseh (Oklahoma).","/ok/football/game/tecumseh-vs-weatherford/9-4-2026/?c=267ecf98-0229-46a6-8e8f-87b8d1d12ebb","https://www.maxpreps.com/ok/football/game/tecumseh-vs-weatherford/9-4-2026/?c=267ecf98-0229-46a6-8e8f-87b8d1d12ebb",93c,"Tecumseh","Weatherford","https://www.maxpreps.com/ok/tecumseh/football/","https://www.maxpreps.com/ok/weatherford/football/","",""
763,"Haskell vs Porter",Football,"Oklahoma",9/4/2026,7:30 PM,"The Porter varsity football team has a game @ Haskell (Oklahoma).","/ok/football/game/haskell-vs-porter/9-4-2026/?c=454fc6a0-de71-4303-b5b5-1244db9be596","https://www.maxpreps.com/ok/football/game/haskell-vs-porter/9-4-2026/?c=454fc6a0-de71-4303-b5b5-1244db9be596",6c3,"Haskell","Porter","https://www.maxpreps.com/ok/haskell/football/","https://www.maxpreps.com/ok/porter/football/","",""
764,"Sand Springs vs Sapulpa",Football,"Oklahoma",9/4/2026,7:30 PM,"The Sapulpa varsity football team has a game @ Sand Springs (Oklahoma).","/ok/football/game/sand-springs-vs-sapulpa/9-4-2026/?c=e5b804de-54ca-4c32-ac19-a0884a45fabf","https://www.maxpreps.com/ok/football/game/sand-springs-vs-sapulpa/9-4-2026/?c=e5b804de-54ca-4c32-ac19-a0884a45fabf",912,"Springs","Sapulpa","https://www.maxpreps.com/ok/sand-springs/football/","https://www.maxpreps.com/ok/sapulpa/football/","",""
765,"Drumright Ok vs Non Varsity Opponent Intl",Football,"Oklahoma",9/4/2026,7:30 PM,"The Non Varsity Opponent Intl varsity football team has a game @ Drumright Ok (Oklahoma).","/ok/football/game/drumright-ok-vs-non-varsity-opponent-intl/9-4-2026/?c=92fb56e5-5c16-4f89-99a9-aafb6dd85c78","https://www.maxpreps.com/ok/football/game/drumright-ok-vs-non-varsity-opponent-intl/9-4-2026/?c=92fb56e5-5c16-4f89-99a9-aafb6dd85c78",102e,"Ok","Intl","https://www.maxpreps.com/ok/drumright-ok/football/","https://www.maxpreps.com/ok/non-varsity-opponent-intl/football/","",""
766,"Eisenhower Lawton vs Macarthur Lawton",Football,"Oklahoma",9/4/2026,7:30 PM,"The Macarthur Lawton varsity football team has a game @ Eisenhower Lawton (Oklahoma).","/ok/football/game/eisenhower-lawton-vs-macarthur-lawton/9-4-2026/?c=ee78da9f-0976-4358-b2db-688a006dbda1","https://www.maxpreps.com/ok/football/game/eisenhower-lawton-vs-macarthur-lawton/9-4-2026/?c=ee78da9f-0976-4358-b2db-688a006dbda1",ec7,"Lawton","Lawton","https://www.maxpreps.com/ok/eisenhower-lawton/football/","https://www.maxpreps.com/ok/macarthur-lawton/football/","",""
767,"Putnam City North Oklahoma City vs Shawnee",Football,"Oklahoma",9/4/2026,7:30 PM,"The Shawnee varsity football team has a game @ Putnam City North Oklahoma City (Oklahoma).","/ok/football/game/putnam-city-north-oklahoma-city-vs-shawnee/9-4-2026/?c=bf62eea7-e6d7-4175-9753-0c33de21c991","https://www.maxpreps.com/ok/football/game/putnam-city-north-oklahoma-city-vs-shawnee/9-4-2026/?c=bf62eea7-e6d7-4175-9753-0c33de21c991",1060,"City","Shawnee","https://www.maxpreps.com/ok/putnam-city-north-oklahoma-city/football/","https://www.maxpreps.com/ok/shawnee/football/","",""
768,"Quapaw Ok vs Riverton Ks",Football,"Oklahoma",9/4/2026,7:30 PM,"The Riverton Ks varsity football team has a game @ Quapaw Ok (Oklahoma).","/inter-state/football/game/quapaw-ok-vs-riverton-ks/9-4-2026/?c=819b8830-8a4d-438d-bda2-983c2100b0da","https://www.maxpreps.com/inter-state/football/game/quapaw-ok-vs-riverton-ks/9-4-2026/?c=819b8830-8a4d-438d-bda2-983c2100b0da",95d,"Ok","Ks","https://www.maxpreps.com/ok/quapaw-ok/football/","https://www.maxpreps.com/ok/riverton-ks/football/","",""
769,"Booker T Washington Tulsa vs Carl Albert Midwest City",Football,"Oklahoma",9/4/2026,7:30 PM,"The Carl Albert Midwest City varsity football team has a game @ Booker T Washington Tulsa (Oklahoma).","/ok/football/game/booker-t-washington-tulsa-vs-carl-albert-midwest-city/9-4-2026/?c=30584fbb-c221-4bcc-93f5-6d07da34b8b4","https://www.maxpreps.com/ok/football/game/booker-t-washington-tulsa-vs-carl-albert-midwest-city/9-4-2026/?c=30584fbb-c221-4bcc-93f5-6d07da34b8b4",1484,"Tulsa","City","https://www.maxpreps.com/ok/booker-t-washington-tulsa/football/","https://www.maxpreps.com/ok/carl-albert-midwest-city/football/","",""
770,"Collinsville vs Grove",Football,"Oklahoma",9/4/2026,7:30 PM,"The Grove varsity football team has a game @ Collinsville (Oklahoma).","/ok/football/game/collinsville-vs-grove/9-4-2026/?c=095ad0e1-4a39-4134-8909-c2aa4f712d3a","https://www.maxpreps.com/ok/football/game/collinsville-vs-grove/9-4-2026/?c=095ad0e1-4a39-4134-8909-c2aa4f712d3a",876,"Collinsville","Grove","https://www.maxpreps.com/ok/collinsville/football/","https://www.maxpreps.com/ok/grove/football/","",""
771,"Grandfield vs Mountain View Gotebo",Football,"Oklahoma",9/4/2026,7:30 PM,"The Mountain View Gotebo varsity football team has a game @ Grandfield (Oklahoma).","/ok/football/game/grandfield-vs-mountain-view-gotebo/9-4-2026/?c=70c7c775-d84d-4239-bcbe-674fa889c024","https://www.maxpreps.com/ok/football/game/grandfield-vs-mountain-view-gotebo/9-4-2026/?c=70c7c775-d84d-4239-bcbe-674fa889c024",d53,"Grandfield","Gotebo","https://www.maxpreps.com/ok/grandfield/football/","https://www.maxpreps.com/ok/mountain-view-gotebo/football/","",""
772,"Bishop Kelley Tulsa vs Bishop Mcguinness Oklahoma City",Football,"Oklahoma",9/4/2026,7:30 PM,"The Bishop Mcguinness Oklahoma City varsity football team has a game @ Bishop Kelley Tulsa (Oklahoma).","/ok/football/game/bishop-kelley-tulsa-vs-bishop-mcguinness-oklahoma-city/9-4-2026/?c=abd1c16c-d56f-4463-a9cc-225698888c0b","https://www.maxpreps.com/ok/football/game/bishop-kelley-tulsa-vs-bishop-mcguinness-oklahoma-city/9-4-2026/?c=abd1c16c-d56f-4463-a9cc-225698888c0b",151e,"Tulsa","City","https://www.maxpreps.com/ok/bishop-kelley-tulsa/football/","https://www.maxpreps.com/ok/bishop-mcguinness-oklahoma-city/football/","",""
773,"Boise City Ok vs Springfield Co",Football,"Oklahoma",9/4/2026,7:30 PM,"The Springfield Co varsity football team has a game @ Boise City Ok (Oklahoma).","/inter-state/football/game/boise-city-ok-vs-springfield-co/9-4-2026/?c=0a1384c2-9ff5-487f-9853-260869b1bedc","https://www.maxpreps.com/inter-state/football/game/boise-city-ok-vs-springfield-co/9-4-2026/?c=0a1384c2-9ff5-487f-9853-260869b1bedc",bd8,"Ok","Co","https://www.maxpreps.com/ok/boise-city-ok/football/","https://www.maxpreps.com/ok/springfield-co/football/","",""
774,"Hennessey vs Thomas Fay Custer",Football,"Oklahoma",9/4/2026,7:30 PM,"The Thomas Fay Custer varsity football team has a game @ Hennessey (Oklahoma).","/ok/football/game/hennessey-vs-thomas-fay-custer/9-4-2026/?c=b891b743-8a8e-44a7-90b3-b017b8716aa6","https://www.maxpreps.com/ok/football/game/hennessey-vs-thomas-fay-custer/9-4-2026/?c=b891b743-8a8e-44a7-90b3-b017b8716aa6",bd1,"Hennessey","Custer","https://www.maxpreps.com/ok/hennessey/football/","https://www.maxpreps.com/ok/thomas-fay-custer/football/","",""
775,"Chelsea vs Ketchum",Football,"Oklahoma",9/4/2026,7:30 PM,"The Ketchum varsity football team has a game @ Chelsea (Oklahoma).","/ok/football/game/chelsea-vs-ketchum/9-4-2026/?c=07c16ffd-137b-459d-a7d5-b92533b9ed45","https://www.maxpreps.com/ok/football/game/chelsea-vs-ketchum/9-4-2026/?c=07c16ffd-137b-459d-a7d5-b92533b9ed45",709,"Chelsea","Ketchum","https://www.maxpreps.com/ok/chelsea/football/","https://www.maxpreps.com/ok/ketchum/football/","",""
776,"Keys Park Hill vs Pocola",Football,"Oklahoma",9/4/2026,7:30 PM,"The Pocola varsity football team has a game @ Keys Park Hill (Oklahoma).","/ok/football/game/keys-park-hill-vs-pocola/9-4-2026/?c=78a11987-70b6-4ecc-8be3-0927af14001a","https://www.maxpreps.com/ok/football/game/keys-park-hill-vs-pocola/9-4-2026/?c=78a11987-70b6-4ecc-8be3-0927af14001a",92e,"Hill","Pocola","https://www.maxpreps.com/ok/keys-park-hill/football/","https://www.maxpreps.com/ok/pocola/football/","",""
777,"Blanchard vs Clinton",Football,"Oklahoma",9/4/2026,7:30 PM,"The Clinton varsity football team has a game @ Blanchard (Oklahoma).","/ok/football/game/blanchard-vs-clinton/9-4-2026/?c=74f89eb5-c5a3-4942-95fc-94fc0902e745","https://www.maxpreps.com/ok/football/game/blanchard-vs-clinton/9-4-2026/?c=74f89eb5-c5a3-4942-95fc-94fc0902e745",7d9,"Blanchard","Clinton","https://www.maxpreps.com/ok/blanchard/football/","https://www.maxpreps.com/ok/clinton/football/","",""
778,"Glenpool vs Skiatook",Football,"Oklahoma",9/4/2026,7:30 PM,"The Skiatook varsity football team has a game @ Glenpool (Oklahoma).","/ok/football/game/glenpool-vs-skiatook/9-4-2026/?c=205fbdff-45e0-4dea-9d65-539e7e014050","https://www.maxpreps.com/ok/football/game/glenpool-vs-skiatook/9-4-2026/?c=205fbdff-45e0-4dea-9d65-539e7e014050",808,"Glenpool","Skiatook","https://www.maxpreps.com/ok/glenpool/football/","https://www.maxpreps.com/ok/skiatook/football/","",""
779,"Catoosa vs Mannford",Football,"Oklahoma",9/4/2026,7:30 PM,"The Mannford varsity football team has a game @ Catoosa (Oklahoma).","/ok/football/game/catoosa-vs-mannford/9-4-2026/?c=4fbad81a-85a8-4a04-9579-569f541d1b42","https://www.maxpreps.com/ok/football/game/catoosa-vs-mannford/9-4-2026/?c=4fbad81a-85a8-4a04-9579-569f541d1b42",782,"Catoosa","Mannford","https://www.maxpreps.com/ok/catoosa/football/","https://www.maxpreps.com/ok/mannford/football/","",""
780,"Stilwell vs Vinita",Football,"Oklahoma",9/4/2026,7:30 PM,"The Vinita varsity football team has a game @ Stilwell (Oklahoma).","/ok/football/game/stilwell-vs-vinita/9-4-2026/?c=39678514-c039-4d1b-9c9c-88885b17cc55","https://www.maxpreps.com/ok/football/game/stilwell-vs-vinita/9-4-2026/?c=39678514-c039-4d1b-9c9c-88885b17cc55",73e,"Stilwell","Vinita","https://www.maxpreps.com/ok/stilwell/football/","https://www.maxpreps.com/ok/vinita/football/","",""
781,"Liberty Mounds vs Summit Christian Academy Broken Arrow",Football,"Oklahoma",9/4/2026,7:30 PM,"The Summit Christian Academy Broken Arrow varsity football team has a game @ Liberty Mounds (Oklahoma).","/ok/football/game/liberty-mounds-vs-summit-christian-academy-broken-arrow/9-4-2026/?c=64afb2da-445c-4bdb-a37d-eaea7509817b","https://www.maxpreps.com/ok/football/game/liberty-mounds-vs-summit-christian-academy-broken-arrow/9-4-2026/?c=64afb2da-445c-4bdb-a37d-eaea7509817b",1599,"Mounds","Arrow","https://www.maxpreps.com/ok/liberty-mounds/football/","https://www.maxpreps.com/ok/summit-christian-academy-broken-arrow/football/","",""
782,"Oklahoma City Patriots Homeschool vs Southwest Covenant Yukon",Football,"Oklahoma",9/4/2026,7:30 PM,"The Southwest Covenant Yukon varsity football team has a game @ Oklahoma City Patriots Homeschool (Oklahoma).","/ok/football/game/oklahoma-city-patriots-homeschool-vs-southwest-covenant-yukon/9-4-2026/?c=b5f9541c-7fa8-4e65-bb76-25e0a4232d7d","https://www.maxpreps.com/ok/football/game/oklahoma-city-patriots-homeschool-vs-southwest-covenant-yukon/9-4-2026/?c=b5f9541c-7fa8-4e65-bb76-25e0a4232d7d",185a,"Homeschool","Yukon","https://www.maxpreps.com/ok/oklahoma-city-patriots-homeschool/football/","https://www.maxpreps.com/ok/southwest-covenant-yukon/football/","",""
783,"Henryetta vs Okemah",Football,"Oklahoma",9/4/2026,7:30 PM,"The Okemah varsity football team has a game @ Henryetta (Oklahoma).","/ok/football/game/henryetta-vs-okemah/9-4-2026/?c=f03a8ba5-f436-4f78-9df6-344662fd9112","https://www.maxpreps.com/ok/football/game/henryetta-vs-okemah/9-4-2026/?c=f03a8ba5-f436-4f78-9df6-344662fd9112",78c,"Henryetta","Okemah","https://www.maxpreps.com/ok/henryetta/football/","https://www.maxpreps.com/ok/okemah/football/","",""
784,"Drumright vs Oklahoma Union South Coffeyville",Football,"Oklahoma",9/4/2026,7:30 PM,"The Oklahoma Union South Coffeyville varsity football team has a game @ Drumright (Oklahoma).","/ok/football/game/drumright-vs-oklahoma-union-south-coffeyville/9-4-2026/?c=9926bea0-e7ce-4d44-8076-0be6759cfec0","https://www.maxpreps.com/ok/football/game/drumright-vs-oklahoma-union-south-coffeyville/9-4-2026/?c=9926bea0-e7ce-4d44-8076-0be6759cfec0",11e0,"Drumright","Coffeyville","https://www.maxpreps.com/ok/drumright/football/","https://www.maxpreps.com/ok/oklahoma-union-south-coffeyville/football/","",""
785,"Marshall Oklahoma City vs Mount St Mary Oklahoma City",Football,"Oklahoma",9/4/2026,7:30 PM,"The Mount St Mary Oklahoma City varsity football team has a game @ Marshall Oklahoma City (Oklahoma).","/ok/football/game/marshall-oklahoma-city-vs-mount-st-mary-oklahoma-city/9-4-2026/?c=0599fd75-9858-4a9c-a741-242096f3bbcd","https://www.maxpreps.com/ok/football/game/marshall-oklahoma-city-vs-mount-st-mary-oklahoma-city/9-4-2026/?c=0599fd75-9858-4a9c-a741-242096f3bbcd",1482,"City","City","https://www.maxpreps.com/ok/marshall-oklahoma-city/football/","https://www.maxpreps.com/ok/mount-st-mary-oklahoma-city/football/","",""
786,"Ponca City vs Putnam City Oklahoma City",Football,"Oklahoma",9/4/2026,7:30 PM,"The Putnam City Oklahoma City varsity football team has a game @ Ponca City (Oklahoma).","/ok/football/game/ponca-city-vs-putnam-city-oklahoma-city/9-4-2026/?c=5742922c-5c2f-43e1-8144-67556865d9b9","https://www.maxpreps.com/ok/football/game/ponca-city-vs-putnam-city-oklahoma-city/9-4-2026/?c=5742922c-5c2f-43e1-8144-67556865d9b9",f14,"City","City","https://www.maxpreps.com/ok/ponca-city/football/","https://www.maxpreps.com/ok/putnam-city-oklahoma-city/football/","",""
787,"Central Tulsa vs Memorial Tulsa",Football,"Oklahoma",9/4/2026,7:30 PM,"The Memorial Tulsa varsity football team has a game @ Central Tulsa (Oklahoma).","/ok/football/game/central-tulsa-vs-memorial-tulsa/9-4-2026/?c=9ef30b49-8767-4649-8f51-f0cee7b9883a","https://www.maxpreps.com/ok/football/game/central-tulsa-vs-memorial-tulsa/9-4-2026/?c=9ef30b49-8767-4649-8f51-f0cee7b9883a",c2e,"Tulsa","Tulsa","https://www.maxpreps.com/ok/central-tulsa/football/","https://www.maxpreps.com/ok/memorial-tulsa/football/","",""
788,"Berryhill Tulsa vs Fort Gibson",Football,"Oklahoma",9/4/2026,7:30 PM,"The Fort Gibson varsity football team has a game @ Berryhill Tulsa (Oklahoma).","/ok/football/game/berryhill-tulsa-vs-fort-gibson/9-4-2026/?c=daae0f17-ded9-4365-a4b1-00bba088eca8","https://www.maxpreps.com/ok/football/game/berryhill-tulsa-vs-fort-gibson/9-4-2026/?c=daae0f17-ded9-4365-a4b1-00bba088eca8",bd0,"Tulsa","Gibson","https://www.maxpreps.com/ok/berryhill-tulsa/football/","https://www.maxpreps.com/ok/fort-gibson/football/","",""
789,"Merritt Elk City vs Mooreland",Football,"Oklahoma",9/4/2026,7:30 PM,"The Mooreland varsity football team has a game @ Merritt Elk City (Oklahoma).","/ok/football/game/merritt-elk-city-vs-mooreland/9-4-2026/?c=5c26cbfa-6622-4cf1-824b-6fe123e0a6b4","https://www.maxpreps.com/ok/football/game/merritt-elk-city-vs-mooreland/9-4-2026/?c=5c26cbfa-6622-4cf1-824b-6fe123e0a6b4",b5a,"City","Mooreland","https://www.maxpreps.com/ok/merritt-elk-city/football/","https://www.maxpreps.com/ok/mooreland/football/","",""
790,"Bray Doyle vs Thackerville",Football,"Oklahoma",9/4/2026,7:30 PM,"The Thackerville varsity football team has a game @ Bray Doyle (Oklahoma).","/ok/football/game/bray-doyle-vs-thackerville/9-4-2026/?c=54ea22e4-efe1-4e4d-9464-e9a63df0f347","https://www.maxpreps.com/ok/football/game/bray-doyle-vs-thackerville/9-4-2026/?c=54ea22e4-efe1-4e4d-9464-e9a63df0f347",a39,"Doyle","Thackerville","https://www.maxpreps.com/ok/bray-doyle/football/","https://www.maxpreps.com/ok/thackerville/football/","",""
791,"Nowata vs Warner",Football,"Oklahoma",9/4/2026,7:30 PM,"The Warner varsity football team has a game @ Nowata (Oklahoma).","/ok/football/game/nowata-vs-warner/9-4-2026/?c=e7658b53-2e4e-4043-b0ef-e3cd6b1c601a","https://www.maxpreps.com/ok/football/game/nowata-vs-warner/9-4-2026/?c=e7658b53-2e4e-4043-b0ef-e3cd6b1c601a",65c,"Nowata","Warner","https://www.maxpreps.com/ok/nowata/football/","https://www.maxpreps.com/ok/warner/football/","",""
792,"Poteau vs Tahlequah",Football,"Oklahoma",9/4/2026,7:30 PM,"The Tahlequah varsity football team has a game @ Poteau (Oklahoma).","/ok/football/game/poteau-vs-tahlequah/9-4-2026/?c=3c3f9750-6889-45df-9385-6243370fa45a","https://www.maxpreps.com/ok/football/game/poteau-vs-tahlequah/9-4-2026/?c=3c3f9750-6889-45df-9385-6243370fa45a",78e,"Poteau","Tahlequah","https://www.maxpreps.com/ok/poteau/football/","https://www.maxpreps.com/ok/tahlequah/football/","",""
793,"Ringwood vs Timberlake Helena",Football,"Oklahoma",9/4/2026,7:30 PM,"The Timberlake Helena varsity football team has a game @ Ringwood (Oklahoma).","/ok/football/game/ringwood-vs-timberlake-helena/9-4-2026/?c=b7f25c90-01eb-48ac-a622-294b8947ae4e","https://www.maxpreps.com/ok/football/game/ringwood-vs-timberlake-helena/9-4-2026/?c=b7f25c90-01eb-48ac-a622-294b8947ae4e",b66,"Ringwood","Helena","https://www.maxpreps.com/ok/ringwood/football/","https://www.maxpreps.com/ok/timberlake-helena/football/","",""
794,"Henrietta Tx vs Marlow Ok",Football,"Oklahoma",9/4/2026,7:30 PM,"The Marlow Ok varsity football team has a game @ Henrietta Tx (Oklahoma).","/inter-state/football/game/henrietta-tx-vs-marlow-ok/9-4-2026/?c=6d167fee-e711-43f7-b341-d0c596b873b8","https://www.maxpreps.com/inter-state/football/game/henrietta-tx-vs-marlow-ok/9-4-2026/?c=6d167fee-e711-43f7-b341-d0c596b873b8",9b9,"Tx","Ok","https://www.maxpreps.com/ok/henrietta-tx/football/","https://www.maxpreps.com/ok/marlow-ok/football/","",""
795,"Crossings Christian Oklahoma City vs North Rock Creek Shawnee",Football,"Oklahoma",9/4/2026,7:30 PM,"The North Rock Creek Shawnee varsity football team has a game @ Crossings Christian Oklahoma City (Oklahoma).","/ok/football/game/crossings-christian-oklahoma-city-vs-north-rock-creek-shawnee/9-4-2026/?c=69aa4327-6531-4afc-806f-b79e84f41a60","https://www.maxpreps.com/ok/football/game/crossings-christian-oklahoma-city-vs-north-rock-creek-shawnee/9-4-2026/?c=69aa4327-6531-4afc-806f-b79e84f41a60",17c5,"City","Shawnee","https://www.maxpreps.com/ok/crossings-christian-oklahoma-city/football/","https://www.maxpreps.com/ok/north-rock-creek-shawnee/football/","",""
796,"Elgin vs Guthrie",Football,"Oklahoma",9/4/2026,7:30 PM,"The Guthrie varsity football team has a game @ Elgin (Oklahoma).","/ok/football/game/elgin-vs-guthrie/9-4-2026/?c=14f70f15-f03c-4b1f-87a2-da976c576153","https://www.maxpreps.com/ok/football/game/elgin-vs-guthrie/9-4-2026/?c=14f70f15-f03c-4b1f-87a2-da976c576153",64a,"Elgin","Guthrie","https://www.maxpreps.com/ok/elgin/football/","https://www.maxpreps.com/ok/guthrie/football/","",""
797,"Gore vs Spiro",Football,"Oklahoma",9/4/2026,7:30 PM,"The Spiro varsity football team has a game @ Gore (Oklahoma).","/ok/football/game/gore-vs-spiro/9-4-2026/?c=b52ac650-fd73-4930-b3c4-cbf81d5e9968","https://www.maxpreps.com/ok/football/game/gore-vs-spiro/9-4-2026/?c=b52ac650-fd73-4930-b3c4-cbf81d5e9968",51d,"Gore","Spiro","https://www.maxpreps.com/ok/gore/football/","https://www.maxpreps.com/ok/spiro/football/","",""
798,"Davenport vs Maud",Football,"Oklahoma",9/4/2026,7:30 PM,"The Maud varsity football team has a game @ Davenport (Oklahoma).","/ok/football/game/davenport-vs-maud/9-4-2026/?c=b15faf3b-57e9-4e5b-acb5-9d1f14a36605","https://www.maxpreps.com/ok/football/game/davenport-vs-maud/9-4-2026/?c=b15faf3b-57e9-4e5b-acb5-9d1f14a36605",6bd,"Davenport","Maud","https://www.maxpreps.com/ok/davenport/football/","https://www.maxpreps.com/ok/maud/football/","",""
799,"Colcord vs Kansas",Football,"Oklahoma",9/4/2026,7:30 PM,"The Kansas varsity football team has a game @ Colcord (Oklahoma).","/ok/football/game/colcord-vs-kansas/9-4-2026/?c=63fffe39-cace-4dc0-aa0a-172350896bc8","https://www.maxpreps.com/ok/football/game/colcord-vs-kansas/9-4-2026/?c=63fffe39-cace-4dc0-aa0a-172350896bc8",6aa,"Colcord","Kansas","https://www.maxpreps.com/ok/colcord/football/","https://www.maxpreps.com/ok/kansas/football/","",""
800,"Coyle vs Rush Springs",Football,"Oklahoma",9/4/2026,7:30 PM,"The Rush Springs varsity football team has a game @ Coyle (Oklahoma).","/ok/football/game/coyle-vs-rush-springs/9-4-2026/?c=6abce0b6-6ec0-467a-a3d5-fe1ed39ddd53","https://www.maxpreps.com/ok/football/game/coyle-vs-rush-springs/9-4-2026/?c=6abce0b6-6ec0-467a-a3d5-fe1ed39ddd53",854,"Coyle","Springs","https://www.maxpreps.com/ok/coyle/football/","https://www.maxpreps.com/ok/rush-springs/football/","",""
801,"Quinton vs Webbers Falls",Football,"Oklahoma",9/4/2026,7:30 PM,"The Webbers Falls varsity football team has a game @ Quinton (Oklahoma).","/ok/football/game/quinton-vs-webbers-falls/9-4-2026/?c=419eec29-4277-4be4-bc9c-2825fecee26b","https://www.maxpreps.com/ok/football/game/quinton-vs-webbers-falls/9-4-2026/?c=419eec29-4277-4be4-bc9c-2825fecee26b",97a,"Quinton","Falls","https://www.maxpreps.com/ok/quinton/football/","https://www.maxpreps.com/ok/webbers-falls/football/","",""
802,"Del City vs Southeast Oklahoma City",Football,"Oklahoma",9/4/2026,7:30 PM,"The Southeast Oklahoma City varsity football team has a game @ Del City (Oklahoma).","/ok/football/game/del-city-vs-southeast-oklahoma-city/9-4-2026/?c=e5bb6f49-12b2-4bee-a7e0-81d4464d0e34","https://www.maxpreps.com/ok/football/game/del-city-vs-southeast-oklahoma-city/9-4-2026/?c=e5bb6f49-12b2-4bee-a7e0-81d4464d0e34",d9d,"City","City","https://www.maxpreps.com/ok/del-city/football/","https://www.maxpreps.com/ok/southeast-oklahoma-city/football/","",""
803,"Pawhuska vs Stroud",Football,"Oklahoma",9/4/2026,7:30 PM,"The Stroud varsity football team has a game @ Pawhuska (Oklahoma).","/ok/football/game/pawhuska-vs-stroud/9-4-2026/?c=4b957988-1daf-4065-9060-bfdecce2b6f5","https://www.maxpreps.com/ok/football/game/pawhuska-vs-stroud/9-4-2026/?c=4b957988-1daf-4065-9060-bfdecce2b6f5",748,"Pawhuska","Stroud","https://www.maxpreps.com/ok/pawhuska/football/","https://www.maxpreps.com/ok/stroud/football/","",""
804,"Morrison vs Woodland Fairfax",Football,"Oklahoma",9/4/2026,7:30 PM,"The Woodland Fairfax varsity football team has a game @ Morrison (Oklahoma).","/ok/football/game/morrison-vs-woodland-fairfax/9-4-2026/?c=1b7ffb01-91bf-48ae-8103-08900c96b257","https://www.maxpreps.com/ok/football/game/morrison-vs-woodland-fairfax/9-4-2026/?c=1b7ffb01-91bf-48ae-8103-08900c96b257",b22,"Morrison","Fairfax","https://www.maxpreps.com/ok/morrison/football/","https://www.maxpreps.com/ok/woodland-fairfax/football/","",""
805,"Dewey vs Newkirk",Football,"Oklahoma",9/4/2026,7:30 PM,"The Newkirk varsity football team has a game @ Dewey (Oklahoma).","/ok/football/game/dewey-vs-newkirk/9-4-2026/?c=bb3eb766-5a81-4fa9-a520-81968ff7db4c","https://www.maxpreps.com/ok/football/game/dewey-vs-newkirk/9-4-2026/?c=bb3eb766-5a81-4fa9-a520-81968ff7db4c",65c,"Dewey","Newkirk","https://www.maxpreps.com/ok/dewey/football/","https://www.maxpreps.com/ok/newkirk/football/","",""
806,"Claremore Christian vs Welch",Football,"Oklahoma",9/4/2026,7:30 PM,"The Welch varsity football team has a game @ Claremore Christian (Oklahoma).","/ok/football/game/claremore-christian-vs-welch/9-4-2026/?c=e1ed35b5-ac28-46bc-a803-48de95ff9a9d","https://www.maxpreps.com/ok/football/game/claremore-christian-vs-welch/9-4-2026/?c=e1ed35b5-ac28-46bc-a803-48de95ff9a9d",b02,"Christian","Welch","https://www.maxpreps.com/ok/claremore-christian/football/","https://www.maxpreps.com/ok/welch/football/","",""
807,"Medford vs Waukomis",Football,"Oklahoma",9/4/2026,7:30 PM,"The Waukomis varsity football team has a game @ Medford (Oklahoma).","/ok/football/game/medford-vs-waukomis/9-4-2026/?c=e221f5ea-742b-4ef1-8a0a-4ca69ac847fb","https://www.maxpreps.com/ok/football/game/medford-vs-waukomis/9-4-2026/?c=e221f5ea-742b-4ef1-8a0a-4ca69ac847fb",794,"Medford","Waukomis","https://www.maxpreps.com/ok/medford/football/","https://www.maxpreps.com/ok/waukomis/football/","",""
808,"Bethany vs Jones",Football,"Oklahoma",9/4/2026,7:30 PM,"The Jones varsity football team has a game @ Bethany (Oklahoma).","/ok/football/game/bethany-vs-jones/9-4-2026/?c=c9ce651a-75b8-438d-b141-7cface1ae0c3","https://www.maxpreps.com/ok/football/game/bethany-vs-jones/9-4-2026/?c=c9ce651a-75b8-438d-b141-7cface1ae0c3",64d,"Bethany","Jones","https://www.maxpreps.com/ok/bethany/football/","https://www.maxpreps.com/ok/jones/football/","",""
809,"Cashion vs Kingfisher",Football,"Oklahoma",9/4/2026,7:30 PM,"The Kingfisher varsity football team has a game @ Cashion (Oklahoma).","/ok/football/game/cashion-vs-kingfisher/9-4-2026/?c=02ed7a99-62e5-435c-8fd3-a62c7ba6ae60","https://www.maxpreps.com/ok/football/game/cashion-vs-kingfisher/9-4-2026/?c=02ed7a99-62e5-435c-8fd3-a62c7ba6ae60",852,"Cashion","Kingfisher","https://www.maxpreps.com/ok/cashion/football/","https://www.maxpreps.com/ok/kingfisher/football/","",""
810,"Heritage Hall Oklahoma City vs Lincoln Christian Tulsa",Football,"Oklahoma",9/4/2026,7:30 PM,"The Lincoln Christian Tulsa varsity football team has a game @ Heritage Hall Oklahoma City (Oklahoma).","/ok/football/game/heritage-hall-oklahoma-city-vs-lincoln-christian-tulsa/9-4-2026/?c=cb1e1e65-21fb-4df7-a1b6-f914a1f3d863","https://www.maxpreps.com/ok/football/game/heritage-hall-oklahoma-city-vs-lincoln-christian-tulsa/9-4-2026/?c=cb1e1e65-21fb-4df7-a1b6-f914a1f3d863",14f0,"City","Tulsa","https://www.maxpreps.com/ok/heritage-hall-oklahoma-city/football/","https://www.maxpreps.com/ok/lincoln-christian-tulsa/football/","",""
811,"Kipp Tulsa University Prep vs Mclain Science And Tech Tulsa",Football,"Oklahoma",9/4/2026,7:30 PM,"The Mclain Science And Tech Tulsa varsity football team has a game @ Kipp Tulsa University Prep (Oklahoma).","/ok/football/game/kipp-tulsa-university-prep-vs-mclain-science-and-tech-tulsa/9-4-2026/?c=9b5062b5-25ea-4953-ab5e-e42d77ffa160","https://www.maxpreps.com/ok/football/game/kipp-tulsa-university-prep-vs-mclain-science-and-tech-tulsa/9-4-2026/?c=9b5062b5-25ea-4953-ab5e-e42d77ffa160",16c2,"Prep","Tulsa","https://www.maxpreps.com/ok/kipp-tulsa-university-prep/football/","https://www.maxpreps.com/ok/mclain-science-and-tech-tulsa/football/","",""
812,"Edmond Memorial vs Edmond Santa Fe",Football,"Oklahoma",9/4/2026,7:30 PM,"The Edmond Santa Fe varsity football team has a game @ Edmond Memorial (Oklahoma).","/ok/football/game/edmond-memorial-vs-edmond-santa-fe/9-4-2026/?c=b12b17fc-4c51-43f7-bfef-556b6fa4d6e5","https://www.maxpreps.com/ok/football/game/edmond-memorial-vs-edmond-santa-fe/9-4-2026/?c=b12b17fc-4c51-43f7-bfef-556b6fa4d6e5",cf0,"Memorial","Fe","https://www.maxpreps.com/ok/edmond-memorial/football/","https://www.maxpreps.com/ok/edmond-santa-fe/football/","",""
813,"Bartlesville vs Claremore",Football,"Oklahoma",9/4/2026,7:30 PM,"The Claremore varsity football team has a game @ Bartlesville (Oklahoma).","/ok/football/game/bartlesville-vs-claremore/9-4-2026/?c=d79fd52b-e993-427f-ab69-8e13575f2877","https://www.maxpreps.com/ok/football/game/bartlesville-vs-claremore/9-4-2026/?c=d79fd52b-e993-427f-ab69-8e13575f2877",a06,"Bartlesville","Claremore","https://www.maxpreps.com/ok/bartlesville/football/","https://www.maxpreps.com/ok/claremore/football/","",""
814,"Kremlin Hillsdale vs Waynoka",Football,"Oklahoma",9/4/2026,7:30 PM,"The Waynoka varsity football team has a game @ Kremlin Hillsdale (Oklahoma).","/ok/football/game/kremlin-hillsdale-vs-waynoka/9-4-2026/?c=e0472fb7-ba84-40a1-ab6b-19d76e14b16f","https://www.maxpreps.com/ok/football/game/kremlin-hillsdale-vs-waynoka/9-4-2026/?c=e0472fb7-ba84-40a1-ab6b-19d76e14b16f",b0e,"Hillsdale","Waynoka","https://www.maxpreps.com/ok/kremlin-hillsdale/football/","https://www.maxpreps.com/ok/waynoka/football/","",""
815,"Comanche vs Healdton",Football,"Oklahoma",9/4/2026,7:30 PM,"The Healdton varsity football team has a game @ Comanche (Oklahoma).","/ok/football/game/comanche-vs-healdton/9-4-2026/?c=609a3824-0cad-4be2-ac40-0c929987186d","https://www.maxpreps.com/ok/football/game/comanche-vs-healdton/9-4-2026/?c=609a3824-0cad-4be2-ac40-0c929987186d",7d0,"Comanche","Healdton","https://www.maxpreps.com/ok/comanche/football/","https://www.maxpreps.com/ok/healdton/football/","",""
816,"Mcalester vs Muskogee",Football,"Oklahoma",9/4/2026,7:30 PM,"The Muskogee varsity football team has a game @ Mcalester (Oklahoma).","/ok/football/game/mcalester-vs-muskogee/9-4-2026/?c=e34d8d78-8498-4875-a002-c3f1be8b74d1","https://www.maxpreps.com/ok/football/game/mcalester-vs-muskogee/9-4-2026/?c=e34d8d78-8498-4875-a002-c3f1be8b74d1",863,"Mcalester","Muskogee","https://www.maxpreps.com/ok/mcalester/football/","https://www.maxpreps.com/ok/muskogee/football/","",""
817,"Cordell vs Fox",Football,"Oklahoma",9/4/2026,7:30 PM,"The Fox varsity football team has a game @ Cordell (Oklahoma).","/ok/football/game/cordell-vs-fox/9-4-2026/?c=02181f4b-5b1f-4821-b7e4-6eb6b50df5fb","https://www.maxpreps.com/ok/football/game/cordell-vs-fox/9-4-2026/?c=02181f4b-5b1f-4821-b7e4-6eb6b50df5fb",575,"Cordell","Fox","https://www.maxpreps.com/ok/cordell/football/","https://www.maxpreps.com/ok/fox/football/","",""
818,"Cherokee vs Texhoma",Football,"Oklahoma",9/4/2026,7:30 PM,"The Texhoma varsity football team has a game @ Cherokee (Oklahoma).","/ok/football/game/cherokee-vs-texhoma/9-4-2026/?c=b470efa9-c590-43de-9b23-37cdda7fd7b4","https://www.maxpreps.com/ok/football/game/cherokee-vs-texhoma/9-4-2026/?c=b470efa9-c590-43de-9b23-37cdda7fd7b4",77f,"Cherokee","Texhoma","https://www.maxpreps.com/ok/cherokee/football/","https://www.maxpreps.com/ok/texhoma/football/","",""
819,"Holdenville vs Wewoka",Football,"Oklahoma",9/4/2026,7:30 PM,"The Wewoka varsity football team has a game @ Holdenville (Oklahoma).","/ok/football/game/holdenville-vs-wewoka/9-4-2026/?c=21aed27b-83f7-465e-8e21-83a01d16e318","https://www.maxpreps.com/ok/football/game/holdenville-vs-wewoka/9-4-2026/?c=21aed27b-83f7-465e-8e21-83a01d16e318",867,"Holdenville","Wewoka","https://www.maxpreps.com/ok/holdenville/football/","https://www.maxpreps.com/ok/wewoka/football/","",""
820,"Pawnee vs Tonkawa",Football,"Oklahoma",9/4/2026,7:30 PM,"The Tonkawa varsity football team has a game @ Pawnee (Oklahoma).","/ok/football/game/pawnee-vs-tonkawa/9-4-2026/?c=12245516-3133-4cba-af95-20ec275d0ebc","https://www.maxpreps.com/ok/football/game/pawnee-vs-tonkawa/9-4-2026/?c=12245516-3133-4cba-af95-20ec275d0ebc",6b8,"Pawnee","Tonkawa","https://www.maxpreps.com/ok/pawnee/football/","https://www.maxpreps.com/ok/tonkawa/football/","",""
821,"Central Sallisaw vs Heavener",Football,"Oklahoma",9/4/2026,7:30 PM,"The Heavener varsity football team has a game @ Central Sallisaw (Oklahoma).","/ok/football/game/central-sallisaw-vs-heavener/9-4-2026/?c=229664a2-8f27-4473-9e91-dfc0e8b25b78","https://www.maxpreps.com/ok/football/game/central-sallisaw-vs-heavener/9-4-2026/?c=229664a2-8f27-4473-9e91-dfc0e8b25b78",b07,"Sallisaw","Heavener","https://www.maxpreps.com/ok/central-sallisaw/football/","https://www.maxpreps.com/ok/heavener/football/","",""
822,"Madill vs Marietta",Football,"Oklahoma",9/4/2026,7:30 PM,"The Marietta varsity football team has a game @ Madill (Oklahoma).","/ok/football/game/madill-vs-marietta/9-4-2026/?c=f9239a05-6c0e-4e79-835c-652d771f0b64","https://www.maxpreps.com/ok/football/game/madill-vs-marietta/9-4-2026/?c=f9239a05-6c0e-4e79-835c-652d771f0b64",70d,"Madill","Marietta","https://www.maxpreps.com/ok/madill/football/","https://www.maxpreps.com/ok/marietta/football/","",""
823,"Gans Ok vs Magazine Ar",Football,"Oklahoma",9/4/2026,7:30 PM,"The Magazine Ar varsity football team has a game @ Gans Ok (Oklahoma).","/inter-state/football/game/gans-ok-vs-magazine-ar/9-4-2026/?c=702630be-8570-4c35-87f7-b7e3925c7ba3","https://www.maxpreps.com/inter-state/football/game/gans-ok-vs-magazine-ar/9-4-2026/?c=702630be-8570-4c35-87f7-b7e3925c7ba3",83f,"Ok","Ar","https://www.maxpreps.com/ok/gans-ok/football/","https://www.maxpreps.com/ok/magazine-ar/football/","",""
824,"Allen vs Barnsdall",Football,"Oklahoma",9/4/2026,7:30 PM,"The Barnsdall varsity football team has a game @ Allen (Oklahoma).","/ok/football/game/allen-vs-barnsdall/9-4-2026/?c=bdd489f4-3388-4964-8f6d-26cf3689f63a","https://www.maxpreps.com/ok/football/game/allen-vs-barnsdall/9-4-2026/?c=bdd489f4-3388-4964-8f6d-26cf3689f63a",702,"Allen","Barnsdall","https://www.maxpreps.com/ok/allen/football/","https://www.maxpreps.com/ok/barnsdall/football/","",""
825,"Lawton Ok vs University City St Louis Mo",Football,"Oklahoma",9/4/2026,7:30 PM,"The University City St Louis Mo varsity football team has a game @ Lawton Ok (Oklahoma).","/inter-state/football/game/lawton-ok-vs-university-city-st-louis-mo/9-4-2026/?c=25212e18-44c4-4223-942e-bf1bc8029ae5","https://www.maxpreps.com/inter-state/football/game/lawton-ok-vs-university-city-st-louis-mo/9-4-2026/?c=25212e18-44c4-4223-942e-bf1bc8029ae5",f9d,"Ok","Mo","https://www.maxpreps.com/ok/lawton-ok/football/","https://www.maxpreps.com/ok/university-city-st-louis-mo/football/","",""
826,"Prague vs Wyandotte",Football,"Oklahoma",9/4/2026,7:30 PM,"The Wyandotte varsity football team has a game @ Prague (Oklahoma).","/ok/football/game/prague-vs-wyandotte/9-4-2026/?c=86b174cb-4b17-41d4-84e2-a3244d58692e","https://www.maxpreps.com/ok/football/game/prague-vs-wyandotte/9-4-2026/?c=86b174cb-4b17-41d4-84e2-a3244d58692e",7a6,"Prague","Wyandotte","https://www.maxpreps.com/ok/prague/football/","https://www.maxpreps.com/ok/wyandotte/football/","",""
827,"Ada vs Ardmore",Football,"Oklahoma",9/4/2026,7:30 PM,"The Ardmore varsity football team has a game @ Ada (Oklahoma).","/ok/football/game/ada-vs-ardmore/9-4-2026/?c=bbdfedc5-cbfd-4788-9233-0f92de47d5b5","https://www.maxpreps.com/ok/football/game/ada-vs-ardmore/9-4-2026/?c=bbdfedc5-cbfd-4788-9233-0f92de47d5b5",553,"Ada","Ardmore","https://www.maxpreps.com/ok/ada/football/","https://www.maxpreps.com/ok/ardmore/football/","",""
828,"Antlers vs Coalgate",Football,"Oklahoma",9/4/2026,7:30 PM,"The Coalgate varsity football team has a game @ Antlers (Oklahoma).","/ok/football/game/antlers-vs-coalgate/9-4-2026/?c=522a451f-9de9-4f53-b3ff-463068398deb","https://www.maxpreps.com/ok/football/game/antlers-vs-coalgate/9-4-2026/?c=522a451f-9de9-4f53-b3ff-463068398deb",77c,"Antlers","Coalgate","https://www.maxpreps.com/ok/antlers/football/","https://www.maxpreps.com/ok/coalgate/football/","",""
829,"Dickson Ardmore vs Pauls Valley",Football,"Oklahoma",9/4/2026,7:30 PM,"The Pauls Valley varsity football team has a game @ Dickson Ardmore (Oklahoma).","/ok/football/game/dickson-ardmore-vs-pauls-valley/9-4-2026/?c=9bb54704-b172-4ee9-8426-9b5fe47055a5","https://www.maxpreps.com/ok/football/game/dickson-ardmore-vs-pauls-valley/9-4-2026/?c=9bb54704-b172-4ee9-8426-9b5fe47055a5",c24,"Ardmore","Valley","https://www.maxpreps.com/ok/dickson-ardmore/football/","https://www.maxpreps.com/ok/pauls-valley/football/","",""
830,"Atoka vs Hugo",Football,"Oklahoma",9/4/2026,7:30 PM,"The Hugo varsity football team has a game @ Atoka (Oklahoma).","/ok/football/game/atoka-vs-hugo/9-4-2026/?c=b7ee7c1d-81a4-46dd-a56f-5f92af99b404","https://www.maxpreps.com/ok/football/game/atoka-vs-hugo/9-4-2026/?c=b7ee7c1d-81a4-46dd-a56f-5f92af99b404",506,"Atoka","Hugo","https://www.maxpreps.com/ok/atoka/football/","https://www.maxpreps.com/ok/hugo/football/","",""
831,"Broken Bow vs Durant",Football,"Oklahoma",9/4/2026,7:30 PM,"The Durant varsity football team has a game @ Broken Bow (Oklahoma).","/ok/football/game/broken-bow-vs-durant/9-4-2026/?c=2b9ab5eb-1daa-4fa7-b15c-227099444fed","https://www.maxpreps.com/ok/football/game/broken-bow-vs-durant/9-4-2026/?c=2b9ab5eb-1daa-4fa7-b15c-227099444fed",7c7,"Bow","Durant","https://www.maxpreps.com/ok/broken-bow/football/","https://www.maxpreps.com/ok/durant/football/","",""
832,"Idabel vs Valliant",Football,"Oklahoma",9/4/2026,7:30 PM,"The Valliant varsity football team has a game @ Idabel (Oklahoma).","/ok/football/game/idabel-vs-valliant/9-4-2026/?c=289fe823-89c4-4c13-a9f6-4bc685b0af10","https://www.maxpreps.com/ok/football/game/idabel-vs-valliant/9-4-2026/?c=289fe823-89c4-4c13-a9f6-4bc685b0af10",6ff,"Idabel","Valliant","https://www.maxpreps.com/ok/idabel/football/","https://www.maxpreps.com/ok/valliant/football/","",""
833,"Spanish River Boca Raton vs West Boca Raton",Football,"Oklahoma",9/4/2026,7:30 PM,"The West Boca Raton varsity football team has a game @ Spanish River Boca Raton (Oklahoma).","/fl/football/game/spanish-river-boca-raton-vs-west-boca-raton/9-4-2026/?c=2df94f0f-5814-4cd6-830e-fadc7220adf3","https://www.maxpreps.com/fl/football/game/spanish-river-boca-raton-vs-west-boca-raton/9-4-2026/?c=2df94f0f-5814-4cd6-830e-fadc7220adf3",1077,"Raton","Raton","https://www.maxpreps.com/ok/spanish-river-boca-raton/football/","https://www.maxpreps.com/ok/west-boca-raton/football/","",""
834,"Columbus Miami vs St Thomas Aquinas Fort Lauderdale",Football,"Oklahoma",9/4/2026,7:30 PM,"The St Thomas Aquinas Fort Lauderdale varsity football team has a game @ Columbus Miami (Oklahoma).","/fl/football/game/columbus-miami-vs-st-thomas-aquinas-fort-lauderdale/9-4-2026/?c=4c5013d0-411d-428c-aecc-b0ec69545c96","https://www.maxpreps.com/fl/football/game/columbus-miami-vs-st-thomas-aquinas-fort-lauderdale/9-4-2026/?c=4c5013d0-411d-428c-aecc-b0ec69545c96",13ce,"Miami","Lauderdale","https://www.maxpreps.com/ok/columbus-miami/football/","https://www.maxpreps.com/ok/st-thomas-aquinas-fort-lauderdale/football/","",""
835,"St Frances Academy Baltimore Md vs Vero Beach Fl",Football,"Oklahoma",9/4/2026,7:30 PM,"The Vero Beach Fl varsity football team has a game @ St Frances Academy Baltimore Md (Oklahoma).","/inter-state/football/game/st-frances-academy-baltimore-md-vs-vero-beach-fl/9-4-2026/?c=8657235a-0e5e-4c65-a4cf-5afea036220b","https://www.maxpreps.com/inter-state/football/game/st-frances-academy-baltimore-md-vs-vero-beach-fl/9-4-2026/?c=8657235a-0e5e-4c65-a4cf-5afea036220b",11ff,"Md","Fl","https://www.maxpreps.com/ok/st-frances-academy-baltimore-md/football/","https://www.maxpreps.com/ok/vero-beach-fl/football/","",""
836,"Brownsburg vs Franklin Central Indianapolis",Football,"Oklahoma",9/4/2026,7:30 PM,"The Franklin Central Indianapolis varsity football team has a game @ Brownsburg (Oklahoma).","/in/football/game/brownsburg-vs-franklin-central-indianapolis/9-4-2026/?c=955cbe28-7675-45ea-b98c-0ef9ca963cf1","https://www.maxpreps.com/in/football/game/brownsburg-vs-franklin-central-indianapolis/9-4-2026/?c=955cbe28-7675-45ea-b98c-0ef9ca963cf1",1121,"Brownsburg","Indianapolis","https://www.maxpreps.com/ok/brownsburg/football/","https://www.maxpreps.com/ok/franklin-central-indianapolis/football/","",""
837,"Hough Cornelius vs Providence Day Charlotte",Football,"Oklahoma",9/4/2026,7:30 PM,"The Providence Day Charlotte varsity football team has a game @ Hough Cornelius (Oklahoma).","/nc/football/game/hough-cornelius-vs-providence-day-charlotte/9-4-2026/?c=4124eab2-88ff-4d44-a633-37333b39f0b0","https://www.maxpreps.com/nc/football/game/hough-cornelius-vs-providence-day-charlotte/9-4-2026/?c=4124eab2-88ff-4d44-a633-37333b39f0b0",10ec,"Cornelius","Charlotte","https://www.maxpreps.com/ok/hough-cornelius/football/","https://www.maxpreps.com/ok/providence-day-charlotte/football/","",""
838,"Baylor Chattanooga Tn vs Rabun Gap Nacoochee Ga",Football,"Oklahoma",9/4/2026,7:30 PM,"The Rabun Gap Nacoochee Ga varsity football team has a game @ Baylor Chattanooga Tn (Oklahoma).","/inter-state/football/game/baylor-chattanooga-tn-vs-rabun-gap-nacoochee-ga/9-4-2026/?c=b07a4869-795e-4a26-b3ac-0cdcbcc8c3fc","https://www.maxpreps.com/inter-state/football/game/baylor-chattanooga-tn-vs-rabun-gap-nacoochee-ga/9-4-2026/?c=b07a4869-795e-4a26-b3ac-0cdcbcc8c3fc",11d5,"Tn","Ga","https://www.maxpreps.com/ok/baylor-chattanooga-tn/football/","https://www.maxpreps.com/ok/rabun-gap-nacoochee-ga/football/","",""
839,"Lee County Leesburg vs Sequoyah Canton",Football,"Oklahoma",9/4/2026,7:30 PM,"The Sequoyah Canton varsity football team has a game @ Lee County Leesburg (Oklahoma).","/ga/football/game/lee-county-leesburg-vs-sequoyah-canton/9-4-2026/?c=7610023d-8fa5-4efe-8b56-1d730dbb3b61","https://www.maxpreps.com/ga/football/game/lee-county-leesburg-vs-sequoyah-canton/9-4-2026/?c=7610023d-8fa5-4efe-8b56-1d730dbb3b61",eed,"Leesburg","Canton","https://www.maxpreps.com/ok/lee-county-leesburg/football/","https://www.maxpreps.com/ok/sequoyah-canton/football/","",""
840,"Buford Ga vs Mallard Creek Charlotte Nc",Football,"Oklahoma",9/4/2026,7:30 PM,"The Mallard Creek Charlotte Nc varsity football team has a game @ Buford Ga (Oklahoma).","/inter-state/football/game/buford-ga-vs-mallard-creek-charlotte-nc/9-4-2026/?c=06e6ec32-3617-4780-9c64-ac63fdddd2ef","https://www.maxpreps.com/inter-state/football/game/buford-ga-vs-mallard-creek-charlotte-nc/9-4-2026/?c=06e6ec32-3617-4780-9c64-ac63fdddd2ef",ebf,"Ga","Nc","https://www.maxpreps.com/ok/buford-ga/football/","https://www.maxpreps.com/ok/mallard-creek-charlotte-nc/football/","",""
841,"Brentwood Academy Tn vs St Josephs Prep Philadelphia Pa",Football,"Oklahoma",9/4/2026,7:30 PM,"The St Josephs Prep Philadelphia Pa varsity football team has a game @ Brentwood Academy Tn (Oklahoma).","/inter-state/football/game/brentwood-academy-tn-vs-st-josephs-prep-philadelphia-pa/9-4-2026/?c=ed5acb23-ac8e-4678-b125-34e32de77c48","https://www.maxpreps.com/inter-state/football/game/brentwood-academy-tn-vs-st-josephs-prep-philadelphia-pa/9-4-2026/?c=ed5acb23-ac8e-4678-b125-34e32de77c48",152b,"Tn","Pa","https://www.maxpreps.com/ok/brentwood-academy-tn/football/","https://www.maxpreps.com/ok/st-josephs-prep-philadelphia-pa/football/","",""
842,"Carrollton Ga vs Catholic Br Bears Baton Rouge La",Football,"Oklahoma",9/4/2026,7:30 PM,"The Catholic Br Bears Baton Rouge La varsity football team has a game @ Carrollton Ga (Oklahoma).","/inter-state/football/game/carrollton-ga-vs-catholic-br-bears-baton-rouge-la/9-4-2026/?c=e1dcde90-b8ab-454b-9b12-6974776f6af0","https://www.maxpreps.com/inter-state/football/game/carrollton-ga-vs-catholic-br-bears-baton-rouge-la/9-4-2026/?c=e1dcde90-b8ab-454b-9b12-6974776f6af0",1284,"Ga","La","https://www.maxpreps.com/ok/carrollton-ga/football/","https://www.maxpreps.com/ok/catholic-br-bears-baton-rouge-la/football/","",""
843,"Thompson Alabaster vs Vestavia Hills",Football,"Oklahoma",9/4/2026,7:30 PM,"The Vestavia Hills varsity football team has a game @ Thompson Alabaster (Oklahoma).","/al/football/game/thompson-alabaster-vs-vestavia-hills/9-4-2026/?c=592c6bca-5e37-4616-9dee-75190a10da96","https://www.maxpreps.com/al/football/game/thompson-alabaster-vs-vestavia-hills/9-4-2026/?c=592c6bca-5e37-4616-9dee-75190a10da96",e43,"Alabaster","Hills","https://www.maxpreps.com/ok/thompson-alabaster/football/","https://www.maxpreps.com/ok/vestavia-hills/football/","",""
844,"Allen vs Desoto",Football,"Oklahoma",9/4/2026,7:30 PM,"The Desoto varsity football team has a game @ Allen (Oklahoma).","/tx/football/game/allen-vs-desoto/9-4-2026/?c=1e1ac24c-e7af-4a4c-bd2a-2c3503a01558","https://www.maxpreps.com/tx/football/game/allen-vs-desoto/9-4-2026/?c=1e1ac24c-e7af-4a4c-bd2a-2c3503a01558",5dd,"Allen","Desoto","https://www.maxpreps.com/ok/allen/football/","https://www.maxpreps.com/ok/desoto/football/","",""
845,"Bishop Gorman Las Vegas Nv vs Lone Peak Highland Ut",Football,"Oklahoma",9/4/2026,7:30 PM,"The Lone Peak Highland Ut varsity football team has a game @ Bishop Gorman Las Vegas Nv (Oklahoma).","/inter-state/football/game/bishop-gorman-las-vegas-nv-vs-lone-peak-highland-ut/9-4-2026/?c=29b1621b-f35c-4b32-9edc-53e708acc330","https://www.maxpreps.com/inter-state/football/game/bishop-gorman-las-vegas-nv-vs-lone-peak-highland-ut/9-4-2026/?c=29b1621b-f35c-4b32-9edc-53e708acc330",1338,"Nv","Ut","https://www.maxpreps.com/ok/bishop-gorman-las-vegas-nv/football/","https://www.maxpreps.com/ok/lone-peak-highland-ut/football/","",""
846,"Pittsburg vs St John Bosco Bellflower",Football,"Oklahoma",9/4/2026,7:30 PM,"The St John Bosco Bellflower varsity football team has a game @ Pittsburg (Oklahoma).","/ca/football/game/pittsburg-vs-st-john-bosco-bellflower/9-4-2026/?c=ae4d8580-8f49-4705-b047-48c5ec08888e","https://www.maxpreps.com/ca/football/game/pittsburg-vs-st-john-bosco-bellflower/9-4-2026/?c=ae4d8580-8f49-4705-b047-48c5ec08888e",e88,"Pittsburg","Bellflower","https://www.maxpreps.com/ok/pittsburg/football/","https://www.maxpreps.com/ok/st-john-bosco-bellflower/football/","",""
847,"Mater Dei Santa Ana Ca vs Valor Christian Highlands Ranch Co",Football,"Oklahoma",9/4/2026,7:30 PM,"The Valor Christian Highlands Ranch Co varsity football team has a game @ Mater Dei Santa Ana Ca (Oklahoma).","/inter-state/football/game/mater-dei-santa-ana-ca-vs-valor-christian-highlands-ranch-co/9-4-2026/?c=93f7f59a-3c65-495e-bcef-c907ecb04034","https://www.maxpreps.com/inter-state/football/game/mater-dei-santa-ana-ca-vs-valor-christian-highlands-ranch-co/9-4-2026/?c=93f7f59a-3c65-495e-bcef-c907ecb04034",167a,"Ca","Co","https://www.maxpreps.com/ok/mater-dei-santa-ana-ca/football/","https://www.maxpreps.com/ok/valor-christian-highlands-ranch-co/football/","",""
848,"Arbor View Las Vegas Nv vs Hamilton Chandler Az",Football,"Oklahoma",9/4/2026,7:30 PM,"The Hamilton Chandler Az varsity football team has a game @ Arbor View Las Vegas Nv (Oklahoma).","/inter-state/football/game/arbor-view-las-vegas-nv-vs-hamilton-chandler-az/9-4-2026/?c=4d6c7ace-3a91-4768-b267-66760bd60042","https://www.maxpreps.com/inter-state/football/game/arbor-view-las-vegas-nv-vs-hamilton-chandler-az/9-4-2026/?c=4d6c7ace-3a91-4768-b267-66760bd60042",11d4,"Nv","Az","https://www.maxpreps.com/ok/arbor-view-las-vegas-nv/football/","https://www.maxpreps.com/ok/hamilton-chandler-az/football/","",""
849,"Highland Palmdale vs Santa Margarita Rancho Santa Margarita",Football,"Oklahoma",9/4/2026,7:30 PM,"The Santa Margarita Rancho Santa Margarita varsity football team has a game @ Highland Palmdale (Oklahoma).","/ca/football/game/highland-palmdale-vs-santa-margarita-rancho-santa-margarita/9-4-2026/?c=9d91d9ff-fc93-4e18-afff-7927b2f5f358","https://www.maxpreps.com/ca/football/game/highland-palmdale-vs-santa-margarita-rancho-santa-margarita/9-4-2026/?c=9d91d9ff-fc93-4e18-afff-7927b2f5f358",16bc,"Palmdale","Margarita","https://www.maxpreps.com/ok/highland-palmdale/football/","https://www.maxpreps.com/ok/santa-margarita-rancho-santa-margarita/football/","",""
850,"Basha Chandler Az vs Orange Lutheran Ca",Football,"Oklahoma",9/4/2026,7:30 PM,"The Orange Lutheran Ca varsity football team has a game @ Basha Chandler Az (Oklahoma).","/inter-state/football/game/basha-chandler-az-vs-orange-lutheran-ca/9-4-2026/?c=2fa972d5-6466-4981-a23b-8c675df63750","https://www.maxpreps.com/inter-state/football/game/basha-chandler-az-vs-orange-lutheran-ca/9-4-2026/?c=2fa972d5-6466-4981-a23b-8c675df63750",eb5,"Az","Ca","https://www.maxpreps.com/ok/basha-chandler-az/football/","https://www.maxpreps.com/ok/orange-lutheran-ca/football/","",""
851,"La Salle Academy Rams New York vs North Kingstown",Football,"Rhode Island",9/4/2026,7:30 PM,"The North Kingstown varsity football team has a game @ La Salle Academy Rams New York (Rhode Island).","/ri/football/game/la-salle-academy-rams-new-york-vs-north-kingstown/9-4-2026/?c=6e8ad21c-f491-45aa-b636-520cae84e411","https://www.maxpreps.com/ri/football/game/la-salle-academy-rams-new-york-vs-north-kingstown/9-4-2026/?c=6e8ad21c-f491-45aa-b636-520cae84e411",12d4,"Skippers","Rams","https://www.maxpreps.com/ri/la-salle-academy-rams-new-york/football/","https://www.maxpreps.com/ri/north-kingstown/football/","https://image.maxpreps.io/school-mascot/4/8/6/486fb661-1484-40ad-9f19-163dd7f39541.gif?version=635637550800000000&amp;width=128&amp;height=128&amp;auto=webp&amp;format=pjpg","https://image.maxpreps.io/school-mascot/d/8/5/d8551162-8f20-4d89-b853-4d9759fe883f.gif?version=637666827000000000&amp;width=128&amp;height=128&amp;auto=webp&amp;format=pjpg"
852,"Spanish River Boca Raton vs West Boca Raton",Football,"Rhode Island",9/4/2026,7:30 PM,"The West Boca Raton varsity football team has a game @ Spanish River Boca Raton (Rhode Island).","/fl/football/game/spanish-river-boca-raton-vs-west-boca-raton/9-4-2026/?c=2df94f0f-5814-4cd6-830e-fadc7220adf3","https://www.maxpreps.com/fl/football/game/spanish-river-boca-raton-vs-west-boca-raton/9-4-2026/?c=2df94f0f-5814-4cd6-830e-fadc7220adf3",1077,"Bulls","Sharks","https://www.maxpreps.com/ri/spanish-river-boca-raton/football/","https://www.maxpreps.com/ri/west-boca-raton/football/","https://image.maxpreps.io/school-mascot/e/7/9/e7903dfb-37a9-4b3b-af93-19f0569f5114.gif?version=638296082400000000&amp;width=128&amp;height=128&amp;auto=webp&amp;format=pjpg","https://image.maxpreps.io/school-mascot/5/1/b/51b8b1b1-8c45-4dd4-b155-be622046a45b.gif?version=638201005800000000&amp;width=128&amp;height=128&amp;auto=webp&amp;format=pjpg"
853,"Columbus Miami vs St Thomas Aquinas Fort Lauderdale",Football,"Rhode Island",9/4/2026,7:30 PM,"The St Thomas Aquinas Fort Lauderdale varsity football team has a game @ Columbus Miami (Rhode Island).","/fl/football/game/columbus-miami-vs-st-thomas-aquinas-fort-lauderdale/9-4-2026/?c=4c5013d0-411d-428c-aecc-b0ec69545c96","https://www.maxpreps.com/fl/football/game/columbus-miami-vs-st-thomas-aquinas-fort-lauderdale/9-4-2026/?c=4c5013d0-411d-428c-aecc-b0ec69545c96",13ce,"Explorers","Raiders","https://www.maxpreps.com/ri/columbus-miami/football/","https://www.maxpreps.com/ri/st-thomas-aquinas-fort-lauderdale/football/","https://image.maxpreps.io/school-mascot/5/c/e/5ce85d4b-4ce3-48ca-8b24-2a304bba4853.gif?version=637698085200000000&amp;width=128&amp;height=128&amp;auto=webp&amp;format=pjpg","https://image.maxpreps.io/school-mascot/b/d/1/bd12f619-3d60-413e-a9ef-5742cd4a21bb.gif?version=637743744600000000&amp;width=128&amp;height=128&amp;auto=webp&amp;format=pjpg"
854,"St Frances Academy Baltimore Md vs Vero Beach Fl",Football,"Rhode Island",9/4/2026,7:30 PM,"The Vero Beach Fl varsity football team has a game @ St Frances Academy Baltimore Md (Rhode Island).","/inter-state/football/game/st-frances-academy-baltimore-md-vs-vero-beach-fl/9-4-2026/?c=8657235a-0e5e-4c65-a4cf-5afea036220b","https://www.maxpreps.com/inter-state/football/game/st-frances-academy-baltimore-md-vs-vero-beach-fl/9-4-2026/?c=8657235a-0e5e-4c65-a4cf-5afea036220b",11ff,"Panthers","Fighting Indians","https://www.maxpreps.com/ri/st-frances-academy-baltimore-md/football/","https://www.maxpreps.com/ri/vero-beach-fl/football/","https://image.maxpreps.io/school-mascot/c/1/7/c1783fb0-c965-42a0-abe3-41fbe7641303.gif?version=637678140000000000&amp;width=128&amp;height=128&amp;auto=webp&amp;format=pjpg","https://image.maxpreps.io/school-mascot/5/d/2/5d24e8dd-140c-484a-832d-82ffe4c1cc4d.gif?version=637273772400000000&amp;width=128&amp;height=128&amp;auto=webp&amp;format=pjpg"
855,"Brownsburg vs Franklin Central Indianapolis",Football,"Rhode Island",9/4/2026,7:30 PM,"The Franklin Central Indianapolis varsity football team has a game @ Brownsburg (Rhode Island).","/in/football/game/brownsburg-vs-franklin-central-indianapolis/9-4-2026/?c=955cbe28-7675-45ea-b98c-0ef9ca963cf1","https://www.maxpreps.com/in/football/game/brownsburg-vs-franklin-central-indianapolis/9-4-2026/?c=955cbe28-7675-45ea-b98c-0ef9ca963cf1",1121,"Bulldogs","Flashes","https://www.maxpreps.com/ri/brownsburg/football/","https://www.maxpreps.com/ri/franklin-central-indianapolis/football/","https://image.maxpreps.io/school-mascot/f/f/f/fffd75cb-8399-40ed-91b3-96f77700c51d.gif?version=635139768000000000&amp;width=128&amp;height=128&amp;auto=webp&amp;format=pjpg","https://image.maxpreps.io/school-mascot/b/c/1/bc1032be-c3f6-49f6-ab4e-4a12d9b154ae.gif?version=636007959000000000&amp;width=128&amp;height=128&amp;auto=webp&amp;format=pjpg"
856,"Hough Cornelius vs Providence Day Charlotte",Football,"Rhode Island",9/4/2026,7:30 PM,"The Providence Day Charlotte varsity football team has a game @ Hough Cornelius (Rhode Island).","/nc/football/game/hough-cornelius-vs-providence-day-charlotte/9-4-2026/?c=4124eab2-88ff-4d44-a633-37333b39f0b0","https://www.maxpreps.com/nc/football/game/hough-cornelius-vs-providence-day-charlotte/9-4-2026/?c=4124eab2-88ff-4d44-a633-37333b39f0b0",10ec,"Chargers","Huskies","https://www.maxpreps.com/ri/hough-cornelius/football/","https://www.maxpreps.com/ri/providence-day-charlotte/football/","https://image.maxpreps.io/school-mascot/d/0/c/d0cb43d1-98fc-4f0a-8d6e-3ec2cd944ce7.gif?version=638380068600000000&amp;width=128&amp;height=128&amp;auto=webp&amp;format=pjpg","https://image.maxpreps.io/school-mascot/a/5/3/a53ca03e-8631-42bb-8ff5-e4cb709e2d7b.gif?version=638026432800000000&amp;width=128&amp;height=128&amp;auto=webp&amp;format=pjpg"
857,"Baylor Chattanooga Tn vs Rabun Gap Nacoochee Ga",Football,"Rhode Island",9/4/2026,7:30 PM,"The Rabun Gap Nacoochee Ga varsity football team has a game @ Baylor Chattanooga Tn (Rhode Island).","/inter-state/football/game/baylor-chattanooga-tn-vs-rabun-gap-nacoochee-ga/9-4-2026/?c=b07a4869-795e-4a26-b3ac-0cdcbcc8c3fc","https://www.maxpreps.com/inter-state/football/game/baylor-chattanooga-tn-vs-rabun-gap-nacoochee-ga/9-4-2026/?c=b07a4869-795e-4a26-b3ac-0cdcbcc8c3fc",11d5,"Red Raiders","Eagles","https://www.maxpreps.com/ri/baylor-chattanooga-tn/football/","https://www.maxpreps.com/ri/rabun-gap-nacoochee-ga/football/","https://image.maxpreps.io/school-mascot/5/f/2/5f2d9046-3d33-4dfc-8628-1abcfb96d21a.gif?version=639228910203514210&amp;width=128&amp;height=128&amp;auto=webp&amp;format=pjpg","https://image.maxpreps.io/school-mascot/8/5/6/856a10a0-6ef4-4549-83be-89d5a40ed008.gif?version=639228910193935300&amp;width=128&amp;height=128&amp;auto=webp&amp;format=pjpg"
858,"Lee County Leesburg vs Sequoyah Canton",Football,"Rhode Island",9/4/2026,7:30 PM,"The Sequoyah Canton varsity football team has a game @ Lee County Leesburg (Rhode Island).","/ga/football/game/lee-county-leesburg-vs-sequoyah-canton/9-4-2026/?c=7610023d-8fa5-4efe-8b56-1d730dbb3b61","https://www.maxpreps.com/ga/football/game/lee-county-leesburg-vs-sequoyah-canton/9-4-2026/?c=7610023d-8fa5-4efe-8b56-1d730dbb3b61",eed,"Trojans","Chiefs","https://www.maxpreps.com/ri/lee-county-leesburg/football/","https://www.maxpreps.com/ri/sequoyah-canton/football/","https://image.maxpreps.io/school-mascot/5/2/d/52d89642-6d2d-4bbb-b0a3-d0484800936c.gif?version=639180703263995690&amp;width=128&amp;height=128&amp;auto=webp&amp;format=pjpg","https://image.maxpreps.io/school-mascot/a/a/6/aa644a9a-d692-44a8-a403-f941779fd977.gif?version=638685067387249990&amp;width=128&amp;height=128&amp;auto=webp&amp;format=pjpg"
859,"Buford Ga vs Mallard Creek Charlotte Nc",Football,"Rhode Island",9/4/2026,7:30 PM,"The Mallard Creek Charlotte Nc varsity football team has a game @ Buford Ga (Rhode Island).","/inter-state/football/game/buford-ga-vs-mallard-creek-charlotte-nc/9-4-2026/?c=06e6ec32-3617-4780-9c64-ac63fdddd2ef","https://www.maxpreps.com/inter-state/football/game/buford-ga-vs-mallard-creek-charlotte-nc/9-4-2026/?c=06e6ec32-3617-4780-9c64-ac63fdddd2ef",ebf,"Wolves","Mavericks","https://www.maxpreps.com/ri/buford-ga/football/","https://www.maxpreps.com/ri/mallard-creek-charlotte-nc/football/","https://image.maxpreps.io/school-mascot/6/d/0/6d00b044-607e-4dee-aa9b-e1fc2c6a87bc.gif?version=637816301400000000&amp;width=128&amp;height=128&amp;auto=webp&amp;format=pjpg","https://image.maxpreps.io/school-mascot/d/1/b/d1b36908-99b6-476b-9324-6cd4a2873dbf.gif?version=638714615948184910&amp;width=128&amp;height=128&amp;auto=webp&amp;format=pjpg"
860,"Brentwood Academy Tn vs St Josephs Prep Philadelphia Pa",Football,"Rhode Island",9/4/2026,7:30 PM,"The St Josephs Prep Philadelphia Pa varsity football team has a game @ Brentwood Academy Tn (Rhode Island).","/inter-state/football/game/brentwood-academy-tn-vs-st-josephs-prep-philadelphia-pa/9-4-2026/?c=ed5acb23-ac8e-4678-b125-34e32de77c48","https://www.maxpreps.com/inter-state/football/game/brentwood-academy-tn-vs-st-josephs-prep-philadelphia-pa/9-4-2026/?c=ed5acb23-ac8e-4678-b125-34e32de77c48",152b,"Hawks","Eagles","https://www.maxpreps.com/ri/brentwood-academy-tn/football/","https://www.maxpreps.com/ri/st-josephs-prep-philadelphia-pa/football/","https://image.maxpreps.io/school-mascot/e/6/c/e6ce254d-240b-4081-a66e-26e1ced9a095.gif?version=634195611000000000&amp;width=128&amp;height=128&amp;auto=webp&amp;format=pjpg","https://image.maxpreps.io/school-mascot/1/c/a/1ca1eec6-40e3-4d04-9831-04fe92760ad0.gif?version=635850925200000000&amp;width=128&amp;height=128&amp;auto=webp&amp;format=pjpg"
861,"Carrollton Ga vs Catholic Br Bears Baton Rouge La",Football,"Rhode Island",9/4/2026,7:30 PM,"The Catholic Br Bears Baton Rouge La varsity football team has a game @ Carrollton Ga (Rhode Island).","/inter-state/football/game/carrollton-ga-vs-catholic-br-bears-baton-rouge-la/9-4-2026/?c=e1dcde90-b8ab-454b-9b12-6974776f6af0","https://www.maxpreps.com/inter-state/football/game/carrollton-ga-vs-catholic-br-bears-baton-rouge-la/9-4-2026/?c=e1dcde90-b8ab-454b-9b12-6974776f6af0",1284,"Trojans","Bears","https://www.maxpreps.com/ri/carrollton-ga/football/","https://www.maxpreps.com/ri/catholic-br-bears-baton-rouge-la/football/","https://image.maxpreps.io/school-mascot/2/c/6/2c66e977-fcec-48c5-9f86-062a506b700c.gif?version=639183171975290540&amp;width=128&amp;height=128&amp;auto=webp&amp;format=pjpg","https://image.maxpreps.io/school-mascot/c/e/a/cea9671e-4023-4b39-8c55-1a7b7750f5bb.gif?version=636066214800000000&amp;width=128&amp;height=128&amp;auto=webp&amp;format=pjpg"
862,"Thompson Alabaster vs Vestavia Hills",Football,"Rhode Island",9/4/2026,7:30 PM,"The Vestavia Hills varsity football team has a game @ Thompson Alabaster (Rhode Island).","/al/football/game/thompson-alabaster-vs-vestavia-hills/9-4-2026/?c=592c6bca-5e37-4616-9dee-75190a10da96","https://www.maxpreps.com/al/football/game/thompson-alabaster-vs-vestavia-hills/9-4-2026/?c=592c6bca-5e37-4616-9dee-75190a10da96",e43,"Rebels","Warriors","https://www.maxpreps.com/ri/thompson-alabaster/football/","https://www.maxpreps.com/ri/vestavia-hills/football/","https://image.maxpreps.io/school-mascot/4/9/3/493a7c03-17c9-48f1-a8bb-fbb0b9364256.gif?version=638253699600000000&amp;width=128&amp;height=128&amp;auto=webp&amp;format=pjpg","https://image.maxpreps.io/school-mascot/f/d/8/fd85c43e-1a06-49c8-a805-b2c8fe9588ed.gif?version=638253696000000000&amp;width=128&amp;height=128&amp;auto=webp&amp;format=pjpg"
863,"Allen vs Desoto",Football,"Rhode Island",9/4/2026,7:30 PM,"The Desoto varsity football team has a game @ Allen (Rhode Island).","/tx/football/game/allen-vs-desoto/9-4-2026/?c=1e1ac24c-e7af-4a4c-bd2a-2c3503a01558","https://www.maxpreps.com/tx/football/game/allen-vs-desoto/9-4-2026/?c=1e1ac24c-e7af-4a4c-bd2a-2c3503a01558",5dd,"Fighting Eagles","Eagles","https://www.maxpreps.com/ri/allen/football/","https://www.maxpreps.com/ri/desoto/football/","https://image.maxpreps.io/school-mascot/9/a/0/9a075e03-96fb-4f90-9768-1541d5385443.gif?version=637969274400000000&amp;width=128&amp;height=128&amp;auto=webp&amp;format=pjpg","https://image.maxpreps.io/school-mascot/0/b/a/0bad373d-33a2-45b6-b1d4-6c55e876344c.gif?version=639215103242455420&amp;width=128&amp;height=128&amp;auto=webp&amp;format=pjpg"
864,"Bishop Gorman Las Vegas Nv vs Lone Peak Highland Ut",Football,"Rhode Island",9/4/2026,7:30 PM,"The Lone Peak Highland Ut varsity football team has a game @ Bishop Gorman Las Vegas Nv (Rhode Island).","/inter-state/football/game/bishop-gorman-las-vegas-nv-vs-lone-peak-highland-ut/9-4-2026/?c=29b1621b-f35c-4b32-9edc-53e708acc330","https://www.maxpreps.com/inter-state/football/game/bishop-gorman-las-vegas-nv-vs-lone-peak-highland-ut/9-4-2026/?c=29b1621b-f35c-4b32-9edc-53e708acc330",1338,"Gaels","Knights","https://www.maxpreps.com/ri/bishop-gorman-las-vegas-nv/football/","https://www.maxpreps.com/ri/lone-peak-highland-ut/football/","https://image.maxpreps.io/school-mascot/0/3/c/03c125d3-5255-4e5d-8991-5e543fe741d2.gif?version=638070447000000000&amp;width=128&amp;height=128&amp;auto=webp&amp;format=pjpg","https://image.maxpreps.io/school-mascot/e/7/b/e7badf59-379d-43cc-a875-938bdc607f2d.gif?version=635784693600000000&amp;width=128&amp;height=128&amp;auto=webp&amp;format=pjpg"
865,"Pittsburg vs St John Bosco Bellflower",Football,"Rhode Island",9/4/2026,7:30 PM,"The St John Bosco Bellflower varsity football team has a game @ Pittsburg (Rhode Island).","/ca/football/game/pittsburg-vs-st-john-bosco-bellflower/9-4-2026/?c=ae4d8580-8f49-4705-b047-48c5ec08888e","https://www.maxpreps.com/ca/football/game/pittsburg-vs-st-john-bosco-bellflower/9-4-2026/?c=ae4d8580-8f49-4705-b047-48c5ec08888e",e88,"Braves","Pirates","https://www.maxpreps.com/ri/pittsburg/football/","https://www.maxpreps.com/ri/st-john-bosco-bellflower/football/","https://image.maxpreps.io/school-mascot/2/2/9/229cf8e5-737c-418e-8f4e-f3ac3d566af4.gif?version=635307417600000000&amp;width=128&amp;height=128&amp;auto=webp&amp;format=pjpg","https://image.maxpreps.io/school-mascot/c/e/a/ceae31e6-bcbb-4762-8063-3f569621e5b2.gif?version=637195262400000000&amp;width=128&amp;height=128&amp;auto=webp&amp;format=pjpg"
866,"Mater Dei Santa Ana Ca vs Valor Christian Highlands Ranch Co",Football,"Rhode Island",9/4/2026,7:30 PM,"The Valor Christian Highlands Ranch Co varsity football team has a game @ Mater Dei Santa Ana Ca (Rhode Island).","/inter-state/football/game/mater-dei-santa-ana-ca-vs-valor-christian-highlands-ranch-co/9-4-2026/?c=93f7f59a-3c65-495e-bcef-c907ecb04034","https://www.maxpreps.com/inter-state/football/game/mater-dei-santa-ana-ca-vs-valor-christian-highlands-ranch-co/9-4-2026/?c=93f7f59a-3c65-495e-bcef-c907ecb04034",167a,"Eagles","Monarchs","https://www.maxpreps.com/ri/mater-dei-santa-ana-ca/football/","https://www.maxpreps.com/ri/valor-christian-highlands-ranch-co/football/","https://image.maxpreps.io/school-mascot/8/4/c/84cca0c4-525c-4db8-bf1f-e1647ab540c2.gif?version=636809758200000000&amp;width=128&amp;height=128&amp;auto=webp&amp;format=pjpg","https://image.maxpreps.io/school-mascot/2/b/6/2b6b45d3-4465-4750-ba48-a273b674e37c.gif?version=637964957400000000&amp;width=128&amp;height=128&amp;auto=webp&amp;format=pjpg"
867,"Arbor View Las Vegas Nv vs Hamilton Chandler Az",Football,"Rhode Island",9/4/2026,7:30 PM,"The Hamilton Chandler Az varsity football team has a game @ Arbor View Las Vegas Nv (Rhode Island).","/inter-state/football/game/arbor-view-las-vegas-nv-vs-hamilton-chandler-az/9-4-2026/?c=4d6c7ace-3a91-4768-b267-66760bd60042","https://www.maxpreps.com/inter-state/football/game/arbor-view-las-vegas-nv-vs-hamilton-chandler-az/9-4-2026/?c=4d6c7ace-3a91-4768-b267-66760bd60042",11d4,"Aggies","Huskies","https://www.maxpreps.com/ri/arbor-view-las-vegas-nv/football/","https://www.maxpreps.com/ri/hamilton-chandler-az/football/","https://image.maxpreps.io/school-mascot/b/2/0/b20ff76b-498c-411b-9973-6d105d3dee33.gif?version=634892862600000000&amp;width=128&amp;height=128&amp;auto=webp&amp;format=pjpg","https://image.maxpreps.io/school-mascot/9/6/e/96ef6983-d533-4398-807f-f0fe51088378.gif?version=638447241600000000&amp;width=128&amp;height=128&amp;auto=webp&amp;format=pjpg"
868,"Highland Palmdale vs Santa Margarita Rancho Santa Margarita",Football,"Rhode Island",9/4/2026,7:30 PM,"The Santa Margarita Rancho Santa Margarita varsity football team has a game @ Highland Palmdale (Rhode Island).","/ca/football/game/highland-palmdale-vs-santa-margarita-rancho-santa-margarita/9-4-2026/?c=9d91d9ff-fc93-4e18-afff-7927b2f5f358","https://www.maxpreps.com/ca/football/game/highland-palmdale-vs-santa-margarita-rancho-santa-margarita/9-4-2026/?c=9d91d9ff-fc93-4e18-afff-7927b2f5f358",16bc,"Bulldogs","Eagles","https://www.maxpreps.com/ri/highland-palmdale/football/","https://www.maxpreps.com/ri/santa-margarita-rancho-santa-margarita/football/","https://image.maxpreps.io/school-mascot/e/1/3/e13abd1f-53f8-4920-abe7-9b1f1e28db45.gif?version=636564883200000000&amp;width=128&amp;height=128&amp;auto=webp&amp;format=pjpg","https://image.maxpreps.io/school-mascot/f/f/4/ff429903-681b-4ad1-abd7-356a7492395e.gif?version=636830746200000000&amp;width=128&amp;height=128&amp;auto=webp&amp;format=pjpg"
869,"Basha Chandler Az vs Orange Lutheran Ca",Football,"Rhode Island",9/4/2026,7:30 PM,"The Orange Lutheran Ca varsity football team has a game @ Basha Chandler Az (Rhode Island).","/inter-state/football/game/basha-chandler-az-vs-orange-lutheran-ca/9-4-2026/?c=2fa972d5-6466-4981-a23b-8c675df63750","https://www.maxpreps.com/inter-state/football/game/basha-chandler-az-vs-orange-lutheran-ca/9-4-2026/?c=2fa972d5-6466-4981-a23b-8c675df63750",eb5,"Bears","Lancers","https://www.maxpreps.com/ri/basha-chandler-az/football/","https://www.maxpreps.com/ri/orange-lutheran-ca/football/","https://image.maxpreps.io/school-mascot/a/9/4/a9439e73-249d-4e8c-872b-f8f4ffe9252a.gif?version=637716312000000000&amp;width=128&amp;height=128&amp;auto=webp&amp;format=pjpg","https://image.maxpreps.io/school-mascot/0/9/8/098e1491-1717-4088-b7a0-55e47c8e1d17.gif?version=638898962800923950&amp;width=128&amp;height=128&amp;auto=webp&amp;format=pjpg"
870,"Bellows Falls vs North Country Union Newport",Football,"Vermont",9/4/2026,7:30 PM,"The North Country Union Newport varsity football team has a game @ Bellows Falls (Vermont).","/vt/football/game/bellows-falls-vs-north-country-union-newport/9-4-2026/?c=f1fa853b-4186-4129-be5b-c9f1a4182e88","https://www.maxpreps.com/vt/football/game/bellows-falls-vs-north-country-union-newport/9-4-2026/?c=f1fa853b-4186-4129-be5b-c9f1a4182e88",1178,"Falcons","Terriers","https://www.maxpreps.com/vt/bellows-falls/football/","https://www.maxpreps.com/vt/north-country-union-newport/football/","https://image.maxpreps.io/school-mascot/c/b/7/cb7dda0f-c88b-48da-a794-84561669021a.gif?version=637063816800000000&amp;width=128&amp;height=128&amp;auto=webp&amp;format=pjpg","https://image.maxpreps.io/school-mascot/c/b/7/cb7dda0f-c88b-48da-a794-84561669021a.gif?version=637063816800000000&amp;width=64&amp;height=64&amp;auto=webp&amp;format=pjpg"
871,"Essex Essex Junction vs St Johnsbury Academy",Football,"Vermont",9/4/2026,7:30 PM,"The St Johnsbury Academy varsity football team has a game @ Essex Essex Junction (Vermont).","/vt/football/game/essex-essex-junction-vs-st-johnsbury-academy/9-4-2026/?c=ae8d79ac-98b9-4de0-8b73-2aa01da3233a","https://www.maxpreps.com/vt/football/game/essex-essex-junction-vs-st-johnsbury-academy/9-4-2026/?c=ae8d79ac-98b9-4de0-8b73-2aa01da3233a",1150,"Hornets","Hilltoppers","https://www.maxpreps.com/vt/essex-essex-junction/football/","https://www.maxpreps.com/vt/st-johnsbury-academy/football/","https://image.maxpreps.io/school-mascot/f/6/2/f62943f9-9877-41d1-b7d6-6284998238f0.gif?version=634839375600000000&amp;width=128&amp;height=128&amp;auto=webp&amp;format=pjpg","https://image.maxpreps.io/school-mascot/2/4/f/24fd2a1d-6148-4dae-ade3-264757cc1da1.gif?version=635363499000000000&amp;width=128&amp;height=128&amp;auto=webp&amp;format=pjpg"
872,"Fair Haven vs U 32 Montpelier",Football,"Vermont",9/4/2026,7:30 PM,"The U 32 Montpelier varsity football team has a game @ Fair Haven (Vermont).","/vt/football/game/fair-haven-vs-u-32-montpelier/9-4-2026/?c=5b3da61b-86b0-469e-95ea-d381fd948d2d","https://www.maxpreps.com/vt/football/game/fair-haven-vs-u-32-montpelier/9-4-2026/?c=5b3da61b-86b0-469e-95ea-d381fd948d2d",a97,"Raiders","Slaters","https://www.maxpreps.com/vt/fair-haven/football/","https://www.maxpreps.com/vt/u-32-montpelier/football/","https://image.maxpreps.io/school-mascot/9/7/d/97d420b1-b2f7-4dce-90d4-868783b65401.gif?version=637238416200000000&amp;width=128&amp;height=128&amp;auto=webp&amp;format=pjpg","https://image.maxpreps.io/school-mascot/d/9/b/d9bd4ef5-c424-4b13-a29a-5e989b5c6ed8.gif?version=635238593400000000&amp;width=128&amp;height=128&amp;auto=webp&amp;format=pjpg"
873,"Colchester vs Mt Mansfield Jericho",Football,"Vermont",9/4/2026,7:30 PM,"The Mt Mansfield Jericho varsity football team has a game @ Colchester (Vermont).","/vt/football/game/colchester-vs-mt-mansfield-jericho/9-4-2026/?c=791feb78-c128-4029-b156-5a27accb710c","https://www.maxpreps.com/vt/football/game/colchester-vs-mt-mansfield-jericho/9-4-2026/?c=791feb78-c128-4029-b156-5a27accb710c",d41,"Cougars","Lakers","https://www.maxpreps.com/vt/colchester/football/","https://www.maxpreps.com/vt/mt-mansfield-jericho/football/","https://image.maxpreps.io/school-mascot/4/4/2/44280321-c685-4287-ab1c-5139585b1627.gif?version=636567886800000000&amp;width=128&amp;height=128&amp;auto=webp&amp;format=pjpg","https://image.maxpreps.io/school-mascot/9/a/d/9ada4430-af1d-4664-9067-817ab988d779.gif?version=638517958800000000&amp;width=128&amp;height=128&amp;auto=webp&amp;format=pjpg"
874,"Brattleboro vs Springfield",Football,"Vermont",9/4/2026,7:30 PM,"The Springfield varsity football team has a game @ Brattleboro (Vermont).","/vt/football/game/brattleboro-vs-springfield/9-4-2026/?c=693bbd47-bb61-42c9-b963-54c7144b611e","https://www.maxpreps.com/vt/football/game/brattleboro-vs-springfield/9-4-2026/?c=693bbd47-bb61-42c9-b963-54c7144b611e",a7a,"Bears","Cosmos","https://www.maxpreps.com/vt/brattleboro/football/","https://www.maxpreps.com/vt/springfield/football/","https://image.maxpreps.io/school-mascot/7/b/6/7b6ba59b-46f2-4b14-ab0c-5d18acd3faa0.gif?version=638616468352866250&amp;width=128&amp;height=128&amp;auto=webp&amp;format=pjpg","https://image.maxpreps.io/school-mascot/3/7/1/371a809f-40c4-4636-9027-51d49f07773d.gif?version=636685603200000000&amp;width=128&amp;height=128&amp;auto=webp&amp;format=pjpg"
875,"Bellows Free Academy Bobwhites Comets St Albans vs Rutland",Football,"Vermont",9/4/2026,7:30 PM,"The Rutland varsity football team has a game @ Bellows Free Academy Bobwhites Comets St Albans (Vermont).","/vt/football/game/bellows-free-academy-bobwhites-comets-st-albans-vs-rutland/9-4-2026/?c=52947477-d536-4556-92fa-71fc6b7c390b","https://www.maxpreps.com/vt/football/game/bellows-free-academy-bobwhites-comets-st-albans-vs-rutland/9-4-2026/?c=52947477-d536-4556-92fa-71fc6b7c390b",1663,"Bobwhites","TBD","https://www.maxpreps.com/vt/bellows-free-academy-bobwhites-comets-st-albans/football/","https://www.maxpreps.com/vt/rutland/football/","https://image.maxpreps.io/school-mascot/d/4/1/d41153db-1b4d-4f66-932e-35d8faa0dc6d.gif?version=638790007233921690&amp;width=128&amp;height=128&amp;auto=webp&amp;format=pjpg","https://image.maxpreps.io/school-mascot/4/7/b/47b47c7d-29ab-4f41-ac1a-22d3bf824e72.gif?version=637063817400000000&amp;width=128&amp;height=128&amp;auto=webp&amp;format=pjpg"
876,"Burlington South Burlington vs Mount Anthony Bennington",Football,"Vermont",9/4/2026,7:30 PM,"The Mount Anthony Bennington varsity football team has a game @ Burlington South Burlington (Vermont).","/vt/football/game/burlington-south-burlington-vs-mount-anthony-bennington/9-4-2026/?c=823bfcd8-deed-4856-85cc-161cff131956","https://www.maxpreps.com/vt/football/game/burlington-south-burlington-vs-mount-anthony-bennington/9-4-2026/?c=823bfcd8-deed-4856-85cc-161cff131956",1618,"Patriots","TBD","https://www.maxpreps.com/vt/burlington-south-burlington/football/","https://www.maxpreps.com/vt/mount-anthony-bennington/football/","https://image.maxpreps.io/school-mascot/f/c/e/fcef3e47-9770-49df-84be-778599c39469.gif?version=637063816800000000&amp;width=128&amp;height=128&amp;auto=webp&amp;format=pjpg","https://image.maxpreps.io/school-mascot/7/0/8/70858663-ee3d-4477-9382-84b7502b94f9.gif?version=637063816800000000&amp;width=128&amp;height=128&amp;auto=webp&amp;format=pjpg"
877,"Milton vs Mt Abraham Bristol",Football,"Vermont",9/4/2026,7:30 PM,"The Mt Abraham Bristol varsity football team has a game @ Milton (Vermont).","/vt/football/game/milton-vs-mt-abraham-bristol/9-4-2026/?c=fc9e8c79-c73b-439f-8b10-0488ee8aaf36","https://www.maxpreps.com/vt/football/game/milton-vs-mt-abraham-bristol/9-4-2026/?c=fc9e8c79-c73b-439f-8b10-0488ee8aaf36",adc,"Yellowjackets","Eagles","https://www.maxpreps.com/vt/milton/football/","https://www.maxpreps.com/vt/mt-abraham-bristol/football/","https://image.maxpreps.io/school-mascot/5/a/e/5aee9a87-4784-4552-9902-7fecbbf920d0.gif?version=635857739400000000&amp;width=128&amp;height=128&amp;auto=webp&amp;format=pjpg","https://image.maxpreps.io/school-mascot/1/5/1/151e324c-1d6e-4430-be43-89c2b75b6c0f.gif?version=638959584033474250&amp;width=128&amp;height=128&amp;auto=webp&amp;format=pjpg"
878,"Spanish River Boca Raton vs West Boca Raton",Football,"Vermont",9/4/2026,7:30 PM,"The West Boca Raton varsity football team has a game @ Spanish River Boca Raton (Vermont).","/fl/football/game/spanish-river-boca-raton-vs-west-boca-raton/9-4-2026/?c=2df94f0f-5814-4cd6-830e-fadc7220adf3","https://www.maxpreps.com/fl/football/game/spanish-river-boca-raton-vs-west-boca-raton/9-4-2026/?c=2df94f0f-5814-4cd6-830e-fadc7220adf3",1077,"Bulls","Sharks","https://www.maxpreps.com/vt/spanish-river-boca-raton/football/","https://www.maxpreps.com/vt/west-boca-raton/football/","https://image.maxpreps.io/school-mascot/e/7/9/e7903dfb-37a9-4b3b-af93-19f0569f5114.gif?version=638296082400000000&amp;width=128&amp;height=128&amp;auto=webp&amp;format=pjpg","https://image.maxpreps.io/school-mascot/5/1/b/51b8b1b1-8c45-4dd4-b155-be622046a45b.gif?version=638201005800000000&amp;width=128&amp;height=128&amp;auto=webp&amp;format=pjpg"
879,"Columbus Miami vs St Thomas Aquinas Fort Lauderdale",Football,"Vermont",9/4/2026,7:30 PM,"The St Thomas Aquinas Fort Lauderdale varsity football team has a game @ Columbus Miami (Vermont).","/fl/football/game/columbus-miami-vs-st-thomas-aquinas-fort-lauderdale/9-4-2026/?c=4c5013d0-411d-428c-aecc-b0ec69545c96","https://www.maxpreps.com/fl/football/game/columbus-miami-vs-st-thomas-aquinas-fort-lauderdale/9-4-2026/?c=4c5013d0-411d-428c-aecc-b0ec69545c96",13ce,"Explorers","Raiders","https://www.maxpreps.com/vt/columbus-miami/football/","https://www.maxpreps.com/vt/st-thomas-aquinas-fort-lauderdale/football/","https://image.maxpreps.io/school-mascot/5/c/e/5ce85d4b-4ce3-48ca-8b24-2a304bba4853.gif?version=637698085200000000&amp;width=128&amp;height=128&amp;auto=webp&amp;format=pjpg","https://image.maxpreps.io/school-mascot/b/d/1/bd12f619-3d60-413e-a9ef-5742cd4a21bb.gif?version=637743744600000000&amp;width=128&amp;height=128&amp;auto=webp&amp;format=pjpg"
880,"St Frances Academy Baltimore Md vs Vero Beach Fl",Football,"Vermont",9/4/2026,7:30 PM,"The Vero Beach Fl varsity football team has a game @ St Frances Academy Baltimore Md (Vermont).","/inter-state/football/game/st-frances-academy-baltimore-md-vs-vero-beach-fl/9-4-2026/?c=8657235a-0e5e-4c65-a4cf-5afea036220b","https://www.maxpreps.com/inter-state/football/game/st-frances-academy-baltimore-md-vs-vero-beach-fl/9-4-2026/?c=8657235a-0e5e-4c65-a4cf-5afea036220b",11ff,"Panthers","Fighting Indians","https://www.maxpreps.com/vt/st-frances-academy-baltimore-md/football/","https://www.maxpreps.com/vt/vero-beach-fl/football/","https://image.maxpreps.io/school-mascot/c/1/7/c1783fb0-c965-42a0-abe3-41fbe7641303.gif?version=637678140000000000&amp;width=128&amp;height=128&amp;auto=webp&amp;format=pjpg","https://image.maxpreps.io/school-mascot/5/d/2/5d24e8dd-140c-484a-832d-82ffe4c1cc4d.gif?version=637273772400000000&amp;width=128&amp;height=128&amp;auto=webp&amp;format=pjpg"
881,"Brownsburg vs Franklin Central Indianapolis",Football,"Vermont",9/4/2026,7:30 PM,"The Franklin Central Indianapolis varsity football team has a game @ Brownsburg (Vermont).","/in/football/game/brownsburg-vs-franklin-central-indianapolis/9-4-2026/?c=955cbe28-7675-45ea-b98c-0ef9ca963cf1","https://www.maxpreps.com/in/football/game/brownsburg-vs-franklin-central-indianapolis/9-4-2026/?c=955cbe28-7675-45ea-b98c-0ef9ca963cf1",1121,"Bulldogs","Flashes","https://www.maxpreps.com/vt/brownsburg/football/","https://www.maxpreps.com/vt/franklin-central-indianapolis/football/","https://image.maxpreps.io/school-mascot/f/f/f/fffd75cb-8399-40ed-91b3-96f77700c51d.gif?version=635139768000000000&amp;width=128&amp;height=128&amp;auto=webp&amp;format=pjpg","https://image.maxpreps.io/school-mascot/b/c/1/bc1032be-c3f6-49f6-ab4e-4a12d9b154ae.gif?version=636007959000000000&amp;width=128&amp;height=128&amp;auto=webp&amp;format=pjpg"
882,"Hough Cornelius vs Providence Day Charlotte",Football,"Vermont",9/4/2026,7:30 PM,"The Providence Day Charlotte varsity football team has a game @ Hough Cornelius (Vermont).","/nc/football/game/hough-cornelius-vs-providence-day-charlotte/9-4-2026/?c=4124eab2-88ff-4d44-a633-37333b39f0b0","https://www.maxpreps.com/nc/football/game/hough-cornelius-vs-providence-day-charlotte/9-4-2026/?c=4124eab2-88ff-4d44-a633-37333b39f0b0",10ec,"Chargers","Huskies","https://www.maxpreps.com/vt/hough-cornelius/football/","https://www.maxpreps.com/vt/providence-day-charlotte/football/","https://image.maxpreps.io/school-mascot/d/0/c/d0cb43d1-98fc-4f0a-8d6e-3ec2cd944ce7.gif?version=638380068600000000&amp;width=128&amp;height=128&amp;auto=webp&amp;format=pjpg","https://image.maxpreps.io/school-mascot/a/5/3/a53ca03e-8631-42bb-8ff5-e4cb709e2d7b.gif?version=638026432800000000&amp;width=128&amp;height=128&amp;auto=webp&amp;format=pjpg"
883,"Baylor Chattanooga Tn vs Rabun Gap Nacoochee Ga",Football,"Vermont",9/4/2026,7:30 PM,"The Rabun Gap Nacoochee Ga varsity football team has a game @ Baylor Chattanooga Tn (Vermont).","/inter-state/football/game/baylor-chattanooga-tn-vs-rabun-gap-nacoochee-ga/9-4-2026/?c=b07a4869-795e-4a26-b3ac-0cdcbcc8c3fc","https://www.maxpreps.com/inter-state/football/game/baylor-chattanooga-tn-vs-rabun-gap-nacoochee-ga/9-4-2026/?c=b07a4869-795e-4a26-b3ac-0cdcbcc8c3fc",11d5,"Red Raiders","Eagles","https://www.maxpreps.com/vt/baylor-chattanooga-tn/football/","https://www.maxpreps.com/vt/rabun-gap-nacoochee-ga/football/","https://image.maxpreps.io/school-mascot/5/f/2/5f2d9046-3d33-4dfc-8628-1abcfb96d21a.gif?version=639228910203514210&amp;width=128&amp;height=128&amp;auto=webp&amp;format=pjpg","https://image.maxpreps.io/school-mascot/8/5/6/856a10a0-6ef4-4549-83be-89d5a40ed008.gif?version=639228910193935300&amp;width=128&amp;height=128&amp;auto=webp&amp;format=pjpg"
884,"Lee County Leesburg vs Sequoyah Canton",Football,"Vermont",9/4/2026,7:30 PM,"The Sequoyah Canton varsity football team has a game @ Lee County Leesburg (Vermont).","/ga/football/game/lee-county-leesburg-vs-sequoyah-canton/9-4-2026/?c=7610023d-8fa5-4efe-8b56-1d730dbb3b61","https://www.maxpreps.com/ga/football/game/lee-county-leesburg-vs-sequoyah-canton/9-4-2026/?c=7610023d-8fa5-4efe-8b56-1d730dbb3b61",eed,"Trojans","Chiefs","https://www.maxpreps.com/vt/lee-county-leesburg/football/","https://www.maxpreps.com/vt/sequoyah-canton/football/","https://image.maxpreps.io/school-mascot/5/2/d/52d89642-6d2d-4bbb-b0a3-d0484800936c.gif?version=639180703263995690&amp;width=128&amp;height=128&amp;auto=webp&amp;format=pjpg","https://image.maxpreps.io/school-mascot/a/a/6/aa644a9a-d692-44a8-a403-f941779fd977.gif?version=638685067387249990&amp;width=128&amp;height=128&amp;auto=webp&amp;format=pjpg"
885,"Buford Ga vs Mallard Creek Charlotte Nc",Football,"Vermont",9/4/2026,7:30 PM,"The Mallard Creek Charlotte Nc varsity football team has a game @ Buford Ga (Vermont).","/inter-state/football/game/buford-ga-vs-mallard-creek-charlotte-nc/9-4-2026/?c=06e6ec32-3617-4780-9c64-ac63fdddd2ef","https://www.maxpreps.com/inter-state/football/game/buford-ga-vs-mallard-creek-charlotte-nc/9-4-2026/?c=06e6ec32-3617-4780-9c64-ac63fdddd2ef",ebf,"Wolves","Mavericks","https://www.maxpreps.com/vt/buford-ga/football/","https://www.maxpreps.com/vt/mallard-creek-charlotte-nc/football/","https://image.maxpreps.io/school-mascot/6/d/0/6d00b044-607e-4dee-aa9b-e1fc2c6a87bc.gif?version=637816301400000000&amp;width=128&amp;height=128&amp;auto=webp&amp;format=pjpg","https://image.maxpreps.io/school-mascot/d/1/b/d1b36908-99b6-476b-9324-6cd4a2873dbf.gif?version=638714615948184910&amp;width=128&amp;height=128&amp;auto=webp&amp;format=pjpg"
886,"Brentwood Academy Tn vs St Josephs Prep Philadelphia Pa",Football,"Vermont",9/4/2026,7:30 PM,"The St Josephs Prep Philadelphia Pa varsity football team has a game @ Brentwood Academy Tn (Vermont).","/inter-state/football/game/brentwood-academy-tn-vs-st-josephs-prep-philadelphia-pa/9-4-2026/?c=ed5acb23-ac8e-4678-b125-34e32de77c48","https://www.maxpreps.com/inter-state/football/game/brentwood-academy-tn-vs-st-josephs-prep-philadelphia-pa/9-4-2026/?c=ed5acb23-ac8e-4678-b125-34e32de77c48",152b,"Hawks","Eagles","https://www.maxpreps.com/vt/brentwood-academy-tn/football/","https://www.maxpreps.com/vt/st-josephs-prep-philadelphia-pa/football/","https://image.maxpreps.io/school-mascot/e/6/c/e6ce254d-240b-4081-a66e-26e1ced9a095.gif?version=634195611000000000&amp;width=128&amp;height=128&amp;auto=webp&amp;format=pjpg","https://image.maxpreps.io/school-mascot/1/c/a/1ca1eec6-40e3-4d04-9831-04fe92760ad0.gif?version=635850925200000000&amp;width=128&amp;height=128&amp;auto=webp&amp;format=pjpg"
887,"Carrollton Ga vs Catholic Br Bears Baton Rouge La",Football,"Vermont",9/4/2026,7:30 PM,"The Catholic Br Bears Baton Rouge La varsity football team has a game @ Carrollton Ga (Vermont).","/inter-state/football/game/carrollton-ga-vs-catholic-br-bears-baton-rouge-la/9-4-2026/?c=e1dcde90-b8ab-454b-9b12-6974776f6af0","https://www.maxpreps.com/inter-state/football/game/carrollton-ga-vs-catholic-br-bears-baton-rouge-la/9-4-2026/?c=e1dcde90-b8ab-454b-9b12-6974776f6af0",1284,"Trojans","Bears","https://www.maxpreps.com/vt/carrollton-ga/football/","https://www.maxpreps.com/vt/catholic-br-bears-baton-rouge-la/football/","https://image.maxpreps.io/school-mascot/2/c/6/2c66e977-fcec-48c5-9f86-062a506b700c.gif?version=639183171975290540&amp;width=128&amp;height=128&amp;auto=webp&amp;format=pjpg","https://image.maxpreps.io/school-mascot/c/e/a/cea9671e-4023-4b39-8c55-1a7b7750f5bb.gif?version=636066214800000000&amp;width=128&amp;height=128&amp;auto=webp&amp;format=pjpg"
888,"Thompson Alabaster vs Vestavia Hills",Football,"Vermont",9/4/2026,7:30 PM,"The Vestavia Hills varsity football team has a game @ Thompson Alabaster (Vermont).","/al/football/game/thompson-alabaster-vs-vestavia-hills/9-4-2026/?c=592c6bca-5e37-4616-9dee-75190a10da96","https://www.maxpreps.com/al/football/game/thompson-alabaster-vs-vestavia-hills/9-4-2026/?c=592c6bca-5e37-4616-9dee-75190a10da96",e43,"Rebels","Warriors","https://www.maxpreps.com/vt/thompson-alabaster/football/","https://www.maxpreps.com/vt/vestavia-hills/football/","https://image.maxpreps.io/school-mascot/4/9/3/493a7c03-17c9-48f1-a8bb-fbb0b9364256.gif?version=638253699600000000&amp;width=128&amp;height=128&amp;auto=webp&amp;format=pjpg","https://image.maxpreps.io/school-mascot/f/d/8/fd85c43e-1a06-49c8-a805-b2c8fe9588ed.gif?version=638253696000000000&amp;width=128&amp;height=128&amp;auto=webp&amp;format=pjpg"
889,"Allen vs Desoto",Football,"Vermont",9/4/2026,7:30 PM,"The Desoto varsity football team has a game @ Allen (Vermont).","/tx/football/game/allen-vs-desoto/9-4-2026/?c=1e1ac24c-e7af-4a4c-bd2a-2c3503a01558","https://www.maxpreps.com/tx/football/game/allen-vs-desoto/9-4-2026/?c=1e1ac24c-e7af-4a4c-bd2a-2c3503a01558",5dd,"Fighting Eagles","Eagles","https://www.maxpreps.com/vt/allen/football/","https://www.maxpreps.com/vt/desoto/football/","https://image.maxpreps.io/school-mascot/9/a/0/9a075e03-96fb-4f90-9768-1541d5385443.gif?version=637969274400000000&amp;width=128&amp;height=128&amp;auto=webp&amp;format=pjpg","https://image.maxpreps.io/school-mascot/0/b/a/0bad373d-33a2-45b6-b1d4-6c55e876344c.gif?version=639215103242455420&amp;width=128&amp;height=128&amp;auto=webp&amp;format=pjpg"
890,"Bishop Gorman Las Vegas Nv vs Lone Peak Highland Ut",Football,"Vermont",9/4/2026,7:30 PM,"The Lone Peak Highland Ut varsity football team has a game @ Bishop Gorman Las Vegas Nv (Vermont).","/inter-state/football/game/bishop-gorman-las-vegas-nv-vs-lone-peak-highland-ut/9-4-2026/?c=29b1621b-f35c-4b32-9edc-53e708acc330","https://www.maxpreps.com/inter-state/football/game/bishop-gorman-las-vegas-nv-vs-lone-peak-highland-ut/9-4-2026/?c=29b1621b-f35c-4b32-9edc-53e708acc330",1338,"Gaels","Knights","https://www.maxpreps.com/vt/bishop-gorman-las-vegas-nv/football/","https://www.maxpreps.com/vt/lone-peak-highland-ut/football/","https://image.maxpreps.io/school-mascot/0/3/c/03c125d3-5255-4e5d-8991-5e543fe741d2.gif?version=638070447000000000&amp;width=128&amp;height=128&amp;auto=webp&amp;format=pjpg","https://image.maxpreps.io/school-mascot/e/7/b/e7badf59-379d-43cc-a875-938bdc607f2d.gif?version=635784693600000000&amp;width=128&amp;height=128&amp;auto=webp&amp;format=pjpg"
891,"Pittsburg vs St John Bosco Bellflower",Football,"Vermont",9/4/2026,7:30 PM,"The St John Bosco Bellflower varsity football team has a game @ Pittsburg (Vermont).","/ca/football/game/pittsburg-vs-st-john-bosco-bellflower/9-4-2026/?c=ae4d8580-8f49-4705-b047-48c5ec08888e","https://www.maxpreps.com/ca/football/game/pittsburg-vs-st-john-bosco-bellflower/9-4-2026/?c=ae4d8580-8f49-4705-b047-48c5ec08888e",e88,"Braves","Pirates","https://www.maxpreps.com/vt/pittsburg/football/","https://www.maxpreps.com/vt/st-john-bosco-bellflower/football/","https://image.maxpreps.io/school-mascot/2/2/9/229cf8e5-737c-418e-8f4e-f3ac3d566af4.gif?version=635307417600000000&amp;width=128&amp;height=128&amp;auto=webp&amp;format=pjpg","https://image.maxpreps.io/school-mascot/c/e/a/ceae31e6-bcbb-4762-8063-3f569621e5b2.gif?version=637195262400000000&amp;width=128&amp;height=128&amp;auto=webp&amp;format=pjpg"
892,"Mater Dei Santa Ana Ca vs Valor Christian Highlands Ranch Co",Football,"Vermont",9/4/2026,7:30 PM,"The Valor Christian Highlands Ranch Co varsity football team has a game @ Mater Dei Santa Ana Ca (Vermont).","/inter-state/football/game/mater-dei-santa-ana-ca-vs-valor-christian-highlands-ranch-co/9-4-2026/?c=93f7f59a-3c65-495e-bcef-c907ecb04034","https://www.maxpreps.com/inter-state/football/game/mater-dei-santa-ana-ca-vs-valor-christian-highlands-ranch-co/9-4-2026/?c=93f7f59a-3c65-495e-bcef-c907ecb04034",167a,"Eagles","Monarchs","https://www.maxpreps.com/vt/mater-dei-santa-ana-ca/football/","https://www.maxpreps.com/vt/valor-christian-highlands-ranch-co/football/","https://image.maxpreps.io/school-mascot/8/4/c/84cca0c4-525c-4db8-bf1f-e1647ab540c2.gif?version=636809758200000000&amp;width=128&amp;height=128&amp;auto=webp&amp;format=pjpg","https://image.maxpreps.io/school-mascot/2/b/6/2b6b45d3-4465-4750-ba48-a273b674e37c.gif?version=637964957400000000&amp;width=128&amp;height=128&amp;auto=webp&amp;format=pjpg"
893,"Arbor View Las Vegas Nv vs Hamilton Chandler Az",Football,"Vermont",9/4/2026,7:30 PM,"The Hamilton Chandler Az varsity football team has a game @ Arbor View Las Vegas Nv (Vermont).","/inter-state/football/game/arbor-view-las-vegas-nv-vs-hamilton-chandler-az/9-4-2026/?c=4d6c7ace-3a91-4768-b267-66760bd60042","https://www.maxpreps.com/inter-state/football/game/arbor-view-las-vegas-nv-vs-hamilton-chandler-az/9-4-2026/?c=4d6c7ace-3a91-4768-b267-66760bd60042",11d4,"Aggies","Huskies","https://www.maxpreps.com/vt/arbor-view-las-vegas-nv/football/","https://www.maxpreps.com/vt/hamilton-chandler-az/football/","https://image.maxpreps.io/school-mascot/b/2/0/b20ff76b-498c-411b-9973-6d105d3dee33.gif?version=634892862600000000&amp;width=128&amp;height=128&amp;auto=webp&amp;format=pjpg","https://image.maxpreps.io/school-mascot/9/6/e/96ef6983-d533-4398-807f-f0fe51088378.gif?version=638447241600000000&amp;width=128&amp;height=128&amp;auto=webp&amp;format=pjpg"
894,"Highland Palmdale vs Santa Margarita Rancho Santa Margarita",Football,"Vermont",9/4/2026,7:30 PM,"The Santa Margarita Rancho Santa Margarita varsity football team has a game @ Highland Palmdale (Vermont).","/ca/football/game/highland-palmdale-vs-santa-margarita-rancho-santa-margarita/9-4-2026/?c=9d91d9ff-fc93-4e18-afff-7927b2f5f358","https://www.maxpreps.com/ca/football/game/highland-palmdale-vs-santa-margarita-rancho-santa-margarita/9-4-2026/?c=9d91d9ff-fc93-4e18-afff-7927b2f5f358",16bc,"Bulldogs","Eagles","https://www.maxpreps.com/vt/highland-palmdale/football/","https://www.maxpreps.com/vt/santa-margarita-rancho-santa-margarita/football/","https://image.maxpreps.io/school-mascot/e/1/3/e13abd1f-53f8-4920-abe7-9b1f1e28db45.gif?version=636564883200000000&amp;width=128&amp;height=128&amp;auto=webp&amp;format=pjpg","https://image.maxpreps.io/school-mascot/f/f/4/ff429903-681b-4ad1-abd7-356a7492395e.gif?version=636830746200000000&amp;width=128&amp;height=128&amp;auto=webp&amp;format=pjpg"
895,"Basha Chandler Az vs Orange Lutheran Ca",Football,"Vermont",9/4/2026,7:30 PM,"The Orange Lutheran Ca varsity football team has a game @ Basha Chandler Az (Vermont).","/inter-state/football/game/basha-chandler-az-vs-orange-lutheran-ca/9-4-2026/?c=2fa972d5-6466-4981-a23b-8c675df63750","https://www.maxpreps.com/inter-state/football/game/basha-chandler-az-vs-orange-lutheran-ca/9-4-2026/?c=2fa972d5-6466-4981-a23b-8c675df63750",eb5,"Bears","Lancers","https://www.maxpreps.com/vt/basha-chandler-az/football/","https://www.maxpreps.com/vt/orange-lutheran-ca/football/","https://image.maxpreps.io/school-mascot/a/9/4/a9439e73-249d-4e8c-872b-f8f4ffe9252a.gif?version=637716312000000000&amp;width=128&amp;height=128&amp;auto=webp&amp;format=pjpg","https://image.maxpreps.io/school-mascot/0/9/8/098e1491-1717-4088-b7a0-55e47c8e1d17.gif?version=638898962800923950&amp;width=128&amp;height=128&amp;auto=webp&amp;format=pjpg"
